wandb: [wandb.login()] Loaded credentials for https://api.wandb.ai from /home/rnga/vvpshenov/.netrc.
wandb: Agent Starting Run: 640zhd86 with config:
wandb: 	batch_size: 4096
wandb: 	depth: 3
wandb: 	hidden: 64
wandb: 	lr: 0.0004551736453226216
wandb: 	optimizer: SGD
wandb: 	steps: 3000
wandb: 	w0: 30
2026-02-23 16:05:21,541 - INFO - Run: labrador-of-radical-drama_nik
2026-02-23 16:05:21,542 - INFO - Config: config/training.toml
2026-02-23 16:05:21,542 - INFO - Output: /scratch/rnga/vvpshenov/DCE_NIK/runs/20260223_160521_labrador-of-radical-drama_nik
2026-02-23 16:05:21,542 - INFO -   experiment: {'name': 'NIK DCE-MRI k-space fitting', 'description': 'SIREN implicit neural representation for radial k-space'}
2026-02-23 16:05:21,542 - INFO -   data: {'file': '/scratch/rnga/vvpshenov/XCAT-ERIC/results/simulation_results_20260115T150400.mat', 't_frame': 0, 'coil_idx': 0, 'z_slice_idx': -1, 'val_frac': 0.1}
2026-02-23 16:05:21,542 - INFO -   model: {'hidden': 128, 'depth': 4, 'w0': 15}
2026-02-23 16:05:21,542 - INFO -   training: {'steps': 3000, 'batch_size': 4096, 'optimizer': 'Adam', 'lr': 0.0002, 'grad_clip': 1.0, 'eval_every': 50, 'seed': 0, 'plot': {'plot_every': 500, 'log_scale': True}}
2026-02-23 16:05:21,542 - INFO -   output: {'base_path': '/scratch/rnga/vvpshenov/DCE_NIK/runs'}
2026-02-23 16:05:21,542 - INFO -   logging: {'level': 'INFO', 'console_every': 100}
2026-02-23 16:05:21,542 - INFO -   wandb: {'watch_interval': 0}
2026-02-23 16:05:21,542 - INFO -   sweep: {'entity': 'spshenov-university-of-amsterdam', 'project': 'NIK-DCE-MRI', 'method': 'bayes', 'metric': {'name': 'best_val_loss', 'goal': 'minimize'}, 'parameters': {'hidden': {'values': [64, 128, 256]}, 'depth': {'values': [3, 4, 5, 7]}, 'w0': {'values': [10, 15, 30]}, 'optimizer': {'values': ['Adam', 'AdamW', 'SGD']}, 'lr': {'distribution': 'log_uniform_values', 'min': 1e-05, 'max': 0.01}, 'batch_size': {'values': [2048, 4096, 8192, 16384]}, 'steps': {'values': [2000, 3000, 5000, 8000]}}}
wandb: [wandb.login()] Loaded credentials for https://api.wandb.ai from /home/rnga/vvpshenov/.netrc.
wandb: Currently logged in as: spshenov (spshenov-university-of-amsterdam) to https://api.wandb.ai. Use `wandb login --relogin` to force relogin
wandb: setting up run 640zhd86
wandb: Tracking run with wandb version 0.25.0
wandb: Run data is saved locally in /scratch/rnga/vvpshenov/DCE_NIK/runs/20260223_160521_labrador-of-radical-drama_nik/wandb/run-20260223_160521-640zhd86
wandb: Run `wandb offline` to turn off syncing.
wandb: Syncing run labrador-of-radical-drama_nik
wandb: ⭐️ View project at https://wandb.ai/spshenov-university-of-amsterdam/NIK-DCE-MRI
wandb: 🧹 View sweep at https://wandb.ai/spshenov-university-of-amsterdam/NIK-DCE-MRI/sweeps/73254n6n
wandb: 🚀 View run at https://wandb.ai/spshenov-university-of-amsterdam/NIK-DCE-MRI/runs/640zhd86
2026-02-23 16:05:23,444 - INFO - Model: hidden=64, depth=3, w0=30.0, params=4482
2026-02-23 16:05:31,735 - INFO - Training for 3000 steps, optimizer=SGD, lr=0.0004551736453226216
2026-02-23 16:05:38,505 - INFO - step    100  train 1.170e-01  val 1.287e-01
2026-02-23 16:05:38,727 - INFO - step    200  train 1.168e-01  val 9.619e-02
2026-02-23 16:05:38,960 - INFO - step    300  train 7.104e-02  val 7.708e-02
2026-02-23 16:05:39,216 - INFO - step    400  train 7.061e-02  val 6.235e-02
2026-02-23 16:05:45,125 - INFO - step    500  train 4.524e-02  val 5.178e-02
2026-02-23 16:05:45,405 - INFO - step    600  train 4.242e-02  val 4.400e-02
2026-02-23 16:05:45,681 - INFO - step    700  train 4.036e-02  val 3.719e-02
2026-02-23 16:05:45,953 - INFO - step    800  train 3.479e-02  val 3.164e-02
2026-02-23 16:05:46,223 - INFO - step    900  train 2.955e-02  val 2.722e-02
2026-02-23 16:05:52,482 - INFO - step   1000  train 2.395e-02  val 2.401e-02
2026-02-23 16:05:52,775 - INFO - step   1100  train 1.974e-02  val 2.087e-02
2026-02-23 16:05:53,062 - INFO - step   1200  train 1.948e-02  val 1.896e-02
2026-02-23 16:05:53,399 - INFO - step   1300  train 1.817e-02  val 1.666e-02
2026-02-23 16:05:53,682 - INFO - step   1400  train 1.539e-02  val 1.525e-02
2026-02-23 16:06:00,572 - INFO - step   1500  train 1.489e-02  val 1.432e-02
2026-02-23 16:06:00,842 - INFO - step   1600  train 1.542e-02  val 1.300e-02
2026-02-23 16:06:01,114 - INFO - step   1700  train 1.180e-02  val 1.218e-02
2026-02-23 16:06:01,384 - INFO - step   1800  train 1.214e-02  val 1.148e-02
2026-02-23 16:06:01,654 - INFO - step   1900  train 1.058e-02  val 1.103e-02
2026-02-23 16:06:07,708 - INFO - step   2000  train 1.058e-02  val 1.074e-02
2026-02-23 16:06:07,990 - INFO - step   2100  train 9.919e-03  val 1.012e-02
2026-02-23 16:06:08,274 - INFO - step   2200  train 9.558e-03  val 9.518e-03
2026-02-23 16:06:08,612 - INFO - step   2300  train 9.851e-03  val 9.241e-03
2026-02-23 16:06:08,924 - INFO - step   2400  train 9.385e-03  val 8.836e-03
2026-02-23 16:06:14,580 - INFO - step   2500  train 8.149e-03  val 8.581e-03
2026-02-23 16:06:14,855 - INFO - step   2600  train 8.077e-03  val 8.397e-03
2026-02-23 16:06:15,132 - INFO - step   2700  train 8.322e-03  val 8.133e-03
2026-02-23 16:06:15,422 - INFO - step   2800  train 7.876e-03  val 7.949e-03
2026-02-23 16:06:15,705 - INFO - step   2900  train 8.001e-03  val 7.741e-03
2026-02-23 16:06:21,710 - INFO - step   3000  train 7.705e-03  val 7.550e-03
wandb: WARNING Data passed to `wandb.Image` should consist of values in the range [0, 255], image data will be normalized to this range, but behavior will be removed in a future version of wandb.
2026-02-23 16:06:23,054 - INFO - Done. best_val_loss=7.550e-03
wandb: uploading artifact model; updating run metadata
wandb: uploading artifact model; uploading history steps 2250-2999, summary, console lines 24-33
wandb: uploading artifact model
wandb: uploading media/images/plots/ring_ro55_Re_3000_3676136be40b1e796408.png; uploading media/images/plots/ring_ro55_Im_3000_b605e85d31817e15b853.png; uploading media/images/plots/ring_ro176_Im_3000_c17431c4fa130dd85fdd.png; uploading media/images/plots/spoke_train_3000_03af3f7dd02f531294fe.png; uploading media/images/plots/ring_ro55_Mag_3000_ddb7cc5661db991cf6a1.png (+ 4 more)
wandb: uploading media/images/plots/error_map_train_3000_23dd780ed1984361bb69.png
wandb: 
wandb: Run history:
wandb: train/train_loss █▇▅▄▄▃▂▂▂▂▂▂▂▂▁▂▁▁▁▁▁▁▁▁▁▁▁▁▁▁▁▁▁▁▁▁▁▁▁▁
wandb:   train/val_loss █▆▅▅▄▃▃▃▂▂▂▂▂▂▂▂▂▂▁▁▁▁▁▁▁▁▁▁▁▁▁▁▁▁▁▁▁▁▁▁
wandb: 
wandb: Run summary:
wandb:    best_val_loss 0.00755
wandb: final_train_loss 0.00771
wandb:      total_steps 3000
wandb: train/train_loss 0.00771
wandb:   train/val_loss 0.00755
wandb: 
wandb: 🚀 View run labrador-of-radical-drama_nik at: https://wandb.ai/spshenov-university-of-amsterdam/NIK-DCE-MRI/runs/640zhd86
wandb: ⭐️ View project at: https://wandb.ai/spshenov-university-of-amsterdam/NIK-DCE-MRI
wandb: Synced 5 W&B file(s), 93 media file(s), 2 artifact file(s) and 0 other file(s)
wandb: Find logs at: ./runs/20260223_160521_labrador-of-radical-drama_nik/wandb/run-20260223_160521-640zhd86/logs
wandb: Agent Starting Run: wc6c353m with config:
wandb: 	batch_size: 16384
wandb: 	depth: 5
wandb: 	hidden: 128
wandb: 	lr: 0.0006045577814969722
wandb: 	optimizer: Adam
wandb: 	steps: 2000
wandb: 	w0: 15
2026-02-23 16:06:29,259 - INFO - Run: nice-lobster-of-reading_nik
2026-02-23 16:06:29,259 - INFO - Config: config/training.toml
2026-02-23 16:06:29,259 - INFO - Output: /scratch/rnga/vvpshenov/DCE_NIK/runs/20260223_160629_nice-lobster-of-reading_nik
2026-02-23 16:06:29,259 - INFO -   experiment: {'name': 'NIK DCE-MRI k-space fitting', 'description': 'SIREN implicit neural representation for radial k-space'}
2026-02-23 16:06:29,259 - INFO -   data: {'file': '/scratch/rnga/vvpshenov/XCAT-ERIC/results/simulation_results_20260115T150400.mat', 't_frame': 0, 'coil_idx': 0, 'z_slice_idx': -1, 'val_frac': 0.1}
2026-02-23 16:06:29,259 - INFO -   model: {'hidden': 128, 'depth': 4, 'w0': 15}
2026-02-23 16:06:29,259 - INFO -   training: {'steps': 3000, 'batch_size': 4096, 'optimizer': 'Adam', 'lr': 0.0002, 'grad_clip': 1.0, 'eval_every': 50, 'seed': 0, 'plot': {'plot_every': 500, 'log_scale': True}}
2026-02-23 16:06:29,259 - INFO -   output: {'base_path': '/scratch/rnga/vvpshenov/DCE_NIK/runs'}
2026-02-23 16:06:29,259 - INFO -   logging: {'level': 'INFO', 'console_every': 100}
2026-02-23 16:06:29,259 - INFO -   wandb: {'watch_interval': 0}
2026-02-23 16:06:29,259 - INFO -   sweep: {'entity': 'spshenov-university-of-amsterdam', 'project': 'NIK-DCE-MRI', 'method': 'bayes', 'metric': {'name': 'best_val_loss', 'goal': 'minimize'}, 'parameters': {'hidden': {'values': [64, 128, 256]}, 'depth': {'values': [3, 4, 5, 7]}, 'w0': {'values': [10, 15, 30]}, 'optimizer': {'values': ['Adam', 'AdamW', 'SGD']}, 'lr': {'distribution': 'log_uniform_values', 'min': 1e-05, 'max': 0.01}, 'batch_size': {'values': [2048, 4096, 8192, 16384]}, 'steps': {'values': [2000, 3000, 5000, 8000]}}}
wandb: [wandb.login()] Loaded credentials for https://api.wandb.ai from /home/rnga/vvpshenov/.netrc.
wandb: setting up run wc6c353m
wandb: Tracking run with wandb version 0.25.0
wandb: Run data is saved locally in /scratch/rnga/vvpshenov/DCE_NIK/runs/20260223_160629_nice-lobster-of-reading_nik/wandb/run-20260223_160629-wc6c353m
wandb: Run `wandb offline` to turn off syncing.
wandb: Syncing run nice-lobster-of-reading_nik
wandb: ⭐️ View project at https://wandb.ai/spshenov-university-of-amsterdam/NIK-DCE-MRI
wandb: 🧹 View sweep at https://wandb.ai/spshenov-university-of-amsterdam/NIK-DCE-MRI/sweeps/73254n6n
wandb: 🚀 View run at https://wandb.ai/spshenov-university-of-amsterdam/NIK-DCE-MRI/runs/wc6c353m
2026-02-23 16:06:30,445 - INFO - Model: hidden=128, depth=5, w0=15.0, params=50178
2026-02-23 16:06:30,446 - INFO - Training for 2000 steps, optimizer=Adam, lr=0.0006045577814969722
2026-02-23 16:06:36,270 - INFO - step    100  train 2.137e-03  val 1.665e-03
2026-02-23 16:06:36,578 - INFO - step    200  train 1.000e-03  val 1.053e-03
2026-02-23 16:06:36,900 - INFO - step    300  train 4.099e-04  val 4.274e-04
2026-02-23 16:06:37,204 - INFO - step    400  train 2.851e-04  val 3.067e-04
2026-02-23 16:06:42,668 - INFO - step    500  train 2.203e-04  val 2.521e-04
2026-02-23 16:06:42,997 - INFO - step    600  train 1.961e-04  val 2.303e-04
2026-02-23 16:06:43,301 - INFO - step    700  train 1.724e-04  val 1.860e-04
2026-02-23 16:06:43,606 - INFO - step    800  train 1.430e-04  val 1.592e-04
2026-02-23 16:06:43,909 - INFO - step    900  train 1.373e-04  val 1.397e-04
2026-02-23 16:06:49,452 - INFO - step   1000  train 3.117e-04  val 4.009e-04
2026-02-23 16:06:49,814 - INFO - step   1100  train 9.554e-05  val 1.179e-04
2026-02-23 16:06:50,119 - INFO - step   1200  train 1.323e-04  val 1.428e-04
2026-02-23 16:06:50,415 - INFO - step   1300  train 1.063e-04  val 1.511e-04
2026-02-23 16:06:50,711 - INFO - step   1400  train 1.749e-04  val 2.311e-04
2026-02-23 16:06:56,180 - INFO - step   1500  train 1.134e-04  val 1.285e-04
2026-02-23 16:06:56,547 - INFO - step   1600  train 4.823e-04  val 4.575e-04
2026-02-23 16:06:56,894 - INFO - step   1700  train 8.489e-05  val 9.936e-05
2026-02-23 16:06:57,313 - INFO - step   1800  train 1.672e-04  val 1.693e-04
2026-02-23 16:06:57,701 - INFO - step   1900  train 1.644e-04  val 1.354e-04
2026-02-23 16:07:03,287 - INFO - step   2000  train 1.584e-04  val 1.594e-04
2026-02-23 16:07:03,952 - INFO - Done. best_val_loss=7.451e-05
wandb: uploading artifact model; updating run metadata
wandb: uploading artifact model
wandb: uploading media/images/recon/measured_2000_73d832d6fcb2a8ad938e.png; uploading output.log; uploading media/images/plots/ring_ro110_Re_2000_d82e1a3ddce859424d03.png; uploading config.yaml; uploading media/images/plots/ring_ro55_Im_2000_a59c815125a76f0029fa.png (+ 13 more)
wandb: uploading media/images/plots/spoke_train_2000_5baaddbfce7ce6b1ed63.png; uploading media/images/plots/ring_ro55_Mag_2000_de22bdfbb0e5d7c657f3.png
wandb: 
wandb: Run history:
wandb: train/train_loss █▄▂▄▂▁▃▁▁▁▁▁▁▁▁▁▁▁▁▁▁▁▁▁▁▂▁▁▁▁▁▁▁▁▁▁▁▁▁▁
wandb:   train/val_loss █▃▂▂▂▂▂▁▂▁▁▁▂▁▂▁▂▁▁▁▁▁▃▁▁▁▁▁▁▁▁▂▁▁▁▁▁▁▂▁
wandb: 
wandb: Run summary:
wandb:    best_val_loss 7e-05
wandb: final_train_loss 0.00016
wandb:      total_steps 2000
wandb: train/train_loss 0.00016
wandb:   train/val_loss 0.00016
wandb: 
wandb: 🚀 View run nice-lobster-of-reading_nik at: https://wandb.ai/spshenov-university-of-amsterdam/NIK-DCE-MRI/runs/wc6c353m
wandb: ⭐️ View project at: https://wandb.ai/spshenov-university-of-amsterdam/NIK-DCE-MRI
wandb: Synced 5 W&B file(s), 67 media file(s), 2 artifact file(s) and 0 other file(s)
wandb: Find logs at: ./runs/20260223_160629_nice-lobster-of-reading_nik/wandb/run-20260223_160629-wc6c353m/logs
wandb: Agent Starting Run: ttliynos with config:
wandb: 	batch_size: 2048
wandb: 	depth: 7
wandb: 	hidden: 128
wandb: 	lr: 0.0017263819572559292
wandb: 	optimizer: Adam
wandb: 	steps: 3000
wandb: 	w0: 15
2026-02-23 16:07:11,244 - INFO - Run: nice-lobster-of-reading_nik
2026-02-23 16:07:11,244 - INFO - Config: config/training.toml
2026-02-23 16:07:11,244 - INFO - Output: /scratch/rnga/vvpshenov/DCE_NIK/runs/20260223_160711_nice-lobster-of-reading_nik
2026-02-23 16:07:11,244 - INFO -   experiment: {'name': 'NIK DCE-MRI k-space fitting', 'description': 'SIREN implicit neural representation for radial k-space'}
2026-02-23 16:07:11,244 - INFO -   data: {'file': '/scratch/rnga/vvpshenov/XCAT-ERIC/results/simulation_results_20260115T150400.mat', 't_frame': 0, 'coil_idx': 0, 'z_slice_idx': -1, 'val_frac': 0.1}
2026-02-23 16:07:11,244 - INFO -   model: {'hidden': 128, 'depth': 4, 'w0': 15}
2026-02-23 16:07:11,245 - INFO -   training: {'steps': 3000, 'batch_size': 4096, 'optimizer': 'Adam', 'lr': 0.0002, 'grad_clip': 1.0, 'eval_every': 50, 'seed': 0, 'plot': {'plot_every': 500, 'log_scale': True}}
2026-02-23 16:07:11,245 - INFO -   output: {'base_path': '/scratch/rnga/vvpshenov/DCE_NIK/runs'}
2026-02-23 16:07:11,245 - INFO -   logging: {'level': 'INFO', 'console_every': 100}
2026-02-23 16:07:11,245 - INFO -   wandb: {'watch_interval': 0}
2026-02-23 16:07:11,245 - INFO -   sweep: {'entity': 'spshenov-university-of-amsterdam', 'project': 'NIK-DCE-MRI', 'method': 'bayes', 'metric': {'name': 'best_val_loss', 'goal': 'minimize'}, 'parameters': {'hidden': {'values': [64, 128, 256]}, 'depth': {'values': [3, 4, 5, 7]}, 'w0': {'values': [10, 15, 30]}, 'optimizer': {'values': ['Adam', 'AdamW', 'SGD']}, 'lr': {'distribution': 'log_uniform_values', 'min': 1e-05, 'max': 0.01}, 'batch_size': {'values': [2048, 4096, 8192, 16384]}, 'steps': {'values': [2000, 3000, 5000, 8000]}}}
wandb: [wandb.login()] Loaded credentials for https://api.wandb.ai from /home/rnga/vvpshenov/.netrc.
wandb: setting up run ttliynos
wandb: Tracking run with wandb version 0.25.0
wandb: Run data is saved locally in /scratch/rnga/vvpshenov/DCE_NIK/runs/20260223_160711_nice-lobster-of-reading_nik/wandb/run-20260223_160711-ttliynos
wandb: Run `wandb offline` to turn off syncing.
wandb: Syncing run nice-lobster-of-reading_nik
wandb: ⭐️ View project at https://wandb.ai/spshenov-university-of-amsterdam/NIK-DCE-MRI
wandb: 🧹 View sweep at https://wandb.ai/spshenov-university-of-amsterdam/NIK-DCE-MRI/sweeps/73254n6n
wandb: 🚀 View run at https://wandb.ai/spshenov-university-of-amsterdam/NIK-DCE-MRI/runs/ttliynos
2026-02-23 16:07:12,650 - INFO - Model: hidden=128, depth=7, w0=15.0, params=83202
2026-02-23 16:07:12,652 - INFO - Training for 3000 steps, optimizer=Adam, lr=0.0017263819572559292
2026-02-23 16:07:19,451 - INFO - step    100  train 1.841e-01  val 2.892e-01
2026-02-23 16:07:19,768 - INFO - step    200  train 3.168e-01  val 2.865e-01
2026-02-23 16:07:20,079 - INFO - step    300  train 1.922e-01  val 2.875e-01
2026-02-23 16:07:20,402 - INFO - step    400  train 3.517e-01  val 2.855e-01
2026-02-23 16:07:26,080 - INFO - step    500  train 2.436e-01  val 2.859e-01
2026-02-23 16:07:26,509 - INFO - step    600  train 2.475e-01  val 2.861e-01
2026-02-23 16:07:26,895 - INFO - step    700  train 2.871e-01  val 2.853e-01
2026-02-23 16:07:27,288 - INFO - step    800  train 2.507e-01  val 2.846e-01
2026-02-23 16:07:27,721 - INFO - step    900  train 4.132e-01  val 2.860e-01
2026-02-23 16:07:32,993 - INFO - step   1000  train 2.801e-01  val 2.859e-01
2026-02-23 16:07:33,280 - INFO - step   1100  train 1.934e-01  val 2.857e-01
2026-02-23 16:07:33,570 - INFO - step   1200  train 2.837e-01  val 2.851e-01
2026-02-23 16:07:33,855 - INFO - step   1300  train 2.687e-01  val 2.856e-01
2026-02-23 16:07:34,137 - INFO - step   1400  train 2.022e-01  val 2.860e-01
2026-02-23 16:07:39,278 - INFO - step   1500  train 2.453e-01  val 2.851e-01
2026-02-23 16:07:39,566 - INFO - step   1600  train 3.977e-01  val 2.854e-01
2026-02-23 16:07:39,853 - INFO - step   1700  train 3.164e-01  val 2.858e-01
2026-02-23 16:07:40,147 - INFO - step   1800  train 2.980e-01  val 2.855e-01
2026-02-23 16:07:40,439 - INFO - step   1900  train 3.338e-01  val 2.858e-01
2026-02-23 16:07:45,613 - INFO - step   2000  train 3.669e-01  val 2.856e-01
2026-02-23 16:07:45,918 - INFO - step   2100  train 3.662e-01  val 2.857e-01
2026-02-23 16:07:46,220 - INFO - step   2200  train 3.024e-01  val 2.857e-01
2026-02-23 16:07:46,522 - INFO - step   2300  train 3.910e-01  val 2.862e-01
2026-02-23 16:07:46,829 - INFO - step   2400  train 2.653e-01  val 2.850e-01
2026-02-23 16:07:51,992 - INFO - step   2500  train 3.011e-01  val 2.848e-01
2026-02-23 16:07:52,451 - INFO - step   2600  train 3.697e-01  val 2.860e-01
2026-02-23 16:07:52,966 - INFO - step   2700  train 3.751e-01  val 2.852e-01
2026-02-23 16:07:53,457 - INFO - step   2800  train 1.902e-01  val 2.850e-01
2026-02-23 16:07:53,901 - INFO - step   2900  train 4.115e-01  val 2.861e-01
2026-02-23 16:07:59,984 - INFO - step   3000  train 2.990e-01  val 2.862e-01
2026-02-23 16:08:00,749 - INFO - Done. best_val_loss=2.846e-01
wandb: uploading artifact model; updating run metadata
wandb: uploading artifact model
wandb: uploading media/images/plots/ring_ro176_Mag_3000_377ef7623ca6acf3d783.png; uploading media/images/recon/measured_3000_73d832d6fcb2a8ad938e.png; uploading wandb-summary.json; uploading media/images/recon/prediction_3000_34aaed31d5d2be6993fa.png; uploading media/images/plots/ring_ro110_Re_3000_91f0fb4691d2a1596f83.png (+ 13 more)
wandb: uploading media/images/plots/error_map_train_3000_d617163a5997e9ad9d2c.png
wandb: 
wandb: Run history:
wandb: train/train_loss ▅▅▄▄▄▄▅▆▄▃▅▆▄▆▃▄▃▃▄▃█▄▃▄▆▄▄▆▄▅▁▄▄▅▂▇▅▂▄▄
wandb:   train/val_loss █▄▂▂▂▃▂▃▂▂▁▂▁▂▂▂▁▂▂▂▂▁▂▁▂▂▂▂▂▂▂▂▁▁▁▂▂▁▁▂
wandb: 
wandb: Run summary:
wandb:    best_val_loss 0.2846
wandb: final_train_loss 0.29902
wandb:      total_steps 3000
wandb: train/train_loss 0.29902
wandb:   train/val_loss 0.28621
wandb: 
wandb: 🚀 View run nice-lobster-of-reading_nik at: https://wandb.ai/spshenov-university-of-amsterdam/NIK-DCE-MRI/runs/ttliynos
wandb: ⭐️ View project at: https://wandb.ai/spshenov-university-of-amsterdam/NIK-DCE-MRI
wandb: Synced 5 W&B file(s), 93 media file(s), 2 artifact file(s) and 0 other file(s)
wandb: Find logs at: ./runs/20260223_160711_nice-lobster-of-reading_nik/wandb/run-20260223_160711-ttliynos/logs
wandb: Agent Starting Run: 13letarv with config:
wandb: 	batch_size: 4096
wandb: 	depth: 5
wandb: 	hidden: 256
wandb: 	lr: 3.151671030455443e-05
wandb: 	optimizer: SGD
wandb: 	steps: 8000
wandb: 	w0: 30
2026-02-23 16:08:09,066 - INFO - Run: nice-lobster-of-reading_nik
2026-02-23 16:08:09,066 - INFO - Config: config/training.toml
2026-02-23 16:08:09,066 - INFO - Output: /scratch/rnga/vvpshenov/DCE_NIK/runs/20260223_160809_nice-lobster-of-reading_nik
2026-02-23 16:08:09,066 - INFO -   experiment: {'name': 'NIK DCE-MRI k-space fitting', 'description': 'SIREN implicit neural representation for radial k-space'}
2026-02-23 16:08:09,066 - INFO -   data: {'file': '/scratch/rnga/vvpshenov/XCAT-ERIC/results/simulation_results_20260115T150400.mat', 't_frame': 0, 'coil_idx': 0, 'z_slice_idx': -1, 'val_frac': 0.1}
2026-02-23 16:08:09,066 - INFO -   model: {'hidden': 128, 'depth': 4, 'w0': 15}
2026-02-23 16:08:09,066 - INFO -   training: {'steps': 3000, 'batch_size': 4096, 'optimizer': 'Adam', 'lr': 0.0002, 'grad_clip': 1.0, 'eval_every': 50, 'seed': 0, 'plot': {'plot_every': 500, 'log_scale': True}}
2026-02-23 16:08:09,066 - INFO -   output: {'base_path': '/scratch/rnga/vvpshenov/DCE_NIK/runs'}
2026-02-23 16:08:09,066 - INFO -   logging: {'level': 'INFO', 'console_every': 100}
2026-02-23 16:08:09,066 - INFO -   wandb: {'watch_interval': 0}
2026-02-23 16:08:09,066 - INFO -   sweep: {'entity': 'spshenov-university-of-amsterdam', 'project': 'NIK-DCE-MRI', 'method': 'bayes', 'metric': {'name': 'best_val_loss', 'goal': 'minimize'}, 'parameters': {'hidden': {'values': [64, 128, 256]}, 'depth': {'values': [3, 4, 5, 7]}, 'w0': {'values': [10, 15, 30]}, 'optimizer': {'values': ['Adam', 'AdamW', 'SGD']}, 'lr': {'distribution': 'log_uniform_values', 'min': 1e-05, 'max': 0.01}, 'batch_size': {'values': [2048, 4096, 8192, 16384]}, 'steps': {'values': [2000, 3000, 5000, 8000]}}}
wandb: [wandb.login()] Loaded credentials for https://api.wandb.ai from /home/rnga/vvpshenov/.netrc.
wandb: setting up run 13letarv
wandb: Tracking run with wandb version 0.25.0
wandb: Run data is saved locally in /scratch/rnga/vvpshenov/DCE_NIK/runs/20260223_160809_nice-lobster-of-reading_nik/wandb/run-20260223_160809-13letarv
wandb: Run `wandb offline` to turn off syncing.
wandb: Syncing run nice-lobster-of-reading_nik
wandb: ⭐️ View project at https://wandb.ai/spshenov-university-of-amsterdam/NIK-DCE-MRI
wandb: 🧹 View sweep at https://wandb.ai/spshenov-university-of-amsterdam/NIK-DCE-MRI/sweeps/73254n6n
wandb: 🚀 View run at https://wandb.ai/spshenov-university-of-amsterdam/NIK-DCE-MRI/runs/13letarv
2026-02-23 16:08:10,307 - INFO - Model: hidden=256, depth=5, w0=30.0, params=198658
2026-02-23 16:08:10,308 - INFO - Training for 8000 steps, optimizer=SGD, lr=3.151671030455443e-05
2026-02-23 16:08:15,757 - INFO - step    100  train 1.833e-01  val 2.021e-01
2026-02-23 16:08:16,144 - INFO - step    200  train 1.318e-01  val 1.167e-01
2026-02-23 16:08:16,526 - INFO - step    300  train 6.713e-02  val 6.947e-02
2026-02-23 16:08:16,874 - INFO - step    400  train 4.716e-02  val 4.255e-02
2026-02-23 16:08:22,804 - INFO - step    500  train 2.785e-02  val 2.798e-02
2026-02-23 16:08:23,186 - INFO - step    600  train 1.925e-02  val 1.862e-02
2026-02-23 16:08:23,566 - INFO - step    700  train 1.377e-02  val 1.293e-02
2026-02-23 16:08:23,939 - INFO - step    800  train 1.031e-02  val 9.719e-03
2026-02-23 16:08:24,321 - INFO - step    900  train 8.064e-03  val 7.739e-03
2026-02-23 16:08:29,950 - INFO - step   1000  train 6.934e-03  val 6.452e-03
2026-02-23 16:08:30,320 - INFO - step   1100  train 5.811e-03  val 5.554e-03
2026-02-23 16:08:30,684 - INFO - step   1200  train 5.174e-03  val 4.885e-03
2026-02-23 16:08:31,055 - INFO - step   1300  train 4.733e-03  val 4.371e-03
2026-02-23 16:08:31,427 - INFO - step   1400  train 3.931e-03  val 4.001e-03
2026-02-23 16:08:37,759 - INFO - step   1500  train 3.838e-03  val 3.684e-03
2026-02-23 16:08:38,139 - INFO - step   1600  train 3.555e-03  val 3.425e-03
2026-02-23 16:08:38,549 - INFO - step   1700  train 3.181e-03  val 3.198e-03
2026-02-23 16:08:38,968 - INFO - step   1800  train 3.136e-03  val 3.009e-03
2026-02-23 16:08:39,344 - INFO - step   1900  train 2.887e-03  val 2.835e-03
2026-02-23 16:08:45,715 - INFO - step   2000  train 2.736e-03  val 2.695e-03
2026-02-23 16:08:46,106 - INFO - step   2100  train 2.551e-03  val 2.556e-03
2026-02-23 16:08:46,472 - INFO - step   2200  train 2.594e-03  val 2.439e-03
2026-02-23 16:08:46,834 - INFO - step   2300  train 2.286e-03  val 2.334e-03
2026-02-23 16:08:47,219 - INFO - step   2400  train 2.295e-03  val 2.233e-03
2026-02-23 16:08:53,182 - INFO - step   2500  train 2.090e-03  val 2.143e-03
2026-02-23 16:08:53,563 - INFO - step   2600  train 1.973e-03  val 2.058e-03
2026-02-23 16:08:53,932 - INFO - step   2700  train 2.070e-03  val 1.982e-03
2026-02-23 16:08:54,302 - INFO - step   2800  train 1.945e-03  val 1.907e-03
2026-02-23 16:08:54,691 - INFO - step   2900  train 1.866e-03  val 1.838e-03
2026-02-23 16:09:00,891 - INFO - step   3000  train 1.747e-03  val 1.779e-03
2026-02-23 16:09:01,259 - INFO - step   3100  train 1.682e-03  val 1.719e-03
2026-02-23 16:09:01,608 - INFO - step   3200  train 1.599e-03  val 1.664e-03
2026-02-23 16:09:01,970 - INFO - step   3300  train 1.453e-03  val 1.608e-03
2026-02-23 16:09:02,328 - INFO - step   3400  train 1.541e-03  val 1.556e-03
2026-02-23 16:09:08,840 - INFO - step   3500  train 1.456e-03  val 1.508e-03
2026-02-23 16:09:09,216 - INFO - step   3600  train 1.494e-03  val 1.463e-03
2026-02-23 16:09:09,607 - INFO - step   3700  train 1.389e-03  val 1.417e-03
2026-02-23 16:09:09,978 - INFO - step   3800  train 1.323e-03  val 1.378e-03
2026-02-23 16:09:10,332 - INFO - step   3900  train 1.236e-03  val 1.340e-03
2026-02-23 16:09:16,379 - INFO - step   4000  train 1.325e-03  val 1.305e-03
2026-02-23 16:09:16,806 - INFO - step   4100  train 1.255e-03  val 1.273e-03
2026-02-23 16:09:17,217 - INFO - step   4200  train 1.306e-03  val 1.237e-03
2026-02-23 16:09:17,633 - INFO - step   4300  train 1.120e-03  val 1.207e-03
2026-02-23 16:09:18,068 - INFO - step   4400  train 1.122e-03  val 1.175e-03
2026-02-23 16:09:23,953 - INFO - step   4500  train 1.115e-03  val 1.147e-03
2026-02-23 16:09:24,381 - INFO - step   4600  train 1.038e-03  val 1.121e-03
2026-02-23 16:09:24,777 - INFO - step   4700  train 1.062e-03  val 1.095e-03
2026-02-23 16:09:25,152 - INFO - step   4800  train 9.893e-04  val 1.067e-03
2026-02-23 16:09:25,539 - INFO - step   4900  train 1.028e-03  val 1.042e-03
2026-02-23 16:09:31,621 - INFO - step   5000  train 1.033e-03  val 1.021e-03
2026-02-23 16:09:32,086 - INFO - step   5100  train 9.334e-04  val 9.957e-04
2026-02-23 16:09:32,496 - INFO - step   5200  train 9.265e-04  val 9.735e-04
2026-02-23 16:09:32,923 - INFO - step   5300  train 8.952e-04  val 9.546e-04
2026-02-23 16:09:33,287 - INFO - step   5400  train 8.432e-04  val 9.330e-04
2026-02-23 16:09:39,330 - INFO - step   5500  train 9.072e-04  val 9.141e-04
2026-02-23 16:09:39,683 - INFO - step   5600  train 8.822e-04  val 8.977e-04
2026-02-23 16:09:40,020 - INFO - step   5700  train 8.505e-04  val 8.794e-04
2026-02-23 16:09:40,376 - INFO - step   5800  train 7.953e-04  val 8.598e-04
2026-02-23 16:09:40,722 - INFO - step   5900  train 7.765e-04  val 8.444e-04
2026-02-23 16:09:46,448 - INFO - step   6000  train 7.714e-04  val 8.303e-04
2026-02-23 16:09:46,876 - INFO - step   6100  train 8.114e-04  val 8.129e-04
2026-02-23 16:09:47,269 - INFO - step   6200  train 7.942e-04  val 7.994e-04
2026-02-23 16:09:47,623 - INFO - step   6300  train 6.814e-04  val 7.833e-04
2026-02-23 16:09:47,989 - INFO - step   6400  train 7.300e-04  val 7.696e-04
2026-02-23 16:09:53,642 - INFO - step   6500  train 7.249e-04  val 7.565e-04
2026-02-23 16:09:53,933 - INFO - step   6600  train 6.761e-04  val 7.437e-04
2026-02-23 16:09:54,353 - INFO - step   6700  train 6.675e-04  val 7.310e-04
2026-02-23 16:09:54,776 - INFO - step   6800  train 6.629e-04  val 7.180e-04
2026-02-23 16:09:55,192 - INFO - step   6900  train 6.460e-04  val 7.084e-04
2026-02-23 16:10:01,707 - INFO - step   7000  train 5.957e-04  val 6.956e-04
2026-02-23 16:10:02,148 - INFO - step   7100  train 6.707e-04  val 6.863e-04
2026-02-23 16:10:02,484 - INFO - step   7200  train 5.842e-04  val 6.737e-04
2026-02-23 16:10:02,732 - INFO - step   7300  train 6.202e-04  val 6.632e-04
2026-02-23 16:10:02,975 - INFO - step   7400  train 6.009e-04  val 6.498e-04
2026-02-23 16:10:08,208 - INFO - step   7500  train 5.956e-04  val 6.419e-04
2026-02-23 16:10:08,458 - INFO - step   7600  train 5.973e-04  val 6.343e-04
2026-02-23 16:10:08,706 - INFO - step   7700  train 5.797e-04  val 6.237e-04
2026-02-23 16:10:08,946 - INFO - step   7800  train 5.345e-04  val 6.144e-04
2026-02-23 16:10:09,196 - INFO - step   7900  train 5.398e-04  val 6.045e-04
2026-02-23 16:10:14,480 - INFO - step   8000  train 5.352e-04  val 5.973e-04
2026-02-23 16:10:15,132 - INFO - Done. best_val_loss=5.973e-04
wandb: uploading artifact model; updating run metadata
wandb: uploading artifact model
wandb: uploading config.yaml; uploading media/images/plots/ring_ro55_Im_8000_15b495166fae0ddfb7a8.png; uploading media/images/plots/ring_ro55_Mag_8000_870fa87f5e50e6471d21.png; uploading media/images/plots/ring_ro110_Re_8000_f5a8eeacd6a8fed660c2.png; uploading media/images/plots/ring_ro110_Im_8000_3f7cbb066156d25189b5.png (+ 13 more)
wandb: uploading media/images/plots/error_map_train_8000_37113e9b36f226d4c05c.png
wandb: 
wandb: Run history:
wandb: train/train_loss █▅▂▂▁▁▁▁▁▁▁▁▁▁▁▁▁▁▁▁▁▁▁▁▁▁▁▁▁▁▁▁▁▁▁▁▁▁▁▁
wandb:   train/val_loss █▄▃▃▂▂▁▁▁▁▁▁▁▁▁▁▁▁▁▁▁▁▁▁▁▁▁▁▁▁▁▁▁▁▁▁▁▁▁▁
wandb: 
wandb: Run summary:
wandb:    best_val_loss 0.0006
wandb: final_train_loss 0.00054
wandb:      total_steps 8000
wandb: train/train_loss 0.00054
wandb:   train/val_loss 0.0006
wandb: 
wandb: 🚀 View run nice-lobster-of-reading_nik at: https://wandb.ai/spshenov-university-of-amsterdam/NIK-DCE-MRI/runs/13letarv
wandb: ⭐️ View project at: https://wandb.ai/spshenov-university-of-amsterdam/NIK-DCE-MRI
wandb: Synced 5 W&B file(s), 223 media file(s), 2 artifact file(s) and 0 other file(s)
wandb: Find logs at: ./runs/20260223_160809_nice-lobster-of-reading_nik/wandb/run-20260223_160809-13letarv/logs
wandb: Sweep Agent: Waiting for job.
wandb: Job received.
wandb: Agent Starting Run: shdwh6qn with config:
wandb: 	batch_size: 4096
wandb: 	depth: 4
wandb: 	hidden: 64
wandb: 	lr: 0.0011386686234562216
wandb: 	optimizer: SGD
wandb: 	steps: 5000
wandb: 	w0: 30
2026-02-23 16:10:29,508 - INFO - Run: nice-lobster-of-reading_nik
2026-02-23 16:10:29,508 - INFO - Config: config/training.toml
2026-02-23 16:10:29,508 - INFO - Output: /scratch/rnga/vvpshenov/DCE_NIK/runs/20260223_161029_nice-lobster-of-reading_nik
2026-02-23 16:10:29,508 - INFO -   experiment: {'name': 'NIK DCE-MRI k-space fitting', 'description': 'SIREN implicit neural representation for radial k-space'}
2026-02-23 16:10:29,508 - INFO -   data: {'file': '/scratch/rnga/vvpshenov/XCAT-ERIC/results/simulation_results_20260115T150400.mat', 't_frame': 0, 'coil_idx': 0, 'z_slice_idx': -1, 'val_frac': 0.1}
2026-02-23 16:10:29,508 - INFO -   model: {'hidden': 128, 'depth': 4, 'w0': 15}
2026-02-23 16:10:29,508 - INFO -   training: {'steps': 3000, 'batch_size': 4096, 'optimizer': 'Adam', 'lr': 0.0002, 'grad_clip': 1.0, 'eval_every': 50, 'seed': 0, 'plot': {'plot_every': 500, 'log_scale': True}}
2026-02-23 16:10:29,508 - INFO -   output: {'base_path': '/scratch/rnga/vvpshenov/DCE_NIK/runs'}
2026-02-23 16:10:29,508 - INFO -   logging: {'level': 'INFO', 'console_every': 100}
2026-02-23 16:10:29,508 - INFO -   wandb: {'watch_interval': 0}
2026-02-23 16:10:29,508 - INFO -   sweep: {'entity': 'spshenov-university-of-amsterdam', 'project': 'NIK-DCE-MRI', 'method': 'bayes', 'metric': {'name': 'best_val_loss', 'goal': 'minimize'}, 'parameters': {'hidden': {'values': [64, 128, 256]}, 'depth': {'values': [3, 4, 5, 7]}, 'w0': {'values': [10, 15, 30]}, 'optimizer': {'values': ['Adam', 'AdamW', 'SGD']}, 'lr': {'distribution': 'log_uniform_values', 'min': 1e-05, 'max': 0.01}, 'batch_size': {'values': [2048, 4096, 8192, 16384]}, 'steps': {'values': [2000, 3000, 5000, 8000]}}}
wandb: [wandb.login()] Loaded credentials for https://api.wandb.ai from /home/rnga/vvpshenov/.netrc.
wandb: setting up run shdwh6qn
wandb: Tracking run with wandb version 0.25.0
wandb: Run data is saved locally in /scratch/rnga/vvpshenov/DCE_NIK/runs/20260223_161029_nice-lobster-of-reading_nik/wandb/run-20260223_161029-shdwh6qn
wandb: Run `wandb offline` to turn off syncing.
wandb: Syncing run nice-lobster-of-reading_nik
wandb: ⭐️ View project at https://wandb.ai/spshenov-university-of-amsterdam/NIK-DCE-MRI
wandb: 🧹 View sweep at https://wandb.ai/spshenov-university-of-amsterdam/NIK-DCE-MRI/sweeps/73254n6n
wandb: 🚀 View run at https://wandb.ai/spshenov-university-of-amsterdam/NIK-DCE-MRI/runs/shdwh6qn
2026-02-23 16:10:30,713 - INFO - Model: hidden=64, depth=4, w0=30.0, params=8642
2026-02-23 16:10:30,714 - INFO - Training for 5000 steps, optimizer=SGD, lr=0.0011386686234562216
2026-02-23 16:10:35,845 - INFO - step    100  train 6.313e-02  val 7.170e-02
2026-02-23 16:10:36,034 - INFO - step    200  train 3.382e-02  val 2.652e-02
2026-02-23 16:10:36,225 - INFO - step    300  train 1.262e-02  val 1.206e-02
2026-02-23 16:10:36,413 - INFO - step    400  train 8.161e-03  val 7.415e-03
2026-02-23 16:10:41,328 - INFO - step    500  train 5.576e-03  val 5.282e-03
2026-02-23 16:10:41,524 - INFO - step    600  train 4.402e-03  val 4.337e-03
2026-02-23 16:10:41,712 - INFO - step    700  train 3.888e-03  val 3.616e-03
2026-02-23 16:10:41,898 - INFO - step    800  train 3.244e-03  val 3.159e-03
2026-02-23 16:10:42,085 - INFO - step    900  train 2.894e-03  val 2.894e-03
2026-02-23 16:10:47,109 - INFO - step   1000  train 2.641e-03  val 2.630e-03
2026-02-23 16:10:47,298 - INFO - step   1100  train 2.260e-03  val 2.427e-03
2026-02-23 16:10:47,484 - INFO - step   1200  train 2.164e-03  val 2.336e-03
2026-02-23 16:10:47,680 - INFO - step   1300  train 2.217e-03  val 2.131e-03
2026-02-23 16:10:47,868 - INFO - step   1400  train 1.976e-03  val 2.018e-03
2026-02-23 16:10:52,892 - INFO - step   1500  train 1.898e-03  val 1.957e-03
2026-02-23 16:10:53,080 - INFO - step   1600  train 1.846e-03  val 1.876e-03
2026-02-23 16:10:53,264 - INFO - step   1700  train 1.698e-03  val 1.750e-03
2026-02-23 16:10:53,448 - INFO - step   1800  train 1.610e-03  val 1.744e-03
2026-02-23 16:10:53,634 - INFO - step   1900  train 1.537e-03  val 1.613e-03
2026-02-23 16:10:58,504 - INFO - step   2000  train 1.513e-03  val 1.589e-03
2026-02-23 16:10:58,714 - INFO - step   2100  train 1.457e-03  val 1.526e-03
2026-02-23 16:10:58,934 - INFO - step   2200  train 1.448e-03  val 1.550e-03
2026-02-23 16:10:59,204 - INFO - step   2300  train 1.363e-03  val 1.441e-03
2026-02-23 16:10:59,527 - INFO - step   2400  train 1.368e-03  val 1.384e-03
2026-02-23 16:11:04,816 - INFO - step   2500  train 1.278e-03  val 1.345e-03
2026-02-23 16:11:05,120 - INFO - step   2600  train 1.287e-03  val 1.304e-03
2026-02-23 16:11:05,418 - INFO - step   2700  train 1.264e-03  val 1.286e-03
2026-02-23 16:11:05,716 - INFO - step   2800  train 1.253e-03  val 1.269e-03
2026-02-23 16:11:06,011 - INFO - step   2900  train 1.195e-03  val 1.202e-03
2026-02-23 16:11:11,961 - INFO - step   3000  train 1.130e-03  val 1.201e-03
2026-02-23 16:11:12,263 - INFO - step   3100  train 1.115e-03  val 1.165e-03
2026-02-23 16:11:12,568 - INFO - step   3200  train 1.099e-03  val 1.144e-03
2026-02-23 16:11:12,858 - INFO - step   3300  train 1.073e-03  val 1.135e-03
2026-02-23 16:11:13,151 - INFO - step   3400  train 1.083e-03  val 1.096e-03
2026-02-23 16:11:18,588 - INFO - step   3500  train 1.063e-03  val 1.108e-03
2026-02-23 16:11:18,877 - INFO - step   3600  train 1.038e-03  val 1.056e-03
2026-02-23 16:11:19,172 - INFO - step   3700  train 1.028e-03  val 1.043e-03
2026-02-23 16:11:19,464 - INFO - step   3800  train 9.504e-04  val 1.041e-03
2026-02-23 16:11:19,758 - INFO - step   3900  train 9.568e-04  val 1.030e-03
2026-02-23 16:11:25,448 - INFO - step   4000  train 9.605e-04  val 1.003e-03
2026-02-23 16:11:25,754 - INFO - step   4100  train 9.293e-04  val 9.803e-04
2026-02-23 16:11:26,055 - INFO - step   4200  train 9.566e-04  val 9.625e-04
2026-02-23 16:11:26,353 - INFO - step   4300  train 8.601e-04  val 9.366e-04
2026-02-23 16:11:26,646 - INFO - step   4400  train 9.020e-04  val 9.487e-04
2026-02-23 16:11:32,376 - INFO - step   4500  train 8.513e-04  val 9.251e-04
2026-02-23 16:11:32,679 - INFO - step   4600  train 8.966e-04  val 9.214e-04
2026-02-23 16:11:32,981 - INFO - step   4700  train 8.596e-04  val 9.090e-04
2026-02-23 16:11:33,314 - INFO - step   4800  train 8.584e-04  val 9.047e-04
2026-02-23 16:11:33,644 - INFO - step   4900  train 8.332e-04  val 8.812e-04
2026-02-23 16:11:39,507 - INFO - step   5000  train 8.385e-04  val 8.748e-04
2026-02-23 16:11:40,132 - INFO - Done. best_val_loss=8.748e-04
wandb: uploading artifact model; updating run metadata
wandb: uploading artifact model
wandb: uploading media/images/plots/ring_ro55_Mag_5000_110c91175ade6bad46b6.png; uploading media/images/recon/prediction_5000_a9475d53ca580c994d53.png; uploading media/images/recon/measured_5000_73d832d6fcb2a8ad938e.png; uploading media/images/plots/error_map_val_5000_84ccc0d1f85e57e7f897.png; uploading media/images/plots/ring_ro55_Re_5000_499252bebd3ab742afc9.png (+ 13 more)
wandb: uploading media/images/plots/error_map_train_5000_805e789584107a8b621b.png; uploading media/images/plots/spoke_train_5000_b3ea669462be171ea74f.png
wandb: 
wandb: Run history:
wandb: train/train_loss █▅▅▅▄▃▃▃▃▂▂▂▂▂▂▂▂▁▂▁▂▁▁▁▁▁▁▁▁▁▁▁▁▁▁▁▁▁▁▁
wandb:   train/val_loss █▂▁▁▁▁▁▁▁▁▁▁▁▁▁▁▁▁▁▁▁▁▁▁▁▁▁▁▁▁▁▁▁▁▁▁▁▁▁▁
wandb: 
wandb: Run summary:
wandb:    best_val_loss 0.00087
wandb: final_train_loss 0.00084
wandb:      total_steps 5000
wandb: train/train_loss 0.00084
wandb:   train/val_loss 0.00087
wandb: 
wandb: 🚀 View run nice-lobster-of-reading_nik at: https://wandb.ai/spshenov-university-of-amsterdam/NIK-DCE-MRI/runs/shdwh6qn
wandb: ⭐️ View project at: https://wandb.ai/spshenov-university-of-amsterdam/NIK-DCE-MRI
wandb: Synced 5 W&B file(s), 145 media file(s), 2 artifact file(s) and 0 other file(s)
wandb: Find logs at: ./runs/20260223_161029_nice-lobster-of-reading_nik/wandb/run-20260223_161029-shdwh6qn/logs
wandb: Sweep Agent: Waiting for job.
wandb: Job received.
wandb: Agent Starting Run: k2pt7q6k with config:
wandb: 	batch_size: 8192
wandb: 	depth: 4
wandb: 	hidden: 128
wandb: 	lr: 0.00029968578710644036
wandb: 	optimizer: SGD
wandb: 	steps: 5000
wandb: 	w0: 30
2026-02-23 16:11:53,640 - INFO - Run: nice-lobster-of-reading_nik
2026-02-23 16:11:53,640 - INFO - Config: config/training.toml
2026-02-23 16:11:53,640 - INFO - Output: /scratch/rnga/vvpshenov/DCE_NIK/runs/20260223_161153_nice-lobster-of-reading_nik
2026-02-23 16:11:53,640 - INFO -   experiment: {'name': 'NIK DCE-MRI k-space fitting', 'description': 'SIREN implicit neural representation for radial k-space'}
2026-02-23 16:11:53,640 - INFO -   data: {'file': '/scratch/rnga/vvpshenov/XCAT-ERIC/results/simulation_results_20260115T150400.mat', 't_frame': 0, 'coil_idx': 0, 'z_slice_idx': -1, 'val_frac': 0.1}
2026-02-23 16:11:53,640 - INFO -   model: {'hidden': 128, 'depth': 4, 'w0': 15}
2026-02-23 16:11:53,640 - INFO -   training: {'steps': 3000, 'batch_size': 4096, 'optimizer': 'Adam', 'lr': 0.0002, 'grad_clip': 1.0, 'eval_every': 50, 'seed': 0, 'plot': {'plot_every': 500, 'log_scale': True}}
2026-02-23 16:11:53,640 - INFO -   output: {'base_path': '/scratch/rnga/vvpshenov/DCE_NIK/runs'}
2026-02-23 16:11:53,640 - INFO -   logging: {'level': 'INFO', 'console_every': 100}
2026-02-23 16:11:53,640 - INFO -   wandb: {'watch_interval': 0}
2026-02-23 16:11:53,640 - INFO -   sweep: {'entity': 'spshenov-university-of-amsterdam', 'project': 'NIK-DCE-MRI', 'method': 'bayes', 'metric': {'name': 'best_val_loss', 'goal': 'minimize'}, 'parameters': {'hidden': {'values': [64, 128, 256]}, 'depth': {'values': [3, 4, 5, 7]}, 'w0': {'values': [10, 15, 30]}, 'optimizer': {'values': ['Adam', 'AdamW', 'SGD']}, 'lr': {'distribution': 'log_uniform_values', 'min': 1e-05, 'max': 0.01}, 'batch_size': {'values': [2048, 4096, 8192, 16384]}, 'steps': {'values': [2000, 3000, 5000, 8000]}}}
wandb: [wandb.login()] Loaded credentials for https://api.wandb.ai from /home/rnga/vvpshenov/.netrc.
wandb: setting up run k2pt7q6k
wandb: Tracking run with wandb version 0.25.0
wandb: Run data is saved locally in /scratch/rnga/vvpshenov/DCE_NIK/runs/20260223_161153_nice-lobster-of-reading_nik/wandb/run-20260223_161153-k2pt7q6k
wandb: Run `wandb offline` to turn off syncing.
wandb: Syncing run nice-lobster-of-reading_nik
wandb: ⭐️ View project at https://wandb.ai/spshenov-university-of-amsterdam/NIK-DCE-MRI
wandb: 🧹 View sweep at https://wandb.ai/spshenov-university-of-amsterdam/NIK-DCE-MRI/sweeps/73254n6n
wandb: 🚀 View run at https://wandb.ai/spshenov-university-of-amsterdam/NIK-DCE-MRI/runs/k2pt7q6k
2026-02-23 16:11:54,900 - INFO - Model: hidden=128, depth=4, w0=30.0, params=33666
2026-02-23 16:11:54,901 - INFO - Training for 5000 steps, optimizer=SGD, lr=0.00029968578710644036
2026-02-23 16:12:01,383 - INFO - step    100  train 4.575e-02  val 5.254e-02
2026-02-23 16:12:01,830 - INFO - step    200  train 2.000e-02  val 1.807e-02
2026-02-23 16:12:02,251 - INFO - step    300  train 1.043e-02  val 9.906e-03
2026-02-23 16:12:02,599 - INFO - step    400  train 7.292e-03  val 6.498e-03
2026-02-23 16:12:09,345 - INFO - step    500  train 5.090e-03  val 4.754e-03
2026-02-23 16:12:09,707 - INFO - step    600  train 3.948e-03  val 3.773e-03
2026-02-23 16:12:10,028 - INFO - step    700  train 3.247e-03  val 3.127e-03
2026-02-23 16:12:10,347 - INFO - step    800  train 2.865e-03  val 2.676e-03
2026-02-23 16:12:10,672 - INFO - step    900  train 2.458e-03  val 2.338e-03
2026-02-23 16:12:16,745 - INFO - step   1000  train 2.134e-03  val 2.076e-03
2026-02-23 16:12:17,071 - INFO - step   1100  train 1.846e-03  val 1.876e-03
2026-02-23 16:12:17,399 - INFO - step   1200  train 1.689e-03  val 1.705e-03
2026-02-23 16:12:17,720 - INFO - step   1300  train 1.661e-03  val 1.564e-03
2026-02-23 16:12:18,037 - INFO - step   1400  train 1.467e-03  val 1.450e-03
2026-02-23 16:12:24,316 - INFO - step   1500  train 1.310e-03  val 1.343e-03
2026-02-23 16:12:24,640 - INFO - step   1600  train 1.303e-03  val 1.249e-03
2026-02-23 16:12:24,953 - INFO - step   1700  train 1.191e-03  val 1.172e-03
2026-02-23 16:12:25,261 - INFO - step   1800  train 1.147e-03  val 1.107e-03
2026-02-23 16:12:25,569 - INFO - step   1900  train 1.005e-03  val 1.046e-03
2026-02-23 16:12:31,459 - INFO - step   2000  train 1.004e-03  val 9.927e-04
2026-02-23 16:12:31,772 - INFO - step   2100  train 9.380e-04  val 9.366e-04
2026-02-23 16:12:32,096 - INFO - step   2200  train 9.078e-04  val 8.934e-04
2026-02-23 16:12:32,413 - INFO - step   2300  train 8.616e-04  val 8.554e-04
2026-02-23 16:12:32,730 - INFO - step   2400  train 8.099e-04  val 8.230e-04
2026-02-23 16:12:38,994 - INFO - step   2500  train 7.749e-04  val 7.850e-04
2026-02-23 16:12:39,315 - INFO - step   2600  train 7.624e-04  val 7.585e-04
2026-02-23 16:12:39,636 - INFO - step   2700  train 7.349e-04  val 7.251e-04
2026-02-23 16:12:39,963 - INFO - step   2800  train 7.224e-04  val 6.991e-04
2026-02-23 16:12:40,291 - INFO - step   2900  train 6.737e-04  val 6.795e-04
2026-02-23 16:12:46,541 - INFO - step   3000  train 6.503e-04  val 6.591e-04
2026-02-23 16:12:46,849 - INFO - step   3100  train 6.306e-04  val 6.375e-04
2026-02-23 16:12:47,158 - INFO - step   3200  train 5.957e-04  val 6.218e-04
2026-02-23 16:12:47,464 - INFO - step   3300  train 5.792e-04  val 6.030e-04
2026-02-23 16:12:47,776 - INFO - step   3400  train 5.641e-04  val 5.866e-04
2026-02-23 16:12:53,775 - INFO - step   3500  train 5.899e-04  val 5.728e-04
2026-02-23 16:12:54,107 - INFO - step   3600  train 5.583e-04  val 5.589e-04
2026-02-23 16:12:54,423 - INFO - step   3700  train 5.385e-04  val 5.411e-04
2026-02-23 16:12:54,737 - INFO - step   3800  train 5.112e-04  val 5.279e-04
2026-02-23 16:12:55,049 - INFO - step   3900  train 5.011e-04  val 5.227e-04
2026-02-23 16:13:01,180 - INFO - step   4000  train 4.800e-04  val 5.123e-04
2026-02-23 16:13:01,493 - INFO - step   4100  train 4.857e-04  val 4.988e-04
2026-02-23 16:13:01,808 - INFO - step   4200  train 4.885e-04  val 4.914e-04
2026-02-23 16:13:02,127 - INFO - step   4300  train 4.520e-04  val 4.807e-04
2026-02-23 16:13:02,447 - INFO - step   4400  train 4.507e-04  val 4.740e-04
2026-02-23 16:13:09,062 - INFO - step   4500  train 4.413e-04  val 4.662e-04
2026-02-23 16:13:09,430 - INFO - step   4600  train 4.340e-04  val 4.567e-04
2026-02-23 16:13:09,760 - INFO - step   4700  train 4.339e-04  val 4.486e-04
2026-02-23 16:13:10,105 - INFO - step   4800  train 4.320e-04  val 4.436e-04
2026-02-23 16:13:10,440 - INFO - step   4900  train 4.196e-04  val 4.368e-04
2026-02-23 16:13:16,775 - INFO - step   5000  train 4.094e-04  val 4.286e-04
2026-02-23 16:13:17,413 - INFO - Done. best_val_loss=4.286e-04
wandb: uploading artifact model; updating run metadata
wandb: uploading artifact model
wandb: uploading wandb-summary.json; uploading media/images/plots/ring_ro55_Re_5000_e193315aee6a1d5a7ef4.png; uploading media/images/plots/ring_ro55_Mag_5000_9f00e8286e7f44f47624.png; uploading media/images/plots/ring_ro110_Re_5000_bacd3714e70255dbfde8.png; uploading media/images/plots/ring_ro176_Mag_5000_10894dee9b2c8f7a83a5.png (+ 13 more)
wandb: uploading media/images/plots/spoke_val_5000_4e5f1d200d23de62c4c4.png; uploading media/images/plots/spoke_train_5000_97136fc7262462702f81.png; uploading media/images/plots/error_map_train_5000_c4cc2d9b10eeb3cdc4f3.png
wandb: uploading history steps 4740-4999, summary, console lines 49-52
wandb: 
wandb: Run history:
wandb: train/train_loss █▃▂▁▁▁▁▁▁▁▁▁▁▁▁▁▁▁▁▁▁▁▁▁▁▁▁▁▁▁▁▁▁▁▁▁▁▁▁▁
wandb:   train/val_loss █▅▃▃▃▂▂▂▂▂▂▁▁▁▁▁▁▁▁▁▁▁▁▁▁▁▁▁▁▁▁▁▁▁▁▁▁▁▁▁
wandb: 
wandb: Run summary:
wandb:    best_val_loss 0.00043
wandb: final_train_loss 0.00041
wandb:      total_steps 5000
wandb: train/train_loss 0.00041
wandb:   train/val_loss 0.00043
wandb: 
wandb: 🚀 View run nice-lobster-of-reading_nik at: https://wandb.ai/spshenov-university-of-amsterdam/NIK-DCE-MRI/runs/k2pt7q6k
wandb: ⭐️ View project at: https://wandb.ai/spshenov-university-of-amsterdam/NIK-DCE-MRI
wandb: Synced 5 W&B file(s), 145 media file(s), 2 artifact file(s) and 0 other file(s)
wandb: Find logs at: ./runs/20260223_161153_nice-lobster-of-reading_nik/wandb/run-20260223_161153-k2pt7q6k/logs
wandb: Agent Starting Run: rmf7ekb6 with config:
wandb: 	batch_size: 16384
wandb: 	depth: 4
wandb: 	hidden: 256
wandb: 	lr: 4.5044484010810385e-05
wandb: 	optimizer: AdamW
wandb: 	steps: 3000
wandb: 	w0: 30
2026-02-23 16:13:23,920 - INFO - Run: nice-lobster-of-reading_nik
2026-02-23 16:13:23,921 - INFO - Config: config/training.toml
2026-02-23 16:13:23,921 - INFO - Output: /scratch/rnga/vvpshenov/DCE_NIK/runs/20260223_161323_nice-lobster-of-reading_nik
2026-02-23 16:13:23,921 - INFO -   experiment: {'name': 'NIK DCE-MRI k-space fitting', 'description': 'SIREN implicit neural representation for radial k-space'}
2026-02-23 16:13:23,921 - INFO -   data: {'file': '/scratch/rnga/vvpshenov/XCAT-ERIC/results/simulation_results_20260115T150400.mat', 't_frame': 0, 'coil_idx': 0, 'z_slice_idx': -1, 'val_frac': 0.1}
2026-02-23 16:13:23,921 - INFO -   model: {'hidden': 128, 'depth': 4, 'w0': 15}
2026-02-23 16:13:23,921 - INFO -   training: {'steps': 3000, 'batch_size': 4096, 'optimizer': 'Adam', 'lr': 0.0002, 'grad_clip': 1.0, 'eval_every': 50, 'seed': 0, 'plot': {'plot_every': 500, 'log_scale': True}}
2026-02-23 16:13:23,921 - INFO -   output: {'base_path': '/scratch/rnga/vvpshenov/DCE_NIK/runs'}
2026-02-23 16:13:23,921 - INFO -   logging: {'level': 'INFO', 'console_every': 100}
2026-02-23 16:13:23,921 - INFO -   wandb: {'watch_interval': 0}
2026-02-23 16:13:23,921 - INFO -   sweep: {'entity': 'spshenov-university-of-amsterdam', 'project': 'NIK-DCE-MRI', 'method': 'bayes', 'metric': {'name': 'best_val_loss', 'goal': 'minimize'}, 'parameters': {'hidden': {'values': [64, 128, 256]}, 'depth': {'values': [3, 4, 5, 7]}, 'w0': {'values': [10, 15, 30]}, 'optimizer': {'values': ['Adam', 'AdamW', 'SGD']}, 'lr': {'distribution': 'log_uniform_values', 'min': 1e-05, 'max': 0.01}, 'batch_size': {'values': [2048, 4096, 8192, 16384]}, 'steps': {'values': [2000, 3000, 5000, 8000]}}}
wandb: [wandb.login()] Loaded credentials for https://api.wandb.ai from /home/rnga/vvpshenov/.netrc.
wandb: setting up run rmf7ekb6
wandb: Tracking run with wandb version 0.25.0
wandb: Run data is saved locally in /scratch/rnga/vvpshenov/DCE_NIK/runs/20260223_161323_nice-lobster-of-reading_nik/wandb/run-20260223_161324-rmf7ekb6
wandb: Run `wandb offline` to turn off syncing.
wandb: Syncing run nice-lobster-of-reading_nik
wandb: ⭐️ View project at https://wandb.ai/spshenov-university-of-amsterdam/NIK-DCE-MRI
wandb: 🧹 View sweep at https://wandb.ai/spshenov-university-of-amsterdam/NIK-DCE-MRI/sweeps/73254n6n
wandb: 🚀 View run at https://wandb.ai/spshenov-university-of-amsterdam/NIK-DCE-MRI/runs/rmf7ekb6
2026-02-23 16:13:25,289 - INFO - Model: hidden=256, depth=4, w0=30.0, params=132866
2026-02-23 16:13:25,290 - INFO - Training for 3000 steps, optimizer=AdamW, lr=4.5044484010810385e-05
2026-02-23 16:13:31,873 - INFO - step    100  train 1.772e-03  val 1.904e-03
2026-02-23 16:13:32,571 - INFO - step    200  train 4.386e-04  val 4.650e-04
2026-02-23 16:13:33,256 - INFO - step    300  train 2.453e-04  val 2.796e-04
2026-02-23 16:13:33,934 - INFO - step    400  train 1.627e-04  val 1.946e-04
2026-02-23 16:13:40,933 - INFO - step    500  train 1.220e-04  val 1.547e-04
2026-02-23 16:13:41,647 - INFO - step    600  train 9.699e-05  val 1.170e-04
2026-02-23 16:13:42,359 - INFO - step    700  train 7.225e-05  val 9.420e-05
2026-02-23 16:13:43,038 - INFO - step    800  train 6.255e-05  val 7.296e-05
2026-02-23 16:13:43,695 - INFO - step    900  train 6.075e-05  val 7.201e-05
2026-02-23 16:13:50,281 - INFO - step   1000  train 3.513e-05  val 4.991e-05
2026-02-23 16:13:50,939 - INFO - step   1100  train 3.736e-05  val 4.594e-05
2026-02-23 16:13:51,559 - INFO - step   1200  train 5.953e-05  val 7.807e-05
2026-02-23 16:13:52,224 - INFO - step   1300  train 2.660e-05  val 3.598e-05
2026-02-23 16:13:52,867 - INFO - step   1400  train 2.327e-05  val 3.304e-05
2026-02-23 16:13:59,583 - INFO - step   1500  train 4.390e-05  val 4.412e-05
2026-02-23 16:14:00,245 - INFO - step   1600  train 3.412e-05  val 3.409e-05
2026-02-23 16:14:00,904 - INFO - step   1700  train 2.623e-05  val 3.275e-05
2026-02-23 16:14:01,524 - INFO - step   1800  train 4.063e-05  val 3.999e-05
2026-02-23 16:14:02,209 - INFO - step   1900  train 2.009e-05  val 2.091e-05
2026-02-23 16:14:08,923 - INFO - step   2000  train 2.025e-05  val 1.927e-05
2026-02-23 16:14:09,600 - INFO - step   2100  train 2.443e-05  val 2.529e-05
2026-02-23 16:14:10,229 - INFO - step   2200  train 2.683e-05  val 2.582e-05
2026-02-23 16:14:10,916 - INFO - step   2300  train 6.407e-06  val 7.986e-06
2026-02-23 16:14:11,543 - INFO - step   2400  train 2.020e-05  val 2.183e-05
2026-02-23 16:14:18,223 - INFO - step   2500  train 5.250e-05  val 4.480e-05
2026-02-23 16:14:18,867 - INFO - step   2600  train 7.733e-06  val 8.535e-06
2026-02-23 16:14:19,492 - INFO - step   2700  train 3.385e-05  val 2.851e-05
2026-02-23 16:14:20,115 - INFO - step   2800  train 3.376e-05  val 2.921e-05
2026-02-23 16:14:20,742 - INFO - step   2900  train 8.540e-06  val 8.237e-06
2026-02-23 16:14:27,041 - INFO - step   3000  train 6.663e-05  val 5.430e-05
2026-02-23 16:14:27,667 - INFO - Done. best_val_loss=7.986e-06
wandb: uploading artifact model; updating run metadata
wandb: uploading artifact model
wandb: uploading media/images/plots/ring_ro55_Re_3000_32fa2e12fcb0b7b308b6.png; uploading media/images/plots/spoke_train_3000_c097f923b7a3f1a37cc9.png; uploading media/images/plots/error_map_train_3000_008f440b98ade8fb0bc1.png
wandb: uploading history steps 2999-2999, summary, console lines 31-32
wandb: 
wandb: Run history:
wandb: train/train_loss █▆▁▁▁▁▁▁▁▁▁▁▁▁▁▁▁▁▁▁▁▁▁▁▁▁▁▁▁▁▁▁▁▁▁▁▁▁▁▁
wandb:   train/val_loss █▂▁▁▁▁▁▁▁▁▁▁▁▁▁▁▁▁▁▁▁▁▁▁▁▁▁▁▁▁▁▁▁▁▁▁▁▁▁▁
wandb: 
wandb: Run summary:
wandb:    best_val_loss 1e-05
wandb: final_train_loss 7e-05
wandb:      total_steps 3000
wandb: train/train_loss 7e-05
wandb:   train/val_loss 5e-05
wandb: 
wandb: 🚀 View run nice-lobster-of-reading_nik at: https://wandb.ai/spshenov-university-of-amsterdam/NIK-DCE-MRI/runs/rmf7ekb6
wandb: ⭐️ View project at: https://wandb.ai/spshenov-university-of-amsterdam/NIK-DCE-MRI
wandb: Synced 5 W&B file(s), 93 media file(s), 2 artifact file(s) and 0 other file(s)
wandb: Find logs at: ./runs/20260223_161323_nice-lobster-of-reading_nik/wandb/run-20260223_161324-rmf7ekb6/logs
wandb: Sweep Agent: Waiting for job.
wandb: Job received.
wandb: Agent Starting Run: 2cysvelj with config:
wandb: 	batch_size: 16384
wandb: 	depth: 4
wandb: 	hidden: 256
wandb: 	lr: 0.000266650973086167
wandb: 	optimizer: SGD
wandb: 	steps: 2000
wandb: 	w0: 30
2026-02-23 16:14:41,853 - INFO - Run: nice-lobster-of-reading_nik
2026-02-23 16:14:41,853 - INFO - Config: config/training.toml
2026-02-23 16:14:41,854 - INFO - Output: /scratch/rnga/vvpshenov/DCE_NIK/runs/20260223_161441_nice-lobster-of-reading_nik
2026-02-23 16:14:41,854 - INFO -   experiment: {'name': 'NIK DCE-MRI k-space fitting', 'description': 'SIREN implicit neural representation for radial k-space'}
2026-02-23 16:14:41,854 - INFO -   data: {'file': '/scratch/rnga/vvpshenov/XCAT-ERIC/results/simulation_results_20260115T150400.mat', 't_frame': 0, 'coil_idx': 0, 'z_slice_idx': -1, 'val_frac': 0.1}
2026-02-23 16:14:41,854 - INFO -   model: {'hidden': 128, 'depth': 4, 'w0': 15}
2026-02-23 16:14:41,854 - INFO -   training: {'steps': 3000, 'batch_size': 4096, 'optimizer': 'Adam', 'lr': 0.0002, 'grad_clip': 1.0, 'eval_every': 50, 'seed': 0, 'plot': {'plot_every': 500, 'log_scale': True}}
2026-02-23 16:14:41,854 - INFO -   output: {'base_path': '/scratch/rnga/vvpshenov/DCE_NIK/runs'}
2026-02-23 16:14:41,854 - INFO -   logging: {'level': 'INFO', 'console_every': 100}
2026-02-23 16:14:41,854 - INFO -   wandb: {'watch_interval': 0}
2026-02-23 16:14:41,854 - INFO -   sweep: {'entity': 'spshenov-university-of-amsterdam', 'project': 'NIK-DCE-MRI', 'method': 'bayes', 'metric': {'name': 'best_val_loss', 'goal': 'minimize'}, 'parameters': {'hidden': {'values': [64, 128, 256]}, 'depth': {'values': [3, 4, 5, 7]}, 'w0': {'values': [10, 15, 30]}, 'optimizer': {'values': ['Adam', 'AdamW', 'SGD']}, 'lr': {'distribution': 'log_uniform_values', 'min': 1e-05, 'max': 0.01}, 'batch_size': {'values': [2048, 4096, 8192, 16384]}, 'steps': {'values': [2000, 3000, 5000, 8000]}}}
wandb: [wandb.login()] Loaded credentials for https://api.wandb.ai from /home/rnga/vvpshenov/.netrc.
wandb: setting up run 2cysvelj
wandb: Tracking run with wandb version 0.25.0
wandb: Run data is saved locally in /scratch/rnga/vvpshenov/DCE_NIK/runs/20260223_161441_nice-lobster-of-reading_nik/wandb/run-20260223_161442-2cysvelj
wandb: Run `wandb offline` to turn off syncing.
wandb: Syncing run nice-lobster-of-reading_nik
wandb: ⭐️ View project at https://wandb.ai/spshenov-university-of-amsterdam/NIK-DCE-MRI
wandb: 🧹 View sweep at https://wandb.ai/spshenov-university-of-amsterdam/NIK-DCE-MRI/sweeps/73254n6n
wandb: 🚀 View run at https://wandb.ai/spshenov-university-of-amsterdam/NIK-DCE-MRI/runs/2cysvelj
2026-02-23 16:14:43,174 - INFO - Model: hidden=256, depth=4, w0=30.0, params=132866
2026-02-23 16:14:43,175 - INFO - Training for 2000 steps, optimizer=SGD, lr=0.000266650973086167
2026-02-23 16:14:49,033 - INFO - step    100  train 2.145e-02  val 1.991e-02
2026-02-23 16:14:49,658 - INFO - step    200  train 5.879e-03  val 5.478e-03
2026-02-23 16:14:50,285 - INFO - step    300  train 3.582e-03  val 3.472e-03
2026-02-23 16:14:50,905 - INFO - step    400  train 2.640e-03  val 2.663e-03
2026-02-23 16:14:57,074 - INFO - step    500  train 2.125e-03  val 2.173e-03
2026-02-23 16:14:57,720 - INFO - step    600  train 1.760e-03  val 1.842e-03
2026-02-23 16:14:58,349 - INFO - step    700  train 1.464e-03  val 1.582e-03
2026-02-23 16:14:58,969 - INFO - step    800  train 1.272e-03  val 1.383e-03
2026-02-23 16:14:59,631 - INFO - step    900  train 1.151e-03  val 1.219e-03
2026-02-23 16:15:06,003 - INFO - step   1000  train 1.012e-03  val 1.097e-03
2026-02-23 16:15:06,709 - INFO - step   1100  train 9.321e-04  val 9.944e-04
2026-02-23 16:15:07,370 - INFO - step   1200  train 7.950e-04  val 9.095e-04
2026-02-23 16:15:08,032 - INFO - step   1300  train 7.378e-04  val 8.392e-04
2026-02-23 16:15:08,694 - INFO - step   1400  train 6.990e-04  val 7.775e-04
2026-02-23 16:15:14,544 - INFO - step   1500  train 6.431e-04  val 7.265e-04
2026-02-23 16:15:15,258 - INFO - step   1600  train 6.146e-04  val 6.772e-04
2026-02-23 16:15:15,952 - INFO - step   1700  train 5.670e-04  val 6.389e-04
2026-02-23 16:15:16,636 - INFO - step   1800  train 5.442e-04  val 6.032e-04
2026-02-23 16:15:17,313 - INFO - step   1900  train 5.067e-04  val 5.725e-04
2026-02-23 16:15:24,018 - INFO - step   2000  train 4.887e-04  val 5.464e-04
2026-02-23 16:15:24,647 - INFO - Done. best_val_loss=5.464e-04
wandb: uploading artifact model; updating run metadata
wandb: uploading artifact model
wandb: uploading media/images/plots/ring_ro176_Re_2000_36c7ba26914281128f94.png; uploading media/images/plots/ring_ro176_Mag_2000_7fb459051d6fdd4d56ec.png; uploading media/images/plots/spoke_train_2000_449f76806f48a37c2178.png; uploading media/images/plots/error_map_val_2000_238716cac400213ae388.png; uploading output.log (+ 13 more)
wandb: uploading media/images/plots/spoke_train_2000_449f76806f48a37c2178.png; uploading media/images/plots/error_map_val_2000_238716cac400213ae388.png; uploading media/images/plots/ring_ro55_Im_2000_2d82919ce9a1c5245cfb.png; uploading media/images/plots/ring_ro176_Im_2000_81180b8b3d6a18f04de1.png; uploading media/images/plots/ring_ro55_Mag_2000_4d2fa41858b167ab1442.png (+ 3 more)
wandb: uploading media/images/plots/error_map_train_2000_aa422331261b9f364075.png
wandb: 
wandb: Run history:
wandb: train/train_loss █▁▁▁▁▁▁▁▁▁▁▁▁▁▁▁▁▁▁▁▁▁▁▁▁▁▁▁▁▁▁▁▁▁▁▁▁▁▁▁
wandb:   train/val_loss █▃▂▁▁▁▁▁▁▁▁▁▁▁▁▁▁▁▁▁▁▁▁▁▁▁▁▁▁▁▁▁▁▁▁▁▁▁▁▁
wandb: 
wandb: Run summary:
wandb:    best_val_loss 0.00055
wandb: final_train_loss 0.00049
wandb:      total_steps 2000
wandb: train/train_loss 0.00049
wandb:   train/val_loss 0.00055
wandb: 
wandb: 🚀 View run nice-lobster-of-reading_nik at: https://wandb.ai/spshenov-university-of-amsterdam/NIK-DCE-MRI/runs/2cysvelj
wandb: ⭐️ View project at: https://wandb.ai/spshenov-university-of-amsterdam/NIK-DCE-MRI
wandb: Synced 5 W&B file(s), 67 media file(s), 2 artifact file(s) and 0 other file(s)
wandb: Find logs at: ./runs/20260223_161441_nice-lobster-of-reading_nik/wandb/run-20260223_161442-2cysvelj/logs
wandb: Agent Starting Run: ckxtchej with config:
wandb: 	batch_size: 16384
wandb: 	depth: 3
wandb: 	hidden: 128
wandb: 	lr: 0.0001329960219511842
wandb: 	optimizer: AdamW
wandb: 	steps: 2000
wandb: 	w0: 30
2026-02-23 16:15:29,679 - INFO - Run: nice-lobster-of-reading_nik
2026-02-23 16:15:29,679 - INFO - Config: config/training.toml
2026-02-23 16:15:29,679 - INFO - Output: /scratch/rnga/vvpshenov/DCE_NIK/runs/20260223_161529_nice-lobster-of-reading_nik
2026-02-23 16:15:29,679 - INFO -   experiment: {'name': 'NIK DCE-MRI k-space fitting', 'description': 'SIREN implicit neural representation for radial k-space'}
2026-02-23 16:15:29,679 - INFO -   data: {'file': '/scratch/rnga/vvpshenov/XCAT-ERIC/results/simulation_results_20260115T150400.mat', 't_frame': 0, 'coil_idx': 0, 'z_slice_idx': -1, 'val_frac': 0.1}
2026-02-23 16:15:29,679 - INFO -   model: {'hidden': 128, 'depth': 4, 'w0': 15}
2026-02-23 16:15:29,679 - INFO -   training: {'steps': 3000, 'batch_size': 4096, 'optimizer': 'Adam', 'lr': 0.0002, 'grad_clip': 1.0, 'eval_every': 50, 'seed': 0, 'plot': {'plot_every': 500, 'log_scale': True}}
2026-02-23 16:15:29,679 - INFO -   output: {'base_path': '/scratch/rnga/vvpshenov/DCE_NIK/runs'}
2026-02-23 16:15:29,679 - INFO -   logging: {'level': 'INFO', 'console_every': 100}
2026-02-23 16:15:29,679 - INFO -   wandb: {'watch_interval': 0}
2026-02-23 16:15:29,679 - INFO -   sweep: {'entity': 'spshenov-university-of-amsterdam', 'project': 'NIK-DCE-MRI', 'method': 'bayes', 'metric': {'name': 'best_val_loss', 'goal': 'minimize'}, 'parameters': {'hidden': {'values': [64, 128, 256]}, 'depth': {'values': [3, 4, 5, 7]}, 'w0': {'values': [10, 15, 30]}, 'optimizer': {'values': ['Adam', 'AdamW', 'SGD']}, 'lr': {'distribution': 'log_uniform_values', 'min': 1e-05, 'max': 0.01}, 'batch_size': {'values': [2048, 4096, 8192, 16384]}, 'steps': {'values': [2000, 3000, 5000, 8000]}}}
wandb: [wandb.login()] Loaded credentials for https://api.wandb.ai from /home/rnga/vvpshenov/.netrc.
wandb: setting up run ckxtchej
wandb: Tracking run with wandb version 0.25.0
wandb: Run data is saved locally in /scratch/rnga/vvpshenov/DCE_NIK/runs/20260223_161529_nice-lobster-of-reading_nik/wandb/run-20260223_161530-ckxtchej
wandb: Run `wandb offline` to turn off syncing.
wandb: Syncing run nice-lobster-of-reading_nik
wandb: ⭐️ View project at https://wandb.ai/spshenov-university-of-amsterdam/NIK-DCE-MRI
wandb: 🧹 View sweep at https://wandb.ai/spshenov-university-of-amsterdam/NIK-DCE-MRI/sweeps/73254n6n
wandb: 🚀 View run at https://wandb.ai/spshenov-university-of-amsterdam/NIK-DCE-MRI/runs/ckxtchej
2026-02-23 16:15:31,165 - INFO - Model: hidden=128, depth=3, w0=30.0, params=17154
2026-02-23 16:15:31,167 - INFO - Training for 2000 steps, optimizer=AdamW, lr=0.0001329960219511842
2026-02-23 16:15:36,704 - INFO - step    100  train 1.553e-02  val 1.653e-02
2026-02-23 16:15:36,917 - INFO - step    200  train 4.804e-03  val 4.383e-03
2026-02-23 16:15:37,127 - INFO - step    300  train 2.469e-03  val 2.369e-03
2026-02-23 16:15:37,338 - INFO - step    400  train 1.681e-03  val 1.657e-03
2026-02-23 16:15:42,511 - INFO - step    500  train 1.254e-03  val 1.271e-03
2026-02-23 16:15:42,726 - INFO - step    600  train 9.850e-04  val 1.027e-03
2026-02-23 16:15:42,947 - INFO - step    700  train 7.798e-04  val 8.484e-04
2026-02-23 16:15:43,157 - INFO - step    800  train 6.692e-04  val 7.254e-04
2026-02-23 16:15:43,365 - INFO - step    900  train 6.113e-04  val 6.317e-04
2026-02-23 16:15:48,641 - INFO - step   1000  train 5.215e-04  val 5.813e-04
2026-02-23 16:15:48,854 - INFO - step   1100  train 4.844e-04  val 5.331e-04
2026-02-23 16:15:49,069 - INFO - step   1200  train 4.204e-04  val 4.734e-04
2026-02-23 16:15:49,283 - INFO - step   1300  train 3.912e-04  val 4.477e-04
2026-02-23 16:15:49,503 - INFO - step   1400  train 3.790e-04  val 4.270e-04
2026-02-23 16:15:54,968 - INFO - step   1500  train 3.463e-04  val 4.102e-04
2026-02-23 16:15:55,183 - INFO - step   1600  train 3.418e-04  val 3.896e-04
2026-02-23 16:15:55,412 - INFO - step   1700  train 3.272e-04  val 3.839e-04
2026-02-23 16:15:55,744 - INFO - step   1800  train 3.102e-04  val 3.453e-04
2026-02-23 16:15:56,072 - INFO - step   1900  train 2.900e-04  val 3.397e-04
2026-02-23 16:16:02,104 - INFO - step   2000  train 2.890e-04  val 3.285e-04
2026-02-23 16:16:02,699 - INFO - Done. best_val_loss=3.206e-04
wandb: uploading artifact model
wandb: uploading media/images/plots/ring_ro176_Re_2000_0edba8ab80ebbfb6aa3b.png; uploading media/images/plots/spoke_train_2000_6056482e00ebae6ec429.png; uploading media/images/plots/ring_ro55_Im_2000_d6fb15aaeca649b4c2a0.png; uploading media/images/plots/ring_ro176_Im_2000_6db8d2299af8765b37e2.png; uploading media/images/plots/ring_ro176_Mag_2000_3507003af688a04bf42a.png (+ 8 more)
wandb: uploading history steps 1999-1999, summary, console lines 21-22
wandb: 
wandb: Run history:
wandb: train/train_loss █▆▃▂▂▁▁▁▁▁▁▁▁▁▁▁▁▁▁▁▁▁▁▁▁▁▁▁▁▁▁▁▁▁▁▁▁▁▁▁
wandb:   train/val_loss █▃▂▂▁▁▁▁▁▁▁▁▁▁▁▁▁▁▁▁▁▁▁▁▁▁▁▁▁▁▁▁▁▁▁▁▁▁▁▁
wandb: 
wandb: Run summary:
wandb:    best_val_loss 0.00032
wandb: final_train_loss 0.00029
wandb:      total_steps 2000
wandb: train/train_loss 0.00029
wandb:   train/val_loss 0.00033
wandb: 
wandb: 🚀 View run nice-lobster-of-reading_nik at: https://wandb.ai/spshenov-university-of-amsterdam/NIK-DCE-MRI/runs/ckxtchej
wandb: ⭐️ View project at: https://wandb.ai/spshenov-university-of-amsterdam/NIK-DCE-MRI
wandb: Synced 5 W&B file(s), 67 media file(s), 2 artifact file(s) and 0 other file(s)
wandb: Find logs at: ./runs/20260223_161529_nice-lobster-of-reading_nik/wandb/run-20260223_161530-ckxtchej/logs
wandb: Agent Starting Run: 0m67bl6i with config:
wandb: 	batch_size: 16384
wandb: 	depth: 3
wandb: 	hidden: 64
wandb: 	lr: 0.00018363437053972297
wandb: 	optimizer: SGD
wandb: 	steps: 8000
wandb: 	w0: 15
2026-02-23 16:16:11,828 - INFO - Run: nice-lobster-of-reading_nik
2026-02-23 16:16:11,828 - INFO - Config: config/training.toml
2026-02-23 16:16:11,828 - INFO - Output: /scratch/rnga/vvpshenov/DCE_NIK/runs/20260223_161611_nice-lobster-of-reading_nik
2026-02-23 16:16:11,828 - INFO -   experiment: {'name': 'NIK DCE-MRI k-space fitting', 'description': 'SIREN implicit neural representation for radial k-space'}
2026-02-23 16:16:11,828 - INFO -   data: {'file': '/scratch/rnga/vvpshenov/XCAT-ERIC/results/simulation_results_20260115T150400.mat', 't_frame': 0, 'coil_idx': 0, 'z_slice_idx': -1, 'val_frac': 0.1}
2026-02-23 16:16:11,828 - INFO -   model: {'hidden': 128, 'depth': 4, 'w0': 15}
2026-02-23 16:16:11,828 - INFO -   training: {'steps': 3000, 'batch_size': 4096, 'optimizer': 'Adam', 'lr': 0.0002, 'grad_clip': 1.0, 'eval_every': 50, 'seed': 0, 'plot': {'plot_every': 500, 'log_scale': True}}
2026-02-23 16:16:11,828 - INFO -   output: {'base_path': '/scratch/rnga/vvpshenov/DCE_NIK/runs'}
2026-02-23 16:16:11,828 - INFO -   logging: {'level': 'INFO', 'console_every': 100}
2026-02-23 16:16:11,828 - INFO -   wandb: {'watch_interval': 0}
2026-02-23 16:16:11,828 - INFO -   sweep: {'entity': 'spshenov-university-of-amsterdam', 'project': 'NIK-DCE-MRI', 'method': 'bayes', 'metric': {'name': 'best_val_loss', 'goal': 'minimize'}, 'parameters': {'hidden': {'values': [64, 128, 256]}, 'depth': {'values': [3, 4, 5, 7]}, 'w0': {'values': [10, 15, 30]}, 'optimizer': {'values': ['Adam', 'AdamW', 'SGD']}, 'lr': {'distribution': 'log_uniform_values', 'min': 1e-05, 'max': 0.01}, 'batch_size': {'values': [2048, 4096, 8192, 16384]}, 'steps': {'values': [2000, 3000, 5000, 8000]}}}
wandb: [wandb.login()] Loaded credentials for https://api.wandb.ai from /home/rnga/vvpshenov/.netrc.
wandb: setting up run 0m67bl6i
wandb: Tracking run with wandb version 0.25.0
wandb: Run data is saved locally in /scratch/rnga/vvpshenov/DCE_NIK/runs/20260223_161611_nice-lobster-of-reading_nik/wandb/run-20260223_161612-0m67bl6i
wandb: Run `wandb offline` to turn off syncing.
wandb: Syncing run nice-lobster-of-reading_nik
wandb: ⭐️ View project at https://wandb.ai/spshenov-university-of-amsterdam/NIK-DCE-MRI
wandb: 🧹 View sweep at https://wandb.ai/spshenov-university-of-amsterdam/NIK-DCE-MRI/sweeps/73254n6n
wandb: 🚀 View run at https://wandb.ai/spshenov-university-of-amsterdam/NIK-DCE-MRI/runs/0m67bl6i
2026-02-23 16:16:13,138 - INFO - Model: hidden=64, depth=3, w0=15.0, params=4482
2026-02-23 16:16:13,139 - INFO - Training for 8000 steps, optimizer=SGD, lr=0.00018363437053972297
2026-02-23 16:16:19,308 - INFO - step    100  train 1.947e-01  val 2.315e-01
2026-02-23 16:16:19,563 - INFO - step    200  train 2.029e-01  val 1.987e-01
2026-02-23 16:16:19,750 - INFO - step    300  train 1.821e-01  val 1.756e-01
2026-02-23 16:16:19,916 - INFO - step    400  train 1.652e-01  val 1.593e-01
2026-02-23 16:16:24,899 - INFO - step    500  train 1.356e-01  val 1.447e-01
2026-02-23 16:16:25,071 - INFO - step    600  train 1.374e-01  val 1.314e-01
2026-02-23 16:16:25,240 - INFO - step    700  train 1.254e-01  val 1.195e-01
2026-02-23 16:16:25,411 - INFO - step    800  train 1.156e-01  val 1.092e-01
2026-02-23 16:16:25,583 - INFO - step    900  train 1.012e-01  val 9.992e-02
2026-02-23 16:16:30,594 - INFO - step   1000  train 9.053e-02  val 9.169e-02
2026-02-23 16:16:30,764 - INFO - step   1100  train 8.508e-02  val 8.437e-02
2026-02-23 16:16:30,933 - INFO - step   1200  train 7.845e-02  val 7.773e-02
2026-02-23 16:16:31,102 - INFO - step   1300  train 7.516e-02  val 7.182e-02
2026-02-23 16:16:31,269 - INFO - step   1400  train 6.557e-02  val 6.598e-02
2026-02-23 16:16:36,273 - INFO - step   1500  train 6.247e-02  val 6.094e-02
2026-02-23 16:16:36,445 - INFO - step   1600  train 6.509e-02  val 5.644e-02
2026-02-23 16:16:36,612 - INFO - step   1700  train 5.329e-02  val 5.204e-02
2026-02-23 16:16:36,775 - INFO - step   1800  train 4.924e-02  val 4.831e-02
2026-02-23 16:16:36,938 - INFO - step   1900  train 4.381e-02  val 4.497e-02
2026-02-23 16:16:41,404 - INFO - step   2000  train 4.150e-02  val 4.183e-02
2026-02-23 16:16:41,568 - INFO - step   2100  train 3.895e-02  val 3.906e-02
2026-02-23 16:16:41,738 - INFO - step   2200  train 3.626e-02  val 3.638e-02
2026-02-23 16:16:41,911 - INFO - step   2300  train 3.641e-02  val 3.401e-02
2026-02-23 16:16:42,084 - INFO - step   2400  train 3.554e-02  val 3.192e-02
2026-02-23 16:16:47,164 - INFO - step   2500  train 3.013e-02  val 2.987e-02
2026-02-23 16:16:47,334 - INFO - step   2600  train 3.038e-02  val 2.810e-02
2026-02-23 16:16:47,513 - INFO - step   2700  train 2.752e-02  val 2.641e-02
2026-02-23 16:16:47,680 - INFO - step   2800  train 2.550e-02  val 2.489e-02
2026-02-23 16:16:47,854 - INFO - step   2900  train 2.494e-02  val 2.355e-02
2026-02-23 16:16:52,891 - INFO - step   3000  train 2.245e-02  val 2.233e-02
2026-02-23 16:16:53,060 - INFO - step   3100  train 2.030e-02  val 2.113e-02
2026-02-23 16:16:53,226 - INFO - step   3200  train 2.009e-02  val 2.012e-02
2026-02-23 16:16:53,391 - INFO - step   3300  train 2.023e-02  val 1.914e-02
2026-02-23 16:16:53,557 - INFO - step   3400  train 1.918e-02  val 1.831e-02
2026-02-23 16:16:58,920 - INFO - step   3500  train 1.869e-02  val 1.748e-02
2026-02-23 16:16:59,090 - INFO - step   3600  train 1.668e-02  val 1.672e-02
2026-02-23 16:16:59,258 - INFO - step   3700  train 1.623e-02  val 1.603e-02
2026-02-23 16:16:59,425 - INFO - step   3800  train 1.627e-02  val 1.544e-02
2026-02-23 16:16:59,591 - INFO - step   3900  train 1.546e-02  val 1.488e-02
2026-02-23 16:17:04,760 - INFO - step   4000  train 1.365e-02  val 1.434e-02
2026-02-23 16:17:04,928 - INFO - step   4100  train 1.395e-02  val 1.386e-02
2026-02-23 16:17:05,093 - INFO - step   4200  train 1.381e-02  val 1.338e-02
2026-02-23 16:17:05,262 - INFO - step   4300  train 1.353e-02  val 1.300e-02
2026-02-23 16:17:05,425 - INFO - step   4400  train 1.301e-02  val 1.258e-02
2026-02-23 16:17:10,407 - INFO - step   4500  train 1.224e-02  val 1.222e-02
2026-02-23 16:17:10,576 - INFO - step   4600  train 1.254e-02  val 1.191e-02
2026-02-23 16:17:10,743 - INFO - step   4700  train 1.216e-02  val 1.162e-02
2026-02-23 16:17:10,909 - INFO - step   4800  train 1.210e-02  val 1.131e-02
2026-02-23 16:17:11,077 - INFO - step   4900  train 1.189e-02  val 1.106e-02
2026-02-23 16:17:15,981 - INFO - step   5000  train 1.167e-02  val 1.084e-02
2026-02-23 16:17:16,155 - INFO - step   5100  train 1.095e-02  val 1.060e-02
2026-02-23 16:17:16,323 - INFO - step   5200  train 1.078e-02  val 1.040e-02
2026-02-23 16:17:16,489 - INFO - step   5300  train 1.085e-02  val 1.021e-02
2026-02-23 16:17:16,665 - INFO - step   5400  train 1.017e-02  val 1.001e-02
2026-02-23 16:17:21,543 - INFO - step   5500  train 1.034e-02  val 9.837e-03
2026-02-23 16:17:21,717 - INFO - step   5600  train 1.031e-02  val 9.683e-03
2026-02-23 16:17:21,886 - INFO - step   5700  train 1.005e-02  val 9.557e-03
2026-02-23 16:17:22,053 - INFO - step   5800  train 9.858e-03  val 9.404e-03
2026-02-23 16:17:22,220 - INFO - step   5900  train 9.293e-03  val 9.258e-03
2026-02-23 16:17:27,050 - INFO - step   6000  train 9.639e-03  val 9.155e-03
2026-02-23 16:17:27,230 - INFO - step   6100  train 9.426e-03  val 9.010e-03
2026-02-23 16:17:27,409 - INFO - step   6200  train 9.290e-03  val 8.898e-03
2026-02-23 16:17:27,585 - INFO - step   6300  train 8.837e-03  val 8.807e-03
2026-02-23 16:17:27,762 - INFO - step   6400  train 9.033e-03  val 8.701e-03
2026-02-23 16:17:32,782 - INFO - step   6500  train 8.712e-03  val 8.590e-03
2026-02-23 16:17:33,125 - INFO - step   6600  train 8.780e-03  val 8.516e-03
2026-02-23 16:17:33,436 - INFO - step   6700  train 8.330e-03  val 8.424e-03
2026-02-23 16:17:33,720 - INFO - step   6800  train 8.540e-03  val 8.348e-03
2026-02-23 16:17:33,987 - INFO - step   6900  train 8.726e-03  val 8.266e-03
2026-02-23 16:17:39,532 - INFO - step   7000  train 8.627e-03  val 8.179e-03
2026-02-23 16:17:39,803 - INFO - step   7100  train 8.359e-03  val 8.110e-03
2026-02-23 16:17:40,073 - INFO - step   7200  train 8.361e-03  val 8.037e-03
2026-02-23 16:17:40,347 - INFO - step   7300  train 8.336e-03  val 7.967e-03
2026-02-23 16:17:40,616 - INFO - step   7400  train 8.307e-03  val 7.909e-03
2026-02-23 16:17:46,203 - INFO - step   7500  train 8.277e-03  val 7.842e-03
2026-02-23 16:17:46,475 - INFO - step   7600  train 8.074e-03  val 7.781e-03
2026-02-23 16:17:46,755 - INFO - step   7700  train 8.294e-03  val 7.721e-03
2026-02-23 16:17:47,035 - INFO - step   7800  train 8.100e-03  val 7.674e-03
2026-02-23 16:17:47,308 - INFO - step   7900  train 7.926e-03  val 7.603e-03
2026-02-23 16:17:52,980 - INFO - step   8000  train 7.430e-03  val 7.559e-03
2026-02-23 16:17:53,586 - INFO - Done. best_val_loss=7.559e-03
wandb: uploading artifact model; updating run metadata
wandb: uploading artifact model
wandb: uploading output.log; uploading media/images/plots/spoke_val_8000_dbfdcd4c8ef9a6451de0.png; uploading media/images/plots/ring_ro55_Im_8000_9d122607e9592d0806d6.png; uploading media/images/plots/ring_ro110_Mag_8000_e3c15cb664aef1356a4f.png; uploading media/images/plots/ring_ro176_Mag_8000_48977fe9837680f21d6f.png (+ 13 more)
wandb: uploading media/images/plots/error_map_train_8000_40465499589ac9195e8b.png
wandb: 
wandb: Run history:
wandb: train/train_loss █▇▇▆▇▄▄▃▃▃▂▂▂▂▂▂▂▂▂▂▂▁▁▁▁▁▁▁▁▁▁▁▁▁▁▁▁▁▁▁
wandb:   train/val_loss ██▇▇▇▄▄▃▃▂▂▂▂▁▁▁▁▁▁▁▁▁▁▁▁▁▁▁▁▁▁▁▁▁▁▁▁▁▁▁
wandb: 
wandb: Run summary:
wandb:    best_val_loss 0.00756
wandb: final_train_loss 0.00743
wandb:      total_steps 8000
wandb: train/train_loss 0.00743
wandb:   train/val_loss 0.00756
wandb: 
wandb: 🚀 View run nice-lobster-of-reading_nik at: https://wandb.ai/spshenov-university-of-amsterdam/NIK-DCE-MRI/runs/0m67bl6i
wandb: ⭐️ View project at: https://wandb.ai/spshenov-university-of-amsterdam/NIK-DCE-MRI
wandb: Synced 5 W&B file(s), 223 media file(s), 2 artifact file(s) and 0 other file(s)
wandb: Find logs at: ./runs/20260223_161611_nice-lobster-of-reading_nik/wandb/run-20260223_161612-0m67bl6i/logs
wandb: Sweep Agent: Waiting for job.
wandb: Job received.
wandb: Agent Starting Run: bdqnf56z with config:
wandb: 	batch_size: 16384
wandb: 	depth: 3
wandb: 	hidden: 256
wandb: 	lr: 1.426691499370842e-05
wandb: 	optimizer: SGD
wandb: 	steps: 3000
wandb: 	w0: 15
2026-02-23 16:18:07,004 - INFO - Run: nice-lobster-of-reading_nik
2026-02-23 16:18:07,004 - INFO - Config: config/training.toml
2026-02-23 16:18:07,004 - INFO - Output: /scratch/rnga/vvpshenov/DCE_NIK/runs/20260223_161807_nice-lobster-of-reading_nik
2026-02-23 16:18:07,004 - INFO -   experiment: {'name': 'NIK DCE-MRI k-space fitting', 'description': 'SIREN implicit neural representation for radial k-space'}
2026-02-23 16:18:07,004 - INFO -   data: {'file': '/scratch/rnga/vvpshenov/XCAT-ERIC/results/simulation_results_20260115T150400.mat', 't_frame': 0, 'coil_idx': 0, 'z_slice_idx': -1, 'val_frac': 0.1}
2026-02-23 16:18:07,004 - INFO -   model: {'hidden': 128, 'depth': 4, 'w0': 15}
2026-02-23 16:18:07,004 - INFO -   training: {'steps': 3000, 'batch_size': 4096, 'optimizer': 'Adam', 'lr': 0.0002, 'grad_clip': 1.0, 'eval_every': 50, 'seed': 0, 'plot': {'plot_every': 500, 'log_scale': True}}
2026-02-23 16:18:07,004 - INFO -   output: {'base_path': '/scratch/rnga/vvpshenov/DCE_NIK/runs'}
2026-02-23 16:18:07,004 - INFO -   logging: {'level': 'INFO', 'console_every': 100}
2026-02-23 16:18:07,004 - INFO -   wandb: {'watch_interval': 0}
2026-02-23 16:18:07,004 - INFO -   sweep: {'entity': 'spshenov-university-of-amsterdam', 'project': 'NIK-DCE-MRI', 'method': 'bayes', 'metric': {'name': 'best_val_loss', 'goal': 'minimize'}, 'parameters': {'hidden': {'values': [64, 128, 256]}, 'depth': {'values': [3, 4, 5, 7]}, 'w0': {'values': [10, 15, 30]}, 'optimizer': {'values': ['Adam', 'AdamW', 'SGD']}, 'lr': {'distribution': 'log_uniform_values', 'min': 1e-05, 'max': 0.01}, 'batch_size': {'values': [2048, 4096, 8192, 16384]}, 'steps': {'values': [2000, 3000, 5000, 8000]}}}
wandb: [wandb.login()] Loaded credentials for https://api.wandb.ai from /home/rnga/vvpshenov/.netrc.
wandb: setting up run bdqnf56z
wandb: Tracking run with wandb version 0.25.0
wandb: Run data is saved locally in /scratch/rnga/vvpshenov/DCE_NIK/runs/20260223_161807_nice-lobster-of-reading_nik/wandb/run-20260223_161807-bdqnf56z
wandb: Run `wandb offline` to turn off syncing.
wandb: Syncing run nice-lobster-of-reading_nik
wandb: ⭐️ View project at https://wandb.ai/spshenov-university-of-amsterdam/NIK-DCE-MRI
wandb: 🧹 View sweep at https://wandb.ai/spshenov-university-of-amsterdam/NIK-DCE-MRI/sweeps/73254n6n
wandb: 🚀 View run at https://wandb.ai/spshenov-university-of-amsterdam/NIK-DCE-MRI/runs/bdqnf56z
2026-02-23 16:18:08,237 - INFO - Model: hidden=256, depth=3, w0=15.0, params=67074
2026-02-23 16:18:08,238 - INFO - Training for 3000 steps, optimizer=SGD, lr=1.426691499370842e-05
2026-02-23 16:18:13,831 - INFO - step    100  train 3.020e-01  val 3.580e-01
2026-02-23 16:18:14,213 - INFO - step    200  train 3.180e-01  val 3.093e-01
2026-02-23 16:18:14,586 - INFO - step    300  train 2.878e-01  val 2.743e-01
2026-02-23 16:18:14,982 - INFO - step    400  train 2.619e-01  val 2.497e-01
2026-02-23 16:18:19,935 - INFO - step    500  train 2.216e-01  val 2.323e-01
2026-02-23 16:18:20,321 - INFO - step    600  train 2.342e-01  val 2.188e-01
2026-02-23 16:18:20,667 - INFO - step    700  train 2.233e-01  val 2.079e-01
2026-02-23 16:18:21,012 - INFO - step    800  train 2.140e-01  val 1.983e-01
2026-02-23 16:18:21,365 - INFO - step    900  train 1.919e-01  val 1.898e-01
2026-02-23 16:18:26,493 - INFO - step   1000  train 1.815e-01  val 1.821e-01
2026-02-23 16:18:26,906 - INFO - step   1100  train 1.804e-01  val 1.751e-01
2026-02-23 16:18:27,391 - INFO - step   1200  train 1.728e-01  val 1.688e-01
2026-02-23 16:18:27,838 - INFO - step   1300  train 1.722e-01  val 1.629e-01
2026-02-23 16:18:28,277 - INFO - step   1400  train 1.544e-01  val 1.573e-01
2026-02-23 16:18:34,349 - INFO - step   1500  train 1.518e-01  val 1.520e-01
2026-02-23 16:18:34,779 - INFO - step   1600  train 1.691e-01  val 1.470e-01
2026-02-23 16:18:35,196 - INFO - step   1700  train 1.437e-01  val 1.420e-01
2026-02-23 16:18:35,617 - INFO - step   1800  train 1.379e-01  val 1.372e-01
2026-02-23 16:18:36,038 - INFO - step   1900  train 1.301e-01  val 1.326e-01
2026-02-23 16:18:41,397 - INFO - step   2000  train 1.233e-01  val 1.281e-01
2026-02-23 16:18:41,786 - INFO - step   2100  train 1.254e-01  val 1.239e-01
2026-02-23 16:18:42,150 - INFO - step   2200  train 1.176e-01  val 1.199e-01
2026-02-23 16:18:42,515 - INFO - step   2300  train 1.261e-01  val 1.161e-01
2026-02-23 16:18:42,879 - INFO - step   2400  train 1.278e-01  val 1.124e-01
2026-02-23 16:18:48,172 - INFO - step   2500  train 1.077e-01  val 1.089e-01
2026-02-23 16:18:48,558 - INFO - step   2600  train 1.140e-01  val 1.056e-01
2026-02-23 16:18:48,918 - INFO - step   2700  train 1.048e-01  val 1.023e-01
2026-02-23 16:18:49,264 - INFO - step   2800  train 9.961e-02  val 9.915e-02
2026-02-23 16:18:49,605 - INFO - step   2900  train 1.029e-01  val 9.611e-02
2026-02-23 16:18:54,529 - INFO - step   3000  train 9.098e-02  val 9.321e-02
2026-02-23 16:18:55,112 - INFO - Done. best_val_loss=9.321e-02
wandb: uploading artifact model; updating run metadata
wandb: uploading artifact model
wandb: uploading media/images/plots/spoke_val_3000_00cdc98806a013ede364.png; uploading media/images/plots/ring_ro55_Im_3000_124c4faab030e6a2f947.png; uploading media/images/plots/ring_ro110_Im_3000_3bd84f40d8f3ea00a4cf.png; uploading media/images/recon/prediction_3000_e88758b245c7bdf51836.png; uploading media/images/plots/ring_ro110_Mag_3000_f4a59a5923376aa9c876.png (+ 13 more)
wandb: uploading media/images/plots/error_map_train_3000_2dd7f0d8950c1e6ef942.png
wandb: 
wandb: Run history:
wandb: train/train_loss █▇▆▄▄▅▄▄▄▃▃▃▃▃▃▂▂▂▂▂▂▂▂▂▂▂▂▂▂▂▂▂▂▂▁▁▁▁▁▁
wandb:   train/val_loss █▇▆▆▅▄▄▄▄▄▃▃▃▃▃▃▃▃▂▂▂▂▂▂▂▂▂▂▂▂▂▂▁▁▁▁▁▁▁▁
wandb: 
wandb: Run summary:
wandb:    best_val_loss 0.09321
wandb: final_train_loss 0.09098
wandb:      total_steps 3000
wandb: train/train_loss 0.09098
wandb:   train/val_loss 0.09321
wandb: 
wandb: 🚀 View run nice-lobster-of-reading_nik at: https://wandb.ai/spshenov-university-of-amsterdam/NIK-DCE-MRI/runs/bdqnf56z
wandb: ⭐️ View project at: https://wandb.ai/spshenov-university-of-amsterdam/NIK-DCE-MRI
wandb: Synced 5 W&B file(s), 93 media file(s), 2 artifact file(s) and 0 other file(s)
wandb: Find logs at: ./runs/20260223_161807_nice-lobster-of-reading_nik/wandb/run-20260223_161807-bdqnf56z/logs
wandb: Agent Starting Run: yii02abr with config:
wandb: 	batch_size: 16384
wandb: 	depth: 5
wandb: 	hidden: 64
wandb: 	lr: 0.0007648627723424762
wandb: 	optimizer: SGD
wandb: 	steps: 3000
wandb: 	w0: 30
2026-02-23 16:19:01,203 - INFO - Run: nice-lobster-of-reading_nik
2026-02-23 16:19:01,203 - INFO - Config: config/training.toml
2026-02-23 16:19:01,203 - INFO - Output: /scratch/rnga/vvpshenov/DCE_NIK/runs/20260223_161901_nice-lobster-of-reading_nik
2026-02-23 16:19:01,203 - INFO -   experiment: {'name': 'NIK DCE-MRI k-space fitting', 'description': 'SIREN implicit neural representation for radial k-space'}
2026-02-23 16:19:01,203 - INFO -   data: {'file': '/scratch/rnga/vvpshenov/XCAT-ERIC/results/simulation_results_20260115T150400.mat', 't_frame': 0, 'coil_idx': 0, 'z_slice_idx': -1, 'val_frac': 0.1}
2026-02-23 16:19:01,203 - INFO -   model: {'hidden': 128, 'depth': 4, 'w0': 15}
2026-02-23 16:19:01,203 - INFO -   training: {'steps': 3000, 'batch_size': 4096, 'optimizer': 'Adam', 'lr': 0.0002, 'grad_clip': 1.0, 'eval_every': 50, 'seed': 0, 'plot': {'plot_every': 500, 'log_scale': True}}
2026-02-23 16:19:01,203 - INFO -   output: {'base_path': '/scratch/rnga/vvpshenov/DCE_NIK/runs'}
2026-02-23 16:19:01,203 - INFO -   logging: {'level': 'INFO', 'console_every': 100}
2026-02-23 16:19:01,204 - INFO -   wandb: {'watch_interval': 0}
2026-02-23 16:19:01,204 - INFO -   sweep: {'entity': 'spshenov-university-of-amsterdam', 'project': 'NIK-DCE-MRI', 'method': 'bayes', 'metric': {'name': 'best_val_loss', 'goal': 'minimize'}, 'parameters': {'hidden': {'values': [64, 128, 256]}, 'depth': {'values': [3, 4, 5, 7]}, 'w0': {'values': [10, 15, 30]}, 'optimizer': {'values': ['Adam', 'AdamW', 'SGD']}, 'lr': {'distribution': 'log_uniform_values', 'min': 1e-05, 'max': 0.01}, 'batch_size': {'values': [2048, 4096, 8192, 16384]}, 'steps': {'values': [2000, 3000, 5000, 8000]}}}
wandb: [wandb.login()] Loaded credentials for https://api.wandb.ai from /home/rnga/vvpshenov/.netrc.
wandb: setting up run yii02abr
wandb: Tracking run with wandb version 0.25.0
wandb: Run data is saved locally in /scratch/rnga/vvpshenov/DCE_NIK/runs/20260223_161901_nice-lobster-of-reading_nik/wandb/run-20260223_161901-yii02abr
wandb: Run `wandb offline` to turn off syncing.
wandb: Syncing run nice-lobster-of-reading_nik
wandb: ⭐️ View project at https://wandb.ai/spshenov-university-of-amsterdam/NIK-DCE-MRI
wandb: 🧹 View sweep at https://wandb.ai/spshenov-university-of-amsterdam/NIK-DCE-MRI/sweeps/73254n6n
wandb: 🚀 View run at https://wandb.ai/spshenov-university-of-amsterdam/NIK-DCE-MRI/runs/yii02abr
2026-02-23 16:19:02,602 - INFO - Model: hidden=64, depth=5, w0=30.0, params=12802
2026-02-23 16:19:02,603 - INFO - Training for 3000 steps, optimizer=SGD, lr=0.0007648627723424762
2026-02-23 16:19:07,945 - INFO - step    100  train 4.405e-02  val 5.134e-02
2026-02-23 16:19:08,192 - INFO - step    200  train 2.407e-02  val 2.140e-02
2026-02-23 16:19:08,446 - INFO - step    300  train 1.160e-02  val 1.014e-02
2026-02-23 16:19:08,715 - INFO - step    400  train 6.607e-03  val 5.602e-03
2026-02-23 16:19:13,776 - INFO - step    500  train 3.869e-03  val 3.700e-03
2026-02-23 16:19:14,073 - INFO - step    600  train 3.106e-03  val 2.862e-03
2026-02-23 16:19:14,371 - INFO - step    700  train 2.588e-03  val 2.413e-03
2026-02-23 16:19:14,669 - INFO - step    800  train 2.280e-03  val 2.090e-03
2026-02-23 16:19:14,936 - INFO - step    900  train 1.950e-03  val 1.844e-03
2026-02-23 16:19:19,889 - INFO - step   1000  train 2.170e-03  val 2.130e-03
2026-02-23 16:19:20,147 - INFO - step   1100  train 1.911e-03  val 2.094e-03
2026-02-23 16:19:20,394 - INFO - step   1200  train 1.809e-03  val 2.059e-03
2026-02-23 16:19:20,639 - INFO - step   1300  train 1.880e-03  val 1.858e-03
2026-02-23 16:19:20,889 - INFO - step   1400  train 1.695e-03  val 1.842e-03
2026-02-23 16:19:26,056 - INFO - step   1500  train 1.678e-03  val 1.711e-03
2026-02-23 16:19:26,344 - INFO - step   1600  train 1.680e-03  val 1.652e-03
2026-02-23 16:19:26,637 - INFO - step   1700  train 1.478e-03  val 1.650e-03
2026-02-23 16:19:26,890 - INFO - step   1800  train 1.490e-03  val 1.528e-03
2026-02-23 16:19:27,168 - INFO - step   1900  train 1.423e-03  val 1.495e-03
2026-02-23 16:19:32,380 - INFO - step   2000  train 1.392e-03  val 1.419e-03
2026-02-23 16:19:32,650 - INFO - step   2100  train 1.308e-03  val 1.368e-03
2026-02-23 16:19:32,921 - INFO - step   2200  train 1.261e-03  val 1.313e-03
2026-02-23 16:19:33,173 - INFO - step   2300  train 1.271e-03  val 1.259e-03
2026-02-23 16:19:33,417 - INFO - step   2400  train 1.238e-03  val 1.193e-03
2026-02-23 16:19:38,961 - INFO - step   2500  train 9.197e-04  val 9.147e-04
2026-02-23 16:19:39,329 - INFO - step   2600  train 9.014e-04  val 8.725e-04
2026-02-23 16:19:39,597 - INFO - step   2700  train 8.635e-04  val 8.338e-04
2026-02-23 16:19:39,859 - INFO - step   2800  train 8.236e-04  val 8.113e-04
2026-02-23 16:19:40,133 - INFO - step   2900  train 8.113e-04  val 7.920e-04
2026-02-23 16:19:44,983 - INFO - step   3000  train 7.456e-04  val 7.552e-04
2026-02-23 16:19:45,590 - INFO - Done. best_val_loss=7.552e-04
wandb: uploading artifact model; updating run metadata
wandb: uploading artifact model
wandb: uploading media/images/plots/ring_ro176_Re_3000_ca315a72e88b61cc53ca.png; uploading media/images/plots/error_map_val_3000_4648ce7c993fa9b1e329.png; uploading config.yaml; uploading media/images/plots/ring_ro55_Re_3000_a76c4a4ffe0e43334077.png; uploading media/images/plots/ring_ro55_Im_3000_1dc7eb53864c9593fc8c.png (+ 13 more)
wandb: uploading media/images/plots/error_map_train_3000_4c419865631b8f1049b7.png
wandb: 
wandb: Run history:
wandb: train/train_loss █▅▄▃▂▂▁▁▁▁▁▁▁▁▁▁▁▁▁▁▁▁▁▁▁▁▁▁▁▁▁▁▁▁▁▁▁▁▁▁
wandb:   train/val_loss █▅▄▃▂▂▂▁▁▁▁▁▁▁▁▁▁▁▁▁▁▁▁▁▁▁▁▁▁▁▁▁▁▁▁▁▁▁▁▁
wandb: 
wandb: Run summary:
wandb:    best_val_loss 0.00076
wandb: final_train_loss 0.00075
wandb:      total_steps 3000
wandb: train/train_loss 0.00075
wandb:   train/val_loss 0.00076
wandb: 
wandb: 🚀 View run nice-lobster-of-reading_nik at: https://wandb.ai/spshenov-university-of-amsterdam/NIK-DCE-MRI/runs/yii02abr
wandb: ⭐️ View project at: https://wandb.ai/spshenov-university-of-amsterdam/NIK-DCE-MRI
wandb: Synced 5 W&B file(s), 93 media file(s), 2 artifact file(s) and 0 other file(s)
wandb: Find logs at: ./runs/20260223_161901_nice-lobster-of-reading_nik/wandb/run-20260223_161901-yii02abr/logs
wandb: Agent Starting Run: djkp3otj with config:
wandb: 	batch_size: 16384
wandb: 	depth: 5
wandb: 	hidden: 128
wandb: 	lr: 0.003878328740744204
wandb: 	optimizer: SGD
wandb: 	steps: 3000
wandb: 	w0: 30
2026-02-23 16:19:53,611 - INFO - Run: nice-lobster-of-reading_nik
2026-02-23 16:19:53,611 - INFO - Config: config/training.toml
2026-02-23 16:19:53,611 - INFO - Output: /scratch/rnga/vvpshenov/DCE_NIK/runs/20260223_161953_nice-lobster-of-reading_nik
2026-02-23 16:19:53,611 - INFO -   experiment: {'name': 'NIK DCE-MRI k-space fitting', 'description': 'SIREN implicit neural representation for radial k-space'}
2026-02-23 16:19:53,611 - INFO -   data: {'file': '/scratch/rnga/vvpshenov/XCAT-ERIC/results/simulation_results_20260115T150400.mat', 't_frame': 0, 'coil_idx': 0, 'z_slice_idx': -1, 'val_frac': 0.1}
2026-02-23 16:19:53,611 - INFO -   model: {'hidden': 128, 'depth': 4, 'w0': 15}
2026-02-23 16:19:53,611 - INFO -   training: {'steps': 3000, 'batch_size': 4096, 'optimizer': 'Adam', 'lr': 0.0002, 'grad_clip': 1.0, 'eval_every': 50, 'seed': 0, 'plot': {'plot_every': 500, 'log_scale': True}}
2026-02-23 16:19:53,612 - INFO -   output: {'base_path': '/scratch/rnga/vvpshenov/DCE_NIK/runs'}
2026-02-23 16:19:53,612 - INFO -   logging: {'level': 'INFO', 'console_every': 100}
2026-02-23 16:19:53,612 - INFO -   wandb: {'watch_interval': 0}
2026-02-23 16:19:53,612 - INFO -   sweep: {'entity': 'spshenov-university-of-amsterdam', 'project': 'NIK-DCE-MRI', 'method': 'bayes', 'metric': {'name': 'best_val_loss', 'goal': 'minimize'}, 'parameters': {'hidden': {'values': [64, 128, 256]}, 'depth': {'values': [3, 4, 5, 7]}, 'w0': {'values': [10, 15, 30]}, 'optimizer': {'values': ['Adam', 'AdamW', 'SGD']}, 'lr': {'distribution': 'log_uniform_values', 'min': 1e-05, 'max': 0.01}, 'batch_size': {'values': [2048, 4096, 8192, 16384]}, 'steps': {'values': [2000, 3000, 5000, 8000]}}}
wandb: [wandb.login()] Loaded credentials for https://api.wandb.ai from /home/rnga/vvpshenov/.netrc.
wandb: Tracking run with wandb version 0.25.0
wandb: Run data is saved locally in /scratch/rnga/vvpshenov/DCE_NIK/runs/20260223_161953_nice-lobster-of-reading_nik/wandb/run-20260223_161953-djkp3otj
wandb: Run `wandb offline` to turn off syncing.
wandb: Syncing run nice-lobster-of-reading_nik
wandb: ⭐️ View project at https://wandb.ai/spshenov-university-of-amsterdam/NIK-DCE-MRI
wandb: 🧹 View sweep at https://wandb.ai/spshenov-university-of-amsterdam/NIK-DCE-MRI/sweeps/73254n6n
wandb: 🚀 View run at https://wandb.ai/spshenov-university-of-amsterdam/NIK-DCE-MRI/runs/djkp3otj
2026-02-23 16:19:55,613 - INFO - Model: hidden=128, depth=5, w0=30.0, params=50178
2026-02-23 16:19:55,615 - INFO - Training for 3000 steps, optimizer=SGD, lr=0.003878328740744204
2026-02-23 16:20:01,648 - INFO - step    100  train 2.582e-03  val 3.139e-03
2026-02-23 16:20:02,042 - INFO - step    200  train 1.373e-03  val 1.675e-03
2026-02-23 16:20:02,438 - INFO - step    300  train 5.326e-04  val 5.056e-04
2026-02-23 16:20:02,813 - INFO - step    400  train 3.340e-04  val 3.442e-04
2026-02-23 16:20:09,382 - INFO - step    500  train 2.464e-04  val 2.775e-04
2026-02-23 16:20:09,786 - INFO - step    600  train 2.190e-04  val 2.391e-04
2026-02-23 16:20:10,179 - INFO - step    700  train 1.681e-04  val 1.898e-04
2026-02-23 16:20:10,562 - INFO - step    800  train 1.502e-04  val 1.678e-04
2026-02-23 16:20:10,941 - INFO - step    900  train 1.402e-04  val 1.483e-04
2026-02-23 16:20:17,064 - INFO - step   1000  train 1.121e-04  val 1.308e-04
2026-02-23 16:20:17,473 - INFO - step   1100  train 1.043e-04  val 1.195e-04
2026-02-23 16:20:17,866 - INFO - step   1200  train 1.003e-04  val 1.135e-04
2026-02-23 16:20:18,268 - INFO - step   1300  train 8.172e-05  val 9.514e-05
2026-02-23 16:20:18,648 - INFO - step   1400  train 7.855e-05  val 9.030e-05
2026-02-23 16:20:24,920 - INFO - step   1500  train 6.856e-05  val 8.276e-05
2026-02-23 16:20:25,332 - INFO - step   1600  train 6.444e-05  val 7.583e-05
2026-02-23 16:20:25,705 - INFO - step   1700  train 5.927e-05  val 7.065e-05
2026-02-23 16:20:26,060 - INFO - step   1800  train 5.541e-05  val 6.594e-05
2026-02-23 16:20:26,415 - INFO - step   1900  train 5.152e-05  val 6.211e-05
2026-02-23 16:20:32,404 - INFO - step   2000  train 4.731e-05  val 5.901e-05
2026-02-23 16:20:32,782 - INFO - step   2100  train 4.422e-05  val 5.415e-05
2026-02-23 16:20:33,139 - INFO - step   2200  train 4.265e-05  val 5.140e-05
2026-02-23 16:20:33,502 - INFO - step   2300  train 3.800e-05  val 4.853e-05
2026-02-23 16:20:33,852 - INFO - step   2400  train 3.889e-05  val 4.906e-05
2026-02-23 16:20:40,069 - INFO - step   2500  train 3.472e-05  val 4.215e-05
2026-02-23 16:20:40,481 - INFO - step   2600  train 3.200e-05  val 4.070e-05
2026-02-23 16:20:40,875 - INFO - step   2700  train 3.063e-05  val 3.825e-05
2026-02-23 16:20:41,238 - INFO - step   2800  train 2.950e-05  val 3.632e-05
2026-02-23 16:20:41,607 - INFO - step   2900  train 2.713e-05  val 3.437e-05
2026-02-23 16:20:47,132 - INFO - step   3000  train 2.448e-05  val 3.356e-05
2026-02-23 16:20:47,788 - INFO - Done. best_val_loss=3.356e-05
wandb: uploading artifact model; updating run metadata
wandb: uploading artifact model
wandb: uploading media/images/plots/ring_ro55_Im_3000_027ccc298036dd066ede.png; uploading media/images/plots/ring_ro110_Re_3000_5119d7d9ca78adb7055a.png; uploading media/images/plots/error_map_val_3000_5f44609812cd78ed86ba.png; uploading media/images/recon/measured_3000_73d832d6fcb2a8ad938e.png; uploading config.yaml (+ 13 more)
wandb: uploading history steps 2630-2999, summary, console lines 28-32
wandb: 
wandb: Run history:
wandb: train/train_loss █▇▃▂▂▁▁▁▁▁▁▁▁▁▁▁▁▁▁▁▁▁▁▁▁▁▁▁▁▁▁▁▁▁▁▁▁▁▁▁
wandb:   train/val_loss █▄▃▂▁▁▁▁▁▁▁▁▁▁▁▁▁▁▁▁▁▁▁▁▁▁▁▁▁▁▁▁▁▁▁▁▁▁▁▁
wandb: 
wandb: Run summary:
wandb:    best_val_loss 3e-05
wandb: final_train_loss 2e-05
wandb:      total_steps 3000
wandb: train/train_loss 2e-05
wandb:   train/val_loss 3e-05
wandb: 
wandb: 🚀 View run nice-lobster-of-reading_nik at: https://wandb.ai/spshenov-university-of-amsterdam/NIK-DCE-MRI/runs/djkp3otj
wandb: ⭐️ View project at: https://wandb.ai/spshenov-university-of-amsterdam/NIK-DCE-MRI
wandb: Synced 5 W&B file(s), 93 media file(s), 2 artifact file(s) and 0 other file(s)
wandb: Find logs at: ./runs/20260223_161953_nice-lobster-of-reading_nik/wandb/run-20260223_161953-djkp3otj/logs
wandb: Sweep Agent: Waiting for job.
wandb: Job received.
wandb: Agent Starting Run: o1apm4jf with config:
wandb: 	batch_size: 16384
wandb: 	depth: 3
wandb: 	hidden: 64
wandb: 	lr: 0.006339157757209609
wandb: 	optimizer: SGD
wandb: 	steps: 3000
wandb: 	w0: 30
2026-02-23 16:21:01,493 - INFO - Run: nice-lobster-of-reading_nik
2026-02-23 16:21:01,493 - INFO - Config: config/training.toml
2026-02-23 16:21:01,493 - INFO - Output: /scratch/rnga/vvpshenov/DCE_NIK/runs/20260223_162101_nice-lobster-of-reading_nik
2026-02-23 16:21:01,493 - INFO -   experiment: {'name': 'NIK DCE-MRI k-space fitting', 'description': 'SIREN implicit neural representation for radial k-space'}
2026-02-23 16:21:01,493 - INFO -   data: {'file': '/scratch/rnga/vvpshenov/XCAT-ERIC/results/simulation_results_20260115T150400.mat', 't_frame': 0, 'coil_idx': 0, 'z_slice_idx': -1, 'val_frac': 0.1}
2026-02-23 16:21:01,493 - INFO -   model: {'hidden': 128, 'depth': 4, 'w0': 15}
2026-02-23 16:21:01,493 - INFO -   training: {'steps': 3000, 'batch_size': 4096, 'optimizer': 'Adam', 'lr': 0.0002, 'grad_clip': 1.0, 'eval_every': 50, 'seed': 0, 'plot': {'plot_every': 500, 'log_scale': True}}
2026-02-23 16:21:01,493 - INFO -   output: {'base_path': '/scratch/rnga/vvpshenov/DCE_NIK/runs'}
2026-02-23 16:21:01,493 - INFO -   logging: {'level': 'INFO', 'console_every': 100}
2026-02-23 16:21:01,493 - INFO -   wandb: {'watch_interval': 0}
2026-02-23 16:21:01,493 - INFO -   sweep: {'entity': 'spshenov-university-of-amsterdam', 'project': 'NIK-DCE-MRI', 'method': 'bayes', 'metric': {'name': 'best_val_loss', 'goal': 'minimize'}, 'parameters': {'hidden': {'values': [64, 128, 256]}, 'depth': {'values': [3, 4, 5, 7]}, 'w0': {'values': [10, 15, 30]}, 'optimizer': {'values': ['Adam', 'AdamW', 'SGD']}, 'lr': {'distribution': 'log_uniform_values', 'min': 1e-05, 'max': 0.01}, 'batch_size': {'values': [2048, 4096, 8192, 16384]}, 'steps': {'values': [2000, 3000, 5000, 8000]}}}
wandb: [wandb.login()] Loaded credentials for https://api.wandb.ai from /home/rnga/vvpshenov/.netrc.
wandb: setting up run o1apm4jf
wandb: Tracking run with wandb version 0.25.0
wandb: Run data is saved locally in /scratch/rnga/vvpshenov/DCE_NIK/runs/20260223_162101_nice-lobster-of-reading_nik/wandb/run-20260223_162101-o1apm4jf
wandb: Run `wandb offline` to turn off syncing.
wandb: Syncing run nice-lobster-of-reading_nik
wandb: ⭐️ View project at https://wandb.ai/spshenov-university-of-amsterdam/NIK-DCE-MRI
wandb: 🧹 View sweep at https://wandb.ai/spshenov-university-of-amsterdam/NIK-DCE-MRI/sweeps/73254n6n
wandb: 🚀 View run at https://wandb.ai/spshenov-university-of-amsterdam/NIK-DCE-MRI/runs/o1apm4jf
2026-02-23 16:21:02,787 - INFO - Model: hidden=64, depth=3, w0=30.0, params=4482
2026-02-23 16:21:02,788 - INFO - Training for 3000 steps, optimizer=SGD, lr=0.006339157757209609
2026-02-23 16:21:08,753 - INFO - step    100  train 5.323e-02  val 5.955e-02
2026-02-23 16:21:08,927 - INFO - step    200  train 4.152e-02  val 3.899e-02
2026-02-23 16:21:09,110 - INFO - step    300  train 2.479e-02  val 2.438e-02
2026-02-23 16:21:09,279 - INFO - step    400  train 1.715e-02  val 2.319e-02
2026-02-23 16:21:14,856 - INFO - step    500  train 1.632e-02  val 2.103e-02
2026-02-23 16:21:15,030 - INFO - step    600  train 1.320e-02  val 2.591e-02
2026-02-23 16:21:15,229 - INFO - step    700  train 1.935e-02  val 1.461e-02
2026-02-23 16:21:15,415 - INFO - step    800  train 1.610e-02  val 1.801e-02
2026-02-23 16:21:15,593 - INFO - step    900  train 1.521e-02  val 1.648e-02
2026-02-23 16:21:21,324 - INFO - step   1000  train 1.937e-02  val 1.298e-02
2026-02-23 16:21:21,588 - INFO - step   1100  train 9.812e-03  val 2.466e-02
2026-02-23 16:21:21,778 - INFO - step   1200  train 1.589e-02  val 1.527e-02
2026-02-23 16:21:21,966 - INFO - step   1300  train 1.627e-02  val 1.296e-02
2026-02-23 16:21:22,146 - INFO - step   1400  train 1.351e-02  val 1.534e-02
2026-02-23 16:21:27,890 - INFO - step   1500  train 1.221e-02  val 1.756e-02
2026-02-23 16:21:28,088 - INFO - step   1600  train 1.521e-02  val 1.544e-02
2026-02-23 16:21:28,292 - INFO - step   1700  train 1.272e-02  val 1.441e-02
2026-02-23 16:21:28,475 - INFO - step   1800  train 1.392e-02  val 1.416e-02
2026-02-23 16:21:28,672 - INFO - step   1900  train 1.144e-02  val 1.207e-02
2026-02-23 16:21:34,312 - INFO - step   2000  train 1.136e-02  val 1.473e-02
2026-02-23 16:21:34,491 - INFO - step   2100  train 1.749e-02  val 1.002e-02
2026-02-23 16:21:34,665 - INFO - step   2200  train 9.361e-03  val 1.800e-02
2026-02-23 16:21:34,842 - INFO - step   2300  train 9.979e-03  val 1.655e-02
2026-02-23 16:21:35,029 - INFO - step   2400  train 1.222e-02  val 1.386e-02
2026-02-23 16:21:41,314 - INFO - step   2500  train 8.042e-03  val 1.865e-02
2026-02-23 16:21:41,944 - INFO - step   2600  train 1.436e-02  val 1.188e-02
2026-02-23 16:21:42,168 - INFO - step   2700  train 9.235e-03  val 1.788e-02
2026-02-23 16:21:42,389 - INFO - step   2800  train 8.468e-03  val 8.335e-03
2026-02-23 16:21:42,581 - INFO - step   2900  train 1.395e-02  val 9.645e-03
2026-02-23 16:21:49,404 - INFO - step   3000  train 1.116e-02  val 1.439e-02
2026-02-23 16:21:50,046 - INFO - Done. best_val_loss=8.096e-03
wandb: uploading artifact model; updating run metadata
wandb: uploading artifact model
wandb: uploading media/images/plots/ring_ro55_Mag_3000_4340edc7cb11e63682cc.png; uploading media/images/plots/error_map_train_3000_1a6541b38575e625fcc2.png; uploading media/images/plots/error_map_val_3000_63162a18f4520d0061c4.png; uploading output.log; uploading media/images/plots/spoke_train_3000_f8a6fcd256fa79a2a1be.png (+ 13 more)
wandb: uploading media/images/plots/error_map_train_3000_1a6541b38575e625fcc2.png
wandb: uploading history steps 2999-2999, summary, console lines 31-32
wandb: 
wandb: Run history:
wandb: train/train_loss █▂▂▂▁▁▁▁▁▁▁▂▁▁▁▁▁▁▁▁▁▁▁▁▁▁▁▁▁▁▁▁▁▁▁▂▁▁▁▁
wandb:   train/val_loss █▄▄▂▂▂▂▂▂▂▂▂▂▁▂▂▂▁▂▁▂▁▂▁▁▁▂▁▂▂▂▂▁▂▂▂▁▁▂▂
wandb: 
wandb: Run summary:
wandb:    best_val_loss 0.0081
wandb: final_train_loss 0.01116
wandb:      total_steps 3000
wandb: train/train_loss 0.01116
wandb:   train/val_loss 0.01439
wandb: 
wandb: 🚀 View run nice-lobster-of-reading_nik at: https://wandb.ai/spshenov-university-of-amsterdam/NIK-DCE-MRI/runs/o1apm4jf
wandb: ⭐️ View project at: https://wandb.ai/spshenov-university-of-amsterdam/NIK-DCE-MRI
wandb: Synced 5 W&B file(s), 93 media file(s), 2 artifact file(s) and 0 other file(s)
wandb: Find logs at: ./runs/20260223_162101_nice-lobster-of-reading_nik/wandb/run-20260223_162101-o1apm4jf/logs
wandb: Agent Starting Run: jpw28mf8 with config:
wandb: 	batch_size: 8192
wandb: 	depth: 3
wandb: 	hidden: 64
wandb: 	lr: 4.601670475895297e-05
wandb: 	optimizer: SGD
wandb: 	steps: 8000
wandb: 	w0: 30
2026-02-23 16:21:55,450 - INFO - Run: nice-lobster-of-reading_nik
2026-02-23 16:21:55,450 - INFO - Config: config/training.toml
2026-02-23 16:21:55,450 - INFO - Output: /scratch/rnga/vvpshenov/DCE_NIK/runs/20260223_162155_nice-lobster-of-reading_nik
2026-02-23 16:21:55,451 - INFO -   experiment: {'name': 'NIK DCE-MRI k-space fitting', 'description': 'SIREN implicit neural representation for radial k-space'}
2026-02-23 16:21:55,451 - INFO -   data: {'file': '/scratch/rnga/vvpshenov/XCAT-ERIC/results/simulation_results_20260115T150400.mat', 't_frame': 0, 'coil_idx': 0, 'z_slice_idx': -1, 'val_frac': 0.1}
2026-02-23 16:21:55,451 - INFO -   model: {'hidden': 128, 'depth': 4, 'w0': 15}
2026-02-23 16:21:55,451 - INFO -   training: {'steps': 3000, 'batch_size': 4096, 'optimizer': 'Adam', 'lr': 0.0002, 'grad_clip': 1.0, 'eval_every': 50, 'seed': 0, 'plot': {'plot_every': 500, 'log_scale': True}}
2026-02-23 16:21:55,451 - INFO -   output: {'base_path': '/scratch/rnga/vvpshenov/DCE_NIK/runs'}
2026-02-23 16:21:55,451 - INFO -   logging: {'level': 'INFO', 'console_every': 100}
2026-02-23 16:21:55,451 - INFO -   wandb: {'watch_interval': 0}
2026-02-23 16:21:55,451 - INFO -   sweep: {'entity': 'spshenov-university-of-amsterdam', 'project': 'NIK-DCE-MRI', 'method': 'bayes', 'metric': {'name': 'best_val_loss', 'goal': 'minimize'}, 'parameters': {'hidden': {'values': [64, 128, 256]}, 'depth': {'values': [3, 4, 5, 7]}, 'w0': {'values': [10, 15, 30]}, 'optimizer': {'values': ['Adam', 'AdamW', 'SGD']}, 'lr': {'distribution': 'log_uniform_values', 'min': 1e-05, 'max': 0.01}, 'batch_size': {'values': [2048, 4096, 8192, 16384]}, 'steps': {'values': [2000, 3000, 5000, 8000]}}}
wandb: [wandb.login()] Loaded credentials for https://api.wandb.ai from /home/rnga/vvpshenov/.netrc.
wandb: setting up run jpw28mf8
wandb: Tracking run with wandb version 0.25.0
wandb: Run data is saved locally in /scratch/rnga/vvpshenov/DCE_NIK/runs/20260223_162155_nice-lobster-of-reading_nik/wandb/run-20260223_162155-jpw28mf8
wandb: Run `wandb offline` to turn off syncing.
wandb: Syncing run nice-lobster-of-reading_nik
wandb: ⭐️ View project at https://wandb.ai/spshenov-university-of-amsterdam/NIK-DCE-MRI
wandb: 🧹 View sweep at https://wandb.ai/spshenov-university-of-amsterdam/NIK-DCE-MRI/sweeps/73254n6n
wandb: 🚀 View run at https://wandb.ai/spshenov-university-of-amsterdam/NIK-DCE-MRI/runs/jpw28mf8
2026-02-23 16:21:56,808 - INFO - Model: hidden=64, depth=3, w0=30.0, params=4482
2026-02-23 16:21:56,809 - INFO - Training for 8000 steps, optimizer=SGD, lr=4.601670475895297e-05
2026-02-23 16:22:02,430 - INFO - step    100  train 1.990e-01  val 2.550e-01
2026-02-23 16:22:02,615 - INFO - step    200  train 2.153e-01  val 1.974e-01
2026-02-23 16:22:02,832 - INFO - step    300  train 1.623e-01  val 1.659e-01
2026-02-23 16:22:03,036 - INFO - step    400  train 1.658e-01  val 1.525e-01
2026-02-23 16:22:08,746 - INFO - step    500  train 1.366e-01  val 1.425e-01
2026-02-23 16:22:08,931 - INFO - step    600  train 1.513e-01  val 1.347e-01
2026-02-23 16:22:09,113 - INFO - step    700  train 1.322e-01  val 1.282e-01
2026-02-23 16:22:09,302 - INFO - step    800  train 1.370e-01  val 1.227e-01
2026-02-23 16:22:09,482 - INFO - step    900  train 1.213e-01  val 1.179e-01
2026-02-23 16:22:14,432 - INFO - step   1000  train 1.121e-01  val 1.137e-01
2026-02-23 16:22:14,641 - INFO - step   1100  train 1.110e-01  val 1.096e-01
2026-02-23 16:22:14,831 - INFO - step   1200  train 1.105e-01  val 1.062e-01
2026-02-23 16:22:15,012 - INFO - step   1300  train 1.103e-01  val 1.029e-01
2026-02-23 16:22:15,187 - INFO - step   1400  train 9.825e-02  val 9.985e-02
2026-02-23 16:22:20,420 - INFO - step   1500  train 9.874e-02  val 9.701e-02
2026-02-23 16:22:20,589 - INFO - step   1600  train 1.155e-01  val 9.452e-02
2026-02-23 16:22:20,754 - INFO - step   1700  train 9.354e-02  val 9.173e-02
2026-02-23 16:22:20,921 - INFO - step   1800  train 1.033e-01  val 8.920e-02
2026-02-23 16:22:21,087 - INFO - step   1900  train 8.139e-02  val 8.681e-02
2026-02-23 16:22:26,423 - INFO - step   2000  train 8.442e-02  val 8.446e-02
2026-02-23 16:22:26,592 - INFO - step   2100  train 8.822e-02  val 8.226e-02
2026-02-23 16:22:26,767 - INFO - step   2200  train 8.050e-02  val 8.019e-02
2026-02-23 16:22:26,934 - INFO - step   2300  train 9.641e-02  val 7.801e-02
2026-02-23 16:22:27,099 - INFO - step   2400  train 8.333e-02  val 7.600e-02
2026-02-23 16:22:32,338 - INFO - step   2500  train 7.274e-02  val 7.396e-02
2026-02-23 16:22:32,495 - INFO - step   2600  train 8.711e-02  val 7.213e-02
2026-02-23 16:22:32,651 - INFO - step   2700  train 7.729e-02  val 7.015e-02
2026-02-23 16:22:32,809 - INFO - step   2800  train 6.752e-02  val 6.837e-02
2026-02-23 16:22:32,968 - INFO - step   2900  train 8.121e-02  val 6.658e-02
2026-02-23 16:22:37,747 - INFO - step   3000  train 6.402e-02  val 6.495e-02
2026-02-23 16:22:37,912 - INFO - step   3100  train 6.897e-02  val 6.328e-02
2026-02-23 16:22:38,081 - INFO - step   3200  train 6.076e-02  val 6.169e-02
2026-02-23 16:22:38,242 - INFO - step   3300  train 6.453e-02  val 6.013e-02
2026-02-23 16:22:38,405 - INFO - step   3400  train 6.202e-02  val 5.870e-02
2026-02-23 16:22:43,329 - INFO - step   3500  train 6.662e-02  val 5.718e-02
2026-02-23 16:22:43,502 - INFO - step   3600  train 5.871e-02  val 5.577e-02
2026-02-23 16:22:43,665 - INFO - step   3700  train 5.245e-02  val 5.443e-02
2026-02-23 16:22:43,829 - INFO - step   3800  train 6.099e-02  val 5.308e-02
2026-02-23 16:22:43,998 - INFO - step   3900  train 5.549e-02  val 5.184e-02
2026-02-23 16:22:49,167 - INFO - step   4000  train 4.746e-02  val 5.058e-02
2026-02-23 16:22:49,336 - INFO - step   4100  train 5.615e-02  val 4.942e-02
2026-02-23 16:22:49,507 - INFO - step   4200  train 5.817e-02  val 4.825e-02
2026-02-23 16:22:49,671 - INFO - step   4300  train 4.974e-02  val 4.704e-02
2026-02-23 16:22:49,835 - INFO - step   4400  train 5.354e-02  val 4.597e-02
2026-02-23 16:22:54,905 - INFO - step   4500  train 4.416e-02  val 4.493e-02
2026-02-23 16:22:55,071 - INFO - step   4600  train 4.580e-02  val 4.383e-02
2026-02-23 16:22:55,236 - INFO - step   4700  train 4.952e-02  val 4.289e-02
2026-02-23 16:22:55,397 - INFO - step   4800  train 4.804e-02  val 4.196e-02
2026-02-23 16:22:55,567 - INFO - step   4900  train 4.451e-02  val 4.109e-02
2026-02-23 16:23:00,814 - INFO - step   5000  train 4.221e-02  val 4.009e-02
2026-02-23 16:23:00,984 - INFO - step   5100  train 4.083e-02  val 3.926e-02
2026-02-23 16:23:01,151 - INFO - step   5200  train 4.136e-02  val 3.839e-02
2026-02-23 16:23:01,313 - INFO - step   5300  train 4.140e-02  val 3.760e-02
2026-02-23 16:23:01,475 - INFO - step   5400  train 4.025e-02  val 3.681e-02
2026-02-23 16:23:06,687 - INFO - step   5500  train 3.708e-02  val 3.613e-02
2026-02-23 16:23:06,861 - INFO - step   5600  train 3.821e-02  val 3.534e-02
2026-02-23 16:23:07,104 - INFO - step   5700  train 3.665e-02  val 3.462e-02
2026-02-23 16:23:07,435 - INFO - step   5800  train 4.019e-02  val 3.392e-02
2026-02-23 16:23:07,752 - INFO - step   5900  train 3.490e-02  val 3.321e-02
2026-02-23 16:23:13,709 - INFO - step   6000  train 3.351e-02  val 3.261e-02
2026-02-23 16:23:13,981 - INFO - step   6100  train 3.343e-02  val 3.195e-02
2026-02-23 16:23:14,257 - INFO - step   6200  train 3.182e-02  val 3.131e-02
2026-02-23 16:23:14,533 - INFO - step   6300  train 3.363e-02  val 3.071e-02
2026-02-23 16:23:14,809 - INFO - step   6400  train 3.495e-02  val 3.019e-02
2026-02-23 16:23:21,097 - INFO - step   6500  train 3.043e-02  val 2.959e-02
2026-02-23 16:23:21,374 - INFO - step   6600  train 2.913e-02  val 2.909e-02
2026-02-23 16:23:21,643 - INFO - step   6700  train 2.963e-02  val 2.855e-02
2026-02-23 16:23:21,915 - INFO - step   6800  train 2.938e-02  val 2.808e-02
2026-02-23 16:23:22,188 - INFO - step   6900  train 3.124e-02  val 2.757e-02
2026-02-23 16:23:28,378 - INFO - step   7000  train 2.963e-02  val 2.713e-02
2026-02-23 16:23:28,638 - INFO - step   7100  train 2.536e-02  val 2.663e-02
2026-02-23 16:23:28,900 - INFO - step   7200  train 2.746e-02  val 2.620e-02
2026-02-23 16:23:29,166 - INFO - step   7300  train 2.899e-02  val 2.577e-02
2026-02-23 16:23:29,430 - INFO - step   7400  train 2.893e-02  val 2.533e-02
2026-02-23 16:23:35,413 - INFO - step   7500  train 2.517e-02  val 2.493e-02
2026-02-23 16:23:35,687 - INFO - step   7600  train 2.800e-02  val 2.452e-02
2026-02-23 16:23:35,964 - INFO - step   7700  train 2.549e-02  val 2.415e-02
2026-02-23 16:23:36,232 - INFO - step   7800  train 2.309e-02  val 2.383e-02
2026-02-23 16:23:36,499 - INFO - step   7900  train 2.556e-02  val 2.342e-02
2026-02-23 16:23:42,468 - INFO - step   8000  train 2.251e-02  val 2.310e-02
2026-02-23 16:23:43,078 - INFO - Done. best_val_loss=2.310e-02
wandb: uploading artifact model; updating run metadata
wandb: uploading artifact model
wandb: uploading media/images/plots/ring_ro55_Re_8000_ff2b5c3131d2f99d335d.png; uploading media/images/plots/ring_ro110_Re_8000_662cce6d954df30b5be0.png; uploading media/images/recon/measured_8000_73d832d6fcb2a8ad938e.png; uploading wandb-summary.json; uploading media/images/plots/error_map_train_8000_b416d055144e91d81aeb.png (+ 13 more)
wandb: uploading media/images/plots/error_map_train_8000_b416d055144e91d81aeb.png; uploading media/images/plots/spoke_train_8000_92cb9c9c83173dd04c0f.png
wandb: 
wandb: Run history:
wandb: train/train_loss █▇▆▆▇▅▅▅▅▅▄▄▃▃▄▃▃▃▃▃▃▂▂▂▂▂▂▂▂▂▂▂▂▂▂▁▁▁▁▁
wandb:   train/val_loss █▇▇▆▆▅▅▅▅▅▄▃▃▃▃▃▃▃▃▃▂▂▂▂▂▂▂▂▂▂▁▁▁▁▁▁▁▁▁▁
wandb: 
wandb: Run summary:
wandb:    best_val_loss 0.0231
wandb: final_train_loss 0.02251
wandb:      total_steps 8000
wandb: train/train_loss 0.02251
wandb:   train/val_loss 0.0231
wandb: 
wandb: 🚀 View run nice-lobster-of-reading_nik at: https://wandb.ai/spshenov-university-of-amsterdam/NIK-DCE-MRI/runs/jpw28mf8
wandb: ⭐️ View project at: https://wandb.ai/spshenov-university-of-amsterdam/NIK-DCE-MRI
wandb: Synced 5 W&B file(s), 223 media file(s), 2 artifact file(s) and 0 other file(s)
wandb: Find logs at: ./runs/20260223_162155_nice-lobster-of-reading_nik/wandb/run-20260223_162155-jpw28mf8/logs
wandb: Agent Starting Run: h1qooi87 with config:
wandb: 	batch_size: 16384
wandb: 	depth: 5
wandb: 	hidden: 128
wandb: 	lr: 0.0002031568834303315
wandb: 	optimizer: AdamW
wandb: 	steps: 2000
wandb: 	w0: 30
2026-02-23 16:23:50,327 - INFO - Run: nice-lobster-of-reading_nik
2026-02-23 16:23:50,327 - INFO - Config: config/training.toml
2026-02-23 16:23:50,327 - INFO - Output: /scratch/rnga/vvpshenov/DCE_NIK/runs/20260223_162350_nice-lobster-of-reading_nik
2026-02-23 16:23:50,328 - INFO -   experiment: {'name': 'NIK DCE-MRI k-space fitting', 'description': 'SIREN implicit neural representation for radial k-space'}
2026-02-23 16:23:50,328 - INFO -   data: {'file': '/scratch/rnga/vvpshenov/XCAT-ERIC/results/simulation_results_20260115T150400.mat', 't_frame': 0, 'coil_idx': 0, 'z_slice_idx': -1, 'val_frac': 0.1}
2026-02-23 16:23:50,328 - INFO -   model: {'hidden': 128, 'depth': 4, 'w0': 15}
2026-02-23 16:23:50,328 - INFO -   training: {'steps': 3000, 'batch_size': 4096, 'optimizer': 'Adam', 'lr': 0.0002, 'grad_clip': 1.0, 'eval_every': 50, 'seed': 0, 'plot': {'plot_every': 500, 'log_scale': True}}
2026-02-23 16:23:50,328 - INFO -   output: {'base_path': '/scratch/rnga/vvpshenov/DCE_NIK/runs'}
2026-02-23 16:23:50,328 - INFO -   logging: {'level': 'INFO', 'console_every': 100}
2026-02-23 16:23:50,328 - INFO -   wandb: {'watch_interval': 0}
2026-02-23 16:23:50,328 - INFO -   sweep: {'entity': 'spshenov-university-of-amsterdam', 'project': 'NIK-DCE-MRI', 'method': 'bayes', 'metric': {'name': 'best_val_loss', 'goal': 'minimize'}, 'parameters': {'hidden': {'values': [64, 128, 256]}, 'depth': {'values': [3, 4, 5, 7]}, 'w0': {'values': [10, 15, 30]}, 'optimizer': {'values': ['Adam', 'AdamW', 'SGD']}, 'lr': {'distribution': 'log_uniform_values', 'min': 1e-05, 'max': 0.01}, 'batch_size': {'values': [2048, 4096, 8192, 16384]}, 'steps': {'values': [2000, 3000, 5000, 8000]}}}
wandb: [wandb.login()] Loaded credentials for https://api.wandb.ai from /home/rnga/vvpshenov/.netrc.
wandb: setting up run h1qooi87
wandb: Tracking run with wandb version 0.25.0
wandb: Run data is saved locally in /scratch/rnga/vvpshenov/DCE_NIK/runs/20260223_162350_nice-lobster-of-reading_nik/wandb/run-20260223_162350-h1qooi87
wandb: Run `wandb offline` to turn off syncing.
wandb: Syncing run nice-lobster-of-reading_nik
wandb: ⭐️ View project at https://wandb.ai/spshenov-university-of-amsterdam/NIK-DCE-MRI
wandb: 🧹 View sweep at https://wandb.ai/spshenov-university-of-amsterdam/NIK-DCE-MRI/sweeps/73254n6n
wandb: 🚀 View run at https://wandb.ai/spshenov-university-of-amsterdam/NIK-DCE-MRI/runs/h1qooi87
2026-02-23 16:23:51,725 - INFO - Model: hidden=128, depth=5, w0=30.0, params=50178
2026-02-23 16:23:51,726 - INFO - Training for 2000 steps, optimizer=AdamW, lr=0.0002031568834303315
2026-02-23 16:23:57,521 - INFO - step    100  train 1.608e-03  val 1.569e-03
2026-02-23 16:23:57,828 - INFO - step    200  train 5.050e-04  val 4.600e-04
2026-02-23 16:23:58,135 - INFO - step    300  train 5.326e-04  val 6.162e-04
2026-02-23 16:23:58,450 - INFO - step    400  train 1.276e-04  val 1.197e-04
2026-02-23 16:24:03,875 - INFO - step    500  train 2.644e-04  val 2.323e-04
2026-02-23 16:24:04,200 - INFO - step    600  train 8.950e-05  val 8.547e-05
2026-02-23 16:24:04,499 - INFO - step    700  train 1.261e-04  val 1.456e-04
2026-02-23 16:24:04,794 - INFO - step    800  train 1.075e-04  val 1.022e-04
2026-02-23 16:24:05,090 - INFO - step    900  train 4.637e-05  val 5.284e-05
2026-02-23 16:24:10,499 - INFO - step   1000  train 8.356e-05  val 8.625e-05
2026-02-23 16:24:10,831 - INFO - step   1100  train 1.343e-04  val 9.957e-05
2026-02-23 16:24:11,129 - INFO - step   1200  train 4.497e-05  val 4.300e-05
2026-02-23 16:24:11,424 - INFO - step   1300  train 4.017e-05  val 4.217e-05
2026-02-23 16:24:11,719 - INFO - step   1400  train 3.880e-05  val 3.931e-05
2026-02-23 16:24:17,376 - INFO - step   1500  train 3.370e-05  val 4.202e-05
2026-02-23 16:24:17,695 - INFO - step   1600  train 9.954e-05  val 9.801e-05
2026-02-23 16:24:17,990 - INFO - step   1700  train 1.750e-04  val 2.209e-04
2026-02-23 16:24:18,292 - INFO - step   1800  train 5.875e-05  val 6.043e-05
2026-02-23 16:24:18,587 - INFO - step   1900  train 1.110e-04  val 1.100e-04
2026-02-23 16:24:24,955 - INFO - step   2000  train 8.118e-05  val 7.154e-05
2026-02-23 16:24:25,545 - INFO - Done. best_val_loss=2.329e-05
wandb: uploading artifact model; updating run metadata
wandb: uploading artifact model
wandb: uploading media/images/plots/ring_ro110_Re_2000_9122abb56a5f9406d875.png; uploading media/images/plots/ring_ro176_Mag_2000_b87a13b539704105309f.png; uploading media/images/recon/measured_2000_73d832d6fcb2a8ad938e.png; uploading media/images/plots/spoke_train_2000_fab0968f45e0bc258f90.png; uploading media/images/plots/ring_ro55_Re_2000_c984e40f8550b529851e.png (+ 11 more)
wandb: uploading media/images/plots/error_map_train_2000_741803853e45a8277064.png
wandb: 
wandb: Run history:
wandb: train/train_loss █▁▁▁▁▁▁▁▁▁▁▁▁▁▁▁▁▁▁▁▁▁▁▁▁▁▁▁▁▁▁▁▁▁▁▁▁▁▁▁
wandb:   train/val_loss █▂▂▁▁▂▁▁▁▁▂▁▁▁▁▁▁▁▁▁▁▁▁▁▁▁▁▁▁▁▁▁▁▁▁▁▁▁▁▁
wandb: 
wandb: Run summary:
wandb:    best_val_loss 2e-05
wandb: final_train_loss 8e-05
wandb:      total_steps 2000
wandb: train/train_loss 8e-05
wandb:   train/val_loss 7e-05
wandb: 
wandb: 🚀 View run nice-lobster-of-reading_nik at: https://wandb.ai/spshenov-university-of-amsterdam/NIK-DCE-MRI/runs/h1qooi87
wandb: ⭐️ View project at: https://wandb.ai/spshenov-university-of-amsterdam/NIK-DCE-MRI
wandb: Synced 5 W&B file(s), 67 media file(s), 2 artifact file(s) and 0 other file(s)
wandb: Find logs at: ./runs/20260223_162350_nice-lobster-of-reading_nik/wandb/run-20260223_162350-h1qooi87/logs
wandb: Agent Starting Run: md51punk with config:
wandb: 	batch_size: 16384
wandb: 	depth: 4
wandb: 	hidden: 256
wandb: 	lr: 0.0002451619447296135
wandb: 	optimizer: Adam
wandb: 	steps: 2000
wandb: 	w0: 30
2026-02-23 16:24:32,555 - INFO - Run: nice-lobster-of-reading_nik
2026-02-23 16:24:32,555 - INFO - Config: config/training.toml
2026-02-23 16:24:32,556 - INFO - Output: /scratch/rnga/vvpshenov/DCE_NIK/runs/20260223_162432_nice-lobster-of-reading_nik
2026-02-23 16:24:32,556 - INFO -   experiment: {'name': 'NIK DCE-MRI k-space fitting', 'description': 'SIREN implicit neural representation for radial k-space'}
2026-02-23 16:24:32,556 - INFO -   data: {'file': '/scratch/rnga/vvpshenov/XCAT-ERIC/results/simulation_results_20260115T150400.mat', 't_frame': 0, 'coil_idx': 0, 'z_slice_idx': -1, 'val_frac': 0.1}
2026-02-23 16:24:32,556 - INFO -   model: {'hidden': 128, 'depth': 4, 'w0': 15}
2026-02-23 16:24:32,556 - INFO -   training: {'steps': 3000, 'batch_size': 4096, 'optimizer': 'Adam', 'lr': 0.0002, 'grad_clip': 1.0, 'eval_every': 50, 'seed': 0, 'plot': {'plot_every': 500, 'log_scale': True}}
2026-02-23 16:24:32,556 - INFO -   output: {'base_path': '/scratch/rnga/vvpshenov/DCE_NIK/runs'}
2026-02-23 16:24:32,556 - INFO -   logging: {'level': 'INFO', 'console_every': 100}
2026-02-23 16:24:32,556 - INFO -   wandb: {'watch_interval': 0}
2026-02-23 16:24:32,556 - INFO -   sweep: {'entity': 'spshenov-university-of-amsterdam', 'project': 'NIK-DCE-MRI', 'method': 'bayes', 'metric': {'name': 'best_val_loss', 'goal': 'minimize'}, 'parameters': {'hidden': {'values': [64, 128, 256]}, 'depth': {'values': [3, 4, 5, 7]}, 'w0': {'values': [10, 15, 30]}, 'optimizer': {'values': ['Adam', 'AdamW', 'SGD']}, 'lr': {'distribution': 'log_uniform_values', 'min': 1e-05, 'max': 0.01}, 'batch_size': {'values': [2048, 4096, 8192, 16384]}, 'steps': {'values': [2000, 3000, 5000, 8000]}}}
wandb: [wandb.login()] Loaded credentials for https://api.wandb.ai from /home/rnga/vvpshenov/.netrc.
wandb: setting up run md51punk
wandb: Tracking run with wandb version 0.25.0
wandb: Run data is saved locally in /scratch/rnga/vvpshenov/DCE_NIK/runs/20260223_162432_nice-lobster-of-reading_nik/wandb/run-20260223_162432-md51punk
wandb: Run `wandb offline` to turn off syncing.
wandb: Syncing run nice-lobster-of-reading_nik
wandb: ⭐️ View project at https://wandb.ai/spshenov-university-of-amsterdam/NIK-DCE-MRI
wandb: 🧹 View sweep at https://wandb.ai/spshenov-university-of-amsterdam/NIK-DCE-MRI/sweeps/73254n6n
wandb: 🚀 View run at https://wandb.ai/spshenov-university-of-amsterdam/NIK-DCE-MRI/runs/md51punk
2026-02-23 16:24:34,027 - INFO - Model: hidden=256, depth=4, w0=30.0, params=132866
2026-02-23 16:24:34,028 - INFO - Training for 2000 steps, optimizer=Adam, lr=0.0002451619447296135
2026-02-23 16:24:40,081 - INFO - step    100  train 7.944e-04  val 9.195e-04
2026-02-23 16:24:40,636 - INFO - step    200  train 2.108e-04  val 2.445e-04
2026-02-23 16:24:41,181 - INFO - step    300  train 5.744e-04  val 4.585e-04
2026-02-23 16:24:41,767 - INFO - step    400  train 1.502e-04  val 1.367e-04
2026-02-23 16:24:49,027 - INFO - step    500  train 1.307e-04  val 1.600e-04
2026-02-23 16:24:49,708 - INFO - step    600  train 9.972e-05  val 1.070e-04
2026-02-23 16:24:50,425 - INFO - step    700  train 3.486e-05  val 3.623e-05
2026-02-23 16:24:50,979 - INFO - step    800  train 8.958e-06  val 8.926e-06
2026-02-23 16:24:51,521 - INFO - step    900  train 9.386e-05  val 9.112e-05
2026-02-23 16:24:57,519 - INFO - step   1000  train 1.269e-04  val 1.508e-04
2026-02-23 16:24:58,103 - INFO - step   1100  train 1.484e-04  val 1.397e-04
2026-02-23 16:24:58,649 - INFO - step   1200  train 2.199e-04  val 1.930e-04
2026-02-23 16:24:59,195 - INFO - step   1300  train 1.513e-04  val 1.404e-04
2026-02-23 16:24:59,738 - INFO - step   1400  train 1.748e-04  val 1.908e-04
2026-02-23 16:25:05,908 - INFO - step   1500  train 1.627e-04  val 1.641e-04
2026-02-23 16:25:06,561 - INFO - step   1600  train 1.940e-04  val 1.731e-04
2026-02-23 16:25:07,214 - INFO - step   1700  train 1.607e-04  val 1.479e-04
2026-02-23 16:25:07,872 - INFO - step   1800  train 2.189e-04  val 2.072e-04
2026-02-23 16:25:08,520 - INFO - step   1900  train 1.330e-04  val 1.393e-04
2026-02-23 16:25:15,875 - INFO - step   2000  train 7.130e-05  val 7.407e-05
2026-02-23 16:25:16,516 - INFO - Done. best_val_loss=8.926e-06
wandb: uploading artifact model; updating run metadata
wandb: uploading artifact model
wandb: uploading artifact model; uploading media/images/plots/spoke_train_2000_4abf63c6f8987d0eb8e9.png; uploading media/images/plots/spoke_val_2000_fc73d5718a58bd1661f9.png; uploading media/images/plots/error_map_val_2000_c20c5805ecfe88240e88.png; uploading media/images/plots/ring_ro55_Re_2000_f5dbc7038ba0d35f9333.png (+ 5 more)
wandb: uploading data
wandb: 
wandb: Run history:
wandb: train/train_loss █▄▃▃▃▂▂▂▂▂▁▁▁▁▁▁▁▁▂▁▂▂▂▁▂▂▂▂▁▁▁▁▁▂▂▂▂▂▁▁
wandb:   train/val_loss █▆▃▂▂▃▁▂▂▂▂▁▃▁▁▁▂▁▁▂▂▂▂▂▂▂▂▂▂▂▂▂▂▂▂▂▃▂▁▁
wandb: 
wandb: Run summary:
wandb:    best_val_loss 1e-05
wandb: final_train_loss 7e-05
wandb:      total_steps 2000
wandb: train/train_loss 7e-05
wandb:   train/val_loss 7e-05
wandb: 
wandb: 🚀 View run nice-lobster-of-reading_nik at: https://wandb.ai/spshenov-university-of-amsterdam/NIK-DCE-MRI/runs/md51punk
wandb: ⭐️ View project at: https://wandb.ai/spshenov-university-of-amsterdam/NIK-DCE-MRI
wandb: Synced 5 W&B file(s), 67 media file(s), 2 artifact file(s) and 0 other file(s)
wandb: Find logs at: ./runs/20260223_162432_nice-lobster-of-reading_nik/wandb/run-20260223_162432-md51punk/logs
wandb: Agent Starting Run: ym7te8l2 with config:
wandb: 	batch_size: 16384
wandb: 	depth: 3
wandb: 	hidden: 64
wandb: 	lr: 6.235452428177647e-05
wandb: 	optimizer: Adam
wandb: 	steps: 3000
wandb: 	w0: 30
2026-02-23 16:25:25,289 - INFO - Run: nice-lobster-of-reading_nik
2026-02-23 16:25:25,289 - INFO - Config: config/training.toml
2026-02-23 16:25:25,289 - INFO - Output: /scratch/rnga/vvpshenov/DCE_NIK/runs/20260223_162525_nice-lobster-of-reading_nik
2026-02-23 16:25:25,289 - INFO -   experiment: {'name': 'NIK DCE-MRI k-space fitting', 'description': 'SIREN implicit neural representation for radial k-space'}
2026-02-23 16:25:25,289 - INFO -   data: {'file': '/scratch/rnga/vvpshenov/XCAT-ERIC/results/simulation_results_20260115T150400.mat', 't_frame': 0, 'coil_idx': 0, 'z_slice_idx': -1, 'val_frac': 0.1}
2026-02-23 16:25:25,289 - INFO -   model: {'hidden': 128, 'depth': 4, 'w0': 15}
2026-02-23 16:25:25,289 - INFO -   training: {'steps': 3000, 'batch_size': 4096, 'optimizer': 'Adam', 'lr': 0.0002, 'grad_clip': 1.0, 'eval_every': 50, 'seed': 0, 'plot': {'plot_every': 500, 'log_scale': True}}
2026-02-23 16:25:25,289 - INFO -   output: {'base_path': '/scratch/rnga/vvpshenov/DCE_NIK/runs'}
2026-02-23 16:25:25,290 - INFO -   logging: {'level': 'INFO', 'console_every': 100}
2026-02-23 16:25:25,290 - INFO -   wandb: {'watch_interval': 0}
2026-02-23 16:25:25,290 - INFO -   sweep: {'entity': 'spshenov-university-of-amsterdam', 'project': 'NIK-DCE-MRI', 'method': 'bayes', 'metric': {'name': 'best_val_loss', 'goal': 'minimize'}, 'parameters': {'hidden': {'values': [64, 128, 256]}, 'depth': {'values': [3, 4, 5, 7]}, 'w0': {'values': [10, 15, 30]}, 'optimizer': {'values': ['Adam', 'AdamW', 'SGD']}, 'lr': {'distribution': 'log_uniform_values', 'min': 1e-05, 'max': 0.01}, 'batch_size': {'values': [2048, 4096, 8192, 16384]}, 'steps': {'values': [2000, 3000, 5000, 8000]}}}
wandb: [wandb.login()] Loaded credentials for https://api.wandb.ai from /home/rnga/vvpshenov/.netrc.
wandb: setting up run ym7te8l2
wandb: Tracking run with wandb version 0.25.0
wandb: Run data is saved locally in /scratch/rnga/vvpshenov/DCE_NIK/runs/20260223_162525_nice-lobster-of-reading_nik/wandb/run-20260223_162525-ym7te8l2
wandb: Run `wandb offline` to turn off syncing.
wandb: Syncing run nice-lobster-of-reading_nik
wandb: ⭐️ View project at https://wandb.ai/spshenov-university-of-amsterdam/NIK-DCE-MRI
wandb: 🧹 View sweep at https://wandb.ai/spshenov-university-of-amsterdam/NIK-DCE-MRI/sweeps/73254n6n
wandb: 🚀 View run at https://wandb.ai/spshenov-university-of-amsterdam/NIK-DCE-MRI/runs/ym7te8l2
2026-02-23 16:25:26,608 - INFO - Model: hidden=64, depth=3, w0=30.0, params=4482
2026-02-23 16:25:26,609 - INFO - Training for 3000 steps, optimizer=Adam, lr=6.235452428177647e-05
2026-02-23 16:25:32,976 - INFO - step    100  train 1.169e-01  val 1.321e-01
2026-02-23 16:25:33,378 - INFO - step    200  train 8.850e-02  val 8.318e-02
2026-02-23 16:25:33,769 - INFO - step    300  train 6.763e-02  val 6.313e-02
2026-02-23 16:25:34,258 - INFO - step    400  train 5.404e-02  val 4.955e-02
2026-02-23 16:25:41,943 - INFO - step    500  train 3.868e-02  val 3.953e-02
2026-02-23 16:25:42,396 - INFO - step    600  train 3.575e-02  val 3.212e-02
2026-02-23 16:25:42,762 - INFO - step    700  train 2.911e-02  val 2.630e-02
2026-02-23 16:25:42,972 - INFO - step    800  train 2.415e-02  val 2.180e-02
2026-02-23 16:25:43,326 - INFO - step    900  train 1.893e-02  val 1.787e-02
2026-02-23 16:25:49,099 - INFO - step   1000  train 1.587e-02  val 1.506e-02
2026-02-23 16:25:49,314 - INFO - step   1100  train 1.346e-02  val 1.266e-02
2026-02-23 16:25:49,521 - INFO - step   1200  train 1.169e-02  val 1.105e-02
2026-02-23 16:25:49,722 - INFO - step   1300  train 1.067e-02  val 9.673e-03
2026-02-23 16:25:49,921 - INFO - step   1400  train 9.335e-03  val 8.708e-03
2026-02-23 16:25:54,646 - INFO - step   1500  train 8.511e-03  val 7.913e-03
2026-02-23 16:25:54,850 - INFO - step   1600  train 8.303e-03  val 7.303e-03
2026-02-23 16:25:55,047 - INFO - step   1700  train 7.160e-03  val 6.857e-03
2026-02-23 16:25:55,246 - INFO - step   1800  train 7.126e-03  val 6.526e-03
2026-02-23 16:25:55,440 - INFO - step   1900  train 6.583e-03  val 6.258e-03
2026-02-23 16:26:00,488 - INFO - step   2000  train 6.456e-03  val 6.050e-03
2026-02-23 16:26:00,695 - INFO - step   2100  train 6.246e-03  val 5.878e-03
2026-02-23 16:26:00,890 - INFO - step   2200  train 6.042e-03  val 5.751e-03
2026-02-23 16:26:01,083 - INFO - step   2300  train 5.941e-03  val 5.632e-03
2026-02-23 16:26:01,276 - INFO - step   2400  train 6.154e-03  val 5.517e-03
2026-02-23 16:26:06,315 - INFO - step   2500  train 5.521e-03  val 5.448e-03
2026-02-23 16:26:06,512 - INFO - step   2600  train 5.657e-03  val 5.349e-03
2026-02-23 16:26:06,704 - INFO - step   2700  train 5.534e-03  val 5.305e-03
2026-02-23 16:26:06,891 - INFO - step   2800  train 5.433e-03  val 5.239e-03
2026-02-23 16:26:07,076 - INFO - step   2900  train 5.620e-03  val 5.219e-03
2026-02-23 16:26:12,237 - INFO - step   3000  train 5.276e-03  val 5.144e-03
2026-02-23 16:26:12,811 - INFO - Done. best_val_loss=5.143e-03
wandb: uploading artifact model; updating run metadata
wandb: uploading artifact model
wandb: uploading media/images/plots/spoke_val_3000_e39156db89f2640278eb.png; uploading media/images/plots/ring_ro110_Mag_3000_5d540c6040a3a0334c92.png; uploading media/images/plots/ring_ro176_Im_3000_b2464f84bfceb17a63d2.png; uploading media/images/plots/error_map_train_3000_96d40df3c7f9235933ee.png; uploading config.yaml (+ 13 more)
wandb: uploading media/images/plots/error_map_train_3000_96d40df3c7f9235933ee.png; uploading media/images/plots/error_map_val_3000_2da533f913a32f59ff60.png; uploading media/images/plots/ring_ro55_Re_3000_18ef74e6ed1395ab0fe0.png; uploading media/images/plots/ring_ro176_Re_3000_a91f2f341129c8458c9f.png
wandb: 
wandb: Run history:
wandb: train/train_loss █▆▄▄▃▂▂▂▂▂▁▁▂▁▁▁▁▁▁▁▁▁▁▁▁▁▁▁▁▁▁▁▁▁▁▁▁▁▁▁
wandb:   train/val_loss █▄▃▃▃▂▂▂▂▂▂▁▁▁▁▁▁▁▁▁▁▁▁▁▁▁▁▁▁▁▁▁▁▁▁▁▁▁▁▁
wandb: 
wandb: Run summary:
wandb:    best_val_loss 0.00514
wandb: final_train_loss 0.00528
wandb:      total_steps 3000
wandb: train/train_loss 0.00528
wandb:   train/val_loss 0.00514
wandb: 
wandb: 🚀 View run nice-lobster-of-reading_nik at: https://wandb.ai/spshenov-university-of-amsterdam/NIK-DCE-MRI/runs/ym7te8l2
wandb: ⭐️ View project at: https://wandb.ai/spshenov-university-of-amsterdam/NIK-DCE-MRI
wandb: Synced 5 W&B file(s), 93 media file(s), 2 artifact file(s) and 0 other file(s)
wandb: Find logs at: ./runs/20260223_162525_nice-lobster-of-reading_nik/wandb/run-20260223_162525-ym7te8l2/logs
wandb: Agent Starting Run: t0kn099n with config:
wandb: 	batch_size: 16384
wandb: 	depth: 3
wandb: 	hidden: 64
wandb: 	lr: 0.006646611184605393
wandb: 	optimizer: Adam
wandb: 	steps: 2000
wandb: 	w0: 30
2026-02-23 16:26:18,282 - INFO - Run: nice-lobster-of-reading_nik
2026-02-23 16:26:18,282 - INFO - Config: config/training.toml
2026-02-23 16:26:18,282 - INFO - Output: /scratch/rnga/vvpshenov/DCE_NIK/runs/20260223_162618_nice-lobster-of-reading_nik
2026-02-23 16:26:18,282 - INFO -   experiment: {'name': 'NIK DCE-MRI k-space fitting', 'description': 'SIREN implicit neural representation for radial k-space'}
2026-02-23 16:26:18,282 - INFO -   data: {'file': '/scratch/rnga/vvpshenov/XCAT-ERIC/results/simulation_results_20260115T150400.mat', 't_frame': 0, 'coil_idx': 0, 'z_slice_idx': -1, 'val_frac': 0.1}
2026-02-23 16:26:18,283 - INFO -   model: {'hidden': 128, 'depth': 4, 'w0': 15}
2026-02-23 16:26:18,283 - INFO -   training: {'steps': 3000, 'batch_size': 4096, 'optimizer': 'Adam', 'lr': 0.0002, 'grad_clip': 1.0, 'eval_every': 50, 'seed': 0, 'plot': {'plot_every': 500, 'log_scale': True}}
2026-02-23 16:26:18,283 - INFO -   output: {'base_path': '/scratch/rnga/vvpshenov/DCE_NIK/runs'}
2026-02-23 16:26:18,283 - INFO -   logging: {'level': 'INFO', 'console_every': 100}
2026-02-23 16:26:18,283 - INFO -   wandb: {'watch_interval': 0}
2026-02-23 16:26:18,283 - INFO -   sweep: {'entity': 'spshenov-university-of-amsterdam', 'project': 'NIK-DCE-MRI', 'method': 'bayes', 'metric': {'name': 'best_val_loss', 'goal': 'minimize'}, 'parameters': {'hidden': {'values': [64, 128, 256]}, 'depth': {'values': [3, 4, 5, 7]}, 'w0': {'values': [10, 15, 30]}, 'optimizer': {'values': ['Adam', 'AdamW', 'SGD']}, 'lr': {'distribution': 'log_uniform_values', 'min': 1e-05, 'max': 0.01}, 'batch_size': {'values': [2048, 4096, 8192, 16384]}, 'steps': {'values': [2000, 3000, 5000, 8000]}}}
wandb: [wandb.login()] Loaded credentials for https://api.wandb.ai from /home/rnga/vvpshenov/.netrc.
wandb: setting up run t0kn099n
wandb: Tracking run with wandb version 0.25.0
wandb: Run data is saved locally in /scratch/rnga/vvpshenov/DCE_NIK/runs/20260223_162618_nice-lobster-of-reading_nik/wandb/run-20260223_162618-t0kn099n
wandb: Run `wandb offline` to turn off syncing.
wandb: Syncing run nice-lobster-of-reading_nik
wandb: ⭐️ View project at https://wandb.ai/spshenov-university-of-amsterdam/NIK-DCE-MRI
wandb: 🧹 View sweep at https://wandb.ai/spshenov-university-of-amsterdam/NIK-DCE-MRI/sweeps/73254n6n
wandb: 🚀 View run at https://wandb.ai/spshenov-university-of-amsterdam/NIK-DCE-MRI/runs/t0kn099n
2026-02-23 16:26:19,638 - INFO - Model: hidden=64, depth=3, w0=30.0, params=4482
2026-02-23 16:26:19,639 - INFO - Training for 2000 steps, optimizer=Adam, lr=0.006646611184605393
2026-02-23 16:26:27,119 - INFO - step    100  train 1.688e-01  val 1.755e-01
2026-02-23 16:26:27,463 - INFO - step    200  train 2.114e-01  val 2.252e-01
2026-02-23 16:26:27,774 - INFO - step    300  train 2.579e-01  val 2.561e-01
2026-02-23 16:26:28,091 - INFO - step    400  train 3.136e-01  val 3.045e-01
2026-02-23 16:26:35,011 - INFO - step    500  train 2.685e-01  val 2.865e-01
2026-02-23 16:26:35,357 - INFO - step    600  train 3.210e-01  val 2.899e-01
2026-02-23 16:26:35,682 - INFO - step    700  train 3.175e-01  val 2.877e-01
2026-02-23 16:26:36,014 - INFO - step    800  train 3.195e-01  val 2.903e-01
2026-02-23 16:26:36,335 - INFO - step    900  train 2.909e-01  val 2.861e-01
2026-02-23 16:26:42,334 - INFO - step   1000  train 2.836e-01  val 2.896e-01
2026-02-23 16:26:42,664 - INFO - step   1100  train 2.847e-01  val 2.911e-01
2026-02-23 16:26:42,985 - INFO - step   1200  train 3.065e-01  val 2.870e-01
2026-02-23 16:26:43,291 - INFO - step   1300  train 3.029e-01  val 2.871e-01
2026-02-23 16:26:43,562 - INFO - step   1400  train 2.884e-01  val 2.854e-01
2026-02-23 16:26:50,822 - INFO - step   1500  train 2.979e-01  val 2.869e-01
2026-02-23 16:26:51,151 - INFO - step   1600  train 3.561e-01  val 2.858e-01
2026-02-23 16:26:51,542 - INFO - step   1700  train 2.925e-01  val 2.845e-01
2026-02-23 16:26:51,893 - INFO - step   1800  train 2.886e-01  val 2.865e-01
2026-02-23 16:26:52,146 - INFO - step   1900  train 2.772e-01  val 2.869e-01
2026-02-23 16:26:57,875 - INFO - step   2000  train 2.719e-01  val 2.891e-01
2026-02-23 16:26:58,438 - INFO - Done. best_val_loss=1.755e-01
wandb: uploading artifact model; updating run metadata
wandb: uploading artifact model
wandb: uploading artifact model; uploading media/images/plots/error_map_train_2000_2bf52702d5b274df588d.png; uploading media/images/plots/error_map_val_2000_f1bd3c41aed0b55abbc8.png; uploading media/images/plots/spoke_val_2000_8e6c076d58ce263780b7.png
wandb: uploading history steps 1499-1999, summary, console lines 16-22
wandb: 
wandb: Run history:
wandb: train/train_loss █▁▂▂▁▃▅▅▃▆▆▆▄▄▆▄▅▄▅▅▅▅▅▅▅▃▄▅▅▄▄▅▅▅▄▅▄▆▅▄
wandb:   train/val_loss ▄▁▅▄▇▅██▇▇▇▇▇▇▇▇▇▇▇▇▇▇▇▇▇▇▇▇▇▇▇▇▇▇▇▇▇▇▇▇
wandb: 
wandb: Run summary:
wandb:    best_val_loss 0.17555
wandb: final_train_loss 0.27191
wandb:      total_steps 2000
wandb: train/train_loss 0.27191
wandb:   train/val_loss 0.28912
wandb: 
wandb: 🚀 View run nice-lobster-of-reading_nik at: https://wandb.ai/spshenov-university-of-amsterdam/NIK-DCE-MRI/runs/t0kn099n
wandb: ⭐️ View project at: https://wandb.ai/spshenov-university-of-amsterdam/NIK-DCE-MRI
wandb: Synced 5 W&B file(s), 67 media file(s), 2 artifact file(s) and 0 other file(s)
wandb: Find logs at: ./runs/20260223_162618_nice-lobster-of-reading_nik/wandb/run-20260223_162618-t0kn099n/logs
wandb: Agent Starting Run: 8jdsu3ae with config:
wandb: 	batch_size: 16384
wandb: 	depth: 7
wandb: 	hidden: 256
wandb: 	lr: 4.1743464157288834e-05
wandb: 	optimizer: Adam
wandb: 	steps: 2000
wandb: 	w0: 30
2026-02-23 16:27:06,622 - INFO - Run: nice-lobster-of-reading_nik
2026-02-23 16:27:06,622 - INFO - Config: config/training.toml
2026-02-23 16:27:06,623 - INFO - Output: /scratch/rnga/vvpshenov/DCE_NIK/runs/20260223_162706_nice-lobster-of-reading_nik
2026-02-23 16:27:06,623 - INFO -   experiment: {'name': 'NIK DCE-MRI k-space fitting', 'description': 'SIREN implicit neural representation for radial k-space'}
2026-02-23 16:27:06,623 - INFO -   data: {'file': '/scratch/rnga/vvpshenov/XCAT-ERIC/results/simulation_results_20260115T150400.mat', 't_frame': 0, 'coil_idx': 0, 'z_slice_idx': -1, 'val_frac': 0.1}
2026-02-23 16:27:06,623 - INFO -   model: {'hidden': 128, 'depth': 4, 'w0': 15}
2026-02-23 16:27:06,623 - INFO -   training: {'steps': 3000, 'batch_size': 4096, 'optimizer': 'Adam', 'lr': 0.0002, 'grad_clip': 1.0, 'eval_every': 50, 'seed': 0, 'plot': {'plot_every': 500, 'log_scale': True}}
2026-02-23 16:27:06,623 - INFO -   output: {'base_path': '/scratch/rnga/vvpshenov/DCE_NIK/runs'}
2026-02-23 16:27:06,623 - INFO -   logging: {'level': 'INFO', 'console_every': 100}
2026-02-23 16:27:06,623 - INFO -   wandb: {'watch_interval': 0}
2026-02-23 16:27:06,623 - INFO -   sweep: {'entity': 'spshenov-university-of-amsterdam', 'project': 'NIK-DCE-MRI', 'method': 'bayes', 'metric': {'name': 'best_val_loss', 'goal': 'minimize'}, 'parameters': {'hidden': {'values': [64, 128, 256]}, 'depth': {'values': [3, 4, 5, 7]}, 'w0': {'values': [10, 15, 30]}, 'optimizer': {'values': ['Adam', 'AdamW', 'SGD']}, 'lr': {'distribution': 'log_uniform_values', 'min': 1e-05, 'max': 0.01}, 'batch_size': {'values': [2048, 4096, 8192, 16384]}, 'steps': {'values': [2000, 3000, 5000, 8000]}}}
wandb: [wandb.login()] Loaded credentials for https://api.wandb.ai from /home/rnga/vvpshenov/.netrc.
wandb: Tracking run with wandb version 0.25.0
wandb: Run data is saved locally in /scratch/rnga/vvpshenov/DCE_NIK/runs/20260223_162706_nice-lobster-of-reading_nik/wandb/run-20260223_162706-8jdsu3ae
wandb: Run `wandb offline` to turn off syncing.
wandb: Syncing run nice-lobster-of-reading_nik
wandb: ⭐️ View project at https://wandb.ai/spshenov-university-of-amsterdam/NIK-DCE-MRI
wandb: 🧹 View sweep at https://wandb.ai/spshenov-university-of-amsterdam/NIK-DCE-MRI/sweeps/73254n6n
wandb: 🚀 View run at https://wandb.ai/spshenov-university-of-amsterdam/NIK-DCE-MRI/runs/8jdsu3ae
2026-02-23 16:27:07,884 - INFO - Model: hidden=256, depth=7, w0=30.0, params=330242
2026-02-23 16:27:07,885 - INFO - Training for 2000 steps, optimizer=Adam, lr=4.1743464157288834e-05
2026-02-23 16:27:15,526 - INFO - step    100  train 6.073e-04  val 6.046e-04
2026-02-23 16:27:16,679 - INFO - step    200  train 2.263e-04  val 2.367e-04
2026-02-23 16:27:17,845 - INFO - step    300  train 2.138e-04  val 1.436e-04
2026-02-23 16:27:18,994 - INFO - step    400  train 3.268e-05  val 3.039e-05
2026-02-23 16:27:25,760 - INFO - step    500  train 5.669e-05  val 4.545e-05
2026-02-23 16:27:26,926 - INFO - step    600  train 4.054e-05  val 4.091e-05
2026-02-23 16:27:28,075 - INFO - step    700  train 4.005e-05  val 4.209e-05
2026-02-23 16:27:29,208 - INFO - step    800  train 2.065e-05  val 1.840e-05
2026-02-23 16:27:30,349 - INFO - step    900  train 2.783e-05  val 2.917e-05
2026-02-23 16:27:36,883 - INFO - step   1000  train 2.748e-05  val 2.388e-05
2026-02-23 16:27:38,029 - INFO - step   1100  train 2.104e-05  val 2.376e-05
2026-02-23 16:27:39,153 - INFO - step   1200  train 1.043e-04  val 1.306e-04
2026-02-23 16:27:40,279 - INFO - step   1300  train 1.974e-05  val 1.681e-05
2026-02-23 16:27:41,402 - INFO - step   1400  train 3.184e-05  val 3.051e-05
2026-02-23 16:27:48,096 - INFO - step   1500  train 4.391e-05  val 4.045e-05
2026-02-23 16:27:49,257 - INFO - step   1600  train 1.588e-05  val 1.892e-05
2026-02-23 16:27:50,381 - INFO - step   1700  train 1.108e-04  val 9.947e-05
2026-02-23 16:27:51,531 - INFO - step   1800  train 3.251e-05  val 3.454e-05
2026-02-23 16:27:52,667 - INFO - step   1900  train 9.640e-05  val 9.968e-05
2026-02-23 16:27:59,492 - INFO - step   2000  train 6.584e-05  val 5.870e-05
2026-02-23 16:28:00,205 - INFO - Done. best_val_loss=9.204e-06
wandb: uploading artifact model; updating run metadata
wandb: uploading artifact model
wandb: uploading output.log; uploading media/images/recon/prediction_2000_1b45a242ea0d2220ed42.png; uploading media/images/plots/spoke_train_2000_1769433924122010a34d.png; uploading media/images/plots/ring_ro55_Mag_2000_6e708ff95639b431dc56.png; uploading media/images/plots/ring_ro110_Re_2000_8f10a4c415a8a646e3c2.png (+ 13 more)
wandb: uploading media/images/plots/spoke_val_2000_7ee7ee38eb962665427d.png; uploading media/images/plots/error_map_train_2000_2f90af4c89da0af94a4a.png
wandb: 
wandb: Run history:
wandb: train/train_loss ▇▆▇█▄▃▃▂▂▁▁▁▂▄▃▂▂▁▁▅▃▂▂▁▁▂▂▃▂▁▁▂▁▁▂▂▂▂▂▂
wandb:   train/val_loss █▂▁▁▁▁▁▁▁▁▁▁▁▁▁▁▁▁▁▁▁▁▁▁▁▁▁▁▁▁▁▁▁▁▁▁▁▁▁▁
wandb: 
wandb: Run summary:
wandb:    best_val_loss 1e-05
wandb: final_train_loss 7e-05
wandb:      total_steps 2000
wandb: train/train_loss 7e-05
wandb:   train/val_loss 6e-05
wandb: 
wandb: 🚀 View run nice-lobster-of-reading_nik at: https://wandb.ai/spshenov-university-of-amsterdam/NIK-DCE-MRI/runs/8jdsu3ae
wandb: ⭐️ View project at: https://wandb.ai/spshenov-university-of-amsterdam/NIK-DCE-MRI
wandb: Synced 5 W&B file(s), 67 media file(s), 2 artifact file(s) and 0 other file(s)
wandb: Find logs at: ./runs/20260223_162706_nice-lobster-of-reading_nik/wandb/run-20260223_162706-8jdsu3ae/logs
wandb: Agent Starting Run: 2wuuukqo with config:
wandb: 	batch_size: 16384
wandb: 	depth: 4
wandb: 	hidden: 256
wandb: 	lr: 1.5220788859829905e-05
wandb: 	optimizer: Adam
wandb: 	steps: 8000
wandb: 	w0: 30
2026-02-23 16:28:09,913 - INFO - Run: nice-lobster-of-reading_nik
2026-02-23 16:28:09,913 - INFO - Config: config/training.toml
2026-02-23 16:28:09,913 - INFO - Output: /scratch/rnga/vvpshenov/DCE_NIK/runs/20260223_162809_nice-lobster-of-reading_nik
2026-02-23 16:28:09,913 - INFO -   experiment: {'name': 'NIK DCE-MRI k-space fitting', 'description': 'SIREN implicit neural representation for radial k-space'}
2026-02-23 16:28:09,913 - INFO -   data: {'file': '/scratch/rnga/vvpshenov/XCAT-ERIC/results/simulation_results_20260115T150400.mat', 't_frame': 0, 'coil_idx': 0, 'z_slice_idx': -1, 'val_frac': 0.1}
2026-02-23 16:28:09,913 - INFO -   model: {'hidden': 128, 'depth': 4, 'w0': 15}
2026-02-23 16:28:09,913 - INFO -   training: {'steps': 3000, 'batch_size': 4096, 'optimizer': 'Adam', 'lr': 0.0002, 'grad_clip': 1.0, 'eval_every': 50, 'seed': 0, 'plot': {'plot_every': 500, 'log_scale': True}}
2026-02-23 16:28:09,913 - INFO -   output: {'base_path': '/scratch/rnga/vvpshenov/DCE_NIK/runs'}
2026-02-23 16:28:09,913 - INFO -   logging: {'level': 'INFO', 'console_every': 100}
2026-02-23 16:28:09,913 - INFO -   wandb: {'watch_interval': 0}
2026-02-23 16:28:09,913 - INFO -   sweep: {'entity': 'spshenov-university-of-amsterdam', 'project': 'NIK-DCE-MRI', 'method': 'bayes', 'metric': {'name': 'best_val_loss', 'goal': 'minimize'}, 'parameters': {'hidden': {'values': [64, 128, 256]}, 'depth': {'values': [3, 4, 5, 7]}, 'w0': {'values': [10, 15, 30]}, 'optimizer': {'values': ['Adam', 'AdamW', 'SGD']}, 'lr': {'distribution': 'log_uniform_values', 'min': 1e-05, 'max': 0.01}, 'batch_size': {'values': [2048, 4096, 8192, 16384]}, 'steps': {'values': [2000, 3000, 5000, 8000]}}}
wandb: [wandb.login()] Loaded credentials for https://api.wandb.ai from /home/rnga/vvpshenov/.netrc.
wandb: setting up run 2wuuukqo
wandb: Tracking run with wandb version 0.25.0
wandb: Run data is saved locally in /scratch/rnga/vvpshenov/DCE_NIK/runs/20260223_162809_nice-lobster-of-reading_nik/wandb/run-20260223_162810-2wuuukqo
wandb: Run `wandb offline` to turn off syncing.
wandb: Syncing run nice-lobster-of-reading_nik
wandb: ⭐️ View project at https://wandb.ai/spshenov-university-of-amsterdam/NIK-DCE-MRI
wandb: 🧹 View sweep at https://wandb.ai/spshenov-university-of-amsterdam/NIK-DCE-MRI/sweeps/73254n6n
wandb: 🚀 View run at https://wandb.ai/spshenov-university-of-amsterdam/NIK-DCE-MRI/runs/2wuuukqo
2026-02-23 16:28:11,208 - INFO - Model: hidden=256, depth=4, w0=30.0, params=132866
2026-02-23 16:28:11,210 - INFO - Training for 8000 steps, optimizer=Adam, lr=1.5220788859829905e-05
2026-02-23 16:28:18,621 - INFO - step    100  train 1.599e-02  val 1.397e-02
2026-02-23 16:28:19,271 - INFO - step    200  train 2.020e-03  val 2.093e-03
2026-02-23 16:28:19,933 - INFO - step    300  train 9.984e-04  val 1.065e-03
2026-02-23 16:28:20,598 - INFO - step    400  train 5.246e-04  val 5.596e-04
2026-02-23 16:28:27,901 - INFO - step    500  train 3.433e-04  val 3.745e-04
2026-02-23 16:28:28,587 - INFO - step    600  train 2.635e-04  val 3.020e-04
2026-02-23 16:28:29,227 - INFO - step    700  train 2.087e-04  val 2.472e-04
2026-02-23 16:28:29,873 - INFO - step    800  train 1.729e-04  val 2.106e-04
2026-02-23 16:28:30,531 - INFO - step    900  train 1.560e-04  val 1.842e-04
2026-02-23 16:28:38,114 - INFO - step   1000  train 1.249e-04  val 1.567e-04
2026-02-23 16:28:38,801 - INFO - step   1100  train 1.076e-04  val 1.383e-04
2026-02-23 16:28:39,468 - INFO - step   1200  train 8.982e-05  val 1.202e-04
2026-02-23 16:28:40,126 - INFO - step   1300  train 7.901e-05  val 1.045e-04
2026-02-23 16:28:40,796 - INFO - step   1400  train 7.090e-05  val 9.459e-05
2026-02-23 16:28:47,968 - INFO - step   1500  train 6.069e-05  val 8.396e-05
2026-02-23 16:28:48,647 - INFO - step   1600  train 5.323e-05  val 7.382e-05
2026-02-23 16:28:49,305 - INFO - step   1700  train 4.753e-05  val 6.671e-05
2026-02-23 16:28:49,957 - INFO - step   1800  train 4.197e-05  val 5.673e-05
2026-02-23 16:28:50,612 - INFO - step   1900  train 3.544e-05  val 5.038e-05
2026-02-23 16:28:57,947 - INFO - step   2000  train 3.156e-05  val 4.477e-05
2026-02-23 16:28:58,634 - INFO - step   2100  train 2.886e-05  val 4.141e-05
2026-02-23 16:28:59,286 - INFO - step   2200  train 2.534e-05  val 3.504e-05
2026-02-23 16:28:59,939 - INFO - step   2300  train 2.288e-05  val 3.304e-05
2026-02-23 16:29:00,565 - INFO - step   2400  train 2.045e-05  val 3.011e-05
2026-02-23 16:29:07,508 - INFO - step   2500  train 1.852e-05  val 2.692e-05
2026-02-23 16:29:08,206 - INFO - step   2600  train 1.761e-05  val 2.438e-05
2026-02-23 16:29:08,890 - INFO - step   2700  train 1.520e-05  val 2.284e-05
2026-02-23 16:29:09,537 - INFO - step   2800  train 1.497e-05  val 2.112e-05
2026-02-23 16:29:10,148 - INFO - step   2900  train 1.285e-05  val 1.814e-05
2026-02-23 16:29:17,162 - INFO - step   3000  train 1.379e-05  val 1.799e-05
2026-02-23 16:29:17,861 - INFO - step   3100  train 1.338e-05  val 1.807e-05
2026-02-23 16:29:18,415 - INFO - step   3200  train 9.611e-06  val 1.302e-05
2026-02-23 16:29:18,951 - INFO - step   3300  train 9.716e-06  val 1.335e-05
2026-02-23 16:29:19,498 - INFO - step   3400  train 1.045e-05  val 1.275e-05
2026-02-23 16:29:25,745 - INFO - step   3500  train 8.613e-06  val 1.074e-05
2026-02-23 16:29:26,393 - INFO - step   3600  train 8.288e-06  val 1.101e-05
2026-02-23 16:29:27,025 - INFO - step   3700  train 9.191e-06  val 1.071e-05
2026-02-23 16:29:27,642 - INFO - step   3800  train 7.358e-06  val 9.205e-06
2026-02-23 16:29:28,193 - INFO - step   3900  train 9.584e-06  val 1.083e-05
2026-02-23 16:29:34,328 - INFO - step   4000  train 1.138e-05  val 1.170e-05
2026-02-23 16:29:34,877 - INFO - step   4100  train 6.261e-06  val 7.252e-06
2026-02-23 16:29:35,453 - INFO - step   4200  train 7.389e-06  val 8.384e-06
2026-02-23 16:29:35,990 - INFO - step   4300  train 9.523e-06  val 9.516e-06
2026-02-23 16:29:36,532 - INFO - step   4400  train 5.358e-06  val 6.768e-06
2026-02-23 16:29:42,327 - INFO - step   4500  train 8.661e-06  val 8.424e-06
2026-02-23 16:29:42,863 - INFO - step   4600  train 6.384e-06  val 7.232e-06
2026-02-23 16:29:43,422 - INFO - step   4700  train 4.847e-06  val 5.149e-06
2026-02-23 16:29:43,953 - INFO - step   4800  train 5.086e-06  val 5.736e-06
2026-02-23 16:29:44,488 - INFO - step   4900  train 6.103e-06  val 6.538e-06
2026-02-23 16:29:50,940 - INFO - step   5000  train 5.590e-06  val 6.623e-06
2026-02-23 16:29:51,517 - INFO - step   5100  train 8.191e-06  val 8.191e-06
2026-02-23 16:29:52,081 - INFO - step   5200  train 8.325e-06  val 9.110e-06
2026-02-23 16:29:52,718 - INFO - step   5300  train 3.800e-06  val 3.896e-06
2026-02-23 16:29:53,381 - INFO - step   5400  train 7.484e-06  val 7.878e-06
2026-02-23 16:30:01,454 - INFO - step   5500  train 4.179e-06  val 3.711e-06
2026-02-23 16:30:02,066 - INFO - step   5600  train 3.768e-06  val 4.582e-06
2026-02-23 16:30:02,704 - INFO - step   5700  train 2.863e-06  val 2.905e-06
2026-02-23 16:30:03,340 - INFO - step   5800  train 4.332e-06  val 4.836e-06
2026-02-23 16:30:03,980 - INFO - step   5900  train 3.258e-06  val 3.264e-06
2026-02-23 16:30:11,021 - INFO - step   6000  train 4.836e-06  val 4.980e-06
2026-02-23 16:30:11,682 - INFO - step   6100  train 3.643e-06  val 3.726e-06
2026-02-23 16:30:12,318 - INFO - step   6200  train 5.264e-06  val 5.443e-06
2026-02-23 16:30:12,955 - INFO - step   6300  train 4.830e-06  val 4.373e-06
2026-02-23 16:30:13,577 - INFO - step   6400  train 3.396e-06  val 3.064e-06
2026-02-23 16:30:20,799 - INFO - step   6500  train 4.398e-06  val 3.973e-06
2026-02-23 16:30:21,476 - INFO - step   6600  train 2.552e-06  val 2.505e-06
2026-02-23 16:30:22,114 - INFO - step   6700  train 3.335e-06  val 4.126e-06
2026-02-23 16:30:22,757 - INFO - step   6800  train 3.091e-06  val 3.524e-06
2026-02-23 16:30:23,403 - INFO - step   6900  train 3.061e-06  val 2.766e-06
2026-02-23 16:30:30,159 - INFO - step   7000  train 2.868e-06  val 3.274e-06
2026-02-23 16:30:30,765 - INFO - step   7100  train 3.919e-06  val 3.703e-06
2026-02-23 16:30:31,350 - INFO - step   7200  train 2.154e-06  val 2.537e-06
2026-02-23 16:30:31,946 - INFO - step   7300  train 3.085e-06  val 2.932e-06
2026-02-23 16:30:32,541 - INFO - step   7400  train 2.992e-06  val 2.719e-06
2026-02-23 16:30:39,944 - INFO - step   7500  train 6.152e-06  val 5.261e-06
2026-02-23 16:30:40,646 - INFO - step   7600  train 2.141e-06  val 2.105e-06
2026-02-23 16:30:41,304 - INFO - step   7700  train 2.336e-06  val 2.650e-06
2026-02-23 16:30:41,896 - INFO - step   7800  train 4.585e-06  val 3.659e-06
2026-02-23 16:30:42,447 - INFO - step   7900  train 1.109e-05  val 8.712e-06
2026-02-23 16:30:48,524 - INFO - step   8000  train 2.528e-06  val 2.576e-06
2026-02-23 16:30:49,116 - INFO - Done. best_val_loss=1.243e-06
wandb: uploading artifact model; updating run metadata
wandb: uploading artifact model
wandb: uploading media/images/plots/spoke_val_8000_00cd27b11f58297a48b1.png; uploading media/images/plots/ring_ro55_Re_8000_504009cb7c3d58f9c7b8.png; uploading media/images/plots/error_map_val_8000_44e1fc5e75d0b180f371.png; uploading media/images/plots/ring_ro55_Mag_8000_d8c1d2b15ad2f9ac4fd2.png; uploading media/images/plots/ring_ro110_Im_8000_64621a91f7b693db40cd.png (+ 9 more)
wandb: uploading media/images/plots/error_map_train_8000_117cd26b53255dec5375.png
wandb: 
wandb: Run history:
wandb: train/train_loss █▇▁▁▁▁▁▁▁▁▁▁▁▁▁▁▁▁▁▁▁▁▁▁▁▁▁▁▁▁▁▁▁▁▁▁▁▁▁▁
wandb:   train/val_loss █▁▁▁▁▁▁▁▁▁▁▁▁▁▁▁▁▁▁▁▁▁▁▁▁▁▁▁▁▁▁▁▁▁▁▁▁▁▁▁
wandb: 
wandb: Run summary:
wandb:    best_val_loss 0.0
wandb: final_train_loss 0.0
wandb:      total_steps 8000
wandb: train/train_loss 0.0
wandb:   train/val_loss 0.0
wandb: 
wandb: 🚀 View run nice-lobster-of-reading_nik at: https://wandb.ai/spshenov-university-of-amsterdam/NIK-DCE-MRI/runs/2wuuukqo
wandb: ⭐️ View project at: https://wandb.ai/spshenov-university-of-amsterdam/NIK-DCE-MRI
wandb: Synced 5 W&B file(s), 223 media file(s), 2 artifact file(s) and 0 other file(s)
wandb: Find logs at: ./runs/20260223_162809_nice-lobster-of-reading_nik/wandb/run-20260223_162810-2wuuukqo/logs
wandb: Agent Starting Run: z6iqgo5q with config:
wandb: 	batch_size: 16384
wandb: 	depth: 5
wandb: 	hidden: 128
wandb: 	lr: 1.1014640525566231e-05
wandb: 	optimizer: Adam
wandb: 	steps: 2000
wandb: 	w0: 30
2026-02-23 16:30:56,083 - INFO - Run: nice-lobster-of-reading_nik
2026-02-23 16:30:56,083 - INFO - Config: config/training.toml
2026-02-23 16:30:56,083 - INFO - Output: /scratch/rnga/vvpshenov/DCE_NIK/runs/20260223_163056_nice-lobster-of-reading_nik
2026-02-23 16:30:56,083 - INFO -   experiment: {'name': 'NIK DCE-MRI k-space fitting', 'description': 'SIREN implicit neural representation for radial k-space'}
2026-02-23 16:30:56,083 - INFO -   data: {'file': '/scratch/rnga/vvpshenov/XCAT-ERIC/results/simulation_results_20260115T150400.mat', 't_frame': 0, 'coil_idx': 0, 'z_slice_idx': -1, 'val_frac': 0.1}
2026-02-23 16:30:56,083 - INFO -   model: {'hidden': 128, 'depth': 4, 'w0': 15}
2026-02-23 16:30:56,083 - INFO -   training: {'steps': 3000, 'batch_size': 4096, 'optimizer': 'Adam', 'lr': 0.0002, 'grad_clip': 1.0, 'eval_every': 50, 'seed': 0, 'plot': {'plot_every': 500, 'log_scale': True}}
2026-02-23 16:30:56,083 - INFO -   output: {'base_path': '/scratch/rnga/vvpshenov/DCE_NIK/runs'}
2026-02-23 16:30:56,083 - INFO -   logging: {'level': 'INFO', 'console_every': 100}
2026-02-23 16:30:56,083 - INFO -   wandb: {'watch_interval': 0}
2026-02-23 16:30:56,084 - INFO -   sweep: {'entity': 'spshenov-university-of-amsterdam', 'project': 'NIK-DCE-MRI', 'method': 'bayes', 'metric': {'name': 'best_val_loss', 'goal': 'minimize'}, 'parameters': {'hidden': {'values': [64, 128, 256]}, 'depth': {'values': [3, 4, 5, 7]}, 'w0': {'values': [10, 15, 30]}, 'optimizer': {'values': ['Adam', 'AdamW', 'SGD']}, 'lr': {'distribution': 'log_uniform_values', 'min': 1e-05, 'max': 0.01}, 'batch_size': {'values': [2048, 4096, 8192, 16384]}, 'steps': {'values': [2000, 3000, 5000, 8000]}}}
wandb: [wandb.login()] Loaded credentials for https://api.wandb.ai from /home/rnga/vvpshenov/.netrc.
wandb: setting up run z6iqgo5q
wandb: Tracking run with wandb version 0.25.0
wandb: Run data is saved locally in /scratch/rnga/vvpshenov/DCE_NIK/runs/20260223_163056_nice-lobster-of-reading_nik/wandb/run-20260223_163056-z6iqgo5q
wandb: Run `wandb offline` to turn off syncing.
wandb: Syncing run nice-lobster-of-reading_nik
wandb: ⭐️ View project at https://wandb.ai/spshenov-university-of-amsterdam/NIK-DCE-MRI
wandb: 🧹 View sweep at https://wandb.ai/spshenov-university-of-amsterdam/NIK-DCE-MRI/sweeps/73254n6n
wandb: 🚀 View run at https://wandb.ai/spshenov-university-of-amsterdam/NIK-DCE-MRI/runs/z6iqgo5q
2026-02-23 16:30:57,432 - INFO - Model: hidden=128, depth=5, w0=30.0, params=50178
2026-02-23 16:30:57,433 - INFO - Training for 2000 steps, optimizer=Adam, lr=1.1014640525566231e-05
2026-02-23 16:31:03,209 - INFO - step    100  train 1.003e-01  val 1.142e-01
2026-02-23 16:31:03,514 - INFO - step    200  train 2.394e-02  val 2.226e-02
2026-02-23 16:31:03,814 - INFO - step    300  train 1.608e-02  val 1.433e-02
2026-02-23 16:31:04,116 - INFO - step    400  train 1.279e-02  val 1.082e-02
2026-02-23 16:31:10,087 - INFO - step    500  train 8.624e-03  val 8.532e-03
2026-02-23 16:31:10,419 - INFO - step    600  train 8.144e-03  val 6.854e-03
2026-02-23 16:31:10,717 - INFO - step    700  train 6.662e-03  val 5.553e-03
2026-02-23 16:31:11,015 - INFO - step    800  train 5.656e-03  val 4.509e-03
2026-02-23 16:31:11,312 - INFO - step    900  train 4.260e-03  val 3.688e-03
2026-02-23 16:31:17,151 - INFO - step   1000  train 3.418e-03  val 3.034e-03
2026-02-23 16:31:17,529 - INFO - step   1100  train 2.574e-03  val 2.522e-03
2026-02-23 16:31:17,835 - INFO - step   1200  train 2.377e-03  val 2.101e-03
2026-02-23 16:31:18,146 - INFO - step   1300  train 2.307e-03  val 1.759e-03
2026-02-23 16:31:18,444 - INFO - step   1400  train 1.659e-03  val 1.496e-03
2026-02-23 16:31:24,228 - INFO - step   1500  train 1.482e-03  val 1.263e-03
2026-02-23 16:31:24,543 - INFO - step   1600  train 1.453e-03  val 1.041e-03
2026-02-23 16:31:24,840 - INFO - step   1700  train 1.026e-03  val 8.395e-04
2026-02-23 16:31:25,139 - INFO - step   1800  train 8.010e-04  val 6.856e-04
2026-02-23 16:31:25,439 - INFO - step   1900  train 7.350e-04  val 5.717e-04
2026-02-23 16:31:31,990 - INFO - step   2000  train 6.061e-04  val 4.796e-04
2026-02-23 16:31:32,679 - INFO - Done. best_val_loss=4.796e-04
wandb: uploading artifact model; updating run metadata
wandb: uploading artifact model
wandb: uploading media/images/plots/spoke_train_2000_99ced9c65685fb403f61.png; uploading media/images/plots/ring_ro55_Im_2000_e0509bcbf60ff98efb3d.png; uploading media/images/plots/error_map_val_2000_d8fdd8e599605f180477.png; uploading media/images/plots/spoke_val_2000_77524be5f573f1f2bcd0.png; uploading media/images/plots/ring_ro176_Re_2000_c822fa3d02dac290a51c.png (+ 2 more)
wandb: uploading history steps 1999-1999, summary, console lines 21-22
wandb: 
wandb: Run history:
wandb: train/train_loss █▇▅▅▂▂▁▁▁▁▁▁▁▁▁▁▁▁▁▁▁▁▁▁▁▁▁▁▁▁▁▁▁▁▁▁▁▁▁▁
wandb:   train/val_loss █▄▂▂▁▁▁▁▁▁▁▁▁▁▁▁▁▁▁▁▁▁▁▁▁▁▁▁▁▁▁▁▁▁▁▁▁▁▁▁
wandb: 
wandb: Run summary:
wandb:    best_val_loss 0.00048
wandb: final_train_loss 0.00061
wandb:      total_steps 2000
wandb: train/train_loss 0.00061
wandb:   train/val_loss 0.00048
wandb: 
wandb: 🚀 View run nice-lobster-of-reading_nik at: https://wandb.ai/spshenov-university-of-amsterdam/NIK-DCE-MRI/runs/z6iqgo5q
wandb: ⭐️ View project at: https://wandb.ai/spshenov-university-of-amsterdam/NIK-DCE-MRI
wandb: Synced 5 W&B file(s), 67 media file(s), 2 artifact file(s) and 0 other file(s)
wandb: Find logs at: ./runs/20260223_163056_nice-lobster-of-reading_nik/wandb/run-20260223_163056-z6iqgo5q/logs
wandb: Sweep Agent: Waiting for job.
wandb: Job received.
wandb: Agent Starting Run: hfbt02vn with config:
wandb: 	batch_size: 16384
wandb: 	depth: 5
wandb: 	hidden: 128
wandb: 	lr: 3.625338777545692e-05
wandb: 	optimizer: Adam
wandb: 	steps: 3000
wandb: 	w0: 15
2026-02-23 16:31:47,918 - INFO - Run: nice-lobster-of-reading_nik
2026-02-23 16:31:47,919 - INFO - Config: config/training.toml
2026-02-23 16:31:47,919 - INFO - Output: /scratch/rnga/vvpshenov/DCE_NIK/runs/20260223_163147_nice-lobster-of-reading_nik
2026-02-23 16:31:47,919 - INFO -   experiment: {'name': 'NIK DCE-MRI k-space fitting', 'description': 'SIREN implicit neural representation for radial k-space'}
2026-02-23 16:31:47,919 - INFO -   data: {'file': '/scratch/rnga/vvpshenov/XCAT-ERIC/results/simulation_results_20260115T150400.mat', 't_frame': 0, 'coil_idx': 0, 'z_slice_idx': -1, 'val_frac': 0.1}
2026-02-23 16:31:47,919 - INFO -   model: {'hidden': 128, 'depth': 4, 'w0': 15}
2026-02-23 16:31:47,919 - INFO -   training: {'steps': 3000, 'batch_size': 4096, 'optimizer': 'Adam', 'lr': 0.0002, 'grad_clip': 1.0, 'eval_every': 50, 'seed': 0, 'plot': {'plot_every': 500, 'log_scale': True}}
2026-02-23 16:31:47,919 - INFO -   output: {'base_path': '/scratch/rnga/vvpshenov/DCE_NIK/runs'}
2026-02-23 16:31:47,919 - INFO -   logging: {'level': 'INFO', 'console_every': 100}
2026-02-23 16:31:47,919 - INFO -   wandb: {'watch_interval': 0}
2026-02-23 16:31:47,919 - INFO -   sweep: {'entity': 'spshenov-university-of-amsterdam', 'project': 'NIK-DCE-MRI', 'method': 'bayes', 'metric': {'name': 'best_val_loss', 'goal': 'minimize'}, 'parameters': {'hidden': {'values': [64, 128, 256]}, 'depth': {'values': [3, 4, 5, 7]}, 'w0': {'values': [10, 15, 30]}, 'optimizer': {'values': ['Adam', 'AdamW', 'SGD']}, 'lr': {'distribution': 'log_uniform_values', 'min': 1e-05, 'max': 0.01}, 'batch_size': {'values': [2048, 4096, 8192, 16384]}, 'steps': {'values': [2000, 3000, 5000, 8000]}}}
wandb: [wandb.login()] Loaded credentials for https://api.wandb.ai from /home/rnga/vvpshenov/.netrc.
wandb: setting up run hfbt02vn
wandb: Tracking run with wandb version 0.25.0
wandb: Run data is saved locally in /scratch/rnga/vvpshenov/DCE_NIK/runs/20260223_163147_nice-lobster-of-reading_nik/wandb/run-20260223_163148-hfbt02vn
wandb: Run `wandb offline` to turn off syncing.
wandb: Syncing run nice-lobster-of-reading_nik
wandb: ⭐️ View project at https://wandb.ai/spshenov-university-of-amsterdam/NIK-DCE-MRI
wandb: 🧹 View sweep at https://wandb.ai/spshenov-university-of-amsterdam/NIK-DCE-MRI/sweeps/73254n6n
wandb: 🚀 View run at https://wandb.ai/spshenov-university-of-amsterdam/NIK-DCE-MRI/runs/hfbt02vn
2026-02-23 16:31:49,352 - INFO - Model: hidden=128, depth=5, w0=15.0, params=50178
2026-02-23 16:31:49,353 - INFO - Training for 3000 steps, optimizer=Adam, lr=3.625338777545692e-05
2026-02-23 16:31:56,502 - INFO - step    100  train 2.668e-02  val 2.882e-02
2026-02-23 16:31:56,964 - INFO - step    200  train 1.242e-02  val 1.079e-02
2026-02-23 16:31:57,392 - INFO - step    300  train 7.121e-03  val 6.221e-03
2026-02-23 16:31:57,825 - INFO - step    400  train 4.688e-03  val 4.077e-03
2026-02-23 16:32:04,349 - INFO - step    500  train 3.139e-03  val 2.989e-03
2026-02-23 16:32:04,773 - INFO - step    600  train 2.598e-03  val 2.334e-03
2026-02-23 16:32:05,259 - INFO - step    700  train 1.973e-03  val 1.861e-03
2026-02-23 16:32:05,716 - INFO - step    800  train 1.635e-03  val 1.492e-03
2026-02-23 16:32:06,163 - INFO - step    900  train 1.214e-03  val 1.192e-03
2026-02-23 16:32:12,783 - INFO - step   1000  train 1.022e-03  val 9.578e-04
2026-02-23 16:32:13,235 - INFO - step   1100  train 7.841e-04  val 7.745e-04
2026-02-23 16:32:13,682 - INFO - step   1200  train 6.513e-04  val 6.537e-04
2026-02-23 16:32:14,115 - INFO - step   1300  train 5.564e-04  val 5.567e-04
2026-02-23 16:32:14,561 - INFO - step   1400  train 5.028e-04  val 5.029e-04
2026-02-23 16:32:20,382 - INFO - step   1500  train 4.360e-04  val 4.550e-04
2026-02-23 16:32:20,831 - INFO - step   1600  train 4.018e-04  val 4.168e-04
2026-02-23 16:32:21,283 - INFO - step   1700  train 3.585e-04  val 3.904e-04
2026-02-23 16:32:21,737 - INFO - step   1800  train 3.395e-04  val 3.598e-04
2026-02-23 16:32:22,196 - INFO - step   1900  train 3.008e-04  val 3.382e-04
2026-02-23 16:32:28,982 - INFO - step   2000  train 2.925e-04  val 3.162e-04
2026-02-23 16:32:29,442 - INFO - step   2100  train 2.665e-04  val 2.988e-04
2026-02-23 16:32:29,886 - INFO - step   2200  train 2.484e-04  val 2.880e-04
2026-02-23 16:32:30,341 - INFO - step   2300  train 2.304e-04  val 2.785e-04
2026-02-23 16:32:30,793 - INFO - step   2400  train 2.247e-04  val 2.626e-04
2026-02-23 16:32:37,303 - INFO - step   2500  train 2.167e-04  val 2.488e-04
2026-02-23 16:32:37,766 - INFO - step   2600  train 2.119e-04  val 2.350e-04
2026-02-23 16:32:38,209 - INFO - step   2700  train 2.077e-04  val 2.276e-04
2026-02-23 16:32:38,640 - INFO - step   2800  train 1.921e-04  val 2.132e-04
2026-02-23 16:32:39,087 - INFO - step   2900  train 1.751e-04  val 2.047e-04
2026-02-23 16:32:45,742 - INFO - step   3000  train 1.735e-04  val 2.020e-04
2026-02-23 16:32:46,380 - INFO - Done. best_val_loss=2.020e-04
wandb: uploading artifact model; updating run metadata
wandb: uploading artifact model
wandb: uploading media/images/plots/spoke_val_3000_27031ecc46cfc3087ca5.png; uploading media/images/plots/ring_ro55_Mag_3000_6e0337f0a5d96038f065.png; uploading media/images/plots/ring_ro110_Im_3000_b2f3d2b2bec5cba15577.png; uploading media/images/plots/ring_ro110_Mag_3000_83ed11e1da8763944ed2.png; uploading media/images/plots/ring_ro176_Im_3000_12d7d7eb867ac59d521f.png (+ 14 more)
wandb: uploading media/images/plots/error_map_train_3000_2a8b7b595c1e9c8793d1.png
wandb: 
wandb: Run history:
wandb: train/train_loss █▄▃▂▂▂▂▁▁▁▁▁▁▁▁▁▁▁▁▁▁▁▁▁▁▁▁▁▁▁▁▁▁▁▁▁▁▁▁▁
wandb:   train/val_loss █▄▃▂▂▂▂▂▁▁▁▁▁▁▁▁▁▁▁▁▁▁▁▁▁▁▁▁▁▁▁▁▁▁▁▁▁▁▁▁
wandb: 
wandb: Run summary:
wandb:    best_val_loss 0.0002
wandb: final_train_loss 0.00017
wandb:      total_steps 3000
wandb: train/train_loss 0.00017
wandb:   train/val_loss 0.0002
wandb: 
wandb: 🚀 View run nice-lobster-of-reading_nik at: https://wandb.ai/spshenov-university-of-amsterdam/NIK-DCE-MRI/runs/hfbt02vn
wandb: ⭐️ View project at: https://wandb.ai/spshenov-university-of-amsterdam/NIK-DCE-MRI
wandb: Synced 5 W&B file(s), 93 media file(s), 2 artifact file(s) and 0 other file(s)
wandb: Find logs at: ./runs/20260223_163147_nice-lobster-of-reading_nik/wandb/run-20260223_163148-hfbt02vn/logs
wandb: Agent Starting Run: s3kq6zck with config:
wandb: 	batch_size: 16384
wandb: 	depth: 5
wandb: 	hidden: 64
wandb: 	lr: 5.736118129556384e-05
wandb: 	optimizer: SGD
wandb: 	steps: 5000
wandb: 	w0: 30
2026-02-23 16:32:51,916 - INFO - Run: nice-lobster-of-reading_nik
2026-02-23 16:32:51,917 - INFO - Config: config/training.toml
2026-02-23 16:32:51,917 - INFO - Output: /scratch/rnga/vvpshenov/DCE_NIK/runs/20260223_163251_nice-lobster-of-reading_nik
2026-02-23 16:32:51,917 - INFO -   experiment: {'name': 'NIK DCE-MRI k-space fitting', 'description': 'SIREN implicit neural representation for radial k-space'}
2026-02-23 16:32:51,917 - INFO -   data: {'file': '/scratch/rnga/vvpshenov/XCAT-ERIC/results/simulation_results_20260115T150400.mat', 't_frame': 0, 'coil_idx': 0, 'z_slice_idx': -1, 'val_frac': 0.1}
2026-02-23 16:32:51,917 - INFO -   model: {'hidden': 128, 'depth': 4, 'w0': 15}
2026-02-23 16:32:51,917 - INFO -   training: {'steps': 3000, 'batch_size': 4096, 'optimizer': 'Adam', 'lr': 0.0002, 'grad_clip': 1.0, 'eval_every': 50, 'seed': 0, 'plot': {'plot_every': 500, 'log_scale': True}}
2026-02-23 16:32:51,917 - INFO -   output: {'base_path': '/scratch/rnga/vvpshenov/DCE_NIK/runs'}
2026-02-23 16:32:51,917 - INFO -   logging: {'level': 'INFO', 'console_every': 100}
2026-02-23 16:32:51,917 - INFO -   wandb: {'watch_interval': 0}
2026-02-23 16:32:51,917 - INFO -   sweep: {'entity': 'spshenov-university-of-amsterdam', 'project': 'NIK-DCE-MRI', 'method': 'bayes', 'metric': {'name': 'best_val_loss', 'goal': 'minimize'}, 'parameters': {'hidden': {'values': [64, 128, 256]}, 'depth': {'values': [3, 4, 5, 7]}, 'w0': {'values': [10, 15, 30]}, 'optimizer': {'values': ['Adam', 'AdamW', 'SGD']}, 'lr': {'distribution': 'log_uniform_values', 'min': 1e-05, 'max': 0.01}, 'batch_size': {'values': [2048, 4096, 8192, 16384]}, 'steps': {'values': [2000, 3000, 5000, 8000]}}}
wandb: [wandb.login()] Loaded credentials for https://api.wandb.ai from /home/rnga/vvpshenov/.netrc.
wandb: setting up run s3kq6zck
wandb: Tracking run with wandb version 0.25.0
wandb: Run data is saved locally in /scratch/rnga/vvpshenov/DCE_NIK/runs/20260223_163251_nice-lobster-of-reading_nik/wandb/run-20260223_163252-s3kq6zck
wandb: Run `wandb offline` to turn off syncing.
wandb: Syncing run nice-lobster-of-reading_nik
wandb: ⭐️ View project at https://wandb.ai/spshenov-university-of-amsterdam/NIK-DCE-MRI
wandb: 🧹 View sweep at https://wandb.ai/spshenov-university-of-amsterdam/NIK-DCE-MRI/sweeps/73254n6n
wandb: 🚀 View run at https://wandb.ai/spshenov-university-of-amsterdam/NIK-DCE-MRI/runs/s3kq6zck
2026-02-23 16:32:53,151 - INFO - Model: hidden=64, depth=5, w0=30.0, params=12802
2026-02-23 16:32:53,152 - INFO - Training for 5000 steps, optimizer=SGD, lr=5.736118129556384e-05
2026-02-23 16:32:59,335 - INFO - step    100  train 1.680e-01  val 1.951e-01
2026-02-23 16:32:59,577 - INFO - step    200  train 1.344e-01  val 1.273e-01
2026-02-23 16:32:59,797 - INFO - step    300  train 1.029e-01  val 9.552e-02
2026-02-23 16:33:00,036 - INFO - step    400  train 8.875e-02  val 8.116e-02
2026-02-23 16:33:05,476 - INFO - step    500  train 6.946e-02  val 7.281e-02
2026-02-23 16:33:05,714 - INFO - step    600  train 7.461e-02  val 6.659e-02
2026-02-23 16:33:05,938 - INFO - step    700  train 6.903e-02  val 6.143e-02
2026-02-23 16:33:06,166 - INFO - step    800  train 6.428e-02  val 5.694e-02
2026-02-23 16:33:06,386 - INFO - step    900  train 5.508e-02  val 5.298e-02
2026-02-23 16:33:11,275 - INFO - step   1000  train 5.037e-02  val 4.939e-02
2026-02-23 16:33:11,500 - INFO - step   1100  train 4.685e-02  val 4.617e-02
2026-02-23 16:33:11,720 - INFO - step   1200  train 4.699e-02  val 4.317e-02
2026-02-23 16:33:11,940 - INFO - step   1300  train 4.477e-02  val 4.046e-02
2026-02-23 16:33:12,159 - INFO - step   1400  train 3.905e-02  val 3.791e-02
2026-02-23 16:33:17,836 - INFO - step   1500  train 3.799e-02  val 3.558e-02
2026-02-23 16:33:18,060 - INFO - step   1600  train 4.242e-02  val 3.340e-02
2026-02-23 16:33:18,274 - INFO - step   1700  train 3.370e-02  val 3.136e-02
2026-02-23 16:33:18,499 - INFO - step   1800  train 3.075e-02  val 2.949e-02
2026-02-23 16:33:18,713 - INFO - step   1900  train 2.827e-02  val 2.772e-02
2026-02-23 16:33:23,618 - INFO - step   2000  train 2.680e-02  val 2.610e-02
2026-02-23 16:33:23,849 - INFO - step   2100  train 2.606e-02  val 2.458e-02
2026-02-23 16:33:24,087 - INFO - step   2200  train 2.351e-02  val 2.314e-02
2026-02-23 16:33:24,314 - INFO - step   2300  train 2.600e-02  val 2.182e-02
2026-02-23 16:33:24,541 - INFO - step   2400  train 2.491e-02  val 2.060e-02
2026-02-23 16:33:29,990 - INFO - step   2500  train 2.070e-02  val 1.945e-02
2026-02-23 16:33:30,214 - INFO - step   2600  train 2.277e-02  val 1.836e-02
2026-02-23 16:33:30,434 - INFO - step   2700  train 1.895e-02  val 1.734e-02
2026-02-23 16:33:30,658 - INFO - step   2800  train 1.888e-02  val 1.639e-02
2026-02-23 16:33:30,880 - INFO - step   2900  train 1.858e-02  val 1.551e-02
2026-02-23 16:33:36,226 - INFO - step   3000  train 1.584e-02  val 1.468e-02
2026-02-23 16:33:36,663 - INFO - step   3100  train 1.326e-02  val 1.391e-02
2026-02-23 16:33:37,105 - INFO - step   3200  train 1.389e-02  val 1.319e-02
2026-02-23 16:33:37,572 - INFO - step   3300  train 1.361e-02  val 1.251e-02
2026-02-23 16:33:38,012 - INFO - step   3400  train 1.443e-02  val 1.189e-02
2026-02-23 16:33:44,581 - INFO - step   3500  train 1.341e-02  val 1.129e-02
2026-02-23 16:33:44,832 - INFO - step   3600  train 1.071e-02  val 1.073e-02
2026-02-23 16:33:45,078 - INFO - step   3700  train 1.092e-02  val 1.022e-02
2026-02-23 16:33:45,332 - INFO - step   3800  train 1.184e-02  val 9.723e-03
2026-02-23 16:33:45,631 - INFO - step   3900  train 1.113e-02  val 9.268e-03
2026-02-23 16:33:51,123 - INFO - step   4000  train 8.496e-03  val 8.841e-03
2026-02-23 16:33:51,384 - INFO - step   4100  train 9.678e-03  val 8.437e-03
2026-02-23 16:33:51,651 - INFO - step   4200  train 1.007e-02  val 8.060e-03
2026-02-23 16:33:51,908 - INFO - step   4300  train 8.436e-03  val 7.700e-03
2026-02-23 16:33:52,177 - INFO - step   4400  train 8.594e-03  val 7.370e-03
2026-02-23 16:33:57,764 - INFO - step   4500  train 7.190e-03  val 7.064e-03
2026-02-23 16:33:58,025 - INFO - step   4600  train 8.070e-03  val 6.770e-03
2026-02-23 16:33:58,273 - INFO - step   4700  train 8.255e-03  val 6.499e-03
2026-02-23 16:33:58,525 - INFO - step   4800  train 7.408e-03  val 6.237e-03
2026-02-23 16:33:58,782 - INFO - step   4900  train 7.100e-03  val 5.994e-03
2026-02-23 16:34:04,075 - INFO - step   5000  train 7.297e-03  val 5.772e-03
2026-02-23 16:34:04,793 - INFO - Done. best_val_loss=5.772e-03
wandb: uploading artifact model; updating run metadata
wandb: uploading artifact model
wandb: uploading media/images/plots/spoke_val_5000_84484ef5e59d60ed07d0.png; uploading media/images/plots/error_map_train_5000_a53541b2ee6b17a0bd62.png
wandb: 
wandb: Run history:
wandb: train/train_loss █▆▄▃▂▂▂▂▂▂▂▂▂▂▂▁▁▁▁▁▁▁▁▁▁▁▁▁▁▁▁▁▁▁▁▁▁▁▁▁
wandb:   train/val_loss █▆▅▄▄▃▃▃▃▃▂▂▂▂▂▂▂▂▂▂▁▁▁▁▁▁▁▁▁▁▁▁▁▁▁▁▁▁▁▁
wandb: 
wandb: Run summary:
wandb:    best_val_loss 0.00577
wandb: final_train_loss 0.0073
wandb:      total_steps 5000
wandb: train/train_loss 0.0073
wandb:   train/val_loss 0.00577
wandb: 
wandb: 🚀 View run nice-lobster-of-reading_nik at: https://wandb.ai/spshenov-university-of-amsterdam/NIK-DCE-MRI/runs/s3kq6zck
wandb: ⭐️ View project at: https://wandb.ai/spshenov-university-of-amsterdam/NIK-DCE-MRI
wandb: Synced 5 W&B file(s), 145 media file(s), 2 artifact file(s) and 0 other file(s)
wandb: Find logs at: ./runs/20260223_163251_nice-lobster-of-reading_nik/wandb/run-20260223_163252-s3kq6zck/logs
wandb: Agent Starting Run: hw59wxqo with config:
wandb: 	batch_size: 16384
wandb: 	depth: 3
wandb: 	hidden: 64
wandb: 	lr: 1.7669818865670383e-05
wandb: 	optimizer: AdamW
wandb: 	steps: 3000
wandb: 	w0: 30
2026-02-23 16:34:11,112 - INFO - Run: nice-lobster-of-reading_nik
2026-02-23 16:34:11,112 - INFO - Config: config/training.toml
2026-02-23 16:34:11,112 - INFO - Output: /scratch/rnga/vvpshenov/DCE_NIK/runs/20260223_163411_nice-lobster-of-reading_nik
2026-02-23 16:34:11,112 - INFO -   experiment: {'name': 'NIK DCE-MRI k-space fitting', 'description': 'SIREN implicit neural representation for radial k-space'}
2026-02-23 16:34:11,112 - INFO -   data: {'file': '/scratch/rnga/vvpshenov/XCAT-ERIC/results/simulation_results_20260115T150400.mat', 't_frame': 0, 'coil_idx': 0, 'z_slice_idx': -1, 'val_frac': 0.1}
2026-02-23 16:34:11,113 - INFO -   model: {'hidden': 128, 'depth': 4, 'w0': 15}
2026-02-23 16:34:11,113 - INFO -   training: {'steps': 3000, 'batch_size': 4096, 'optimizer': 'Adam', 'lr': 0.0002, 'grad_clip': 1.0, 'eval_every': 50, 'seed': 0, 'plot': {'plot_every': 500, 'log_scale': True}}
2026-02-23 16:34:11,113 - INFO -   output: {'base_path': '/scratch/rnga/vvpshenov/DCE_NIK/runs'}
2026-02-23 16:34:11,113 - INFO -   logging: {'level': 'INFO', 'console_every': 100}
2026-02-23 16:34:11,113 - INFO -   wandb: {'watch_interval': 0}
2026-02-23 16:34:11,113 - INFO -   sweep: {'entity': 'spshenov-university-of-amsterdam', 'project': 'NIK-DCE-MRI', 'method': 'bayes', 'metric': {'name': 'best_val_loss', 'goal': 'minimize'}, 'parameters': {'hidden': {'values': [64, 128, 256]}, 'depth': {'values': [3, 4, 5, 7]}, 'w0': {'values': [10, 15, 30]}, 'optimizer': {'values': ['Adam', 'AdamW', 'SGD']}, 'lr': {'distribution': 'log_uniform_values', 'min': 1e-05, 'max': 0.01}, 'batch_size': {'values': [2048, 4096, 8192, 16384]}, 'steps': {'values': [2000, 3000, 5000, 8000]}}}
wandb: [wandb.login()] Loaded credentials for https://api.wandb.ai from /home/rnga/vvpshenov/.netrc.
wandb: Tracking run with wandb version 0.25.0
wandb: Run data is saved locally in /scratch/rnga/vvpshenov/DCE_NIK/runs/20260223_163411_nice-lobster-of-reading_nik/wandb/run-20260223_163411-hw59wxqo
wandb: Run `wandb offline` to turn off syncing.
wandb: Syncing run nice-lobster-of-reading_nik
wandb: ⭐️ View project at https://wandb.ai/spshenov-university-of-amsterdam/NIK-DCE-MRI
wandb: 🧹 View sweep at https://wandb.ai/spshenov-university-of-amsterdam/NIK-DCE-MRI/sweeps/73254n6n
wandb: 🚀 View run at https://wandb.ai/spshenov-university-of-amsterdam/NIK-DCE-MRI/runs/hw59wxqo
2026-02-23 16:34:12,416 - INFO - Model: hidden=64, depth=3, w0=30.0, params=4482
2026-02-23 16:34:12,418 - INFO - Training for 3000 steps, optimizer=AdamW, lr=1.7669818865670383e-05
2026-02-23 16:34:18,597 - INFO - step    100  train 2.086e-01  val 2.440e-01
2026-02-23 16:34:18,822 - INFO - step    200  train 1.830e-01  val 1.766e-01
2026-02-23 16:34:19,031 - INFO - step    300  train 1.367e-01  val 1.306e-01
2026-02-23 16:34:19,236 - INFO - step    400  train 1.156e-01  val 1.078e-01
2026-02-23 16:34:24,457 - INFO - step    500  train 9.045e-02  val 9.395e-02
2026-02-23 16:34:24,665 - INFO - step    600  train 9.256e-02  val 8.440e-02
2026-02-23 16:34:25,023 - INFO - step    700  train 8.510e-02  val 7.690e-02
2026-02-23 16:34:25,349 - INFO - step    800  train 7.889e-02  val 7.080e-02
2026-02-23 16:34:25,736 - INFO - step    900  train 6.777e-02  val 6.562e-02
2026-02-23 16:34:30,994 - INFO - step   1000  train 6.225e-02  val 6.108e-02
2026-02-23 16:34:31,229 - INFO - step   1100  train 5.842e-02  val 5.703e-02
2026-02-23 16:34:31,596 - INFO - step   1200  train 5.745e-02  val 5.336e-02
2026-02-23 16:34:31,942 - INFO - step   1300  train 5.436e-02  val 4.995e-02
2026-02-23 16:34:32,292 - INFO - step   1400  train 4.844e-02  val 4.686e-02
2026-02-23 16:34:38,610 - INFO - step   1500  train 4.668e-02  val 4.399e-02
2026-02-23 16:34:38,956 - INFO - step   1600  train 5.045e-02  val 4.139e-02
2026-02-23 16:34:39,290 - INFO - step   1700  train 4.094e-02  val 3.879e-02
2026-02-23 16:34:39,620 - INFO - step   1800  train 3.819e-02  val 3.653e-02
2026-02-23 16:34:39,957 - INFO - step   1900  train 3.431e-02  val 3.440e-02
2026-02-23 16:34:46,381 - INFO - step   2000  train 3.271e-02  val 3.242e-02
2026-02-23 16:34:46,736 - INFO - step   2100  train 3.180e-02  val 3.067e-02
2026-02-23 16:34:47,075 - INFO - step   2200  train 2.920e-02  val 2.897e-02
2026-02-23 16:34:47,421 - INFO - step   2300  train 3.060e-02  val 2.730e-02
2026-02-23 16:34:47,756 - INFO - step   2400  train 2.997e-02  val 2.581e-02
2026-02-23 16:34:54,233 - INFO - step   2500  train 2.518e-02  val 2.438e-02
2026-02-23 16:34:54,571 - INFO - step   2600  train 2.644e-02  val 2.300e-02
2026-02-23 16:34:54,902 - INFO - step   2700  train 2.296e-02  val 2.171e-02
2026-02-23 16:34:55,236 - INFO - step   2800  train 2.178e-02  val 2.053e-02
2026-02-23 16:34:55,572 - INFO - step   2900  train 2.149e-02  val 1.939e-02
2026-02-23 16:35:02,250 - INFO - step   3000  train 1.883e-02  val 1.834e-02
2026-02-23 16:35:02,904 - INFO - Done. best_val_loss=1.834e-02
wandb: uploading artifact model; updating run metadata
wandb: uploading artifact model
wandb: uploading media/images/plots/error_map_val_3000_62b2607917eef86907fc.png; uploading output.log; uploading media/images/plots/spoke_train_3000_875e340340aeb6c96083.png; uploading media/images/plots/spoke_val_3000_a8e6623bc450ffc1467b.png; uploading media/images/plots/ring_ro55_Re_3000_0151dad799564930894e.png (+ 13 more)
wandb: uploading media/images/plots/error_map_train_3000_95668c9f00e8e5b36e0d.png; uploading media/images/plots/ring_ro176_Re_3000_56fb7852c95b1f15176f.png
wandb: uploading history steps 2999-2999, summary, console lines 31-32
wandb: 
wandb: Run history:
wandb: train/train_loss █▆▆▄▃▃▂▂▂▂▂▂▂▂▂▂▂▂▂▂▁▁▁▁▁▁▁▁▁▁▁▁▁▁▁▁▁▁▁▁
wandb:   train/val_loss █▇▆▅▄▃▃▃▃▃▂▂▂▂▂▂▂▂▂▂▂▂▂▁▁▁▁▁▁▁▁▁▁▁▁▁▁▁▁▁
wandb: 
wandb: Run summary:
wandb:    best_val_loss 0.01834
wandb: final_train_loss 0.01883
wandb:      total_steps 3000
wandb: train/train_loss 0.01883
wandb:   train/val_loss 0.01834
wandb: 
wandb: 🚀 View run nice-lobster-of-reading_nik at: https://wandb.ai/spshenov-university-of-amsterdam/NIK-DCE-MRI/runs/hw59wxqo
wandb: ⭐️ View project at: https://wandb.ai/spshenov-university-of-amsterdam/NIK-DCE-MRI
wandb: Synced 5 W&B file(s), 93 media file(s), 2 artifact file(s) and 0 other file(s)
wandb: Find logs at: ./runs/20260223_163411_nice-lobster-of-reading_nik/wandb/run-20260223_163411-hw59wxqo/logs
wandb: Agent Starting Run: bieufsyc with config:
wandb: 	batch_size: 16384
wandb: 	depth: 4
wandb: 	hidden: 64
wandb: 	lr: 1.556513162604084e-05
wandb: 	optimizer: Adam
wandb: 	steps: 8000
wandb: 	w0: 30
2026-02-23 16:35:09,182 - INFO - Run: nice-lobster-of-reading_nik
2026-02-23 16:35:09,182 - INFO - Config: config/training.toml
2026-02-23 16:35:09,182 - INFO - Output: /scratch/rnga/vvpshenov/DCE_NIK/runs/20260223_163509_nice-lobster-of-reading_nik
2026-02-23 16:35:09,182 - INFO -   experiment: {'name': 'NIK DCE-MRI k-space fitting', 'description': 'SIREN implicit neural representation for radial k-space'}
2026-02-23 16:35:09,182 - INFO -   data: {'file': '/scratch/rnga/vvpshenov/XCAT-ERIC/results/simulation_results_20260115T150400.mat', 't_frame': 0, 'coil_idx': 0, 'z_slice_idx': -1, 'val_frac': 0.1}
2026-02-23 16:35:09,182 - INFO -   model: {'hidden': 128, 'depth': 4, 'w0': 15}
2026-02-23 16:35:09,182 - INFO -   training: {'steps': 3000, 'batch_size': 4096, 'optimizer': 'Adam', 'lr': 0.0002, 'grad_clip': 1.0, 'eval_every': 50, 'seed': 0, 'plot': {'plot_every': 500, 'log_scale': True}}
2026-02-23 16:35:09,182 - INFO -   output: {'base_path': '/scratch/rnga/vvpshenov/DCE_NIK/runs'}
2026-02-23 16:35:09,182 - INFO -   logging: {'level': 'INFO', 'console_every': 100}
2026-02-23 16:35:09,182 - INFO -   wandb: {'watch_interval': 0}
2026-02-23 16:35:09,182 - INFO -   sweep: {'entity': 'spshenov-university-of-amsterdam', 'project': 'NIK-DCE-MRI', 'method': 'bayes', 'metric': {'name': 'best_val_loss', 'goal': 'minimize'}, 'parameters': {'hidden': {'values': [64, 128, 256]}, 'depth': {'values': [3, 4, 5, 7]}, 'w0': {'values': [10, 15, 30]}, 'optimizer': {'values': ['Adam', 'AdamW', 'SGD']}, 'lr': {'distribution': 'log_uniform_values', 'min': 1e-05, 'max': 0.01}, 'batch_size': {'values': [2048, 4096, 8192, 16384]}, 'steps': {'values': [2000, 3000, 5000, 8000]}}}
wandb: [wandb.login()] Loaded credentials for https://api.wandb.ai from /home/rnga/vvpshenov/.netrc.
wandb: setting up run bieufsyc
wandb: Tracking run with wandb version 0.25.0
wandb: Run data is saved locally in /scratch/rnga/vvpshenov/DCE_NIK/runs/20260223_163509_nice-lobster-of-reading_nik/wandb/run-20260223_163509-bieufsyc
wandb: Run `wandb offline` to turn off syncing.
wandb: Syncing run nice-lobster-of-reading_nik
wandb: ⭐️ View project at https://wandb.ai/spshenov-university-of-amsterdam/NIK-DCE-MRI
wandb: 🧹 View sweep at https://wandb.ai/spshenov-university-of-amsterdam/NIK-DCE-MRI/sweeps/73254n6n
wandb: 🚀 View run at https://wandb.ai/spshenov-university-of-amsterdam/NIK-DCE-MRI/runs/bieufsyc
2026-02-23 16:35:10,431 - INFO - Model: hidden=64, depth=4, w0=30.0, params=8642
2026-02-23 16:35:10,433 - INFO - Training for 8000 steps, optimizer=Adam, lr=1.556513162604084e-05
2026-02-23 16:35:17,078 - INFO - step    100  train 1.890e-01  val 2.206e-01
2026-02-23 16:35:17,460 - INFO - step    200  train 1.282e-01  val 1.199e-01
2026-02-23 16:35:17,840 - INFO - step    300  train 9.449e-02  val 8.912e-02
2026-02-23 16:35:18,217 - INFO - step    400  train 7.868e-02  val 7.219e-02
2026-02-23 16:35:24,400 - INFO - step    500  train 5.853e-02  val 6.146e-02
2026-02-23 16:35:24,789 - INFO - step    600  train 6.129e-02  val 5.468e-02
2026-02-23 16:35:25,170 - INFO - step    700  train 5.550e-02  val 4.949e-02
2026-02-23 16:35:25,545 - INFO - step    800  train 5.123e-02  val 4.527e-02
2026-02-23 16:35:25,920 - INFO - step    900  train 4.323e-02  val 4.177e-02
2026-02-23 16:35:32,828 - INFO - step   1000  train 3.920e-02  val 3.863e-02
2026-02-23 16:35:33,220 - INFO - step   1100  train 3.598e-02  val 3.586e-02
2026-02-23 16:35:33,594 - INFO - step   1200  train 3.604e-02  val 3.326e-02
2026-02-23 16:35:33,978 - INFO - step   1300  train 3.414e-02  val 3.091e-02
2026-02-23 16:35:34,356 - INFO - step   1400  train 2.937e-02  val 2.868e-02
2026-02-23 16:35:40,544 - INFO - step   1500  train 2.825e-02  val 2.659e-02
2026-02-23 16:35:40,911 - INFO - step   1600  train 3.157e-02  val 2.465e-02
2026-02-23 16:35:41,267 - INFO - step   1700  train 2.461e-02  val 2.281e-02
2026-02-23 16:35:41,633 - INFO - step   1800  train 2.183e-02  val 2.113e-02
2026-02-23 16:35:41,994 - INFO - step   1900  train 1.998e-02  val 1.952e-02
2026-02-23 16:35:49,004 - INFO - step   2000  train 1.846e-02  val 1.805e-02
2026-02-23 16:35:49,376 - INFO - step   2100  train 1.753e-02  val 1.664e-02
2026-02-23 16:35:49,753 - INFO - step   2200  train 1.549e-02  val 1.533e-02
2026-02-23 16:35:50,129 - INFO - step   2300  train 1.711e-02  val 1.413e-02
2026-02-23 16:35:50,507 - INFO - step   2400  train 1.595e-02  val 1.301e-02
2026-02-23 16:35:57,234 - INFO - step   2500  train 1.285e-02  val 1.195e-02
2026-02-23 16:35:57,619 - INFO - step   2600  train 1.388e-02  val 1.098e-02
2026-02-23 16:35:58,017 - INFO - step   2700  train 1.109e-02  val 1.006e-02
2026-02-23 16:35:58,414 - INFO - step   2800  train 1.094e-02  val 9.204e-03
2026-02-23 16:35:58,810 - INFO - step   2900  train 1.039e-02  val 8.433e-03
2026-02-23 16:36:05,657 - INFO - step   3000  train 8.428e-03  val 7.710e-03
2026-02-23 16:36:06,027 - INFO - step   3100  train 6.674e-03  val 7.046e-03
2026-02-23 16:36:06,405 - INFO - step   3200  train 6.794e-03  val 6.441e-03
2026-02-23 16:36:06,780 - INFO - step   3300  train 6.377e-03  val 5.891e-03
2026-02-23 16:36:07,145 - INFO - step   3400  train 6.698e-03  val 5.374e-03
2026-02-23 16:36:13,903 - INFO - step   3500  train 6.042e-03  val 4.917e-03
2026-02-23 16:36:14,263 - INFO - step   3600  train 4.497e-03  val 4.495e-03
2026-02-23 16:36:14,615 - INFO - step   3700  train 4.490e-03  val 4.120e-03
2026-02-23 16:36:14,988 - INFO - step   3800  train 4.687e-03  val 3.761e-03
2026-02-23 16:36:15,338 - INFO - step   3900  train 4.293e-03  val 3.460e-03
2026-02-23 16:36:21,658 - INFO - step   4000  train 3.068e-03  val 3.177e-03
2026-02-23 16:36:22,036 - INFO - step   4100  train 3.471e-03  val 2.939e-03
2026-02-23 16:36:22,410 - INFO - step   4200  train 3.510e-03  val 2.714e-03
2026-02-23 16:36:22,773 - INFO - step   4300  train 2.791e-03  val 2.520e-03
2026-02-23 16:36:23,148 - INFO - step   4400  train 2.745e-03  val 2.347e-03
2026-02-23 16:36:29,677 - INFO - step   4500  train 2.205e-03  val 2.196e-03
2026-02-23 16:36:30,057 - INFO - step   4600  train 2.346e-03  val 2.061e-03
2026-02-23 16:36:30,441 - INFO - step   4700  train 2.475e-03  val 1.940e-03
2026-02-23 16:36:30,810 - INFO - step   4800  train 2.100e-03  val 1.825e-03
2026-02-23 16:36:31,183 - INFO - step   4900  train 2.038e-03  val 1.734e-03
2026-02-23 16:36:37,402 - INFO - step   5000  train 2.001e-03  val 1.638e-03
2026-02-23 16:36:37,769 - INFO - step   5100  train 1.655e-03  val 1.558e-03
2026-02-23 16:36:38,152 - INFO - step   5200  train 1.527e-03  val 1.484e-03
2026-02-23 16:36:38,558 - INFO - step   5300  train 1.661e-03  val 1.407e-03
2026-02-23 16:36:38,949 - INFO - step   5400  train 1.495e-03  val 1.357e-03
2026-02-23 16:36:45,263 - INFO - step   5500  train 1.225e-03  val 1.289e-03
2026-02-23 16:36:45,621 - INFO - step   5600  train 1.263e-03  val 1.235e-03
2026-02-23 16:36:45,974 - INFO - step   5700  train 1.243e-03  val 1.185e-03
2026-02-23 16:36:46,326 - INFO - step   5800  train 1.302e-03  val 1.142e-03
2026-02-23 16:36:46,675 - INFO - step   5900  train 1.124e-03  val 1.095e-03
2026-02-23 16:36:52,591 - INFO - step   6000  train 1.150e-03  val 1.055e-03
2026-02-23 16:36:52,945 - INFO - step   6100  train 1.137e-03  val 1.018e-03
2026-02-23 16:36:53,305 - INFO - step   6200  train 1.017e-03  val 9.882e-04
2026-02-23 16:36:53,674 - INFO - step   6300  train 1.002e-03  val 9.489e-04
2026-02-23 16:36:54,032 - INFO - step   6400  train 9.929e-04  val 9.239e-04
2026-02-23 16:36:59,428 - INFO - step   6500  train 8.924e-04  val 8.849e-04
2026-02-23 16:36:59,785 - INFO - step   6600  train 9.171e-04  val 8.642e-04
2026-02-23 16:37:00,161 - INFO - step   6700  train 8.271e-04  val 8.370e-04
2026-02-23 16:37:00,539 - INFO - step   6800  train 8.506e-04  val 8.113e-04
2026-02-23 16:37:00,910 - INFO - step   6900  train 8.101e-04  val 7.994e-04
2026-02-23 16:37:07,193 - INFO - step   7000  train 7.950e-04  val 7.728e-04
2026-02-23 16:37:07,573 - INFO - step   7100  train 7.418e-04  val 7.569e-04
2026-02-23 16:37:07,936 - INFO - step   7200  train 7.384e-04  val 7.372e-04
2026-02-23 16:37:08,299 - INFO - step   7300  train 7.212e-04  val 7.219e-04
2026-02-23 16:37:08,657 - INFO - step   7400  train 7.438e-04  val 7.085e-04
2026-02-23 16:37:15,086 - INFO - step   7500  train 7.106e-04  val 6.975e-04
2026-02-23 16:37:15,500 - INFO - step   7600  train 6.684e-04  val 6.800e-04
2026-02-23 16:37:15,905 - INFO - step   7700  train 6.437e-04  val 6.686e-04
2026-02-23 16:37:16,300 - INFO - step   7800  train 6.432e-04  val 6.589e-04
2026-02-23 16:37:16,691 - INFO - step   7900  train 6.395e-04  val 6.463e-04
2026-02-23 16:37:23,337 - INFO - step   8000  train 6.266e-04  val 6.418e-04
2026-02-23 16:37:23,917 - INFO - Done. best_val_loss=6.418e-04
wandb: uploading artifact model; updating run metadata
wandb: uploading artifact model
wandb: uploading media/images/plots/error_map_train_8000_fde842f2bd75e4221a87.png; uploading media/images/plots/spoke_train_8000_e2dbcf4190bffecc0e06.png; uploading media/images/plots/ring_ro176_Re_8000_c0c1479aa61892f03698.png; uploading media/images/plots/ring_ro55_Re_8000_67de1e4ef8fafd8fd917.png; uploading media/images/plots/error_map_val_8000_ea021de7c1e22bcc7197.png (+ 2 more)
wandb: 
wandb: Run history:
wandb: train/train_loss █▅▂▂▂▂▂▂▂▂▁▁▁▁▁▁▁▁▁▁▁▁▁▁▁▁▁▁▁▁▁▁▁▁▁▁▁▁▁▁
wandb:   train/val_loss █▄▃▃▂▂▂▂▂▂▂▁▁▁▁▁▁▁▁▁▁▁▁▁▁▁▁▁▁▁▁▁▁▁▁▁▁▁▁▁
wandb: 
wandb: Run summary:
wandb:    best_val_loss 0.00064
wandb: final_train_loss 0.00063
wandb:      total_steps 8000
wandb: train/train_loss 0.00063
wandb:   train/val_loss 0.00064
wandb: 
wandb: 🚀 View run nice-lobster-of-reading_nik at: https://wandb.ai/spshenov-university-of-amsterdam/NIK-DCE-MRI/runs/bieufsyc
wandb: ⭐️ View project at: https://wandb.ai/spshenov-university-of-amsterdam/NIK-DCE-MRI
wandb: Synced 5 W&B file(s), 223 media file(s), 2 artifact file(s) and 0 other file(s)
wandb: Find logs at: ./runs/20260223_163509_nice-lobster-of-reading_nik/wandb/run-20260223_163509-bieufsyc/logs
wandb: Agent Starting Run: q6hvh4yq with config:
wandb: 	batch_size: 16384
wandb: 	depth: 4
wandb: 	hidden: 128
wandb: 	lr: 4.315717166757239e-05
wandb: 	optimizer: Adam
wandb: 	steps: 5000
wandb: 	w0: 30
2026-02-23 16:37:30,886 - INFO - Run: nice-lobster-of-reading_nik
2026-02-23 16:37:30,886 - INFO - Config: config/training.toml
2026-02-23 16:37:30,886 - INFO - Output: /scratch/rnga/vvpshenov/DCE_NIK/runs/20260223_163730_nice-lobster-of-reading_nik
2026-02-23 16:37:30,886 - INFO -   experiment: {'name': 'NIK DCE-MRI k-space fitting', 'description': 'SIREN implicit neural representation for radial k-space'}
2026-02-23 16:37:30,886 - INFO -   data: {'file': '/scratch/rnga/vvpshenov/XCAT-ERIC/results/simulation_results_20260115T150400.mat', 't_frame': 0, 'coil_idx': 0, 'z_slice_idx': -1, 'val_frac': 0.1}
2026-02-23 16:37:30,886 - INFO -   model: {'hidden': 128, 'depth': 4, 'w0': 15}
2026-02-23 16:37:30,886 - INFO -   training: {'steps': 3000, 'batch_size': 4096, 'optimizer': 'Adam', 'lr': 0.0002, 'grad_clip': 1.0, 'eval_every': 50, 'seed': 0, 'plot': {'plot_every': 500, 'log_scale': True}}
2026-02-23 16:37:30,886 - INFO -   output: {'base_path': '/scratch/rnga/vvpshenov/DCE_NIK/runs'}
2026-02-23 16:37:30,886 - INFO -   logging: {'level': 'INFO', 'console_every': 100}
2026-02-23 16:37:30,886 - INFO -   wandb: {'watch_interval': 0}
2026-02-23 16:37:30,886 - INFO -   sweep: {'entity': 'spshenov-university-of-amsterdam', 'project': 'NIK-DCE-MRI', 'method': 'bayes', 'metric': {'name': 'best_val_loss', 'goal': 'minimize'}, 'parameters': {'hidden': {'values': [64, 128, 256]}, 'depth': {'values': [3, 4, 5, 7]}, 'w0': {'values': [10, 15, 30]}, 'optimizer': {'values': ['Adam', 'AdamW', 'SGD']}, 'lr': {'distribution': 'log_uniform_values', 'min': 1e-05, 'max': 0.01}, 'batch_size': {'values': [2048, 4096, 8192, 16384]}, 'steps': {'values': [2000, 3000, 5000, 8000]}}}
wandb: [wandb.login()] Loaded credentials for https://api.wandb.ai from /home/rnga/vvpshenov/.netrc.
wandb: setting up run q6hvh4yq
wandb: Tracking run with wandb version 0.25.0
wandb: Run data is saved locally in /scratch/rnga/vvpshenov/DCE_NIK/runs/20260223_163730_nice-lobster-of-reading_nik/wandb/run-20260223_163731-q6hvh4yq
wandb: Run `wandb offline` to turn off syncing.
wandb: Syncing run nice-lobster-of-reading_nik
wandb: ⭐️ View project at https://wandb.ai/spshenov-university-of-amsterdam/NIK-DCE-MRI
wandb: 🧹 View sweep at https://wandb.ai/spshenov-university-of-amsterdam/NIK-DCE-MRI/sweeps/73254n6n
wandb: 🚀 View run at https://wandb.ai/spshenov-university-of-amsterdam/NIK-DCE-MRI/runs/q6hvh4yq
2026-02-23 16:37:32,140 - INFO - Model: hidden=128, depth=4, w0=30.0, params=33666
2026-02-23 16:37:32,142 - INFO - Training for 5000 steps, optimizer=Adam, lr=4.315717166757239e-05
2026-02-23 16:37:39,315 - INFO - step    100  train 1.575e-02  val 1.596e-02
2026-02-23 16:37:39,685 - INFO - step    200  train 5.184e-03  val 4.457e-03
2026-02-23 16:37:40,090 - INFO - step    300  train 2.316e-03  val 2.023e-03
2026-02-23 16:37:40,507 - INFO - step    400  train 1.343e-03  val 1.172e-03
2026-02-23 16:37:47,585 - INFO - step    500  train 7.921e-04  val 7.828e-04
2026-02-23 16:37:47,969 - INFO - step    600  train 5.628e-04  val 5.646e-04
2026-02-23 16:37:48,363 - INFO - step    700  train 4.075e-04  val 4.158e-04
2026-02-23 16:37:48,758 - INFO - step    800  train 3.185e-04  val 3.240e-04
2026-02-23 16:37:49,163 - INFO - step    900  train 2.613e-04  val 2.651e-04
2026-02-23 16:37:56,199 - INFO - step   1000  train 2.065e-04  val 2.300e-04
2026-02-23 16:37:56,613 - INFO - step   1100  train 1.787e-04  val 1.960e-04
2026-02-23 16:37:57,007 - INFO - step   1200  train 1.465e-04  val 1.712e-04
2026-02-23 16:37:57,397 - INFO - step   1300  train 1.328e-04  val 1.520e-04
2026-02-23 16:37:57,773 - INFO - step   1400  train 1.212e-04  val 1.389e-04
2026-02-23 16:38:04,724 - INFO - step   1500  train 1.075e-04  val 1.242e-04
2026-02-23 16:38:05,090 - INFO - step   1600  train 9.678e-05  val 1.130e-04
2026-02-23 16:38:05,469 - INFO - step   1700  train 8.923e-05  val 1.038e-04
2026-02-23 16:38:05,825 - INFO - step   1800  train 7.984e-05  val 9.050e-05
2026-02-23 16:38:06,171 - INFO - step   1900  train 7.256e-05  val 9.156e-05
2026-02-23 16:38:11,881 - INFO - step   2000  train 6.645e-05  val 7.825e-05
2026-02-23 16:38:12,146 - INFO - step   2100  train 6.261e-05  val 7.505e-05
2026-02-23 16:38:12,516 - INFO - step   2200  train 5.610e-05  val 6.786e-05
2026-02-23 16:38:12,889 - INFO - step   2300  train 5.214e-05  val 6.550e-05
2026-02-23 16:38:13,291 - INFO - step   2400  train 5.330e-05  val 6.263e-05
2026-02-23 16:38:19,973 - INFO - step   2500  train 4.776e-05  val 5.622e-05
2026-02-23 16:38:20,352 - INFO - step   2600  train 4.594e-05  val 5.654e-05
2026-02-23 16:38:20,741 - INFO - step   2700  train 4.174e-05  val 5.038e-05
2026-02-23 16:38:21,123 - INFO - step   2800  train 3.460e-05  val 4.357e-05
2026-02-23 16:38:21,514 - INFO - step   2900  train 3.315e-05  val 4.067e-05
2026-02-23 16:38:27,362 - INFO - step   3000  train 3.078e-05  val 3.891e-05
2026-02-23 16:38:27,671 - INFO - step   3100  train 4.193e-05  val 4.428e-05
2026-02-23 16:38:27,948 - INFO - step   3200  train 2.999e-05  val 3.902e-05
2026-02-23 16:38:28,202 - INFO - step   3300  train 2.815e-05  val 3.710e-05
2026-02-23 16:38:28,540 - INFO - step   3400  train 3.035e-05  val 3.491e-05
2026-02-23 16:38:35,081 - INFO - step   3500  train 2.440e-05  val 3.065e-05
2026-02-23 16:38:35,432 - INFO - step   3600  train 2.692e-05  val 3.273e-05
2026-02-23 16:38:35,782 - INFO - step   3700  train 2.281e-05  val 2.916e-05
2026-02-23 16:38:36,148 - INFO - step   3800  train 2.252e-05  val 3.071e-05
2026-02-23 16:38:36,499 - INFO - step   3900  train 2.045e-05  val 2.615e-05
2026-02-23 16:38:43,028 - INFO - step   4000  train 3.667e-05  val 4.447e-05
2026-02-23 16:38:43,391 - INFO - step   4100  train 1.868e-05  val 2.305e-05
2026-02-23 16:38:43,751 - INFO - step   4200  train 4.411e-05  val 4.994e-05
2026-02-23 16:38:44,114 - INFO - step   4300  train 1.519e-05  val 2.061e-05
2026-02-23 16:38:44,494 - INFO - step   4400  train 1.548e-05  val 2.166e-05
2026-02-23 16:38:50,677 - INFO - step   4500  train 2.153e-05  val 2.457e-05
2026-02-23 16:38:51,044 - INFO - step   4600  train 1.625e-05  val 2.018e-05
2026-02-23 16:38:51,409 - INFO - step   4700  train 1.683e-05  val 2.055e-05
2026-02-23 16:38:51,767 - INFO - step   4800  train 1.291e-05  val 1.752e-05
2026-02-23 16:38:52,131 - INFO - step   4900  train 1.718e-05  val 2.177e-05
2026-02-23 16:38:58,561 - INFO - step   5000  train 1.579e-05  val 2.039e-05
2026-02-23 16:38:59,181 - INFO - Done. best_val_loss=1.752e-05
wandb: uploading artifact model; updating run metadata
wandb: uploading artifact model
wandb: uploading artifact model; uploading history steps 4499-4999, summary, console lines 46-52
wandb: uploading artifact model
wandb: uploading media/images/plots/spoke_val_5000_9e7b58f53ef330f6f70a.png; uploading media/images/plots/ring_ro55_Re_5000_b0357e61d212b952d8fd.png; uploading media/images/plots/ring_ro55_Mag_5000_a30ea391751164fc8ea8.png; uploading media/images/plots/ring_ro176_Mag_5000_3e8b94f8ec5a57918581.png; uploading media/images/plots/error_map_val_5000_c52721008006590f28f8.png (+ 5 more)
wandb: uploading data
wandb: 
wandb: Run history:
wandb: train/train_loss █▂▁▁▁▁▁▁▁▁▁▁▁▁▁▁▁▁▁▁▁▁▁▁▁▁▁▁▁▁▁▁▁▁▁▁▁▁▁▁
wandb:   train/val_loss █▂▁▁▁▁▁▁▁▁▁▁▁▁▁▁▁▁▁▁▁▁▁▁▁▁▁▁▁▁▁▁▁▁▁▁▁▁▁▁
wandb: 
wandb: Run summary:
wandb:    best_val_loss 2e-05
wandb: final_train_loss 2e-05
wandb:      total_steps 5000
wandb: train/train_loss 2e-05
wandb:   train/val_loss 2e-05
wandb: 
wandb: 🚀 View run nice-lobster-of-reading_nik at: https://wandb.ai/spshenov-university-of-amsterdam/NIK-DCE-MRI/runs/q6hvh4yq
wandb: ⭐️ View project at: https://wandb.ai/spshenov-university-of-amsterdam/NIK-DCE-MRI
wandb: Synced 5 W&B file(s), 145 media file(s), 2 artifact file(s) and 0 other file(s)
wandb: Find logs at: ./runs/20260223_163730_nice-lobster-of-reading_nik/wandb/run-20260223_163731-q6hvh4yq/logs
wandb: Agent Starting Run: q0mlem2d with config:
wandb: 	batch_size: 16384
wandb: 	depth: 7
wandb: 	hidden: 128
wandb: 	lr: 0.00018368413293553328
wandb: 	optimizer: SGD
wandb: 	steps: 8000
wandb: 	w0: 30
2026-02-23 16:39:06,024 - INFO - Run: nice-lobster-of-reading_nik
2026-02-23 16:39:06,024 - INFO - Config: config/training.toml
2026-02-23 16:39:06,024 - INFO - Output: /scratch/rnga/vvpshenov/DCE_NIK/runs/20260223_163906_nice-lobster-of-reading_nik
2026-02-23 16:39:06,024 - INFO -   experiment: {'name': 'NIK DCE-MRI k-space fitting', 'description': 'SIREN implicit neural representation for radial k-space'}
2026-02-23 16:39:06,024 - INFO -   data: {'file': '/scratch/rnga/vvpshenov/XCAT-ERIC/results/simulation_results_20260115T150400.mat', 't_frame': 0, 'coil_idx': 0, 'z_slice_idx': -1, 'val_frac': 0.1}
2026-02-23 16:39:06,024 - INFO -   model: {'hidden': 128, 'depth': 4, 'w0': 15}
2026-02-23 16:39:06,024 - INFO -   training: {'steps': 3000, 'batch_size': 4096, 'optimizer': 'Adam', 'lr': 0.0002, 'grad_clip': 1.0, 'eval_every': 50, 'seed': 0, 'plot': {'plot_every': 500, 'log_scale': True}}
2026-02-23 16:39:06,025 - INFO -   output: {'base_path': '/scratch/rnga/vvpshenov/DCE_NIK/runs'}
2026-02-23 16:39:06,025 - INFO -   logging: {'level': 'INFO', 'console_every': 100}
2026-02-23 16:39:06,025 - INFO -   wandb: {'watch_interval': 0}
2026-02-23 16:39:06,025 - INFO -   sweep: {'entity': 'spshenov-university-of-amsterdam', 'project': 'NIK-DCE-MRI', 'method': 'bayes', 'metric': {'name': 'best_val_loss', 'goal': 'minimize'}, 'parameters': {'hidden': {'values': [64, 128, 256]}, 'depth': {'values': [3, 4, 5, 7]}, 'w0': {'values': [10, 15, 30]}, 'optimizer': {'values': ['Adam', 'AdamW', 'SGD']}, 'lr': {'distribution': 'log_uniform_values', 'min': 1e-05, 'max': 0.01}, 'batch_size': {'values': [2048, 4096, 8192, 16384]}, 'steps': {'values': [2000, 3000, 5000, 8000]}}}
wandb: [wandb.login()] Loaded credentials for https://api.wandb.ai from /home/rnga/vvpshenov/.netrc.
wandb: setting up run q0mlem2d
wandb: Tracking run with wandb version 0.25.0
wandb: Run data is saved locally in /scratch/rnga/vvpshenov/DCE_NIK/runs/20260223_163906_nice-lobster-of-reading_nik/wandb/run-20260223_163906-q0mlem2d
wandb: Run `wandb offline` to turn off syncing.
wandb: Syncing run nice-lobster-of-reading_nik
wandb: ⭐️ View project at https://wandb.ai/spshenov-university-of-amsterdam/NIK-DCE-MRI
wandb: 🧹 View sweep at https://wandb.ai/spshenov-university-of-amsterdam/NIK-DCE-MRI/sweeps/73254n6n
wandb: 🚀 View run at https://wandb.ai/spshenov-university-of-amsterdam/NIK-DCE-MRI/runs/q0mlem2d
2026-02-23 16:39:07,311 - INFO - Model: hidden=128, depth=7, w0=30.0, params=83202
2026-02-23 16:39:07,312 - INFO - Training for 8000 steps, optimizer=SGD, lr=0.00018368413293553328
2026-02-23 16:39:14,063 - INFO - step    100  train 3.098e-02  val 3.440e-02
2026-02-23 16:39:14,565 - INFO - step    200  train 1.807e-02  val 1.617e-02
2026-02-23 16:39:15,073 - INFO - step    300  train 1.192e-02  val 1.051e-02
2026-02-23 16:39:15,598 - INFO - step    400  train 8.545e-03  val 7.282e-03
2026-02-23 16:39:22,527 - INFO - step    500  train 5.427e-03  val 5.255e-03
2026-02-23 16:39:23,040 - INFO - step    600  train 4.537e-03  val 3.977e-03
2026-02-23 16:39:23,528 - INFO - step    700  train 3.602e-03  val 3.129e-03
2026-02-23 16:39:24,033 - INFO - step    800  train 2.991e-03  val 2.557e-03
2026-02-23 16:39:24,518 - INFO - step    900  train 2.384e-03  val 2.166e-03
2026-02-23 16:39:30,223 - INFO - step   1000  train 2.038e-03  val 1.878e-03
2026-02-23 16:39:30,686 - INFO - step   1100  train 1.634e-03  val 1.651e-03
2026-02-23 16:39:31,140 - INFO - step   1200  train 1.555e-03  val 1.467e-03
2026-02-23 16:39:31,633 - INFO - step   1300  train 1.545e-03  val 1.310e-03
2026-02-23 16:39:32,131 - INFO - step   1400  train 1.256e-03  val 1.177e-03
2026-02-23 16:39:38,722 - INFO - step   1500  train 1.191e-03  val 1.068e-03
2026-02-23 16:39:39,245 - INFO - step   1600  train 1.166e-03  val 9.733e-04
2026-02-23 16:39:39,740 - INFO - step   1700  train 9.670e-04  val 8.914e-04
2026-02-23 16:39:40,235 - INFO - step   1800  train 8.606e-04  val 8.152e-04
2026-02-23 16:39:40,724 - INFO - step   1900  train 8.144e-04  val 7.486e-04
2026-02-23 16:39:46,898 - INFO - step   2000  train 7.284e-04  val 6.909e-04
2026-02-23 16:39:47,416 - INFO - step   2100  train 6.771e-04  val 6.378e-04
2026-02-23 16:39:47,932 - INFO - step   2200  train 6.055e-04  val 5.886e-04
2026-02-23 16:39:48,444 - INFO - step   2300  train 6.408e-04  val 5.484e-04
2026-02-23 16:39:48,957 - INFO - step   2400  train 5.762e-04  val 5.104e-04
2026-02-23 16:39:54,814 - INFO - step   2500  train 4.876e-04  val 4.775e-04
2026-02-23 16:39:55,350 - INFO - step   2600  train 5.012e-04  val 4.468e-04
2026-02-23 16:39:55,873 - INFO - step   2700  train 4.465e-04  val 4.191e-04
2026-02-23 16:39:56,417 - INFO - step   2800  train 4.333e-04  val 3.938e-04
2026-02-23 16:39:56,975 - INFO - step   2900  train 4.007e-04  val 3.720e-04
2026-02-23 16:40:03,541 - INFO - step   3000  train 3.474e-04  val 3.528e-04
2026-02-23 16:40:04,056 - INFO - step   3100  train 3.264e-04  val 3.352e-04
2026-02-23 16:40:04,548 - INFO - step   3200  train 3.126e-04  val 3.183e-04
2026-02-23 16:40:05,034 - INFO - step   3300  train 2.913e-04  val 3.042e-04
2026-02-23 16:40:05,520 - INFO - step   3400  train 3.021e-04  val 2.902e-04
2026-02-23 16:40:11,991 - INFO - step   3500  train 2.945e-04  val 2.777e-04
2026-02-23 16:40:12,512 - INFO - step   3600  train 2.556e-04  val 2.663e-04
2026-02-23 16:40:13,007 - INFO - step   3700  train 2.524e-04  val 2.557e-04
2026-02-23 16:40:13,508 - INFO - step   3800  train 2.460e-04  val 2.457e-04
2026-02-23 16:40:14,030 - INFO - step   3900  train 2.398e-04  val 2.365e-04
2026-02-23 16:40:20,431 - INFO - step   4000  train 2.206e-04  val 2.292e-04
2026-02-23 16:40:20,945 - INFO - step   4100  train 2.271e-04  val 2.206e-04
2026-02-23 16:40:21,437 - INFO - step   4200  train 2.169e-04  val 2.132e-04
2026-02-23 16:40:21,933 - INFO - step   4300  train 2.016e-04  val 2.062e-04
2026-02-23 16:40:22,427 - INFO - step   4400  train 1.995e-04  val 1.998e-04
2026-02-23 16:40:28,478 - INFO - step   4500  train 1.880e-04  val 1.935e-04
2026-02-23 16:40:29,001 - INFO - step   4600  train 1.800e-04  val 1.876e-04
2026-02-23 16:40:29,522 - INFO - step   4700  train 1.823e-04  val 1.822e-04
2026-02-23 16:40:30,025 - INFO - step   4800  train 1.775e-04  val 1.769e-04
2026-02-23 16:40:30,516 - INFO - step   4900  train 1.693e-04  val 1.718e-04
2026-02-23 16:40:36,803 - INFO - step   5000  train 1.620e-04  val 1.668e-04
2026-02-23 16:40:37,341 - INFO - step   5100  train 1.539e-04  val 1.624e-04
2026-02-23 16:40:37,833 - INFO - step   5200  train 1.500e-04  val 1.578e-04
2026-02-23 16:40:38,325 - INFO - step   5300  train 1.535e-04  val 1.539e-04
2026-02-23 16:40:38,837 - INFO - step   5400  train 1.452e-04  val 1.497e-04
2026-02-23 16:40:45,495 - INFO - step   5500  train 1.359e-04  val 1.460e-04
2026-02-23 16:40:46,013 - INFO - step   5600  train 1.366e-04  val 1.423e-04
2026-02-23 16:40:46,504 - INFO - step   5700  train 1.324e-04  val 1.383e-04
2026-02-23 16:40:47,001 - INFO - step   5800  train 1.316e-04  val 1.355e-04
2026-02-23 16:40:47,496 - INFO - step   5900  train 1.266e-04  val 1.322e-04
2026-02-23 16:40:54,408 - INFO - step   6000  train 1.230e-04  val 1.291e-04
2026-02-23 16:40:54,935 - INFO - step   6100  train 1.257e-04  val 1.262e-04
2026-02-23 16:40:55,450 - INFO - step   6200  train 1.169e-04  val 1.232e-04
2026-02-23 16:40:55,969 - INFO - step   6300  train 1.190e-04  val 1.204e-04
2026-02-23 16:40:56,481 - INFO - step   6400  train 1.150e-04  val 1.180e-04
2026-02-23 16:41:03,258 - INFO - step   6500  train 1.107e-04  val 1.149e-04
2026-02-23 16:41:03,781 - INFO - step   6600  train 1.096e-04  val 1.124e-04
2026-02-23 16:41:04,289 - INFO - step   6700  train 1.059e-04  val 1.099e-04
2026-02-23 16:41:04,791 - INFO - step   6800  train 1.041e-04  val 1.073e-04
2026-02-23 16:41:05,295 - INFO - step   6900  train 1.005e-04  val 1.051e-04
2026-02-23 16:41:11,604 - INFO - step   7000  train 9.969e-05  val 1.027e-04
2026-02-23 16:41:12,139 - INFO - step   7100  train 9.510e-05  val 1.010e-04
2026-02-23 16:41:12,639 - INFO - step   7200  train 9.549e-05  val 9.885e-05
2026-02-23 16:41:13,147 - INFO - step   7300  train 9.394e-05  val 9.682e-05
2026-02-23 16:41:13,656 - INFO - step   7400  train 9.266e-05  val 9.487e-05
2026-02-23 16:41:20,226 - INFO - step   7500  train 9.190e-05  val 9.282e-05
2026-02-23 16:41:20,752 - INFO - step   7600  train 8.813e-05  val 9.126e-05
2026-02-23 16:41:21,248 - INFO - step   7700  train 8.530e-05  val 8.917e-05
2026-02-23 16:41:21,763 - INFO - step   7800  train 8.191e-05  val 8.751e-05
2026-02-23 16:41:22,288 - INFO - step   7900  train 8.169e-05  val 8.557e-05
2026-02-23 16:41:28,779 - INFO - step   8000  train 8.088e-05  val 8.420e-05
2026-02-23 16:41:29,415 - INFO - Done. best_val_loss=8.420e-05
wandb: uploading artifact model; updating run metadata
wandb: uploading artifact model
wandb: uploading media/images/plots/error_map_val_8000_ae3a8adb071f3000fb42.png; uploading media/images/plots/spoke_train_8000_b1fe6c25cf589a26b0b3.png; uploading media/images/plots/ring_ro55_Mag_8000_6cf5f402f40033a33bbf.png; uploading media/images/plots/ring_ro176_Re_8000_5009eead9b33c63a30cf.png; uploading media/images/plots/ring_ro176_Im_8000_d92e6b7b3271ea5a3267.png (+ 2 more)
wandb: uploading history steps 7903-7999, summary, console lines 81-82
wandb: 
wandb: Run history:
wandb: train/train_loss ███▄▃▂▂▂▂▂▂▂▁▁▁▁▁▁▁▁▁▁▁▁▁▁▁▁▁▁▁▁▁▁▁▁▁▁▁▁
wandb:   train/val_loss █▆▃▂▂▂▂▂▂▂▁▁▁▁▁▁▁▁▁▁▁▁▁▁▁▁▁▁▁▁▁▁▁▁▁▁▁▁▁▁
wandb: 
wandb: Run summary:
wandb:    best_val_loss 8e-05
wandb: final_train_loss 8e-05
wandb:      total_steps 8000
wandb: train/train_loss 8e-05
wandb:   train/val_loss 8e-05
wandb: 
wandb: 🚀 View run nice-lobster-of-reading_nik at: https://wandb.ai/spshenov-university-of-amsterdam/NIK-DCE-MRI/runs/q0mlem2d
wandb: ⭐️ View project at: https://wandb.ai/spshenov-university-of-amsterdam/NIK-DCE-MRI
wandb: Synced 5 W&B file(s), 223 media file(s), 2 artifact file(s) and 0 other file(s)
wandb: Find logs at: ./runs/20260223_163906_nice-lobster-of-reading_nik/wandb/run-20260223_163906-q0mlem2d/logs
wandb: Agent Starting Run: 0s4vdmrf with config:
wandb: 	batch_size: 16384
wandb: 	depth: 5
wandb: 	hidden: 256
wandb: 	lr: 2.37790789107016e-05
wandb: 	optimizer: Adam
wandb: 	steps: 2000
wandb: 	w0: 30
2026-02-23 16:41:38,217 - INFO - Run: nice-lobster-of-reading_nik
2026-02-23 16:41:38,217 - INFO - Config: config/training.toml
2026-02-23 16:41:38,217 - INFO - Output: /scratch/rnga/vvpshenov/DCE_NIK/runs/20260223_164138_nice-lobster-of-reading_nik
2026-02-23 16:41:38,217 - INFO -   experiment: {'name': 'NIK DCE-MRI k-space fitting', 'description': 'SIREN implicit neural representation for radial k-space'}
2026-02-23 16:41:38,217 - INFO -   data: {'file': '/scratch/rnga/vvpshenov/XCAT-ERIC/results/simulation_results_20260115T150400.mat', 't_frame': 0, 'coil_idx': 0, 'z_slice_idx': -1, 'val_frac': 0.1}
2026-02-23 16:41:38,217 - INFO -   model: {'hidden': 128, 'depth': 4, 'w0': 15}
2026-02-23 16:41:38,217 - INFO -   training: {'steps': 3000, 'batch_size': 4096, 'optimizer': 'Adam', 'lr': 0.0002, 'grad_clip': 1.0, 'eval_every': 50, 'seed': 0, 'plot': {'plot_every': 500, 'log_scale': True}}
2026-02-23 16:41:38,217 - INFO -   output: {'base_path': '/scratch/rnga/vvpshenov/DCE_NIK/runs'}
2026-02-23 16:41:38,217 - INFO -   logging: {'level': 'INFO', 'console_every': 100}
2026-02-23 16:41:38,217 - INFO -   wandb: {'watch_interval': 0}
2026-02-23 16:41:38,217 - INFO -   sweep: {'entity': 'spshenov-university-of-amsterdam', 'project': 'NIK-DCE-MRI', 'method': 'bayes', 'metric': {'name': 'best_val_loss', 'goal': 'minimize'}, 'parameters': {'hidden': {'values': [64, 128, 256]}, 'depth': {'values': [3, 4, 5, 7]}, 'w0': {'values': [10, 15, 30]}, 'optimizer': {'values': ['Adam', 'AdamW', 'SGD']}, 'lr': {'distribution': 'log_uniform_values', 'min': 1e-05, 'max': 0.01}, 'batch_size': {'values': [2048, 4096, 8192, 16384]}, 'steps': {'values': [2000, 3000, 5000, 8000]}}}
wandb: [wandb.login()] Loaded credentials for https://api.wandb.ai from /home/rnga/vvpshenov/.netrc.
wandb: setting up run 0s4vdmrf
wandb: Tracking run with wandb version 0.25.0
wandb: Run data is saved locally in /scratch/rnga/vvpshenov/DCE_NIK/runs/20260223_164138_nice-lobster-of-reading_nik/wandb/run-20260223_164138-0s4vdmrf
wandb: Run `wandb offline` to turn off syncing.
wandb: Syncing run nice-lobster-of-reading_nik
wandb: ⭐️ View project at https://wandb.ai/spshenov-university-of-amsterdam/NIK-DCE-MRI
wandb: 🧹 View sweep at https://wandb.ai/spshenov-university-of-amsterdam/NIK-DCE-MRI/sweeps/73254n6n
wandb: 🚀 View run at https://wandb.ai/spshenov-university-of-amsterdam/NIK-DCE-MRI/runs/0s4vdmrf
2026-02-23 16:41:39,527 - INFO - Model: hidden=256, depth=5, w0=30.0, params=198658
2026-02-23 16:41:39,528 - INFO - Training for 2000 steps, optimizer=Adam, lr=2.37790789107016e-05
2026-02-23 16:41:45,937 - INFO - step    100  train 1.957e-03  val 2.075e-03
2026-02-23 16:41:46,763 - INFO - step    200  train 4.067e-04  val 4.401e-04
2026-02-23 16:41:47,509 - INFO - step    300  train 2.095e-04  val 2.404e-04
2026-02-23 16:41:48,257 - INFO - step    400  train 1.338e-04  val 1.590e-04
2026-02-23 16:41:54,312 - INFO - step    500  train 9.146e-05  val 1.177e-04
2026-02-23 16:41:55,120 - INFO - step    600  train 6.968e-05  val 8.220e-05
2026-02-23 16:41:55,857 - INFO - step    700  train 5.539e-05  val 7.400e-05
2026-02-23 16:41:56,594 - INFO - step    800  train 3.903e-05  val 4.521e-05
2026-02-23 16:41:57,339 - INFO - step    900  train 4.426e-05  val 4.171e-05
2026-02-23 16:42:03,441 - INFO - step   1000  train 2.621e-05  val 2.983e-05
2026-02-23 16:42:04,228 - INFO - step   1100  train 1.759e-05  val 2.306e-05
2026-02-23 16:42:04,963 - INFO - step   1200  train 1.906e-05  val 2.065e-05
2026-02-23 16:42:05,700 - INFO - step   1300  train 1.683e-05  val 1.781e-05
2026-02-23 16:42:06,430 - INFO - step   1400  train 2.880e-05  val 2.809e-05
2026-02-23 16:42:12,871 - INFO - step   1500  train 5.009e-05  val 4.666e-05
2026-02-23 16:42:13,637 - INFO - step   1600  train 4.744e-05  val 4.020e-05
2026-02-23 16:42:14,388 - INFO - step   1700  train 8.583e-06  val 9.420e-06
2026-02-23 16:42:15,127 - INFO - step   1800  train 1.131e-05  val 1.296e-05
2026-02-23 16:42:15,858 - INFO - step   1900  train 3.693e-05  val 3.463e-05
2026-02-23 16:42:22,065 - INFO - step   2000  train 3.201e-05  val 2.725e-05
2026-02-23 16:42:22,720 - INFO - Done. best_val_loss=9.420e-06
wandb: uploading artifact model; updating run metadata
wandb: uploading artifact model
wandb: uploading artifact model; uploading history steps 1499-1999, summary, console lines 16-22
wandb: uploading artifact model
wandb: uploading media/images/plots/spoke_train_2000_346a08a2af00110c78f7.png; uploading media/images/recon/measured_2000_73d832d6fcb2a8ad938e.png; uploading media/images/plots/spoke_val_2000_2ea4a9b7cdbf3e05d02b.png; uploading media/images/plots/ring_ro55_Im_2000_4f7323c47c9bf546fedb.png; uploading media/images/plots/ring_ro176_Mag_2000_8046d83236c647ab8ede.png (+ 13 more)
wandb: uploading media/images/plots/error_map_train_2000_5ac2895a952de19e7ed4.png
wandb: 
wandb: Run history:
wandb: train/train_loss █▅▃▂▂▂▂▂▂▂▂▁▁▁▁▁▁▁▁▁▁▁▁▁▁▁▁▁▁▁▁▁▁▁▁▁▁▁▁▁
wandb:   train/val_loss █▂▁▁▁▁▁▁▁▁▁▁▁▁▁▁▁▁▁▁▁▁▁▁▁▁▁▁▁▁▁▁▁▁▁▁▁▁▁▁
wandb: 
wandb: Run summary:
wandb:    best_val_loss 1e-05
wandb: final_train_loss 3e-05
wandb:      total_steps 2000
wandb: train/train_loss 3e-05
wandb:   train/val_loss 3e-05
wandb: 
wandb: 🚀 View run nice-lobster-of-reading_nik at: https://wandb.ai/spshenov-university-of-amsterdam/NIK-DCE-MRI/runs/0s4vdmrf
wandb: ⭐️ View project at: https://wandb.ai/spshenov-university-of-amsterdam/NIK-DCE-MRI
wandb: Synced 5 W&B file(s), 67 media file(s), 2 artifact file(s) and 0 other file(s)
wandb: Find logs at: ./runs/20260223_164138_nice-lobster-of-reading_nik/wandb/run-20260223_164138-0s4vdmrf/logs
wandb: Agent Starting Run: wlshosfu with config:
wandb: 	batch_size: 16384
wandb: 	depth: 4
wandb: 	hidden: 256
wandb: 	lr: 1.1346368342424734e-05
wandb: 	optimizer: Adam
wandb: 	steps: 3000
wandb: 	w0: 30
2026-02-23 16:42:31,159 - INFO - Run: nice-lobster-of-reading_nik
2026-02-23 16:42:31,159 - INFO - Config: config/training.toml
2026-02-23 16:42:31,159 - INFO - Output: /scratch/rnga/vvpshenov/DCE_NIK/runs/20260223_164231_nice-lobster-of-reading_nik
2026-02-23 16:42:31,159 - INFO -   experiment: {'name': 'NIK DCE-MRI k-space fitting', 'description': 'SIREN implicit neural representation for radial k-space'}
2026-02-23 16:42:31,159 - INFO -   data: {'file': '/scratch/rnga/vvpshenov/XCAT-ERIC/results/simulation_results_20260115T150400.mat', 't_frame': 0, 'coil_idx': 0, 'z_slice_idx': -1, 'val_frac': 0.1}
2026-02-23 16:42:31,159 - INFO -   model: {'hidden': 128, 'depth': 4, 'w0': 15}
2026-02-23 16:42:31,160 - INFO -   training: {'steps': 3000, 'batch_size': 4096, 'optimizer': 'Adam', 'lr': 0.0002, 'grad_clip': 1.0, 'eval_every': 50, 'seed': 0, 'plot': {'plot_every': 500, 'log_scale': True}}
2026-02-23 16:42:31,160 - INFO -   output: {'base_path': '/scratch/rnga/vvpshenov/DCE_NIK/runs'}
2026-02-23 16:42:31,160 - INFO -   logging: {'level': 'INFO', 'console_every': 100}
2026-02-23 16:42:31,160 - INFO -   wandb: {'watch_interval': 0}
2026-02-23 16:42:31,160 - INFO -   sweep: {'entity': 'spshenov-university-of-amsterdam', 'project': 'NIK-DCE-MRI', 'method': 'bayes', 'metric': {'name': 'best_val_loss', 'goal': 'minimize'}, 'parameters': {'hidden': {'values': [64, 128, 256]}, 'depth': {'values': [3, 4, 5, 7]}, 'w0': {'values': [10, 15, 30]}, 'optimizer': {'values': ['Adam', 'AdamW', 'SGD']}, 'lr': {'distribution': 'log_uniform_values', 'min': 1e-05, 'max': 0.01}, 'batch_size': {'values': [2048, 4096, 8192, 16384]}, 'steps': {'values': [2000, 3000, 5000, 8000]}}}
wandb: [wandb.login()] Loaded credentials for https://api.wandb.ai from /home/rnga/vvpshenov/.netrc.
wandb: setting up run wlshosfu
wandb: Tracking run with wandb version 0.25.0
wandb: Run data is saved locally in /scratch/rnga/vvpshenov/DCE_NIK/runs/20260223_164231_nice-lobster-of-reading_nik/wandb/run-20260223_164231-wlshosfu
wandb: Run `wandb offline` to turn off syncing.
wandb: Syncing run nice-lobster-of-reading_nik
wandb: ⭐️ View project at https://wandb.ai/spshenov-university-of-amsterdam/NIK-DCE-MRI
wandb: 🧹 View sweep at https://wandb.ai/spshenov-university-of-amsterdam/NIK-DCE-MRI/sweeps/73254n6n
wandb: 🚀 View run at https://wandb.ai/spshenov-university-of-amsterdam/NIK-DCE-MRI/runs/wlshosfu
2026-02-23 16:42:32,670 - INFO - Model: hidden=256, depth=4, w0=30.0, params=132866
2026-02-23 16:42:32,671 - INFO - Training for 3000 steps, optimizer=Adam, lr=1.1346368342424734e-05
2026-02-23 16:42:38,892 - INFO - step    100  train 4.350e-02  val 4.091e-02
2026-02-23 16:42:39,467 - INFO - step    200  train 3.012e-03  val 3.017e-03
2026-02-23 16:42:40,033 - INFO - step    300  train 1.553e-03  val 1.638e-03
2026-02-23 16:42:40,610 - INFO - step    400  train 8.806e-04  val 9.349e-04
2026-02-23 16:42:47,013 - INFO - step    500  train 5.143e-04  val 5.593e-04
2026-02-23 16:42:47,604 - INFO - step    600  train 3.709e-04  val 4.095e-04
2026-02-23 16:42:48,227 - INFO - step    700  train 2.819e-04  val 3.198e-04
2026-02-23 16:42:48,837 - INFO - step    800  train 2.388e-04  val 2.674e-04
2026-02-23 16:42:49,433 - INFO - step    900  train 2.119e-04  val 2.295e-04
2026-02-23 16:42:55,933 - INFO - step   1000  train 1.725e-04  val 2.058e-04
2026-02-23 16:42:56,533 - INFO - step   1100  train 1.510e-04  val 1.829e-04
2026-02-23 16:42:57,151 - INFO - step   1200  train 1.256e-04  val 1.616e-04
2026-02-23 16:42:57,773 - INFO - step   1300  train 1.127e-04  val 1.452e-04
2026-02-23 16:42:58,411 - INFO - step   1400  train 1.014e-04  val 1.310e-04
2026-02-23 16:43:04,605 - INFO - step   1500  train 8.975e-05  val 1.155e-04
2026-02-23 16:43:05,226 - INFO - step   1600  train 7.987e-05  val 1.045e-04
2026-02-23 16:43:05,818 - INFO - step   1700  train 7.433e-05  val 9.753e-05
2026-02-23 16:43:06,408 - INFO - step   1800  train 6.439e-05  val 8.232e-05
2026-02-23 16:43:07,007 - INFO - step   1900  train 5.428e-05  val 7.545e-05
2026-02-23 16:43:13,104 - INFO - step   2000  train 4.964e-05  val 6.883e-05
2026-02-23 16:43:13,716 - INFO - step   2100  train 4.487e-05  val 6.151e-05
2026-02-23 16:43:14,313 - INFO - step   2200  train 3.961e-05  val 5.501e-05
2026-02-23 16:43:14,903 - INFO - step   2300  train 3.580e-05  val 5.092e-05
2026-02-23 16:43:15,499 - INFO - step   2400  train 3.215e-05  val 4.584e-05
2026-02-23 16:43:21,375 - INFO - step   2500  train 2.965e-05  val 4.213e-05
2026-02-23 16:43:22,013 - INFO - step   2600  train 2.630e-05  val 3.859e-05
2026-02-23 16:43:22,644 - INFO - step   2700  train 2.420e-05  val 3.394e-05
2026-02-23 16:43:23,240 - INFO - step   2800  train 2.163e-05  val 3.027e-05
2026-02-23 16:43:23,784 - INFO - step   2900  train 1.951e-05  val 2.889e-05
2026-02-23 16:43:29,494 - INFO - step   3000  train 1.858e-05  val 2.624e-05
2026-02-23 16:43:30,098 - INFO - Done. best_val_loss=2.624e-05
wandb: uploading artifact model; updating run metadata
wandb: uploading artifact model
wandb: uploading media/images/plots/ring_ro176_Mag_3000_32adca6227f0461c5b5d.png; uploading media/images/plots/spoke_train_3000_ccdddf4ba19e4112e844.png; uploading media/images/plots/ring_ro55_Im_3000_f7de28e049fb922f0359.png; uploading media/images/plots/ring_ro110_Re_3000_80f308fe2e74262bf71b.png; uploading media/images/plots/error_map_train_3000_9475d7842f9e2bd07b77.png (+ 12 more)
wandb: uploading media/images/plots/error_map_train_3000_9475d7842f9e2bd07b77.png
wandb: 
wandb: Run history:
wandb: train/train_loss █▇▁▁▁▁▁▁▁▁▁▁▁▁▁▁▁▁▁▁▁▁▁▁▁▁▁▁▁▁▁▁▁▁▁▁▁▁▁▁
wandb:   train/val_loss █▂▁▁▁▁▁▁▁▁▁▁▁▁▁▁▁▁▁▁▁▁▁▁▁▁▁▁▁▁▁▁▁▁▁▁▁▁▁▁
wandb: 
wandb: Run summary:
wandb:    best_val_loss 3e-05
wandb: final_train_loss 2e-05
wandb:      total_steps 3000
wandb: train/train_loss 2e-05
wandb:   train/val_loss 3e-05
wandb: 
wandb: 🚀 View run nice-lobster-of-reading_nik at: https://wandb.ai/spshenov-university-of-amsterdam/NIK-DCE-MRI/runs/wlshosfu
wandb: ⭐️ View project at: https://wandb.ai/spshenov-university-of-amsterdam/NIK-DCE-MRI
wandb: Synced 5 W&B file(s), 93 media file(s), 2 artifact file(s) and 0 other file(s)
wandb: Find logs at: ./runs/20260223_164231_nice-lobster-of-reading_nik/wandb/run-20260223_164231-wlshosfu/logs
wandb: Agent Starting Run: 5322qz9c with config:
wandb: 	batch_size: 16384
wandb: 	depth: 5
wandb: 	hidden: 128
wandb: 	lr: 1.2164793446490093e-05
wandb: 	optimizer: Adam
wandb: 	steps: 2000
wandb: 	w0: 10
2026-02-23 16:43:39,928 - INFO - Run: nice-lobster-of-reading_nik
2026-02-23 16:43:39,928 - INFO - Config: config/training.toml
2026-02-23 16:43:39,928 - INFO - Output: /scratch/rnga/vvpshenov/DCE_NIK/runs/20260223_164339_nice-lobster-of-reading_nik
2026-02-23 16:43:39,928 - INFO -   experiment: {'name': 'NIK DCE-MRI k-space fitting', 'description': 'SIREN implicit neural representation for radial k-space'}
2026-02-23 16:43:39,928 - INFO -   data: {'file': '/scratch/rnga/vvpshenov/XCAT-ERIC/results/simulation_results_20260115T150400.mat', 't_frame': 0, 'coil_idx': 0, 'z_slice_idx': -1, 'val_frac': 0.1}
2026-02-23 16:43:39,928 - INFO -   model: {'hidden': 128, 'depth': 4, 'w0': 15}
2026-02-23 16:43:39,928 - INFO -   training: {'steps': 3000, 'batch_size': 4096, 'optimizer': 'Adam', 'lr': 0.0002, 'grad_clip': 1.0, 'eval_every': 50, 'seed': 0, 'plot': {'plot_every': 500, 'log_scale': True}}
2026-02-23 16:43:39,928 - INFO -   output: {'base_path': '/scratch/rnga/vvpshenov/DCE_NIK/runs'}
2026-02-23 16:43:39,928 - INFO -   logging: {'level': 'INFO', 'console_every': 100}
2026-02-23 16:43:39,928 - INFO -   wandb: {'watch_interval': 0}
2026-02-23 16:43:39,928 - INFO -   sweep: {'entity': 'spshenov-university-of-amsterdam', 'project': 'NIK-DCE-MRI', 'method': 'bayes', 'metric': {'name': 'best_val_loss', 'goal': 'minimize'}, 'parameters': {'hidden': {'values': [64, 128, 256]}, 'depth': {'values': [3, 4, 5, 7]}, 'w0': {'values': [10, 15, 30]}, 'optimizer': {'values': ['Adam', 'AdamW', 'SGD']}, 'lr': {'distribution': 'log_uniform_values', 'min': 1e-05, 'max': 0.01}, 'batch_size': {'values': [2048, 4096, 8192, 16384]}, 'steps': {'values': [2000, 3000, 5000, 8000]}}}
wandb: [wandb.login()] Loaded credentials for https://api.wandb.ai from /home/rnga/vvpshenov/.netrc.
wandb: setting up run 5322qz9c
wandb: Tracking run with wandb version 0.25.0
wandb: Run data is saved locally in /scratch/rnga/vvpshenov/DCE_NIK/runs/20260223_164339_nice-lobster-of-reading_nik/wandb/run-20260223_164340-5322qz9c
wandb: Run `wandb offline` to turn off syncing.
wandb: Syncing run nice-lobster-of-reading_nik
wandb: ⭐️ View project at https://wandb.ai/spshenov-university-of-amsterdam/NIK-DCE-MRI
wandb: 🧹 View sweep at https://wandb.ai/spshenov-university-of-amsterdam/NIK-DCE-MRI/sweeps/73254n6n
wandb: 🚀 View run at https://wandb.ai/spshenov-university-of-amsterdam/NIK-DCE-MRI/runs/5322qz9c
2026-02-23 16:43:41,206 - INFO - Model: hidden=128, depth=5, w0=10.0, params=50178
2026-02-23 16:43:41,208 - INFO - Training for 2000 steps, optimizer=Adam, lr=1.2164793446490093e-05
2026-02-23 16:43:47,492 - INFO - step    100  train 1.846e-01  val 2.186e-01
2026-02-23 16:43:47,907 - INFO - step    200  train 7.670e-02  val 7.039e-02
2026-02-23 16:43:48,293 - INFO - step    300  train 3.854e-02  val 3.611e-02
2026-02-23 16:43:48,681 - INFO - step    400  train 2.891e-02  val 2.727e-02
2026-02-23 16:43:54,879 - INFO - step    500  train 1.984e-02  val 2.097e-02
2026-02-23 16:43:55,290 - INFO - step    600  train 1.727e-02  val 1.577e-02
2026-02-23 16:43:55,698 - INFO - step    700  train 1.261e-02  val 1.157e-02
2026-02-23 16:43:56,116 - INFO - step    800  train 9.888e-03  val 8.707e-03
2026-02-23 16:43:56,523 - INFO - step    900  train 7.508e-03  val 6.956e-03
2026-02-23 16:44:02,029 - INFO - step   1000  train 6.165e-03  val 5.742e-03
2026-02-23 16:44:02,439 - INFO - step   1100  train 5.041e-03  val 4.916e-03
2026-02-23 16:44:02,844 - INFO - step   1200  train 4.536e-03  val 4.272e-03
2026-02-23 16:44:03,241 - INFO - step   1300  train 4.269e-03  val 3.795e-03
2026-02-23 16:44:03,645 - INFO - step   1400  train 3.707e-03  val 3.413e-03
2026-02-23 16:44:09,723 - INFO - step   1500  train 3.431e-03  val 3.118e-03
2026-02-23 16:44:10,137 - INFO - step   1600  train 3.392e-03  val 2.868e-03
2026-02-23 16:44:10,548 - INFO - step   1700  train 2.793e-03  val 2.652e-03
2026-02-23 16:44:10,956 - INFO - step   1800  train 2.717e-03  val 2.463e-03
2026-02-23 16:44:11,405 - INFO - step   1900  train 2.378e-03  val 2.285e-03
2026-02-23 16:44:17,052 - INFO - step   2000  train 2.293e-03  val 2.140e-03
2026-02-23 16:44:17,825 - INFO - Done. best_val_loss=2.140e-03
wandb: uploading artifact model; updating run metadata
wandb: uploading artifact model
wandb: uploading media/images/recon/prediction_2000_3f16c3d91c94b021b066.png; uploading media/images/recon/measured_2000_73d832d6fcb2a8ad938e.png; uploading media/images/plots/ring_ro55_Mag_2000_d93037305858d2682784.png; uploading media/images/plots/ring_ro110_Re_2000_27350c64b3dcbe42a97a.png; uploading media/images/plots/error_map_train_2000_3a5e1225e3ca6c98d97e.png (+ 13 more)
wandb: uploading media/images/plots/error_map_train_2000_3a5e1225e3ca6c98d97e.png
wandb: 
wandb: Run history:
wandb: train/train_loss ██▇▆▅▃▂▂▂▂▂▂▁▂▁▁▁▁▁▁▁▁▁▁▁▁▁▁▁▁▁▁▁▁▁▁▁▁▁▁
wandb:   train/val_loss █▇▄▃▂▂▂▂▂▁▁▁▁▁▁▁▁▁▁▁▁▁▁▁▁▁▁▁▁▁▁▁▁▁▁▁▁▁▁▁
wandb: 
wandb: Run summary:
wandb:    best_val_loss 0.00214
wandb: final_train_loss 0.00229
wandb:      total_steps 2000
wandb: train/train_loss 0.00229
wandb:   train/val_loss 0.00214
wandb: 
wandb: 🚀 View run nice-lobster-of-reading_nik at: https://wandb.ai/spshenov-university-of-amsterdam/NIK-DCE-MRI/runs/5322qz9c
wandb: ⭐️ View project at: https://wandb.ai/spshenov-university-of-amsterdam/NIK-DCE-MRI
wandb: Synced 5 W&B file(s), 67 media file(s), 2 artifact file(s) and 0 other file(s)
wandb: Find logs at: ./runs/20260223_164339_nice-lobster-of-reading_nik/wandb/run-20260223_164340-5322qz9c/logs
wandb: Agent Starting Run: fyyj3a7a with config:
wandb: 	batch_size: 16384
wandb: 	depth: 7
wandb: 	hidden: 64
wandb: 	lr: 1.6793882896125692e-05
wandb: 	optimizer: Adam
wandb: 	steps: 5000
wandb: 	w0: 10
2026-02-23 16:44:27,146 - INFO - Run: nice-lobster-of-reading_nik
2026-02-23 16:44:27,146 - INFO - Config: config/training.toml
2026-02-23 16:44:27,146 - INFO - Output: /scratch/rnga/vvpshenov/DCE_NIK/runs/20260223_164427_nice-lobster-of-reading_nik
2026-02-23 16:44:27,146 - INFO -   experiment: {'name': 'NIK DCE-MRI k-space fitting', 'description': 'SIREN implicit neural representation for radial k-space'}
2026-02-23 16:44:27,146 - INFO -   data: {'file': '/scratch/rnga/vvpshenov/XCAT-ERIC/results/simulation_results_20260115T150400.mat', 't_frame': 0, 'coil_idx': 0, 'z_slice_idx': -1, 'val_frac': 0.1}
2026-02-23 16:44:27,146 - INFO -   model: {'hidden': 128, 'depth': 4, 'w0': 15}
2026-02-23 16:44:27,146 - INFO -   training: {'steps': 3000, 'batch_size': 4096, 'optimizer': 'Adam', 'lr': 0.0002, 'grad_clip': 1.0, 'eval_every': 50, 'seed': 0, 'plot': {'plot_every': 500, 'log_scale': True}}
2026-02-23 16:44:27,146 - INFO -   output: {'base_path': '/scratch/rnga/vvpshenov/DCE_NIK/runs'}
2026-02-23 16:44:27,146 - INFO -   logging: {'level': 'INFO', 'console_every': 100}
2026-02-23 16:44:27,146 - INFO -   wandb: {'watch_interval': 0}
2026-02-23 16:44:27,146 - INFO -   sweep: {'entity': 'spshenov-university-of-amsterdam', 'project': 'NIK-DCE-MRI', 'method': 'bayes', 'metric': {'name': 'best_val_loss', 'goal': 'minimize'}, 'parameters': {'hidden': {'values': [64, 128, 256]}, 'depth': {'values': [3, 4, 5, 7]}, 'w0': {'values': [10, 15, 30]}, 'optimizer': {'values': ['Adam', 'AdamW', 'SGD']}, 'lr': {'distribution': 'log_uniform_values', 'min': 1e-05, 'max': 0.01}, 'batch_size': {'values': [2048, 4096, 8192, 16384]}, 'steps': {'values': [2000, 3000, 5000, 8000]}}}
wandb: [wandb.login()] Loaded credentials for https://api.wandb.ai from /home/rnga/vvpshenov/.netrc.
wandb: setting up run fyyj3a7a
wandb: Tracking run with wandb version 0.25.0
wandb: Run data is saved locally in /scratch/rnga/vvpshenov/DCE_NIK/runs/20260223_164427_nice-lobster-of-reading_nik/wandb/run-20260223_164427-fyyj3a7a
wandb: Run `wandb offline` to turn off syncing.
wandb: Syncing run nice-lobster-of-reading_nik
wandb: ⭐️ View project at https://wandb.ai/spshenov-university-of-amsterdam/NIK-DCE-MRI
wandb: 🧹 View sweep at https://wandb.ai/spshenov-university-of-amsterdam/NIK-DCE-MRI/sweeps/73254n6n
wandb: 🚀 View run at https://wandb.ai/spshenov-university-of-amsterdam/NIK-DCE-MRI/runs/fyyj3a7a
2026-02-23 16:44:28,564 - INFO - Model: hidden=64, depth=7, w0=10.0, params=21122
2026-02-23 16:44:28,565 - INFO - Training for 5000 steps, optimizer=Adam, lr=1.6793882896125692e-05
2026-02-23 16:44:34,964 - INFO - step    100  train 1.359e-01  val 1.601e-01
2026-02-23 16:44:35,269 - INFO - step    200  train 8.249e-02  val 7.676e-02
2026-02-23 16:44:35,583 - INFO - step    300  train 6.999e-02  val 6.390e-02
2026-02-23 16:44:35,886 - INFO - step    400  train 6.363e-02  val 5.709e-02
2026-02-23 16:44:41,175 - INFO - step    500  train 4.975e-02  val 5.205e-02
2026-02-23 16:44:41,482 - INFO - step    600  train 5.428e-02  val 4.793e-02
2026-02-23 16:44:41,802 - INFO - step    700  train 5.003e-02  val 4.433e-02
2026-02-23 16:44:42,111 - INFO - step    800  train 4.673e-02  val 4.112e-02
2026-02-23 16:44:42,417 - INFO - step    900  train 3.967e-02  val 3.824e-02
2026-02-23 16:44:47,205 - INFO - step   1000  train 3.604e-02  val 3.558e-02
2026-02-23 16:44:47,507 - INFO - step   1100  train 3.325e-02  val 3.315e-02
2026-02-23 16:44:47,816 - INFO - step   1200  train 3.351e-02  val 3.086e-02
2026-02-23 16:44:48,117 - INFO - step   1300  train 3.184e-02  val 2.873e-02
2026-02-23 16:44:48,420 - INFO - step   1400  train 2.745e-02  val 2.671e-02
2026-02-23 16:44:53,578 - INFO - step   1500  train 2.640e-02  val 2.482e-02
2026-02-23 16:44:53,887 - INFO - step   1600  train 2.962e-02  val 2.303e-02
2026-02-23 16:44:54,201 - INFO - step   1700  train 2.296e-02  val 2.133e-02
2026-02-23 16:44:54,500 - INFO - step   1800  train 2.054e-02  val 1.977e-02
2026-02-23 16:44:54,808 - INFO - step   1900  train 1.865e-02  val 1.827e-02
2026-02-23 16:44:59,938 - INFO - step   2000  train 1.730e-02  val 1.689e-02
2026-02-23 16:45:00,238 - INFO - step   2100  train 1.648e-02  val 1.558e-02
2026-02-23 16:45:00,529 - INFO - step   2200  train 1.447e-02  val 1.435e-02
2026-02-23 16:45:00,827 - INFO - step   2300  train 1.588e-02  val 1.320e-02
2026-02-23 16:45:01,124 - INFO - step   2400  train 1.469e-02  val 1.213e-02
2026-02-23 16:45:06,306 - INFO - step   2500  train 1.185e-02  val 1.113e-02
2026-02-23 16:45:06,602 - INFO - step   2600  train 1.282e-02  val 1.020e-02
2026-02-23 16:45:06,904 - INFO - step   2700  train 1.027e-02  val 9.329e-03
2026-02-23 16:45:07,203 - INFO - step   2800  train 1.007e-02  val 8.529e-03
2026-02-23 16:45:07,514 - INFO - step   2900  train 9.613e-03  val 7.792e-03
2026-02-23 16:45:12,569 - INFO - step   3000  train 7.839e-03  val 7.116e-03
2026-02-23 16:45:12,893 - INFO - step   3100  train 6.133e-03  val 6.504e-03
2026-02-23 16:45:13,212 - INFO - step   3200  train 6.249e-03  val 5.936e-03
2026-02-23 16:45:13,563 - INFO - step   3300  train 5.775e-03  val 5.422e-03
2026-02-23 16:45:13,871 - INFO - step   3400  train 6.062e-03  val 4.956e-03
2026-02-23 16:45:19,031 - INFO - step   3500  train 5.536e-03  val 4.541e-03
2026-02-23 16:45:19,332 - INFO - step   3600  train 4.142e-03  val 4.157e-03
2026-02-23 16:45:19,639 - INFO - step   3700  train 4.154e-03  val 3.815e-03
2026-02-23 16:45:19,935 - INFO - step   3800  train 4.304e-03  val 3.505e-03
2026-02-23 16:45:20,241 - INFO - step   3900  train 3.943e-03  val 3.238e-03
2026-02-23 16:45:25,404 - INFO - step   4000  train 2.987e-03  val 2.993e-03
2026-02-23 16:45:25,712 - INFO - step   4100  train 3.298e-03  val 2.786e-03
2026-02-23 16:45:26,128 - INFO - step   4200  train 3.295e-03  val 2.604e-03
2026-02-23 16:45:26,472 - INFO - step   4300  train 2.656e-03  val 2.448e-03
2026-02-23 16:45:26,855 - INFO - step   4400  train 2.648e-03  val 2.307e-03
2026-02-23 16:45:32,028 - INFO - step   4500  train 2.169e-03  val 2.180e-03
2026-02-23 16:45:32,328 - INFO - step   4600  train 2.294e-03  val 2.068e-03
2026-02-23 16:45:32,628 - INFO - step   4700  train 2.377e-03  val 1.949e-03
2026-02-23 16:45:32,926 - INFO - step   4800  train 2.088e-03  val 1.842e-03
2026-02-23 16:45:33,230 - INFO - step   4900  train 2.008e-03  val 1.744e-03
2026-02-23 16:45:38,426 - INFO - step   5000  train 1.950e-03  val 1.651e-03
2026-02-23 16:45:39,082 - INFO - Done. best_val_loss=1.651e-03
wandb: uploading artifact model; updating run metadata
wandb: uploading artifact model
wandb: uploading media/images/plots/error_map_train_5000_4096072381b71d60c898.png; uploading media/images/plots/error_map_val_5000_6c10e6e6f91023bf331a.png; uploading media/images/plots/spoke_train_5000_9b5224c40e90b8f91558.png; uploading media/images/plots/ring_ro55_Mag_5000_24d6ecd2bf4e42c5e440.png
wandb: 
wandb: Run history:
wandb: train/train_loss █▆▆▅▅▄▄▃▃▃▃▃▃▃▂▂▂▂▂▂▁▁▁▁▁▁▁▁▁▁▁▁▁▁▁▁▁▁▁▁
wandb:   train/val_loss █▃▃▃▂▂▂▂▂▂▂▂▂▂▂▂▂▂▂▁▁▁▁▁▁▁▁▁▁▁▁▁▁▁▁▁▁▁▁▁
wandb: 
wandb: Run summary:
wandb:    best_val_loss 0.00165
wandb: final_train_loss 0.00195
wandb:      total_steps 5000
wandb: train/train_loss 0.00195
wandb:   train/val_loss 0.00165
wandb: 
wandb: 🚀 View run nice-lobster-of-reading_nik at: https://wandb.ai/spshenov-university-of-amsterdam/NIK-DCE-MRI/runs/fyyj3a7a
wandb: ⭐️ View project at: https://wandb.ai/spshenov-university-of-amsterdam/NIK-DCE-MRI
wandb: Synced 5 W&B file(s), 145 media file(s), 2 artifact file(s) and 0 other file(s)
wandb: Find logs at: ./runs/20260223_164427_nice-lobster-of-reading_nik/wandb/run-20260223_164427-fyyj3a7a/logs
wandb: Agent Starting Run: qp78snil with config:
wandb: 	batch_size: 16384
wandb: 	depth: 3
wandb: 	hidden: 256
wandb: 	lr: 1.4825759096138423e-05
wandb: 	optimizer: Adam
wandb: 	steps: 5000
wandb: 	w0: 15
2026-02-23 16:45:46,442 - INFO - Run: nice-lobster-of-reading_nik
2026-02-23 16:45:46,442 - INFO - Config: config/training.toml
2026-02-23 16:45:46,442 - INFO - Output: /scratch/rnga/vvpshenov/DCE_NIK/runs/20260223_164546_nice-lobster-of-reading_nik
2026-02-23 16:45:46,442 - INFO -   experiment: {'name': 'NIK DCE-MRI k-space fitting', 'description': 'SIREN implicit neural representation for radial k-space'}
2026-02-23 16:45:46,443 - INFO -   data: {'file': '/scratch/rnga/vvpshenov/XCAT-ERIC/results/simulation_results_20260115T150400.mat', 't_frame': 0, 'coil_idx': 0, 'z_slice_idx': -1, 'val_frac': 0.1}
2026-02-23 16:45:46,443 - INFO -   model: {'hidden': 128, 'depth': 4, 'w0': 15}
2026-02-23 16:45:46,443 - INFO -   training: {'steps': 3000, 'batch_size': 4096, 'optimizer': 'Adam', 'lr': 0.0002, 'grad_clip': 1.0, 'eval_every': 50, 'seed': 0, 'plot': {'plot_every': 500, 'log_scale': True}}
2026-02-23 16:45:46,443 - INFO -   output: {'base_path': '/scratch/rnga/vvpshenov/DCE_NIK/runs'}
2026-02-23 16:45:46,443 - INFO -   logging: {'level': 'INFO', 'console_every': 100}
2026-02-23 16:45:46,443 - INFO -   wandb: {'watch_interval': 0}
2026-02-23 16:45:46,443 - INFO -   sweep: {'entity': 'spshenov-university-of-amsterdam', 'project': 'NIK-DCE-MRI', 'method': 'bayes', 'metric': {'name': 'best_val_loss', 'goal': 'minimize'}, 'parameters': {'hidden': {'values': [64, 128, 256]}, 'depth': {'values': [3, 4, 5, 7]}, 'w0': {'values': [10, 15, 30]}, 'optimizer': {'values': ['Adam', 'AdamW', 'SGD']}, 'lr': {'distribution': 'log_uniform_values', 'min': 1e-05, 'max': 0.01}, 'batch_size': {'values': [2048, 4096, 8192, 16384]}, 'steps': {'values': [2000, 3000, 5000, 8000]}}}
wandb: [wandb.login()] Loaded credentials for https://api.wandb.ai from /home/rnga/vvpshenov/.netrc.
wandb: setting up run qp78snil
wandb: Tracking run with wandb version 0.25.0
wandb: Run data is saved locally in /scratch/rnga/vvpshenov/DCE_NIK/runs/20260223_164546_nice-lobster-of-reading_nik/wandb/run-20260223_164546-qp78snil
wandb: Run `wandb offline` to turn off syncing.
wandb: Syncing run nice-lobster-of-reading_nik
wandb: ⭐️ View project at https://wandb.ai/spshenov-university-of-amsterdam/NIK-DCE-MRI
wandb: 🧹 View sweep at https://wandb.ai/spshenov-university-of-amsterdam/NIK-DCE-MRI/sweeps/73254n6n
wandb: 🚀 View run at https://wandb.ai/spshenov-university-of-amsterdam/NIK-DCE-MRI/runs/qp78snil
2026-02-23 16:45:47,804 - INFO - Model: hidden=256, depth=3, w0=15.0, params=67074
2026-02-23 16:45:47,806 - INFO - Training for 5000 steps, optimizer=Adam, lr=1.4825759096138423e-05
2026-02-23 16:45:53,912 - INFO - step    100  train 1.730e-01  val 2.048e-01
2026-02-23 16:45:54,334 - INFO - step    200  train 6.827e-02  val 6.523e-02
2026-02-23 16:45:54,769 - INFO - step    300  train 1.645e-02  val 1.593e-02
2026-02-23 16:45:55,192 - INFO - step    400  train 7.733e-03  val 7.518e-03
2026-02-23 16:46:00,958 - INFO - step    500  train 5.561e-03  val 5.403e-03
2026-02-23 16:46:01,399 - INFO - step    600  train 4.766e-03  val 4.547e-03
2026-02-23 16:46:01,819 - INFO - step    700  train 4.256e-03  val 4.027e-03
2026-02-23 16:46:02,241 - INFO - step    800  train 3.943e-03  val 3.650e-03
2026-02-23 16:46:02,658 - INFO - step    900  train 3.579e-03  val 3.392e-03
2026-02-23 16:46:08,726 - INFO - step   1000  train 3.358e-03  val 3.205e-03
2026-02-23 16:46:09,189 - INFO - step   1100  train 3.285e-03  val 3.106e-03
2026-02-23 16:46:09,631 - INFO - step   1200  train 3.072e-03  val 2.989e-03
2026-02-23 16:46:10,067 - INFO - step   1300  train 3.037e-03  val 2.904e-03
2026-02-23 16:46:10,507 - INFO - step   1400  train 3.020e-03  val 2.812e-03
2026-02-23 16:46:16,436 - INFO - step   1500  train 2.836e-03  val 2.737e-03
2026-02-23 16:46:16,881 - INFO - step   1600  train 2.769e-03  val 2.604e-03
2026-02-23 16:46:17,312 - INFO - step   1700  train 2.463e-03  val 2.503e-03
2026-02-23 16:46:17,747 - INFO - step   1800  train 2.617e-03  val 2.367e-03
2026-02-23 16:46:18,181 - INFO - step   1900  train 2.237e-03  val 2.268e-03
2026-02-23 16:46:23,604 - INFO - step   2000  train 2.269e-03  val 2.179e-03
2026-02-23 16:46:24,056 - INFO - step   2100  train 2.190e-03  val 2.067e-03
2026-02-23 16:46:24,490 - INFO - step   2200  train 2.033e-03  val 1.992e-03
2026-02-23 16:46:24,923 - INFO - step   2300  train 1.945e-03  val 1.913e-03
2026-02-23 16:46:25,359 - INFO - step   2400  train 1.888e-03  val 1.837e-03
2026-02-23 16:46:31,076 - INFO - step   2500  train 1.767e-03  val 1.782e-03
2026-02-23 16:46:31,527 - INFO - step   2600  train 1.835e-03  val 1.752e-03
2026-02-23 16:46:31,979 - INFO - step   2700  train 1.859e-03  val 1.711e-03
2026-02-23 16:46:32,407 - INFO - step   2800  train 1.716e-03  val 1.656e-03
2026-02-23 16:46:32,830 - INFO - step   2900  train 1.764e-03  val 1.626e-03
2026-02-23 16:46:38,133 - INFO - step   3000  train 1.678e-03  val 1.590e-03
2026-02-23 16:46:38,585 - INFO - step   3100  train 1.546e-03  val 1.572e-03
2026-02-23 16:46:38,998 - INFO - step   3200  train 1.592e-03  val 1.556e-03
2026-02-23 16:46:39,389 - INFO - step   3300  train 1.480e-03  val 1.519e-03
2026-02-23 16:46:39,754 - INFO - step   3400  train 1.465e-03  val 1.500e-03
2026-02-23 16:46:44,845 - INFO - step   3500  train 1.547e-03  val 1.473e-03
2026-02-23 16:46:45,277 - INFO - step   3600  train 1.425e-03  val 1.454e-03
2026-02-23 16:46:45,707 - INFO - step   3700  train 1.475e-03  val 1.433e-03
2026-02-23 16:46:46,142 - INFO - step   3800  train 1.416e-03  val 1.423e-03
2026-02-23 16:46:46,568 - INFO - step   3900  train 1.392e-03  val 1.395e-03
2026-02-23 16:46:51,960 - INFO - step   4000  train 1.384e-03  val 1.379e-03
2026-02-23 16:46:52,350 - INFO - step   4100  train 1.379e-03  val 1.342e-03
2026-02-23 16:46:52,717 - INFO - step   4200  train 1.311e-03  val 1.345e-03
2026-02-23 16:46:53,117 - INFO - step   4300  train 1.225e-03  val 1.327e-03
2026-02-23 16:46:53,542 - INFO - step   4400  train 1.252e-03  val 1.294e-03
2026-02-23 16:46:59,369 - INFO - step   4500  train 1.261e-03  val 1.276e-03
2026-02-23 16:46:59,829 - INFO - step   4600  train 1.190e-03  val 1.267e-03
2026-02-23 16:47:00,272 - INFO - step   4700  train 1.162e-03  val 1.240e-03
2026-02-23 16:47:00,685 - INFO - step   4800  train 1.240e-03  val 1.231e-03
2026-02-23 16:47:01,102 - INFO - step   4900  train 1.179e-03  val 1.213e-03
2026-02-23 16:47:06,639 - INFO - step   5000  train 1.214e-03  val 1.200e-03
2026-02-23 16:47:07,320 - INFO - Done. best_val_loss=1.200e-03
wandb: uploading artifact model; updating run metadata
wandb: uploading artifact model
wandb: uploading media/images/plots/ring_ro110_Mag_5000_9dd9bf84c5eb2c88a293.png; uploading media/images/plots/error_map_val_5000_b4b27a46827b0dab9d1c.png; uploading wandb-summary.json; uploading media/images/plots/ring_ro176_Re_5000_ce0b06fe369d55044ffd.png; uploading media/images/plots/ring_ro176_Im_5000_d32d56a6ac8253c3899f.png (+ 13 more)
wandb: uploading media/images/plots/error_map_train_5000_8e6f0a92c0d415cb0dda.png
wandb: 
wandb: Run history:
wandb: train/train_loss █▃▁▁▁▁▁▁▁▁▁▁▁▁▁▁▁▁▁▁▁▁▁▁▁▁▁▁▁▁▁▁▁▁▁▁▁▁▁▁
wandb:   train/val_loss █▄▁▁▁▁▁▁▁▁▁▁▁▁▁▁▁▁▁▁▁▁▁▁▁▁▁▁▁▁▁▁▁▁▁▁▁▁▁▁
wandb: 
wandb: Run summary:
wandb:    best_val_loss 0.0012
wandb: final_train_loss 0.00121
wandb:      total_steps 5000
wandb: train/train_loss 0.00121
wandb:   train/val_loss 0.0012
wandb: 
wandb: 🚀 View run nice-lobster-of-reading_nik at: https://wandb.ai/spshenov-university-of-amsterdam/NIK-DCE-MRI/runs/qp78snil
wandb: ⭐️ View project at: https://wandb.ai/spshenov-university-of-amsterdam/NIK-DCE-MRI
wandb: Synced 5 W&B file(s), 145 media file(s), 2 artifact file(s) and 0 other file(s)
wandb: Find logs at: ./runs/20260223_164546_nice-lobster-of-reading_nik/wandb/run-20260223_164546-qp78snil/logs
wandb: Sweep Agent: Waiting for job.
wandb: Job received.
wandb: Agent Starting Run: 77uh982y with config:
wandb: 	batch_size: 16384
wandb: 	depth: 3
wandb: 	hidden: 64
wandb: 	lr: 1.1595497071432395e-05
wandb: 	optimizer: Adam
wandb: 	steps: 8000
wandb: 	w0: 10
2026-02-23 16:47:21,229 - INFO - Run: nice-lobster-of-reading_nik
2026-02-23 16:47:21,229 - INFO - Config: config/training.toml
2026-02-23 16:47:21,229 - INFO - Output: /scratch/rnga/vvpshenov/DCE_NIK/runs/20260223_164721_nice-lobster-of-reading_nik
2026-02-23 16:47:21,229 - INFO -   experiment: {'name': 'NIK DCE-MRI k-space fitting', 'description': 'SIREN implicit neural representation for radial k-space'}
2026-02-23 16:47:21,229 - INFO -   data: {'file': '/scratch/rnga/vvpshenov/XCAT-ERIC/results/simulation_results_20260115T150400.mat', 't_frame': 0, 'coil_idx': 0, 'z_slice_idx': -1, 'val_frac': 0.1}
2026-02-23 16:47:21,229 - INFO -   model: {'hidden': 128, 'depth': 4, 'w0': 15}
2026-02-23 16:47:21,229 - INFO -   training: {'steps': 3000, 'batch_size': 4096, 'optimizer': 'Adam', 'lr': 0.0002, 'grad_clip': 1.0, 'eval_every': 50, 'seed': 0, 'plot': {'plot_every': 500, 'log_scale': True}}
2026-02-23 16:47:21,229 - INFO -   output: {'base_path': '/scratch/rnga/vvpshenov/DCE_NIK/runs'}
2026-02-23 16:47:21,229 - INFO -   logging: {'level': 'INFO', 'console_every': 100}
2026-02-23 16:47:21,229 - INFO -   wandb: {'watch_interval': 0}
2026-02-23 16:47:21,230 - INFO -   sweep: {'entity': 'spshenov-university-of-amsterdam', 'project': 'NIK-DCE-MRI', 'method': 'bayes', 'metric': {'name': 'best_val_loss', 'goal': 'minimize'}, 'parameters': {'hidden': {'values': [64, 128, 256]}, 'depth': {'values': [3, 4, 5, 7]}, 'w0': {'values': [10, 15, 30]}, 'optimizer': {'values': ['Adam', 'AdamW', 'SGD']}, 'lr': {'distribution': 'log_uniform_values', 'min': 1e-05, 'max': 0.01}, 'batch_size': {'values': [2048, 4096, 8192, 16384]}, 'steps': {'values': [2000, 3000, 5000, 8000]}}}
wandb: [wandb.login()] Loaded credentials for https://api.wandb.ai from /home/rnga/vvpshenov/.netrc.
wandb: setting up run 77uh982y
wandb: Tracking run with wandb version 0.25.0
wandb: Run data is saved locally in /scratch/rnga/vvpshenov/DCE_NIK/runs/20260223_164721_nice-lobster-of-reading_nik/wandb/run-20260223_164721-77uh982y
wandb: Run `wandb offline` to turn off syncing.
wandb: Syncing run nice-lobster-of-reading_nik
wandb: ⭐️ View project at https://wandb.ai/spshenov-university-of-amsterdam/NIK-DCE-MRI
wandb: 🧹 View sweep at https://wandb.ai/spshenov-university-of-amsterdam/NIK-DCE-MRI/sweeps/73254n6n
wandb: 🚀 View run at https://wandb.ai/spshenov-university-of-amsterdam/NIK-DCE-MRI/runs/77uh982y
2026-02-23 16:47:22,571 - INFO - Model: hidden=64, depth=3, w0=10.0, params=4482
2026-02-23 16:47:22,574 - INFO - Training for 8000 steps, optimizer=Adam, lr=1.1595497071432395e-05
2026-02-23 16:47:28,173 - INFO - step    100  train 2.663e-01  val 3.265e-01
2026-02-23 16:47:28,365 - INFO - step    200  train 2.918e-01  val 2.812e-01
2026-02-23 16:47:28,565 - INFO - step    300  train 2.737e-01  val 2.591e-01
2026-02-23 16:47:28,766 - INFO - step    400  train 2.563e-01  val 2.447e-01
2026-02-23 16:47:34,089 - INFO - step    500  train 2.159e-01  val 2.318e-01
2026-02-23 16:47:34,288 - INFO - step    600  train 2.347e-01  val 2.198e-01
2026-02-23 16:47:34,479 - INFO - step    700  train 2.238e-01  val 2.089e-01
2026-02-23 16:47:34,675 - INFO - step    800  train 2.142e-01  val 1.990e-01
2026-02-23 16:47:34,868 - INFO - step    900  train 1.902e-01  val 1.897e-01
2026-02-23 16:47:39,992 - INFO - step   1000  train 1.782e-01  val 1.807e-01
2026-02-23 16:47:40,229 - INFO - step   1100  train 1.768e-01  val 1.720e-01
2026-02-23 16:47:40,442 - INFO - step   1200  train 1.655e-01  val 1.637e-01
2026-02-23 16:47:40,675 - INFO - step   1300  train 1.635e-01  val 1.557e-01
2026-02-23 16:47:40,870 - INFO - step   1400  train 1.440e-01  val 1.480e-01
2026-02-23 16:47:46,067 - INFO - step   1500  train 1.389e-01  val 1.406e-01
2026-02-23 16:47:46,290 - INFO - step   1600  train 1.522e-01  val 1.336e-01
2026-02-23 16:47:46,489 - INFO - step   1700  train 1.272e-01  val 1.267e-01
2026-02-23 16:47:46,700 - INFO - step   1800  train 1.199e-01  val 1.201e-01
2026-02-23 16:47:46,939 - INFO - step   1900  train 1.089e-01  val 1.138e-01
2026-02-23 16:47:52,230 - INFO - step   2000  train 1.019e-01  val 1.077e-01
2026-02-23 16:47:52,429 - INFO - step   2100  train 1.012e-01  val 1.018e-01
2026-02-23 16:47:52,626 - INFO - step   2200  train 9.255e-02  val 9.622e-02
2026-02-23 16:47:52,819 - INFO - step   2300  train 9.619e-02  val 9.097e-02
2026-02-23 16:47:53,047 - INFO - step   2400  train 9.538e-02  val 8.599e-02
2026-02-23 16:47:58,519 - INFO - step   2500  train 7.768e-02  val 8.111e-02
2026-02-23 16:47:58,721 - INFO - step   2600  train 8.026e-02  val 7.630e-02
2026-02-23 16:47:58,921 - INFO - step   2700  train 7.155e-02  val 7.160e-02
2026-02-23 16:47:59,125 - INFO - step   2800  train 6.547e-02  val 6.713e-02
2026-02-23 16:47:59,352 - INFO - step   2900  train 6.484e-02  val 6.291e-02
2026-02-23 16:48:04,907 - INFO - step   3000  train 5.621e-02  val 5.895e-02
2026-02-23 16:48:05,137 - INFO - step   3100  train 5.078e-02  val 5.519e-02
2026-02-23 16:48:05,352 - INFO - step   3200  train 4.967e-02  val 5.169e-02
2026-02-23 16:48:05,581 - INFO - step   3300  train 5.038e-02  val 4.841e-02
2026-02-23 16:48:05,826 - INFO - step   3400  train 4.830e-02  val 4.536e-02
2026-02-23 16:48:10,877 - INFO - step   3500  train 4.518e-02  val 4.239e-02
2026-02-23 16:48:11,098 - INFO - step   3600  train 3.780e-02  val 3.966e-02
2026-02-23 16:48:11,288 - INFO - step   3700  train 3.543e-02  val 3.709e-02
2026-02-23 16:48:11,483 - INFO - step   3800  train 3.798e-02  val 3.473e-02
2026-02-23 16:48:11,691 - INFO - step   3900  train 3.439e-02  val 3.257e-02
2026-02-23 16:48:16,731 - INFO - step   4000  train 2.750e-02  val 3.062e-02
2026-02-23 16:48:16,915 - INFO - step   4100  train 2.923e-02  val 2.882e-02
2026-02-23 16:48:17,114 - INFO - step   4200  train 3.011e-02  val 2.719e-02
2026-02-23 16:48:17,298 - INFO - step   4300  train 2.661e-02  val 2.568e-02
2026-02-23 16:48:17,480 - INFO - step   4400  train 2.593e-02  val 2.431e-02
2026-02-23 16:48:22,641 - INFO - step   4500  train 2.229e-02  val 2.303e-02
2026-02-23 16:48:22,834 - INFO - step   4600  train 2.411e-02  val 2.184e-02
2026-02-23 16:48:23,031 - INFO - step   4700  train 2.281e-02  val 2.075e-02
2026-02-23 16:48:23,241 - INFO - step   4800  train 2.182e-02  val 1.970e-02
2026-02-23 16:48:23,434 - INFO - step   4900  train 2.062e-02  val 1.870e-02
2026-02-23 16:48:28,517 - INFO - step   5000  train 2.044e-02  val 1.780e-02
2026-02-23 16:48:28,706 - INFO - step   5100  train 1.738e-02  val 1.693e-02
2026-02-23 16:48:28,893 - INFO - step   5200  train 1.620e-02  val 1.612e-02
2026-02-23 16:48:29,081 - INFO - step   5300  train 1.670e-02  val 1.537e-02
2026-02-23 16:48:29,268 - INFO - step   5400  train 1.508e-02  val 1.466e-02
2026-02-23 16:48:34,118 - INFO - step   5500  train 1.492e-02  val 1.399e-02
2026-02-23 16:48:34,320 - INFO - step   5600  train 1.385e-02  val 1.336e-02
2026-02-23 16:48:34,517 - INFO - step   5700  train 1.376e-02  val 1.279e-02
2026-02-23 16:48:34,715 - INFO - step   5800  train 1.344e-02  val 1.224e-02
2026-02-23 16:48:35,022 - INFO - step   5900  train 1.208e-02  val 1.171e-02
2026-02-23 16:48:41,070 - INFO - step   6000  train 1.198e-02  val 1.123e-02
2026-02-23 16:48:41,383 - INFO - step   6100  train 1.145e-02  val 1.078e-02
2026-02-23 16:48:41,697 - INFO - step   6200  train 1.118e-02  val 1.037e-02
2026-02-23 16:48:42,002 - INFO - step   6300  train 1.029e-02  val 9.954e-03
2026-02-23 16:48:42,304 - INFO - step   6400  train 1.035e-02  val 9.591e-03
2026-02-23 16:48:48,221 - INFO - step   6500  train 9.330e-03  val 9.249e-03
2026-02-23 16:48:48,527 - INFO - step   6600  train 9.349e-03  val 8.922e-03
2026-02-23 16:48:48,830 - INFO - step   6700  train 8.681e-03  val 8.648e-03
2026-02-23 16:48:49,131 - INFO - step   6800  train 8.811e-03  val 8.357e-03
2026-02-23 16:48:49,448 - INFO - step   6900  train 8.595e-03  val 8.096e-03
2026-02-23 16:48:55,128 - INFO - step   7000  train 8.469e-03  val 7.858e-03
2026-02-23 16:48:55,456 - INFO - step   7100  train 7.711e-03  val 7.649e-03
2026-02-23 16:48:55,761 - INFO - step   7200  train 7.658e-03  val 7.439e-03
2026-02-23 16:48:56,091 - INFO - step   7300  train 7.720e-03  val 7.253e-03
2026-02-23 16:48:56,430 - INFO - step   7400  train 7.518e-03  val 7.078e-03
2026-02-23 16:49:02,512 - INFO - step   7500  train 7.397e-03  val 6.931e-03
2026-02-23 16:49:02,842 - INFO - step   7600  train 6.980e-03  val 6.791e-03
2026-02-23 16:49:03,161 - INFO - step   7700  train 7.013e-03  val 6.658e-03
2026-02-23 16:49:03,495 - INFO - step   7800  train 6.776e-03  val 6.540e-03
2026-02-23 16:49:03,810 - INFO - step   7900  train 6.574e-03  val 6.428e-03
2026-02-23 16:49:09,866 - INFO - step   8000  train 6.092e-03  val 6.330e-03
2026-02-23 16:49:10,615 - INFO - Done. best_val_loss=6.330e-03
wandb: uploading artifact model; updating run metadata
wandb: uploading artifact model
wandb: uploading media/images/plots/ring_ro55_Mag_8000_48a09d5d4688cd37b86d.png; uploading media/images/plots/ring_ro176_Im_8000_1e53dc71f31876f5a91d.png; uploading media/images/plots/ring_ro55_Re_8000_120aefcb0b80d35389b0.png; uploading media/images/plots/ring_ro176_Re_8000_b22545d77e9fcb134db3.png; uploading media/images/plots/spoke_train_8000_685e48d999d56bba805a.png (+ 13 more)
wandb: uploading media/images/plots/error_map_train_8000_3e95165d199a2a39784f.png
wandb: 
wandb: Run history:
wandb: train/train_loss █▆▇▅▅▄▄▄▃▃▃▃▂▂▂▂▂▂▁▁▁▁▁▁▁▁▁▁▁▁▁▁▁▁▁▁▁▁▁▁
wandb:   train/val_loss █▇▇▆▅▅▅▄▄▄▄▃▃▃▂▂▂▂▂▂▂▂▂▁▁▁▁▁▁▁▁▁▁▁▁▁▁▁▁▁
wandb: 
wandb: Run summary:
wandb:    best_val_loss 0.00633
wandb: final_train_loss 0.00609
wandb:      total_steps 8000
wandb: train/train_loss 0.00609
wandb:   train/val_loss 0.00633
wandb: 
wandb: 🚀 View run nice-lobster-of-reading_nik at: https://wandb.ai/spshenov-university-of-amsterdam/NIK-DCE-MRI/runs/77uh982y
wandb: ⭐️ View project at: https://wandb.ai/spshenov-university-of-amsterdam/NIK-DCE-MRI
wandb: Synced 5 W&B file(s), 223 media file(s), 2 artifact file(s) and 0 other file(s)
wandb: Find logs at: ./runs/20260223_164721_nice-lobster-of-reading_nik/wandb/run-20260223_164721-77uh982y/logs
wandb: Agent Starting Run: hu6660e9 with config:
wandb: 	batch_size: 16384
wandb: 	depth: 7
wandb: 	hidden: 64
wandb: 	lr: 1.0842869043120644e-05
wandb: 	optimizer: SGD
wandb: 	steps: 3000
wandb: 	w0: 10
2026-02-23 16:49:17,694 - INFO - Run: nice-lobster-of-reading_nik
2026-02-23 16:49:17,694 - INFO - Config: config/training.toml
2026-02-23 16:49:17,694 - INFO - Output: /scratch/rnga/vvpshenov/DCE_NIK/runs/20260223_164917_nice-lobster-of-reading_nik
2026-02-23 16:49:17,694 - INFO -   experiment: {'name': 'NIK DCE-MRI k-space fitting', 'description': 'SIREN implicit neural representation for radial k-space'}
2026-02-23 16:49:17,694 - INFO -   data: {'file': '/scratch/rnga/vvpshenov/XCAT-ERIC/results/simulation_results_20260115T150400.mat', 't_frame': 0, 'coil_idx': 0, 'z_slice_idx': -1, 'val_frac': 0.1}
2026-02-23 16:49:17,694 - INFO -   model: {'hidden': 128, 'depth': 4, 'w0': 15}
2026-02-23 16:49:17,694 - INFO -   training: {'steps': 3000, 'batch_size': 4096, 'optimizer': 'Adam', 'lr': 0.0002, 'grad_clip': 1.0, 'eval_every': 50, 'seed': 0, 'plot': {'plot_every': 500, 'log_scale': True}}
2026-02-23 16:49:17,694 - INFO -   output: {'base_path': '/scratch/rnga/vvpshenov/DCE_NIK/runs'}
2026-02-23 16:49:17,695 - INFO -   logging: {'level': 'INFO', 'console_every': 100}
2026-02-23 16:49:17,695 - INFO -   wandb: {'watch_interval': 0}
2026-02-23 16:49:17,695 - INFO -   sweep: {'entity': 'spshenov-university-of-amsterdam', 'project': 'NIK-DCE-MRI', 'method': 'bayes', 'metric': {'name': 'best_val_loss', 'goal': 'minimize'}, 'parameters': {'hidden': {'values': [64, 128, 256]}, 'depth': {'values': [3, 4, 5, 7]}, 'w0': {'values': [10, 15, 30]}, 'optimizer': {'values': ['Adam', 'AdamW', 'SGD']}, 'lr': {'distribution': 'log_uniform_values', 'min': 1e-05, 'max': 0.01}, 'batch_size': {'values': [2048, 4096, 8192, 16384]}, 'steps': {'values': [2000, 3000, 5000, 8000]}}}
wandb: [wandb.login()] Loaded credentials for https://api.wandb.ai from /home/rnga/vvpshenov/.netrc.
wandb: setting up run hu6660e9
wandb: Tracking run with wandb version 0.25.0
wandb: Run data is saved locally in /scratch/rnga/vvpshenov/DCE_NIK/runs/20260223_164917_nice-lobster-of-reading_nik/wandb/run-20260223_164918-hu6660e9
wandb: Run `wandb offline` to turn off syncing.
wandb: Syncing run nice-lobster-of-reading_nik
wandb: ⭐️ View project at https://wandb.ai/spshenov-university-of-amsterdam/NIK-DCE-MRI
wandb: 🧹 View sweep at https://wandb.ai/spshenov-university-of-amsterdam/NIK-DCE-MRI/sweeps/73254n6n
wandb: 🚀 View run at https://wandb.ai/spshenov-university-of-amsterdam/NIK-DCE-MRI/runs/hu6660e9
2026-02-23 16:49:19,118 - INFO - Model: hidden=64, depth=7, w0=10.0, params=21122
2026-02-23 16:49:19,119 - INFO - Training for 3000 steps, optimizer=SGD, lr=1.0842869043120644e-05
2026-02-23 16:49:24,606 - INFO - step    100  train 3.097e-01  val 3.456e-01
2026-02-23 16:49:24,899 - INFO - step    200  train 3.152e-01  val 3.001e-01
2026-02-23 16:49:25,192 - INFO - step    300  train 2.878e-01  val 2.701e-01
2026-02-23 16:49:25,480 - INFO - step    400  train 2.651e-01  val 2.481e-01
2026-02-23 16:49:30,661 - INFO - step    500  train 2.213e-01  val 2.314e-01
2026-02-23 16:49:30,940 - INFO - step    600  train 2.386e-01  val 2.182e-01
2026-02-23 16:49:31,234 - INFO - step    700  train 2.257e-01  val 2.070e-01
2026-02-23 16:49:31,547 - INFO - step    800  train 2.144e-01  val 1.972e-01
2026-02-23 16:49:31,844 - INFO - step    900  train 1.898e-01  val 1.884e-01
2026-02-23 16:49:37,158 - INFO - step   1000  train 1.783e-01  val 1.803e-01
2026-02-23 16:49:37,445 - INFO - step   1100  train 1.740e-01  val 1.730e-01
2026-02-23 16:49:37,742 - INFO - step   1200  train 1.723e-01  val 1.661e-01
2026-02-23 16:49:38,036 - INFO - step   1300  train 1.671e-01  val 1.597e-01
2026-02-23 16:49:38,362 - INFO - step   1400  train 1.509e-01  val 1.534e-01
2026-02-23 16:49:43,322 - INFO - step   1500  train 1.497e-01  val 1.475e-01
2026-02-23 16:49:43,598 - INFO - step   1600  train 1.684e-01  val 1.419e-01
2026-02-23 16:49:43,885 - INFO - step   1700  train 1.392e-01  val 1.365e-01
2026-02-23 16:49:44,159 - INFO - step   1800  train 1.320e-01  val 1.316e-01
2026-02-23 16:49:44,444 - INFO - step   1900  train 1.236e-01  val 1.271e-01
2026-02-23 16:49:50,174 - INFO - step   2000  train 1.192e-01  val 1.230e-01
2026-02-23 16:49:50,477 - INFO - step   2100  train 1.211e-01  val 1.191e-01
2026-02-23 16:49:50,783 - INFO - step   2200  train 1.141e-01  val 1.155e-01
2026-02-23 16:49:51,100 - INFO - step   2300  train 1.245e-01  val 1.122e-01
2026-02-23 16:49:51,439 - INFO - step   2400  train 1.261e-01  val 1.092e-01
2026-02-23 16:49:56,670 - INFO - step   2500  train 1.072e-01  val 1.063e-01
2026-02-23 16:49:56,954 - INFO - step   2600  train 1.201e-01  val 1.036e-01
2026-02-23 16:49:57,249 - INFO - step   2700  train 1.057e-01  val 1.011e-01
2026-02-23 16:49:57,530 - INFO - step   2800  train 1.032e-01  val 9.871e-02
2026-02-23 16:49:57,815 - INFO - step   2900  train 1.058e-01  val 9.646e-02
2026-02-23 16:50:03,302 - INFO - step   3000  train 9.541e-02  val 9.435e-02
2026-02-23 16:50:03,948 - INFO - Done. best_val_loss=9.435e-02
wandb: uploading artifact model; updating run metadata
wandb: uploading artifact model
wandb: uploading media/images/plots/ring_ro55_Im_3000_30de41f222b82fd47747.png; uploading media/images/plots/ring_ro176_Re_3000_cd528edf8a7bc13f1cd7.png; uploading media/images/plots/spoke_train_3000_d18221af79f89defaef3.png; uploading media/images/plots/spoke_val_3000_90efbc13f165f49a3236.png; uploading media/images/plots/error_map_train_3000_af4b69feb4d40f0569e0.png (+ 1 more)
wandb: uploading data
wandb: 
wandb: Run history:
wandb: train/train_loss ████▆▄▄▅▅▄▃▄▃▃▃▄▃▃▃▃▃▃▂▂▂▂▂▂▂▂▂▂▁▁▂▁▁▁▁▁
wandb:   train/val_loss █▇▇▆▆▅▅▄▄▄▄▄▃▃▃▃▃▃▃▃▂▂▂▂▂▂▂▂▂▂▂▂▁▁▁▁▁▁▁▁
wandb: 
wandb: Run summary:
wandb:    best_val_loss 0.09435
wandb: final_train_loss 0.09541
wandb:      total_steps 3000
wandb: train/train_loss 0.09541
wandb:   train/val_loss 0.09435
wandb: 
wandb: 🚀 View run nice-lobster-of-reading_nik at: https://wandb.ai/spshenov-university-of-amsterdam/NIK-DCE-MRI/runs/hu6660e9
wandb: ⭐️ View project at: https://wandb.ai/spshenov-university-of-amsterdam/NIK-DCE-MRI
wandb: Synced 5 W&B file(s), 93 media file(s), 2 artifact file(s) and 0 other file(s)
wandb: Find logs at: ./runs/20260223_164917_nice-lobster-of-reading_nik/wandb/run-20260223_164918-hu6660e9/logs
wandb: Agent Starting Run: xza3iltv with config:
wandb: 	batch_size: 16384
wandb: 	depth: 3
wandb: 	hidden: 256
wandb: 	lr: 1.2646923598708353e-05
wandb: 	optimizer: Adam
wandb: 	steps: 3000
wandb: 	w0: 15
2026-02-23 16:50:10,568 - INFO - Run: nice-lobster-of-reading_nik
2026-02-23 16:50:10,568 - INFO - Config: config/training.toml
2026-02-23 16:50:10,568 - INFO - Output: /scratch/rnga/vvpshenov/DCE_NIK/runs/20260223_165010_nice-lobster-of-reading_nik
2026-02-23 16:50:10,568 - INFO -   experiment: {'name': 'NIK DCE-MRI k-space fitting', 'description': 'SIREN implicit neural representation for radial k-space'}
2026-02-23 16:50:10,568 - INFO -   data: {'file': '/scratch/rnga/vvpshenov/XCAT-ERIC/results/simulation_results_20260115T150400.mat', 't_frame': 0, 'coil_idx': 0, 'z_slice_idx': -1, 'val_frac': 0.1}
2026-02-23 16:50:10,568 - INFO -   model: {'hidden': 128, 'depth': 4, 'w0': 15}
2026-02-23 16:50:10,568 - INFO -   training: {'steps': 3000, 'batch_size': 4096, 'optimizer': 'Adam', 'lr': 0.0002, 'grad_clip': 1.0, 'eval_every': 50, 'seed': 0, 'plot': {'plot_every': 500, 'log_scale': True}}
2026-02-23 16:50:10,568 - INFO -   output: {'base_path': '/scratch/rnga/vvpshenov/DCE_NIK/runs'}
2026-02-23 16:50:10,568 - INFO -   logging: {'level': 'INFO', 'console_every': 100}
2026-02-23 16:50:10,568 - INFO -   wandb: {'watch_interval': 0}
2026-02-23 16:50:10,568 - INFO -   sweep: {'entity': 'spshenov-university-of-amsterdam', 'project': 'NIK-DCE-MRI', 'method': 'bayes', 'metric': {'name': 'best_val_loss', 'goal': 'minimize'}, 'parameters': {'hidden': {'values': [64, 128, 256]}, 'depth': {'values': [3, 4, 5, 7]}, 'w0': {'values': [10, 15, 30]}, 'optimizer': {'values': ['Adam', 'AdamW', 'SGD']}, 'lr': {'distribution': 'log_uniform_values', 'min': 1e-05, 'max': 0.01}, 'batch_size': {'values': [2048, 4096, 8192, 16384]}, 'steps': {'values': [2000, 3000, 5000, 8000]}}}
wandb: [wandb.login()] Loaded credentials for https://api.wandb.ai from /home/rnga/vvpshenov/.netrc.
wandb: setting up run xza3iltv
wandb: Tracking run with wandb version 0.25.0
wandb: Run data is saved locally in /scratch/rnga/vvpshenov/DCE_NIK/runs/20260223_165010_nice-lobster-of-reading_nik/wandb/run-20260223_165010-xza3iltv
wandb: Run `wandb offline` to turn off syncing.
wandb: Syncing run nice-lobster-of-reading_nik
wandb: ⭐️ View project at https://wandb.ai/spshenov-university-of-amsterdam/NIK-DCE-MRI
wandb: 🧹 View sweep at https://wandb.ai/spshenov-university-of-amsterdam/NIK-DCE-MRI/sweeps/73254n6n
wandb: 🚀 View run at https://wandb.ai/spshenov-university-of-amsterdam/NIK-DCE-MRI/runs/xza3iltv
2026-02-23 16:50:11,892 - INFO - Model: hidden=256, depth=3, w0=15.0, params=67074
2026-02-23 16:50:11,893 - INFO - Training for 3000 steps, optimizer=Adam, lr=1.2646923598708353e-05
2026-02-23 16:50:18,232 - INFO - step    100  train 1.844e-01  val 2.212e-01
2026-02-23 16:50:18,665 - INFO - step    200  train 1.008e-01  val 9.646e-02
2026-02-23 16:50:19,087 - INFO - step    300  train 2.711e-02  val 2.588e-02
2026-02-23 16:50:19,507 - INFO - step    400  train 1.067e-02  val 1.046e-02
2026-02-23 16:50:25,481 - INFO - step    500  train 6.672e-03  val 6.553e-03
2026-02-23 16:50:25,925 - INFO - step    600  train 5.426e-03  val 5.202e-03
2026-02-23 16:50:26,364 - INFO - step    700  train 4.751e-03  val 4.519e-03
2026-02-23 16:50:26,801 - INFO - step    800  train 4.342e-03  val 4.043e-03
2026-02-23 16:50:27,196 - INFO - step    900  train 3.899e-03  val 3.706e-03
2026-02-23 16:50:33,113 - INFO - step   1000  train 3.608e-03  val 3.450e-03
2026-02-23 16:50:33,525 - INFO - step   1100  train 3.481e-03  val 3.297e-03
2026-02-23 16:50:33,904 - INFO - step   1200  train 3.239e-03  val 3.146e-03
2026-02-23 16:50:34,279 - INFO - step   1300  train 3.209e-03  val 3.046e-03
2026-02-23 16:50:34,661 - INFO - step   1400  train 3.195e-03  val 2.957e-03
2026-02-23 16:50:39,917 - INFO - step   1500  train 3.027e-03  val 2.887e-03
2026-02-23 16:50:40,315 - INFO - step   1600  train 3.012e-03  val 2.805e-03
2026-02-23 16:50:40,698 - INFO - step   1700  train 2.693e-03  val 2.715e-03
2026-02-23 16:50:41,075 - INFO - step   1800  train 2.882e-03  val 2.600e-03
2026-02-23 16:50:41,437 - INFO - step   1900  train 2.533e-03  val 2.529e-03
2026-02-23 16:50:46,871 - INFO - step   2000  train 2.548e-03  val 2.445e-03
2026-02-23 16:50:47,248 - INFO - step   2100  train 2.499e-03  val 2.335e-03
2026-02-23 16:50:47,615 - INFO - step   2200  train 2.317e-03  val 2.258e-03
2026-02-23 16:50:47,976 - INFO - step   2300  train 2.178e-03  val 2.154e-03
2026-02-23 16:50:48,333 - INFO - step   2400  train 2.126e-03  val 2.055e-03
2026-02-23 16:50:53,590 - INFO - step   2500  train 1.959e-03  val 1.968e-03
2026-02-23 16:50:53,977 - INFO - step   2600  train 2.014e-03  val 1.915e-03
2026-02-23 16:50:54,336 - INFO - step   2700  train 2.012e-03  val 1.863e-03
2026-02-23 16:50:54,701 - INFO - step   2800  train 1.846e-03  val 1.792e-03
2026-02-23 16:50:55,054 - INFO - step   2900  train 1.895e-03  val 1.752e-03
2026-02-23 16:51:00,521 - INFO - step   3000  train 1.794e-03  val 1.706e-03
2026-02-23 16:51:01,226 - INFO - Done. best_val_loss=1.706e-03
wandb: uploading artifact model; updating run metadata
wandb: uploading artifact model
wandb: uploading media/images/plots/spoke_val_3000_7daa79f9f53f348d3809.png; uploading media/images/plots/error_map_train_3000_9b1de368b8d524165bd6.png; uploading media/images/plots/ring_ro55_Re_3000_175b650a51922c300b8f.png; uploading media/images/plots/error_map_val_3000_3dbabc8bc7a684b83a58.png; uploading media/images/plots/spoke_train_3000_da6d282bcf08f0872f5c.png
wandb: uploading history steps 2999-2999, summary, console lines 31-32
wandb: 
wandb: Run history:
wandb: train/train_loss █▅▄▄▃▂▁▁▁▁▁▁▁▁▁▁▁▁▁▁▁▁▁▁▁▁▁▁▁▁▁▁▁▁▁▁▁▁▁▁
wandb:   train/val_loss █▇▅▃▂▁▁▁▁▁▁▁▁▁▁▁▁▁▁▁▁▁▁▁▁▁▁▁▁▁▁▁▁▁▁▁▁▁▁▁
wandb: 
wandb: Run summary:
wandb:    best_val_loss 0.00171
wandb: final_train_loss 0.00179
wandb:      total_steps 3000
wandb: train/train_loss 0.00179
wandb:   train/val_loss 0.00171
wandb: 
wandb: 🚀 View run nice-lobster-of-reading_nik at: https://wandb.ai/spshenov-university-of-amsterdam/NIK-DCE-MRI/runs/xza3iltv
wandb: ⭐️ View project at: https://wandb.ai/spshenov-university-of-amsterdam/NIK-DCE-MRI
wandb: Synced 5 W&B file(s), 93 media file(s), 2 artifact file(s) and 0 other file(s)
wandb: Find logs at: ./runs/20260223_165010_nice-lobster-of-reading_nik/wandb/run-20260223_165010-xza3iltv/logs
wandb: Agent Starting Run: l2cjll24 with config:
wandb: 	batch_size: 16384
wandb: 	depth: 4
wandb: 	hidden: 64
wandb: 	lr: 1.2551085933933908e-05
wandb: 	optimizer: Adam
wandb: 	steps: 3000
wandb: 	w0: 15
2026-02-23 16:51:08,684 - INFO - Run: nice-lobster-of-reading_nik
2026-02-23 16:51:08,684 - INFO - Config: config/training.toml
2026-02-23 16:51:08,684 - INFO - Output: /scratch/rnga/vvpshenov/DCE_NIK/runs/20260223_165108_nice-lobster-of-reading_nik
2026-02-23 16:51:08,684 - INFO -   experiment: {'name': 'NIK DCE-MRI k-space fitting', 'description': 'SIREN implicit neural representation for radial k-space'}
2026-02-23 16:51:08,684 - INFO -   data: {'file': '/scratch/rnga/vvpshenov/XCAT-ERIC/results/simulation_results_20260115T150400.mat', 't_frame': 0, 'coil_idx': 0, 'z_slice_idx': -1, 'val_frac': 0.1}
2026-02-23 16:51:08,684 - INFO -   model: {'hidden': 128, 'depth': 4, 'w0': 15}
2026-02-23 16:51:08,684 - INFO -   training: {'steps': 3000, 'batch_size': 4096, 'optimizer': 'Adam', 'lr': 0.0002, 'grad_clip': 1.0, 'eval_every': 50, 'seed': 0, 'plot': {'plot_every': 500, 'log_scale': True}}
2026-02-23 16:51:08,684 - INFO -   output: {'base_path': '/scratch/rnga/vvpshenov/DCE_NIK/runs'}
2026-02-23 16:51:08,684 - INFO -   logging: {'level': 'INFO', 'console_every': 100}
2026-02-23 16:51:08,684 - INFO -   wandb: {'watch_interval': 0}
2026-02-23 16:51:08,684 - INFO -   sweep: {'entity': 'spshenov-university-of-amsterdam', 'project': 'NIK-DCE-MRI', 'method': 'bayes', 'metric': {'name': 'best_val_loss', 'goal': 'minimize'}, 'parameters': {'hidden': {'values': [64, 128, 256]}, 'depth': {'values': [3, 4, 5, 7]}, 'w0': {'values': [10, 15, 30]}, 'optimizer': {'values': ['Adam', 'AdamW', 'SGD']}, 'lr': {'distribution': 'log_uniform_values', 'min': 1e-05, 'max': 0.01}, 'batch_size': {'values': [2048, 4096, 8192, 16384]}, 'steps': {'values': [2000, 3000, 5000, 8000]}}}
wandb: [wandb.login()] Loaded credentials for https://api.wandb.ai from /home/rnga/vvpshenov/.netrc.
wandb: setting up run l2cjll24
wandb: Tracking run with wandb version 0.25.0
wandb: Run data is saved locally in /scratch/rnga/vvpshenov/DCE_NIK/runs/20260223_165108_nice-lobster-of-reading_nik/wandb/run-20260223_165109-l2cjll24
wandb: Run `wandb offline` to turn off syncing.
wandb: Syncing run nice-lobster-of-reading_nik
wandb: ⭐️ View project at https://wandb.ai/spshenov-university-of-amsterdam/NIK-DCE-MRI
wandb: 🧹 View sweep at https://wandb.ai/spshenov-university-of-amsterdam/NIK-DCE-MRI/sweeps/73254n6n
wandb: 🚀 View run at https://wandb.ai/spshenov-university-of-amsterdam/NIK-DCE-MRI/runs/l2cjll24
2026-02-23 16:51:10,187 - INFO - Model: hidden=64, depth=4, w0=15.0, params=8642
2026-02-23 16:51:10,188 - INFO - Training for 3000 steps, optimizer=Adam, lr=1.2551085933933908e-05
2026-02-23 16:51:15,800 - INFO - step    100  train 2.291e-01  val 2.758e-01
2026-02-23 16:51:16,088 - INFO - step    200  train 2.294e-01  val 2.199e-01
2026-02-23 16:51:16,315 - INFO - step    300  train 1.617e-01  val 1.539e-01
2026-02-23 16:51:16,583 - INFO - step    400  train 1.220e-01  val 1.143e-01
2026-02-23 16:51:22,247 - INFO - step    500  train 9.219e-02  val 9.740e-02
2026-02-23 16:51:22,559 - INFO - step    600  train 9.569e-02  val 8.758e-02
2026-02-23 16:51:22,921 - INFO - step    700  train 8.866e-02  val 8.030e-02
2026-02-23 16:51:23,224 - INFO - step    800  train 8.267e-02  val 7.433e-02
2026-02-23 16:51:23,475 - INFO - step    900  train 7.150e-02  val 6.939e-02
2026-02-23 16:51:28,673 - INFO - step   1000  train 6.582e-02  val 6.512e-02
2026-02-23 16:51:28,915 - INFO - step   1100  train 6.255e-02  val 6.139e-02
2026-02-23 16:51:29,146 - INFO - step   1200  train 6.256e-02  val 5.804e-02
2026-02-23 16:51:29,406 - INFO - step   1300  train 5.908e-02  val 5.496e-02
2026-02-23 16:51:29,628 - INFO - step   1400  train 5.285e-02  val 5.217e-02
2026-02-23 16:51:34,868 - INFO - step   1500  train 5.165e-02  val 4.951e-02
2026-02-23 16:51:35,103 - INFO - step   1600  train 5.785e-02  val 4.706e-02
2026-02-23 16:51:35,417 - INFO - step   1700  train 4.559e-02  val 4.458e-02
2026-02-23 16:51:35,725 - INFO - step   1800  train 4.305e-02  val 4.231e-02
2026-02-23 16:51:35,973 - INFO - step   1900  train 3.852e-02  val 4.013e-02
2026-02-23 16:51:40,781 - INFO - step   2000  train 3.643e-02  val 3.803e-02
2026-02-23 16:51:41,005 - INFO - step   2100  train 3.661e-02  val 3.606e-02
2026-02-23 16:51:41,222 - INFO - step   2200  train 3.322e-02  val 3.408e-02
2026-02-23 16:51:41,445 - INFO - step   2300  train 3.524e-02  val 3.218e-02
2026-02-23 16:51:41,688 - INFO - step   2400  train 3.411e-02  val 3.034e-02
2026-02-23 16:51:46,875 - INFO - step   2500  train 2.820e-02  val 2.857e-02
2026-02-23 16:51:47,098 - INFO - step   2600  train 3.079e-02  val 2.684e-02
2026-02-23 16:51:47,309 - INFO - step   2700  train 2.532e-02  val 2.515e-02
2026-02-23 16:51:47,555 - INFO - step   2800  train 2.407e-02  val 2.348e-02
2026-02-23 16:51:47,776 - INFO - step   2900  train 2.343e-02  val 2.185e-02
2026-02-23 16:51:53,015 - INFO - step   3000  train 1.997e-02  val 2.020e-02
2026-02-23 16:51:53,691 - INFO - Done. best_val_loss=2.020e-02
wandb: uploading artifact model; updating run metadata
wandb: uploading artifact model
wandb: uploading artifact model; uploading history steps 1999-2999, summary, console lines 21-32
wandb: uploading artifact model
wandb: uploading media/images/plots/ring_ro110_Im_3000_a750263bec18752c09f4.png; uploading media/images/plots/ring_ro110_Mag_3000_44a6271b098717107efe.png; uploading media/images/plots/ring_ro176_Im_3000_97d36c6a48bf09856c04.png; uploading media/images/plots/ring_ro176_Mag_3000_81f8171ae3838df7faac.png; uploading media/images/recon/prediction_3000_cdbb52ebf4116c1ad345.png (+ 13 more)
wandb: uploading media/images/plots/error_map_train_3000_8dbabc2ec0b9a0e39262.png
wandb: 
wandb: Run history:
wandb: train/train_loss ██▇▅▆▄▄▃▃▃▂▂▂▂▂▂▂▂▂▂▂▂▂▂▂▁▂▁▁▁▁▁▁▁▁▁▁▁▁▁
wandb:   train/val_loss █▇▇▆▄▃▃▃▃▃▂▂▂▂▂▂▂▂▂▂▂▂▂▂▂▁▁▁▁▁▁▁▁▁▁▁▁▁▁▁
wandb: 
wandb: Run summary:
wandb:    best_val_loss 0.0202
wandb: final_train_loss 0.01997
wandb:      total_steps 3000
wandb: train/train_loss 0.01997
wandb:   train/val_loss 0.0202
wandb: 
wandb: 🚀 View run nice-lobster-of-reading_nik at: https://wandb.ai/spshenov-university-of-amsterdam/NIK-DCE-MRI/runs/l2cjll24
wandb: ⭐️ View project at: https://wandb.ai/spshenov-university-of-amsterdam/NIK-DCE-MRI
wandb: Synced 5 W&B file(s), 93 media file(s), 2 artifact file(s) and 0 other file(s)
wandb: Find logs at: ./runs/20260223_165108_nice-lobster-of-reading_nik/wandb/run-20260223_165109-l2cjll24/logs
wandb: Agent Starting Run: bmdxn9ar with config:
wandb: 	batch_size: 16384
wandb: 	depth: 3
wandb: 	hidden: 128
wandb: 	lr: 1.5287917251632932e-05
wandb: 	optimizer: Adam
wandb: 	steps: 8000
wandb: 	w0: 30
2026-02-23 16:52:01,851 - INFO - Run: nice-lobster-of-reading_nik
2026-02-23 16:52:01,851 - INFO - Config: config/training.toml
2026-02-23 16:52:01,851 - INFO - Output: /scratch/rnga/vvpshenov/DCE_NIK/runs/20260223_165201_nice-lobster-of-reading_nik
2026-02-23 16:52:01,851 - INFO -   experiment: {'name': 'NIK DCE-MRI k-space fitting', 'description': 'SIREN implicit neural representation for radial k-space'}
2026-02-23 16:52:01,851 - INFO -   data: {'file': '/scratch/rnga/vvpshenov/XCAT-ERIC/results/simulation_results_20260115T150400.mat', 't_frame': 0, 'coil_idx': 0, 'z_slice_idx': -1, 'val_frac': 0.1}
2026-02-23 16:52:01,852 - INFO -   model: {'hidden': 128, 'depth': 4, 'w0': 15}
2026-02-23 16:52:01,852 - INFO -   training: {'steps': 3000, 'batch_size': 4096, 'optimizer': 'Adam', 'lr': 0.0002, 'grad_clip': 1.0, 'eval_every': 50, 'seed': 0, 'plot': {'plot_every': 500, 'log_scale': True}}
2026-02-23 16:52:01,852 - INFO -   output: {'base_path': '/scratch/rnga/vvpshenov/DCE_NIK/runs'}
2026-02-23 16:52:01,852 - INFO -   logging: {'level': 'INFO', 'console_every': 100}
2026-02-23 16:52:01,852 - INFO -   wandb: {'watch_interval': 0}
2026-02-23 16:52:01,852 - INFO -   sweep: {'entity': 'spshenov-university-of-amsterdam', 'project': 'NIK-DCE-MRI', 'method': 'bayes', 'metric': {'name': 'best_val_loss', 'goal': 'minimize'}, 'parameters': {'hidden': {'values': [64, 128, 256]}, 'depth': {'values': [3, 4, 5, 7]}, 'w0': {'values': [10, 15, 30]}, 'optimizer': {'values': ['Adam', 'AdamW', 'SGD']}, 'lr': {'distribution': 'log_uniform_values', 'min': 1e-05, 'max': 0.01}, 'batch_size': {'values': [2048, 4096, 8192, 16384]}, 'steps': {'values': [2000, 3000, 5000, 8000]}}}
wandb: [wandb.login()] Loaded credentials for https://api.wandb.ai from /home/rnga/vvpshenov/.netrc.
wandb: setting up run bmdxn9ar
wandb: Tracking run with wandb version 0.25.0
wandb: Run data is saved locally in /scratch/rnga/vvpshenov/DCE_NIK/runs/20260223_165201_nice-lobster-of-reading_nik/wandb/run-20260223_165202-bmdxn9ar
wandb: Run `wandb offline` to turn off syncing.
wandb: Syncing run nice-lobster-of-reading_nik
wandb: ⭐️ View project at https://wandb.ai/spshenov-university-of-amsterdam/NIK-DCE-MRI
wandb: 🧹 View sweep at https://wandb.ai/spshenov-university-of-amsterdam/NIK-DCE-MRI/sweeps/73254n6n
wandb: 🚀 View run at https://wandb.ai/spshenov-university-of-amsterdam/NIK-DCE-MRI/runs/bmdxn9ar
2026-02-23 16:52:03,244 - INFO - Model: hidden=128, depth=3, w0=30.0, params=17154
2026-02-23 16:52:03,245 - INFO - Training for 8000 steps, optimizer=Adam, lr=1.5287917251632932e-05
2026-02-23 16:52:09,131 - INFO - step    100  train 1.766e-01  val 2.031e-01
2026-02-23 16:52:09,350 - INFO - step    200  train 9.022e-02  val 8.057e-02
2026-02-23 16:52:09,590 - INFO - step    300  train 4.253e-02  val 3.889e-02
2026-02-23 16:52:09,807 - INFO - step    400  train 2.951e-02  val 2.719e-02
2026-02-23 16:52:15,665 - INFO - step    500  train 2.037e-02  val 2.079e-02
2026-02-23 16:52:15,872 - INFO - step    600  train 1.818e-02  val 1.662e-02
2026-02-23 16:52:16,064 - INFO - step    700  train 1.495e-02  val 1.352e-02
2026-02-23 16:52:16,275 - INFO - step    800  train 1.239e-02  val 1.113e-02
2026-02-23 16:52:16,496 - INFO - step    900  train 9.758e-03  val 9.346e-03
2026-02-23 16:52:22,928 - INFO - step   1000  train 8.142e-03  val 7.877e-03
2026-02-23 16:52:23,130 - INFO - step   1100  train 6.969e-03  val 6.702e-03
2026-02-23 16:52:23,334 - INFO - step   1200  train 5.993e-03  val 5.731e-03
2026-02-23 16:52:23,537 - INFO - step   1300  train 5.301e-03  val 4.951e-03
2026-02-23 16:52:23,742 - INFO - step   1400  train 4.371e-03  val 4.297e-03
2026-02-23 16:52:29,529 - INFO - step   1500  train 3.897e-03  val 3.765e-03
2026-02-23 16:52:29,746 - INFO - step   1600  train 3.607e-03  val 3.338e-03
2026-02-23 16:52:29,954 - INFO - step   1700  train 2.981e-03  val 2.957e-03
2026-02-23 16:52:30,172 - INFO - step   1800  train 2.733e-03  val 2.658e-03
2026-02-23 16:52:30,379 - INFO - step   1900  train 2.408e-03  val 2.402e-03
2026-02-23 16:52:36,134 - INFO - step   2000  train 2.181e-03  val 2.199e-03
2026-02-23 16:52:36,429 - INFO - step   2100  train 2.004e-03  val 2.009e-03
2026-02-23 16:52:36,751 - INFO - step   2200  train 1.789e-03  val 1.868e-03
2026-02-23 16:52:37,079 - INFO - step   2300  train 1.655e-03  val 1.726e-03
2026-02-23 16:52:37,410 - INFO - step   2400  train 1.583e-03  val 1.610e-03
2026-02-23 16:52:43,955 - INFO - step   2500  train 1.378e-03  val 1.494e-03
2026-02-23 16:52:44,270 - INFO - step   2600  train 1.356e-03  val 1.403e-03
2026-02-23 16:52:44,581 - INFO - step   2700  train 1.240e-03  val 1.323e-03
2026-02-23 16:52:44,887 - INFO - step   2800  train 1.170e-03  val 1.243e-03
2026-02-23 16:52:45,199 - INFO - step   2900  train 1.133e-03  val 1.172e-03
2026-02-23 16:52:51,677 - INFO - step   3000  train 1.009e-03  val 1.109e-03
2026-02-23 16:52:51,997 - INFO - step   3100  train 9.565e-04  val 1.047e-03
2026-02-23 16:52:52,311 - INFO - step   3200  train 9.374e-04  val 1.000e-03
2026-02-23 16:52:52,631 - INFO - step   3300  train 8.823e-04  val 9.460e-04
2026-02-23 16:52:52,949 - INFO - step   3400  train 8.075e-04  val 9.078e-04
2026-02-23 16:52:59,473 - INFO - step   3500  train 8.152e-04  val 8.662e-04
2026-02-23 16:52:59,813 - INFO - step   3600  train 7.504e-04  val 8.281e-04
2026-02-23 16:53:00,169 - INFO - step   3700  train 7.340e-04  val 7.899e-04
2026-02-23 16:53:00,499 - INFO - step   3800  train 6.800e-04  val 7.599e-04
2026-02-23 16:53:00,849 - INFO - step   3900  train 6.809e-04  val 7.333e-04
2026-02-23 16:53:07,489 - INFO - step   4000  train 6.317e-04  val 7.080e-04
2026-02-23 16:53:07,824 - INFO - step   4100  train 6.005e-04  val 6.799e-04
2026-02-23 16:53:08,144 - INFO - step   4200  train 5.848e-04  val 6.563e-04
2026-02-23 16:53:08,463 - INFO - step   4300  train 5.391e-04  val 6.372e-04
2026-02-23 16:53:08,790 - INFO - step   4400  train 5.207e-04  val 6.084e-04
2026-02-23 16:53:15,038 - INFO - step   4500  train 5.240e-04  val 5.904e-04
2026-02-23 16:53:15,361 - INFO - step   4600  train 5.017e-04  val 5.738e-04
2026-02-23 16:53:15,682 - INFO - step   4700  train 4.902e-04  val 5.531e-04
2026-02-23 16:53:16,007 - INFO - step   4800  train 4.694e-04  val 5.366e-04
2026-02-23 16:53:16,346 - INFO - step   4900  train 4.448e-04  val 5.218e-04
2026-02-23 16:53:23,129 - INFO - step   5000  train 4.363e-04  val 5.045e-04
2026-02-23 16:53:23,469 - INFO - step   5100  train 4.234e-04  val 4.937e-04
2026-02-23 16:53:23,788 - INFO - step   5200  train 4.155e-04  val 4.785e-04
2026-02-23 16:53:24,113 - INFO - step   5300  train 4.109e-04  val 4.664e-04
2026-02-23 16:53:24,441 - INFO - step   5400  train 3.877e-04  val 4.544e-04
2026-02-23 16:53:30,582 - INFO - step   5500  train 3.939e-04  val 4.374e-04
2026-02-23 16:53:30,913 - INFO - step   5600  train 3.787e-04  val 4.303e-04
2026-02-23 16:53:31,233 - INFO - step   5700  train 3.708e-04  val 4.202e-04
2026-02-23 16:53:31,578 - INFO - step   5800  train 3.474e-04  val 4.114e-04
2026-02-23 16:53:31,915 - INFO - step   5900  train 3.446e-04  val 3.962e-04
2026-02-23 16:53:38,441 - INFO - step   6000  train 3.349e-04  val 3.907e-04
2026-02-23 16:53:38,770 - INFO - step   6100  train 3.418e-04  val 3.827e-04
2026-02-23 16:53:39,097 - INFO - step   6200  train 3.153e-04  val 3.769e-04
2026-02-23 16:53:39,421 - INFO - step   6300  train 3.295e-04  val 3.686e-04
2026-02-23 16:53:39,744 - INFO - step   6400  train 3.094e-04  val 3.619e-04
2026-02-23 16:53:46,238 - INFO - step   6500  train 3.112e-04  val 3.544e-04
2026-02-23 16:53:46,562 - INFO - step   6600  train 2.974e-04  val 3.463e-04
2026-02-23 16:53:46,899 - INFO - step   6700  train 2.880e-04  val 3.457e-04
2026-02-23 16:53:47,234 - INFO - step   6800  train 2.892e-04  val 3.360e-04
2026-02-23 16:53:47,558 - INFO - step   6900  train 2.866e-04  val 3.310e-04
2026-02-23 16:53:53,924 - INFO - step   7000  train 2.782e-04  val 3.222e-04
2026-02-23 16:53:54,249 - INFO - step   7100  train 2.689e-04  val 3.184e-04
2026-02-23 16:53:54,579 - INFO - step   7200  train 2.764e-04  val 3.142e-04
2026-02-23 16:53:54,914 - INFO - step   7300  train 2.716e-04  val 3.086e-04
2026-02-23 16:53:55,258 - INFO - step   7400  train 2.666e-04  val 3.021e-04
2026-02-23 16:54:01,077 - INFO - step   7500  train 2.566e-04  val 2.947e-04
2026-02-23 16:54:01,424 - INFO - step   7600  train 2.592e-04  val 2.968e-04
2026-02-23 16:54:01,773 - INFO - step   7700  train 2.463e-04  val 2.889e-04
2026-02-23 16:54:02,130 - INFO - step   7800  train 2.455e-04  val 2.834e-04
2026-02-23 16:54:02,495 - INFO - step   7900  train 2.343e-04  val 2.784e-04
2026-02-23 16:54:09,110 - INFO - step   8000  train 2.376e-04  val 2.772e-04
2026-02-23 16:54:09,779 - INFO - Done. best_val_loss=2.772e-04
wandb: uploading artifact model; updating run metadata
wandb: uploading artifact model
wandb: uploading media/images/plots/error_map_train_8000_b1d6270390103f62ebcd.png; uploading media/images/plots/spoke_train_8000_ba52faaccb32df770860.png; uploading media/images/plots/spoke_val_8000_9f48d6659f3818c4d64b.png; uploading media/images/plots/ring_ro55_Im_8000_b63bea902b996fe89705.png; uploading media/images/plots/ring_ro55_Mag_8000_a9b67d457567988e83c9.png (+ 4 more)
wandb: uploading history steps 7999-7999, summary, console lines 81-82
wandb: 
wandb: Run history:
wandb: train/train_loss █▄▁▁▁▁▁▁▁▁▁▁▁▁▁▁▁▁▁▁▁▁▁▁▁▁▁▁▁▁▁▁▁▁▁▁▁▁▁▁
wandb:   train/val_loss █▃▂▂▁▁▁▁▁▁▁▁▁▁▁▁▁▁▁▁▁▁▁▁▁▁▁▁▁▁▁▁▁▁▁▁▁▁▁▁
wandb: 
wandb: Run summary:
wandb:    best_val_loss 0.00028
wandb: final_train_loss 0.00024
wandb:      total_steps 8000
wandb: train/train_loss 0.00024
wandb:   train/val_loss 0.00028
wandb: 
wandb: 🚀 View run nice-lobster-of-reading_nik at: https://wandb.ai/spshenov-university-of-amsterdam/NIK-DCE-MRI/runs/bmdxn9ar
wandb: ⭐️ View project at: https://wandb.ai/spshenov-university-of-amsterdam/NIK-DCE-MRI
wandb: Synced 5 W&B file(s), 223 media file(s), 2 artifact file(s) and 0 other file(s)
wandb: Find logs at: ./runs/20260223_165201_nice-lobster-of-reading_nik/wandb/run-20260223_165202-bmdxn9ar/logs
wandb: Agent Starting Run: v1kr0055 with config:
wandb: 	batch_size: 16384
wandb: 	depth: 5
wandb: 	hidden: 256
wandb: 	lr: 2.6742882570559555e-05
wandb: 	optimizer: Adam
wandb: 	steps: 5000
wandb: 	w0: 10
2026-02-23 16:54:17,637 - INFO - Run: nice-lobster-of-reading_nik
2026-02-23 16:54:17,637 - INFO - Config: config/training.toml
2026-02-23 16:54:17,637 - INFO - Output: /scratch/rnga/vvpshenov/DCE_NIK/runs/20260223_165417_nice-lobster-of-reading_nik
2026-02-23 16:54:17,637 - INFO -   experiment: {'name': 'NIK DCE-MRI k-space fitting', 'description': 'SIREN implicit neural representation for radial k-space'}
2026-02-23 16:54:17,637 - INFO -   data: {'file': '/scratch/rnga/vvpshenov/XCAT-ERIC/results/simulation_results_20260115T150400.mat', 't_frame': 0, 'coil_idx': 0, 'z_slice_idx': -1, 'val_frac': 0.1}
2026-02-23 16:54:17,637 - INFO -   model: {'hidden': 128, 'depth': 4, 'w0': 15}
2026-02-23 16:54:17,638 - INFO -   training: {'steps': 3000, 'batch_size': 4096, 'optimizer': 'Adam', 'lr': 0.0002, 'grad_clip': 1.0, 'eval_every': 50, 'seed': 0, 'plot': {'plot_every': 500, 'log_scale': True}}
2026-02-23 16:54:17,638 - INFO -   output: {'base_path': '/scratch/rnga/vvpshenov/DCE_NIK/runs'}
2026-02-23 16:54:17,638 - INFO -   logging: {'level': 'INFO', 'console_every': 100}
2026-02-23 16:54:17,638 - INFO -   wandb: {'watch_interval': 0}
2026-02-23 16:54:17,638 - INFO -   sweep: {'entity': 'spshenov-university-of-amsterdam', 'project': 'NIK-DCE-MRI', 'method': 'bayes', 'metric': {'name': 'best_val_loss', 'goal': 'minimize'}, 'parameters': {'hidden': {'values': [64, 128, 256]}, 'depth': {'values': [3, 4, 5, 7]}, 'w0': {'values': [10, 15, 30]}, 'optimizer': {'values': ['Adam', 'AdamW', 'SGD']}, 'lr': {'distribution': 'log_uniform_values', 'min': 1e-05, 'max': 0.01}, 'batch_size': {'values': [2048, 4096, 8192, 16384]}, 'steps': {'values': [2000, 3000, 5000, 8000]}}}
wandb: [wandb.login()] Loaded credentials for https://api.wandb.ai from /home/rnga/vvpshenov/.netrc.
wandb: setting up run v1kr0055
wandb: Tracking run with wandb version 0.25.0
wandb: Run data is saved locally in /scratch/rnga/vvpshenov/DCE_NIK/runs/20260223_165417_nice-lobster-of-reading_nik/wandb/run-20260223_165417-v1kr0055
wandb: Run `wandb offline` to turn off syncing.
wandb: Syncing run nice-lobster-of-reading_nik
wandb: ⭐️ View project at https://wandb.ai/spshenov-university-of-amsterdam/NIK-DCE-MRI
wandb: 🧹 View sweep at https://wandb.ai/spshenov-university-of-amsterdam/NIK-DCE-MRI/sweeps/73254n6n
wandb: 🚀 View run at https://wandb.ai/spshenov-university-of-amsterdam/NIK-DCE-MRI/runs/v1kr0055
2026-02-23 16:54:18,915 - INFO - Model: hidden=256, depth=5, w0=10.0, params=198658
2026-02-23 16:54:18,916 - INFO - Training for 5000 steps, optimizer=Adam, lr=2.6742882570559555e-05
2026-02-23 16:54:24,833 - INFO - step    100  train 8.834e-03  val 8.066e-03
2026-02-23 16:54:25,638 - INFO - step    200  train 3.854e-03  val 3.509e-03
2026-02-23 16:54:26,383 - INFO - step    300  train 2.949e-03  val 2.774e-03
2026-02-23 16:54:27,132 - INFO - step    400  train 2.512e-03  val 2.472e-03
2026-02-23 16:54:32,773 - INFO - step    500  train 2.339e-03  val 2.302e-03
2026-02-23 16:54:33,564 - INFO - step    600  train 2.186e-03  val 2.179e-03
2026-02-23 16:54:34,407 - INFO - step    700  train 1.919e-03  val 1.992e-03
2026-02-23 16:54:35,246 - INFO - step    800  train 1.799e-03  val 1.859e-03
2026-02-23 16:54:36,076 - INFO - step    900  train 1.657e-03  val 1.680e-03
2026-02-23 16:54:42,112 - INFO - step   1000  train 1.447e-03  val 1.482e-03
2026-02-23 16:54:42,963 - INFO - step   1100  train 1.286e-03  val 1.297e-03
2026-02-23 16:54:43,813 - INFO - step   1200  train 1.129e-03  val 1.168e-03
2026-02-23 16:54:44,654 - INFO - step   1300  train 1.006e-03  val 1.044e-03
2026-02-23 16:54:45,496 - INFO - step   1400  train 9.803e-04  val 9.361e-04
2026-02-23 16:54:51,532 - INFO - step   1500  train 8.505e-04  val 8.714e-04
2026-02-23 16:54:52,330 - INFO - step   1600  train 8.316e-04  val 8.169e-04
2026-02-23 16:54:53,128 - INFO - step   1700  train 7.308e-04  val 7.461e-04
2026-02-23 16:54:53,904 - INFO - step   1800  train 7.394e-04  val 7.034e-04
2026-02-23 16:54:54,652 - INFO - step   1900  train 6.647e-04  val 6.651e-04
2026-02-23 16:55:00,349 - INFO - step   2000  train 6.606e-04  val 6.385e-04
2026-02-23 16:55:01,101 - INFO - step   2100  train 6.060e-04  val 6.234e-04
2026-02-23 16:55:01,848 - INFO - step   2200  train 6.054e-04  val 5.988e-04
2026-02-23 16:55:02,595 - INFO - step   2300  train 5.562e-04  val 5.716e-04
2026-02-23 16:55:03,341 - INFO - step   2400  train 5.730e-04  val 5.476e-04
2026-02-23 16:55:08,946 - INFO - step   2500  train 5.920e-04  val 5.438e-04
2026-02-23 16:55:09,698 - INFO - step   2600  train 5.409e-04  val 5.205e-04
2026-02-23 16:55:10,538 - INFO - step   2700  train 5.889e-04  val 5.018e-04
2026-02-23 16:55:11,381 - INFO - step   2800  train 5.011e-04  val 4.773e-04
2026-02-23 16:55:12,214 - INFO - step   2900  train 4.658e-04  val 4.656e-04
2026-02-23 16:55:18,557 - INFO - step   3000  train 4.749e-04  val 4.605e-04
2026-02-23 16:55:19,382 - INFO - step   3100  train 4.549e-04  val 4.487e-04
2026-02-23 16:55:20,199 - INFO - step   3200  train 4.354e-04  val 4.334e-04
2026-02-23 16:55:21,005 - INFO - step   3300  train 4.012e-04  val 4.320e-04
2026-02-23 16:55:21,833 - INFO - step   3400  train 4.000e-04  val 4.178e-04
2026-02-23 16:55:27,850 - INFO - step   3500  train 4.267e-04  val 4.037e-04
2026-02-23 16:55:28,629 - INFO - step   3600  train 3.993e-04  val 3.997e-04
2026-02-23 16:55:29,398 - INFO - step   3700  train 3.869e-04  val 3.948e-04
2026-02-23 16:55:30,142 - INFO - step   3800  train 3.722e-04  val 3.818e-04
2026-02-23 16:55:30,886 - INFO - step   3900  train 3.747e-04  val 3.703e-04
2026-02-23 16:55:36,542 - INFO - step   4000  train 3.625e-04  val 3.673e-04
2026-02-23 16:55:37,283 - INFO - step   4100  train 3.588e-04  val 3.547e-04
2026-02-23 16:55:38,026 - INFO - step   4200  train 3.538e-04  val 3.546e-04
2026-02-23 16:55:38,774 - INFO - step   4300  train 3.031e-04  val 3.360e-04
2026-02-23 16:55:39,521 - INFO - step   4400  train 3.116e-04  val 3.315e-04
2026-02-23 16:55:45,386 - INFO - step   4500  train 3.132e-04  val 3.246e-04
2026-02-23 16:55:46,135 - INFO - step   4600  train 3.085e-04  val 3.160e-04
2026-02-23 16:55:46,881 - INFO - step   4700  train 3.105e-04  val 3.148e-04
2026-02-23 16:55:47,629 - INFO - step   4800  train 2.973e-04  val 3.049e-04
2026-02-23 16:55:48,373 - INFO - step   4900  train 2.815e-04  val 2.982e-04
2026-02-23 16:55:54,087 - INFO - step   5000  train 2.876e-04  val 2.973e-04
2026-02-23 16:55:54,682 - INFO - Done. best_val_loss=2.972e-04
wandb: uploading artifact model; updating run metadata
wandb: uploading artifact model
wandb: uploading media/images/plots/spoke_train_5000_4b805f9a91b7fb45a260.png; uploading media/images/plots/spoke_val_5000_1db2f763564a47d50be5.png; uploading media/images/plots/error_map_train_5000_7aea2dee045fc412245c.png
wandb: uploading history steps 4972-4999, summary, console lines 51-52
wandb: 
wandb: Run history:
wandb: train/train_loss █▁▁▁▁▁▁▁▁▁▁▁▁▁▁▁▁▁▁▁▁▁▁▁▁▁▁▁▁▁▁▁▁▁▁▁▁▁▁▁
wandb:   train/val_loss █▁▁▁▁▁▁▁▁▁▁▁▁▁▁▁▁▁▁▁▁▁▁▁▁▁▁▁▁▁▁▁▁▁▁▁▁▁▁▁
wandb: 
wandb: Run summary:
wandb:    best_val_loss 0.0003
wandb: final_train_loss 0.00029
wandb:      total_steps 5000
wandb: train/train_loss 0.00029
wandb:   train/val_loss 0.0003
wandb: 
wandb: 🚀 View run nice-lobster-of-reading_nik at: https://wandb.ai/spshenov-university-of-amsterdam/NIK-DCE-MRI/runs/v1kr0055
wandb: ⭐️ View project at: https://wandb.ai/spshenov-university-of-amsterdam/NIK-DCE-MRI
wandb: Synced 5 W&B file(s), 145 media file(s), 2 artifact file(s) and 0 other file(s)
wandb: Find logs at: ./runs/20260223_165417_nice-lobster-of-reading_nik/wandb/run-20260223_165417-v1kr0055/logs
wandb: Agent Starting Run: ywx5buf8 with config:
wandb: 	batch_size: 16384
wandb: 	depth: 3
wandb: 	hidden: 256
wandb: 	lr: 2.090154907237297e-05
wandb: 	optimizer: Adam
wandb: 	steps: 3000
wandb: 	w0: 10
2026-02-23 16:56:02,243 - INFO - Run: nice-lobster-of-reading_nik
2026-02-23 16:56:02,243 - INFO - Config: config/training.toml
2026-02-23 16:56:02,243 - INFO - Output: /scratch/rnga/vvpshenov/DCE_NIK/runs/20260223_165602_nice-lobster-of-reading_nik
2026-02-23 16:56:02,243 - INFO -   experiment: {'name': 'NIK DCE-MRI k-space fitting', 'description': 'SIREN implicit neural representation for radial k-space'}
2026-02-23 16:56:02,243 - INFO -   data: {'file': '/scratch/rnga/vvpshenov/XCAT-ERIC/results/simulation_results_20260115T150400.mat', 't_frame': 0, 'coil_idx': 0, 'z_slice_idx': -1, 'val_frac': 0.1}
2026-02-23 16:56:02,243 - INFO -   model: {'hidden': 128, 'depth': 4, 'w0': 15}
2026-02-23 16:56:02,243 - INFO -   training: {'steps': 3000, 'batch_size': 4096, 'optimizer': 'Adam', 'lr': 0.0002, 'grad_clip': 1.0, 'eval_every': 50, 'seed': 0, 'plot': {'plot_every': 500, 'log_scale': True}}
2026-02-23 16:56:02,243 - INFO -   output: {'base_path': '/scratch/rnga/vvpshenov/DCE_NIK/runs'}
2026-02-23 16:56:02,243 - INFO -   logging: {'level': 'INFO', 'console_every': 100}
2026-02-23 16:56:02,243 - INFO -   wandb: {'watch_interval': 0}
2026-02-23 16:56:02,243 - INFO -   sweep: {'entity': 'spshenov-university-of-amsterdam', 'project': 'NIK-DCE-MRI', 'method': 'bayes', 'metric': {'name': 'best_val_loss', 'goal': 'minimize'}, 'parameters': {'hidden': {'values': [64, 128, 256]}, 'depth': {'values': [3, 4, 5, 7]}, 'w0': {'values': [10, 15, 30]}, 'optimizer': {'values': ['Adam', 'AdamW', 'SGD']}, 'lr': {'distribution': 'log_uniform_values', 'min': 1e-05, 'max': 0.01}, 'batch_size': {'values': [2048, 4096, 8192, 16384]}, 'steps': {'values': [2000, 3000, 5000, 8000]}}}
wandb: [wandb.login()] Loaded credentials for https://api.wandb.ai from /home/rnga/vvpshenov/.netrc.
wandb: setting up run ywx5buf8
wandb: Tracking run with wandb version 0.25.0
wandb: Run data is saved locally in /scratch/rnga/vvpshenov/DCE_NIK/runs/20260223_165602_nice-lobster-of-reading_nik/wandb/run-20260223_165602-ywx5buf8
wandb: Run `wandb offline` to turn off syncing.
wandb: Syncing run nice-lobster-of-reading_nik
wandb: ⭐️ View project at https://wandb.ai/spshenov-university-of-amsterdam/NIK-DCE-MRI
wandb: 🧹 View sweep at https://wandb.ai/spshenov-university-of-amsterdam/NIK-DCE-MRI/sweeps/73254n6n
wandb: 🚀 View run at https://wandb.ai/spshenov-university-of-amsterdam/NIK-DCE-MRI/runs/ywx5buf8
2026-02-23 16:56:03,569 - INFO - Model: hidden=256, depth=3, w0=10.0, params=67074
2026-02-23 16:56:03,570 - INFO - Training for 3000 steps, optimizer=Adam, lr=2.090154907237297e-05
2026-02-23 16:56:09,940 - INFO - step    100  train 1.821e-01  val 2.161e-01
2026-02-23 16:56:10,305 - INFO - step    200  train 1.230e-01  val 1.193e-01
2026-02-23 16:56:10,675 - INFO - step    300  train 5.668e-02  val 5.484e-02
2026-02-23 16:56:11,035 - INFO - step    400  train 2.451e-02  val 2.436e-02
2026-02-23 16:56:16,291 - INFO - step    500  train 1.114e-02  val 1.210e-02
2026-02-23 16:56:16,651 - INFO - step    600  train 7.611e-03  val 7.853e-03
2026-02-23 16:56:17,014 - INFO - step    700  train 5.996e-03  val 6.275e-03
2026-02-23 16:56:17,373 - INFO - step    800  train 5.374e-03  val 5.507e-03
2026-02-23 16:56:17,735 - INFO - step    900  train 4.930e-03  val 5.045e-03
2026-02-23 16:56:23,093 - INFO - step   1000  train 4.468e-03  val 4.713e-03
2026-02-23 16:56:23,463 - INFO - step   1100  train 4.349e-03  val 4.401e-03
2026-02-23 16:56:23,830 - INFO - step   1200  train 3.776e-03  val 4.093e-03
2026-02-23 16:56:24,196 - INFO - step   1300  train 3.676e-03  val 3.766e-03
2026-02-23 16:56:24,563 - INFO - step   1400  train 3.474e-03  val 3.500e-03
2026-02-23 16:56:29,298 - INFO - step   1500  train 3.317e-03  val 3.297e-03
2026-02-23 16:56:29,657 - INFO - step   1600  train 3.149e-03  val 3.114e-03
2026-02-23 16:56:30,018 - INFO - step   1700  train 2.849e-03  val 2.971e-03
2026-02-23 16:56:30,375 - INFO - step   1800  train 3.001e-03  val 2.817e-03
2026-02-23 16:56:30,733 - INFO - step   1900  train 2.660e-03  val 2.691e-03
2026-02-23 16:56:35,870 - INFO - step   2000  train 2.605e-03  val 2.590e-03
2026-02-23 16:56:36,232 - INFO - step   2100  train 2.526e-03  val 2.409e-03
2026-02-23 16:56:36,592 - INFO - step   2200  train 2.350e-03  val 2.318e-03
2026-02-23 16:56:36,950 - INFO - step   2300  train 2.198e-03  val 2.221e-03
2026-02-23 16:56:37,313 - INFO - step   2400  train 2.178e-03  val 2.122e-03
2026-02-23 16:56:42,552 - INFO - step   2500  train 2.003e-03  val 2.029e-03
2026-02-23 16:56:42,912 - INFO - step   2600  train 2.016e-03  val 1.954e-03
2026-02-23 16:56:43,268 - INFO - step   2700  train 1.953e-03  val 1.871e-03
2026-02-23 16:56:43,624 - INFO - step   2800  train 1.810e-03  val 1.780e-03
2026-02-23 16:56:43,985 - INFO - step   2900  train 1.825e-03  val 1.714e-03
2026-02-23 16:56:49,078 - INFO - step   3000  train 1.693e-03  val 1.664e-03
2026-02-23 16:56:49,780 - INFO - Done. best_val_loss=1.664e-03
wandb: uploading artifact model; updating run metadata
wandb: uploading artifact model
wandb: uploading media/images/plots/ring_ro110_Re_3000_7724ac4e96a18c7931a0.png; uploading media/images/plots/ring_ro110_Mag_3000_30fb3d1900ab0d643c50.png; uploading media/images/recon/measured_3000_73d832d6fcb2a8ad938e.png; uploading media/images/plots/spoke_train_3000_1c397ebbac89bb1bd324.png; uploading media/images/plots/spoke_val_3000_b1c9b647ad6f8e375d4f.png (+ 13 more)
wandb: uploading media/images/plots/error_map_train_3000_589e93e79ff2837c31a9.png
wandb: 
wandb: Run history:
wandb: train/train_loss ███▇▇▂▁▁▁▁▁▁▁▁▁▁▁▁▁▁▁▁▁▁▁▁▁▁▁▁▁▁▁▁▁▁▁▁▁▁
wandb:   train/val_loss █▇▅▃▂▂▁▁▁▁▁▁▁▁▁▁▁▁▁▁▁▁▁▁▁▁▁▁▁▁▁▁▁▁▁▁▁▁▁▁
wandb: 
wandb: Run summary:
wandb:    best_val_loss 0.00166
wandb: final_train_loss 0.00169
wandb:      total_steps 3000
wandb: train/train_loss 0.00169
wandb:   train/val_loss 0.00166
wandb: 
wandb: 🚀 View run nice-lobster-of-reading_nik at: https://wandb.ai/spshenov-university-of-amsterdam/NIK-DCE-MRI/runs/ywx5buf8
wandb: ⭐️ View project at: https://wandb.ai/spshenov-university-of-amsterdam/NIK-DCE-MRI
wandb: Synced 5 W&B file(s), 93 media file(s), 2 artifact file(s) and 0 other file(s)
wandb: Find logs at: ./runs/20260223_165602_nice-lobster-of-reading_nik/wandb/run-20260223_165602-ywx5buf8/logs
wandb: Agent Starting Run: l9usn5zx with config:
wandb: 	batch_size: 16384
wandb: 	depth: 7
wandb: 	hidden: 256
wandb: 	lr: 1.572292265126347e-05
wandb: 	optimizer: Adam
wandb: 	steps: 8000
wandb: 	w0: 10
2026-02-23 16:56:54,833 - INFO - Run: nice-lobster-of-reading_nik
2026-02-23 16:56:54,833 - INFO - Config: config/training.toml
2026-02-23 16:56:54,833 - INFO - Output: /scratch/rnga/vvpshenov/DCE_NIK/runs/20260223_165654_nice-lobster-of-reading_nik
2026-02-23 16:56:54,833 - INFO -   experiment: {'name': 'NIK DCE-MRI k-space fitting', 'description': 'SIREN implicit neural representation for radial k-space'}
2026-02-23 16:56:54,833 - INFO -   data: {'file': '/scratch/rnga/vvpshenov/XCAT-ERIC/results/simulation_results_20260115T150400.mat', 't_frame': 0, 'coil_idx': 0, 'z_slice_idx': -1, 'val_frac': 0.1}
2026-02-23 16:56:54,833 - INFO -   model: {'hidden': 128, 'depth': 4, 'w0': 15}
2026-02-23 16:56:54,833 - INFO -   training: {'steps': 3000, 'batch_size': 4096, 'optimizer': 'Adam', 'lr': 0.0002, 'grad_clip': 1.0, 'eval_every': 50, 'seed': 0, 'plot': {'plot_every': 500, 'log_scale': True}}
2026-02-23 16:56:54,833 - INFO -   output: {'base_path': '/scratch/rnga/vvpshenov/DCE_NIK/runs'}
2026-02-23 16:56:54,833 - INFO -   logging: {'level': 'INFO', 'console_every': 100}
2026-02-23 16:56:54,833 - INFO -   wandb: {'watch_interval': 0}
2026-02-23 16:56:54,833 - INFO -   sweep: {'entity': 'spshenov-university-of-amsterdam', 'project': 'NIK-DCE-MRI', 'method': 'bayes', 'metric': {'name': 'best_val_loss', 'goal': 'minimize'}, 'parameters': {'hidden': {'values': [64, 128, 256]}, 'depth': {'values': [3, 4, 5, 7]}, 'w0': {'values': [10, 15, 30]}, 'optimizer': {'values': ['Adam', 'AdamW', 'SGD']}, 'lr': {'distribution': 'log_uniform_values', 'min': 1e-05, 'max': 0.01}, 'batch_size': {'values': [2048, 4096, 8192, 16384]}, 'steps': {'values': [2000, 3000, 5000, 8000]}}}
wandb: [wandb.login()] Loaded credentials for https://api.wandb.ai from /home/rnga/vvpshenov/.netrc.
wandb: setting up run l9usn5zx
wandb: Tracking run with wandb version 0.25.0
wandb: Run data is saved locally in /scratch/rnga/vvpshenov/DCE_NIK/runs/20260223_165654_nice-lobster-of-reading_nik/wandb/run-20260223_165655-l9usn5zx
wandb: Run `wandb offline` to turn off syncing.
wandb: Syncing run nice-lobster-of-reading_nik
wandb: ⭐️ View project at https://wandb.ai/spshenov-university-of-amsterdam/NIK-DCE-MRI
wandb: 🧹 View sweep at https://wandb.ai/spshenov-university-of-amsterdam/NIK-DCE-MRI/sweeps/73254n6n
wandb: 🚀 View run at https://wandb.ai/spshenov-university-of-amsterdam/NIK-DCE-MRI/runs/l9usn5zx
2026-02-23 16:56:56,112 - INFO - Model: hidden=256, depth=7, w0=10.0, params=330242
2026-02-23 16:56:56,113 - INFO - Training for 8000 steps, optimizer=Adam, lr=1.572292265126347e-05
2026-02-23 16:57:02,387 - INFO - step    100  train 7.153e-03  val 6.560e-03
2026-02-23 16:57:03,553 - INFO - step    200  train 3.551e-03  val 3.334e-03
2026-02-23 16:57:04,686 - INFO - step    300  train 2.846e-03  val 2.797e-03
2026-02-23 16:57:05,819 - INFO - step    400  train 2.456e-03  val 2.453e-03
2026-02-23 16:57:11,702 - INFO - step    500  train 2.267e-03  val 2.240e-03
2026-02-23 16:57:12,962 - INFO - step    600  train 2.084e-03  val 2.086e-03
2026-02-23 16:57:14,217 - INFO - step    700  train 1.810e-03  val 1.880e-03
2026-02-23 16:57:15,491 - INFO - step    800  train 1.674e-03  val 1.718e-03
2026-02-23 16:57:16,777 - INFO - step    900  train 1.456e-03  val 1.510e-03
2026-02-23 16:57:23,053 - INFO - step   1000  train 1.204e-03  val 1.265e-03
2026-02-23 16:57:24,250 - INFO - step   1100  train 1.017e-03  val 1.069e-03
2026-02-23 16:57:25,394 - INFO - step   1200  train 8.586e-04  val 9.150e-04
2026-02-23 16:57:26,533 - INFO - step   1300  train 7.406e-04  val 7.736e-04
2026-02-23 16:57:27,677 - INFO - step   1400  train 6.952e-04  val 6.997e-04
2026-02-23 16:57:33,815 - INFO - step   1500  train 6.348e-04  val 6.460e-04
2026-02-23 16:57:34,981 - INFO - step   1600  train 6.106e-04  val 6.084e-04
2026-02-23 16:57:36,180 - INFO - step   1700  train 5.414e-04  val 5.671e-04
2026-02-23 16:57:37,399 - INFO - step   1800  train 5.333e-04  val 5.435e-04
2026-02-23 16:57:38,596 - INFO - step   1900  train 4.892e-04  val 5.254e-04
2026-02-23 16:57:44,615 - INFO - step   2000  train 4.820e-04  val 4.928e-04
2026-02-23 16:57:45,777 - INFO - step   2100  train 4.308e-04  val 4.852e-04
2026-02-23 16:57:46,917 - INFO - step   2200  train 4.348e-04  val 4.609e-04
2026-02-23 16:57:48,051 - INFO - step   2300  train 3.926e-04  val 4.418e-04
2026-02-23 16:57:49,186 - INFO - step   2400  train 3.904e-04  val 4.294e-04
2026-02-23 16:57:55,237 - INFO - step   2500  train 4.027e-04  val 4.158e-04
2026-02-23 16:57:56,412 - INFO - step   2600  train 3.856e-04  val 4.006e-04
2026-02-23 16:57:57,554 - INFO - step   2700  train 3.992e-04  val 3.879e-04
2026-02-23 16:57:58,683 - INFO - step   2800  train 3.443e-04  val 3.714e-04
2026-02-23 16:57:59,828 - INFO - step   2900  train 3.178e-04  val 3.615e-04
2026-02-23 16:58:05,965 - INFO - step   3000  train 3.213e-04  val 3.562e-04
2026-02-23 16:58:07,147 - INFO - step   3100  train 3.036e-04  val 3.496e-04
2026-02-23 16:58:08,303 - INFO - step   3200  train 2.889e-04  val 3.378e-04
2026-02-23 16:58:09,461 - INFO - step   3300  train 2.708e-04  val 3.286e-04
2026-02-23 16:58:10,611 - INFO - step   3400  train 2.723e-04  val 3.321e-04
2026-02-23 16:58:16,701 - INFO - step   3500  train 2.707e-04  val 3.159e-04
2026-02-23 16:58:17,893 - INFO - step   3600  train 2.631e-04  val 3.040e-04
2026-02-23 16:58:19,038 - INFO - step   3700  train 2.472e-04  val 2.946e-04
2026-02-23 16:58:20,171 - INFO - step   3800  train 2.427e-04  val 2.942e-04
2026-02-23 16:58:21,308 - INFO - step   3900  train 2.376e-04  val 2.775e-04
2026-02-23 16:58:26,898 - INFO - step   4000  train 2.217e-04  val 2.819e-04
2026-02-23 16:58:28,061 - INFO - step   4100  train 2.184e-04  val 2.545e-04
2026-02-23 16:58:29,194 - INFO - step   4200  train 2.043e-04  val 2.481e-04
2026-02-23 16:58:30,329 - INFO - step   4300  train 1.866e-04  val 2.365e-04
2026-02-23 16:58:31,454 - INFO - step   4400  train 1.909e-04  val 2.303e-04
2026-02-23 16:58:37,397 - INFO - step   4500  train 1.830e-04  val 2.290e-04
2026-02-23 16:58:38,543 - INFO - step   4600  train 1.799e-04  val 2.163e-04
2026-02-23 16:58:39,675 - INFO - step   4700  train 1.627e-04  val 2.047e-04
2026-02-23 16:58:40,808 - INFO - step   4800  train 1.646e-04  val 2.007e-04
2026-02-23 16:58:41,943 - INFO - step   4900  train 1.541e-04  val 1.927e-04
2026-02-23 16:58:47,729 - INFO - step   5000  train 1.531e-04  val 1.874e-04
2026-02-23 16:58:48,999 - INFO - step   5100  train 1.414e-04  val 1.740e-04
2026-02-23 16:58:50,258 - INFO - step   5200  train 1.315e-04  val 1.725e-04
2026-02-23 16:58:51,473 - INFO - step   5300  train 1.304e-04  val 1.672e-04
2026-02-23 16:58:52,716 - INFO - step   5400  train 1.267e-04  val 1.629e-04
2026-02-23 16:58:59,327 - INFO - step   5500  train 1.321e-04  val 1.589e-04
2026-02-23 16:59:00,573 - INFO - step   5600  train 1.179e-04  val 1.468e-04
2026-02-23 16:59:01,812 - INFO - step   5700  train 1.154e-04  val 1.433e-04
2026-02-23 16:59:03,049 - INFO - step   5800  train 1.108e-04  val 1.399e-04
2026-02-23 16:59:04,267 - INFO - step   5900  train 1.081e-04  val 1.360e-04
2026-02-23 16:59:11,036 - INFO - step   6000  train 1.076e-04  val 1.368e-04
2026-02-23 16:59:12,284 - INFO - step   6100  train 1.019e-04  val 1.257e-04
2026-02-23 16:59:13,499 - INFO - step   6200  train 9.508e-05  val 1.252e-04
2026-02-23 16:59:14,712 - INFO - step   6300  train 9.738e-05  val 1.161e-04
2026-02-23 16:59:15,933 - INFO - step   6400  train 9.186e-05  val 1.207e-04
2026-02-23 16:59:22,464 - INFO - step   6500  train 8.612e-05  val 1.144e-04
2026-02-23 16:59:23,686 - INFO - step   6600  train 8.713e-05  val 1.086e-04
2026-02-23 16:59:24,949 - INFO - step   6700  train 8.179e-05  val 1.016e-04
2026-02-23 16:59:26,205 - INFO - step   6800  train 8.070e-05  val 9.962e-05
2026-02-23 16:59:27,413 - INFO - step   6900  train 7.930e-05  val 9.606e-05
2026-02-23 16:59:34,068 - INFO - step   7000  train 8.452e-05  val 1.020e-04
2026-02-23 16:59:35,305 - INFO - step   7100  train 7.350e-05  val 9.659e-05
2026-02-23 16:59:36,602 - INFO - step   7200  train 7.023e-05  val 8.947e-05
2026-02-23 16:59:37,867 - INFO - step   7300  train 6.741e-05  val 8.975e-05
2026-02-23 16:59:39,074 - INFO - step   7400  train 6.770e-05  val 8.700e-05
2026-02-23 16:59:45,458 - INFO - step   7500  train 6.525e-05  val 8.370e-05
2026-02-23 16:59:46,728 - INFO - step   7600  train 6.876e-05  val 8.858e-05
2026-02-23 16:59:47,942 - INFO - step   7700  train 5.910e-05  val 8.027e-05
2026-02-23 16:59:49,152 - INFO - step   7800  train 6.069e-05  val 7.785e-05
2026-02-23 16:59:50,350 - INFO - step   7900  train 6.412e-05  val 7.903e-05
2026-02-23 16:59:56,920 - INFO - step   8000  train 6.004e-05  val 8.548e-05
2026-02-23 16:59:57,522 - INFO - Done. best_val_loss=7.729e-05
wandb: uploading artifact model; updating run metadata
wandb: uploading artifact model
wandb: uploading media/images/plots/ring_ro176_Re_8000_bdbbdc6c4fe1ebf0a353.png; uploading media/images/plots/ring_ro176_Im_8000_774e9874e362455287f6.png; uploading media/images/plots/error_map_train_8000_dbeb9066ba9d347e34fd.png; uploading media/images/plots/spoke_val_8000_d60db3d55da71a918551.png; uploading media/images/plots/ring_ro55_Mag_8000_c52e467a873d363fbe6b.png (+ 4 more)
wandb: uploading media/images/plots/error_map_train_8000_dbeb9066ba9d347e34fd.png
wandb: uploading history steps 7999-7999, summary, console lines 81-82
wandb: 
wandb: Run history:
wandb: train/train_loss █▇▇▆▆▄▄▃▃▃▂▂▂▂▂▂▂▂▂▁▁▁▁▁▁▁▁▁▁▁▁▁▁▁▁▁▁▁▁▁
wandb:   train/val_loss █▆▅▅▃▃▂▂▂▂▂▂▂▁▁▁▁▁▁▁▁▁▁▁▁▁▁▁▁▁▁▁▁▁▁▁▁▁▁▁
wandb: 
wandb: Run summary:
wandb:    best_val_loss 8e-05
wandb: final_train_loss 6e-05
wandb:      total_steps 8000
wandb: train/train_loss 6e-05
wandb:   train/val_loss 9e-05
wandb: 
wandb: 🚀 View run nice-lobster-of-reading_nik at: https://wandb.ai/spshenov-university-of-amsterdam/NIK-DCE-MRI/runs/l9usn5zx
wandb: ⭐️ View project at: https://wandb.ai/spshenov-university-of-amsterdam/NIK-DCE-MRI
wandb: Synced 5 W&B file(s), 223 media file(s), 2 artifact file(s) and 0 other file(s)
wandb: Find logs at: ./runs/20260223_165654_nice-lobster-of-reading_nik/wandb/run-20260223_165655-l9usn5zx/logs
wandb: Sweep Agent: Waiting for job.
wandb: Job received.
wandb: Agent Starting Run: a3zx7pir with config:
wandb: 	batch_size: 16384
wandb: 	depth: 3
wandb: 	hidden: 256
wandb: 	lr: 2.4403976044045666e-05
wandb: 	optimizer: Adam
wandb: 	steps: 2000
wandb: 	w0: 10
2026-02-23 17:00:12,345 - INFO - Run: nice-lobster-of-reading_nik
2026-02-23 17:00:12,346 - INFO - Config: config/training.toml
2026-02-23 17:00:12,346 - INFO - Output: /scratch/rnga/vvpshenov/DCE_NIK/runs/20260223_170012_nice-lobster-of-reading_nik
2026-02-23 17:00:12,346 - INFO -   experiment: {'name': 'NIK DCE-MRI k-space fitting', 'description': 'SIREN implicit neural representation for radial k-space'}
2026-02-23 17:00:12,346 - INFO -   data: {'file': '/scratch/rnga/vvpshenov/XCAT-ERIC/results/simulation_results_20260115T150400.mat', 't_frame': 0, 'coil_idx': 0, 'z_slice_idx': -1, 'val_frac': 0.1}
2026-02-23 17:00:12,346 - INFO -   model: {'hidden': 128, 'depth': 4, 'w0': 15}
2026-02-23 17:00:12,346 - INFO -   training: {'steps': 3000, 'batch_size': 4096, 'optimizer': 'Adam', 'lr': 0.0002, 'grad_clip': 1.0, 'eval_every': 50, 'seed': 0, 'plot': {'plot_every': 500, 'log_scale': True}}
2026-02-23 17:00:12,346 - INFO -   output: {'base_path': '/scratch/rnga/vvpshenov/DCE_NIK/runs'}
2026-02-23 17:00:12,346 - INFO -   logging: {'level': 'INFO', 'console_every': 100}
2026-02-23 17:00:12,346 - INFO -   wandb: {'watch_interval': 0}
2026-02-23 17:00:12,346 - INFO -   sweep: {'entity': 'spshenov-university-of-amsterdam', 'project': 'NIK-DCE-MRI', 'method': 'bayes', 'metric': {'name': 'best_val_loss', 'goal': 'minimize'}, 'parameters': {'hidden': {'values': [64, 128, 256]}, 'depth': {'values': [3, 4, 5, 7]}, 'w0': {'values': [10, 15, 30]}, 'optimizer': {'values': ['Adam', 'AdamW', 'SGD']}, 'lr': {'distribution': 'log_uniform_values', 'min': 1e-05, 'max': 0.01}, 'batch_size': {'values': [2048, 4096, 8192, 16384]}, 'steps': {'values': [2000, 3000, 5000, 8000]}}}
wandb: [wandb.login()] Loaded credentials for https://api.wandb.ai from /home/rnga/vvpshenov/.netrc.
wandb: setting up run a3zx7pir
wandb: Tracking run with wandb version 0.25.0
wandb: Run data is saved locally in /scratch/rnga/vvpshenov/DCE_NIK/runs/20260223_170012_nice-lobster-of-reading_nik/wandb/run-20260223_170012-a3zx7pir
wandb: Run `wandb offline` to turn off syncing.
wandb: Syncing run nice-lobster-of-reading_nik
wandb: ⭐️ View project at https://wandb.ai/spshenov-university-of-amsterdam/NIK-DCE-MRI
wandb: 🧹 View sweep at https://wandb.ai/spshenov-university-of-amsterdam/NIK-DCE-MRI/sweeps/73254n6n
wandb: 🚀 View run at https://wandb.ai/spshenov-university-of-amsterdam/NIK-DCE-MRI/runs/a3zx7pir
2026-02-23 17:00:13,596 - INFO - Model: hidden=256, depth=3, w0=10.0, params=67074
2026-02-23 17:00:13,597 - INFO - Training for 2000 steps, optimizer=Adam, lr=2.4403976044045666e-05
2026-02-23 17:00:19,248 - INFO - step    100  train 1.709e-01  val 2.010e-01
2026-02-23 17:00:19,672 - INFO - step    200  train 1.001e-01  val 9.713e-02
2026-02-23 17:00:20,086 - INFO - step    300  train 3.933e-02  val 3.810e-02
2026-02-23 17:00:20,527 - INFO - step    400  train 1.549e-02  val 1.561e-02
2026-02-23 17:00:26,582 - INFO - step    500  train 7.922e-03  val 8.519e-03
2026-02-23 17:00:27,062 - INFO - step    600  train 6.156e-03  val 6.383e-03
2026-02-23 17:00:27,498 - INFO - step    700  train 5.270e-03  val 5.508e-03
2026-02-23 17:00:27,937 - INFO - step    800  train 4.861e-03  val 4.983e-03
2026-02-23 17:00:28,362 - INFO - step    900  train 4.491e-03  val 4.611e-03
2026-02-23 17:00:33,933 - INFO - step   1000  train 4.052e-03  val 4.256e-03
2026-02-23 17:00:34,410 - INFO - step   1100  train 3.900e-03  val 3.893e-03
2026-02-23 17:00:34,843 - INFO - step   1200  train 3.375e-03  val 3.583e-03
2026-02-23 17:00:35,270 - INFO - step   1300  train 3.280e-03  val 3.330e-03
2026-02-23 17:00:35,716 - INFO - step   1400  train 3.146e-03  val 3.112e-03
2026-02-23 17:00:41,775 - INFO - step   1500  train 3.001e-03  val 2.988e-03
2026-02-23 17:00:42,234 - INFO - step   1600  train 2.874e-03  val 2.829e-03
2026-02-23 17:00:42,660 - INFO - step   1700  train 2.590e-03  val 2.701e-03
2026-02-23 17:00:43,084 - INFO - step   1800  train 2.747e-03  val 2.546e-03
2026-02-23 17:00:43,508 - INFO - step   1900  train 2.385e-03  val 2.403e-03
2026-02-23 17:00:49,452 - INFO - step   2000  train 2.324e-03  val 2.291e-03
2026-02-23 17:00:50,069 - INFO - Done. best_val_loss=2.291e-03
wandb: uploading artifact model; updating run metadata
wandb: uploading artifact model
wandb: uploading media/images/plots/spoke_val_2000_2d8bb2c50dfb025680f0.png; uploading media/images/plots/ring_ro55_Mag_2000_432e1b9bd128838f0fe5.png; uploading media/images/plots/error_map_train_2000_1292a9e323c2b8f509b5.png; uploading media/images/plots/spoke_train_2000_f09f34ea5a5a41b14f52.png; uploading media/images/plots/ring_ro176_Mag_2000_9180331e50433ce9f1c0.png (+ 1 more)
wandb: uploading history steps 1920-1999, summary, console lines 21-22
wandb: 
wandb: Run history:
wandb: train/train_loss █▆▄▄▂▂▁▁▁▁▁▁▁▁▁▁▁▁▁▁▁▁▁▁▁▁▁▁▁▁▁▁▁▁▁▁▁▁▁▁
wandb:   train/val_loss █▇▅▄▃▂▂▁▁▁▁▁▁▁▁▁▁▁▁▁▁▁▁▁▁▁▁▁▁▁▁▁▁▁▁▁▁▁▁▁
wandb: 
wandb: Run summary:
wandb:    best_val_loss 0.00229
wandb: final_train_loss 0.00232
wandb:      total_steps 2000
wandb: train/train_loss 0.00232
wandb:   train/val_loss 0.00229
wandb: 
wandb: 🚀 View run nice-lobster-of-reading_nik at: https://wandb.ai/spshenov-university-of-amsterdam/NIK-DCE-MRI/runs/a3zx7pir
wandb: ⭐️ View project at: https://wandb.ai/spshenov-university-of-amsterdam/NIK-DCE-MRI
wandb: Synced 5 W&B file(s), 67 media file(s), 2 artifact file(s) and 0 other file(s)
wandb: Find logs at: ./runs/20260223_170012_nice-lobster-of-reading_nik/wandb/run-20260223_170012-a3zx7pir/logs
wandb: Agent Starting Run: p901acyk with config:
wandb: 	batch_size: 16384
wandb: 	depth: 7
wandb: 	hidden: 256
wandb: 	lr: 1.0510478601996978e-05
wandb: 	optimizer: Adam
wandb: 	steps: 8000
wandb: 	w0: 10
2026-02-23 17:00:55,889 - INFO - Run: nice-lobster-of-reading_nik
2026-02-23 17:00:55,889 - INFO - Config: config/training.toml
2026-02-23 17:00:55,890 - INFO - Output: /scratch/rnga/vvpshenov/DCE_NIK/runs/20260223_170055_nice-lobster-of-reading_nik
2026-02-23 17:00:55,890 - INFO -   experiment: {'name': 'NIK DCE-MRI k-space fitting', 'description': 'SIREN implicit neural representation for radial k-space'}
2026-02-23 17:00:55,890 - INFO -   data: {'file': '/scratch/rnga/vvpshenov/XCAT-ERIC/results/simulation_results_20260115T150400.mat', 't_frame': 0, 'coil_idx': 0, 'z_slice_idx': -1, 'val_frac': 0.1}
2026-02-23 17:00:55,890 - INFO -   model: {'hidden': 128, 'depth': 4, 'w0': 15}
2026-02-23 17:00:55,890 - INFO -   training: {'steps': 3000, 'batch_size': 4096, 'optimizer': 'Adam', 'lr': 0.0002, 'grad_clip': 1.0, 'eval_every': 50, 'seed': 0, 'plot': {'plot_every': 500, 'log_scale': True}}
2026-02-23 17:00:55,890 - INFO -   output: {'base_path': '/scratch/rnga/vvpshenov/DCE_NIK/runs'}
2026-02-23 17:00:55,890 - INFO -   logging: {'level': 'INFO', 'console_every': 100}
2026-02-23 17:00:55,890 - INFO -   wandb: {'watch_interval': 0}
2026-02-23 17:00:55,890 - INFO -   sweep: {'entity': 'spshenov-university-of-amsterdam', 'project': 'NIK-DCE-MRI', 'method': 'bayes', 'metric': {'name': 'best_val_loss', 'goal': 'minimize'}, 'parameters': {'hidden': {'values': [64, 128, 256]}, 'depth': {'values': [3, 4, 5, 7]}, 'w0': {'values': [10, 15, 30]}, 'optimizer': {'values': ['Adam', 'AdamW', 'SGD']}, 'lr': {'distribution': 'log_uniform_values', 'min': 1e-05, 'max': 0.01}, 'batch_size': {'values': [2048, 4096, 8192, 16384]}, 'steps': {'values': [2000, 3000, 5000, 8000]}}}
wandb: [wandb.login()] Loaded credentials for https://api.wandb.ai from /home/rnga/vvpshenov/.netrc.
wandb: setting up run p901acyk
wandb: Tracking run with wandb version 0.25.0
wandb: Run data is saved locally in /scratch/rnga/vvpshenov/DCE_NIK/runs/20260223_170055_nice-lobster-of-reading_nik/wandb/run-20260223_170056-p901acyk
wandb: Run `wandb offline` to turn off syncing.
wandb: Syncing run nice-lobster-of-reading_nik
wandb: ⭐️ View project at https://wandb.ai/spshenov-university-of-amsterdam/NIK-DCE-MRI
wandb: 🧹 View sweep at https://wandb.ai/spshenov-university-of-amsterdam/NIK-DCE-MRI/sweeps/73254n6n
wandb: 🚀 View run at https://wandb.ai/spshenov-university-of-amsterdam/NIK-DCE-MRI/runs/p901acyk
2026-02-23 17:00:57,146 - INFO - Model: hidden=256, depth=7, w0=10.0, params=330242
2026-02-23 17:00:57,148 - INFO - Training for 8000 steps, optimizer=Adam, lr=1.0510478601996978e-05
2026-02-23 17:01:03,900 - INFO - step    100  train 1.745e-02  val 1.630e-02
2026-02-23 17:01:05,125 - INFO - step    200  train 4.499e-03  val 4.016e-03
2026-02-23 17:01:06,353 - INFO - step    300  train 3.264e-03  val 3.091e-03
2026-02-23 17:01:07,594 - INFO - step    400  train 2.782e-03  val 2.724e-03
2026-02-23 17:01:13,307 - INFO - step    500  train 2.537e-03  val 2.488e-03
2026-02-23 17:01:14,511 - INFO - step    600  train 2.364e-03  val 2.305e-03
2026-02-23 17:01:15,646 - INFO - step    700  train 2.047e-03  val 2.148e-03
2026-02-23 17:01:16,789 - INFO - step    800  train 1.955e-03  val 1.981e-03
2026-02-23 17:01:17,924 - INFO - step    900  train 1.822e-03  val 1.854e-03
2026-02-23 17:01:23,822 - INFO - step   1000  train 1.629e-03  val 1.710e-03
2026-02-23 17:01:24,988 - INFO - step   1100  train 1.502e-03  val 1.569e-03
2026-02-23 17:01:26,140 - INFO - step   1200  train 1.292e-03  val 1.408e-03
2026-02-23 17:01:27,278 - INFO - step   1300  train 1.153e-03  val 1.242e-03
2026-02-23 17:01:28,419 - INFO - step   1400  train 1.061e-03  val 1.087e-03
2026-02-23 17:01:34,378 - INFO - step   1500  train 9.492e-04  val 9.606e-04
2026-02-23 17:01:35,543 - INFO - step   1600  train 8.402e-04  val 8.432e-04
2026-02-23 17:01:36,683 - INFO - step   1700  train 7.226e-04  val 7.504e-04
2026-02-23 17:01:37,838 - INFO - step   1800  train 6.991e-04  val 6.865e-04
2026-02-23 17:01:38,974 - INFO - step   1900  train 6.311e-04  val 6.376e-04
2026-02-23 17:01:45,077 - INFO - step   2000  train 6.223e-04  val 6.081e-04
2026-02-23 17:01:46,258 - INFO - step   2100  train 5.604e-04  val 5.843e-04
2026-02-23 17:01:47,402 - INFO - step   2200  train 5.501e-04  val 5.571e-04
2026-02-23 17:01:48,547 - INFO - step   2300  train 5.032e-04  val 5.340e-04
2026-02-23 17:01:49,695 - INFO - step   2400  train 5.093e-04  val 5.208e-04
2026-02-23 17:01:55,833 - INFO - step   2500  train 5.157e-04  val 4.934e-04
2026-02-23 17:01:56,986 - INFO - step   2600  train 4.934e-04  val 4.840e-04
2026-02-23 17:01:58,147 - INFO - step   2700  train 5.048e-04  val 4.731e-04
2026-02-23 17:01:59,280 - INFO - step   2800  train 4.388e-04  val 4.543e-04
2026-02-23 17:02:00,415 - INFO - step   2900  train 4.145e-04  val 4.426e-04
2026-02-23 17:02:06,600 - INFO - step   3000  train 4.022e-04  val 4.362e-04
2026-02-23 17:02:07,774 - INFO - step   3100  train 3.924e-04  val 4.216e-04
2026-02-23 17:02:08,961 - INFO - step   3200  train 3.724e-04  val 4.192e-04
2026-02-23 17:02:10,241 - INFO - step   3300  train 3.500e-04  val 4.015e-04
2026-02-23 17:02:11,487 - INFO - step   3400  train 3.458e-04  val 3.901e-04
2026-02-23 17:02:18,332 - INFO - step   3500  train 3.623e-04  val 3.855e-04
2026-02-23 17:02:19,589 - INFO - step   3600  train 3.354e-04  val 3.727e-04
2026-02-23 17:02:20,801 - INFO - step   3700  train 3.329e-04  val 3.617e-04
2026-02-23 17:02:22,034 - INFO - step   3800  train 3.188e-04  val 3.584e-04
2026-02-23 17:02:23,258 - INFO - step   3900  train 3.199e-04  val 3.490e-04
2026-02-23 17:02:29,842 - INFO - step   4000  train 3.096e-04  val 3.404e-04
2026-02-23 17:02:31,047 - INFO - step   4100  train 3.039e-04  val 3.309e-04
2026-02-23 17:02:32,272 - INFO - step   4200  train 2.975e-04  val 3.274e-04
2026-02-23 17:02:33,578 - INFO - step   4300  train 2.629e-04  val 3.167e-04
2026-02-23 17:02:34,816 - INFO - step   4400  train 2.695e-04  val 3.102e-04
2026-02-23 17:02:41,555 - INFO - step   4500  train 2.647e-04  val 3.076e-04
2026-02-23 17:02:42,822 - INFO - step   4600  train 2.619e-04  val 2.974e-04
2026-02-23 17:02:44,044 - INFO - step   4700  train 2.622e-04  val 2.931e-04
2026-02-23 17:02:45,281 - INFO - step   4800  train 2.523e-04  val 2.836e-04
2026-02-23 17:02:46,522 - INFO - step   4900  train 2.409e-04  val 2.788e-04
2026-02-23 17:02:53,343 - INFO - step   5000  train 2.341e-04  val 2.689e-04
2026-02-23 17:02:54,616 - INFO - step   5100  train 2.315e-04  val 2.608e-04
2026-02-23 17:02:55,819 - INFO - step   5200  train 2.145e-04  val 2.591e-04
2026-02-23 17:02:57,029 - INFO - step   5300  train 2.131e-04  val 2.457e-04
2026-02-23 17:02:58,243 - INFO - step   5400  train 1.999e-04  val 2.456e-04
2026-02-23 17:03:05,151 - INFO - step   5500  train 2.046e-04  val 2.367e-04
2026-02-23 17:03:06,384 - INFO - step   5600  train 1.962e-04  val 2.289e-04
2026-02-23 17:03:07,603 - INFO - step   5700  train 1.893e-04  val 2.280e-04
2026-02-23 17:03:08,828 - INFO - step   5800  train 1.844e-04  val 2.275e-04
2026-02-23 17:03:10,050 - INFO - step   5900  train 1.836e-04  val 2.149e-04
2026-02-23 17:03:16,085 - INFO - step   6000  train 1.747e-04  val 2.091e-04
2026-02-23 17:03:17,349 - INFO - step   6100  train 1.695e-04  val 2.063e-04
2026-02-23 17:03:18,574 - INFO - step   6200  train 1.654e-04  val 2.067e-04
2026-02-23 17:03:19,812 - INFO - step   6300  train 1.680e-04  val 1.963e-04
2026-02-23 17:03:21,106 - INFO - step   6400  train 1.505e-04  val 1.922e-04
2026-02-23 17:03:27,982 - INFO - step   6500  train 1.489e-04  val 1.874e-04
2026-02-23 17:03:29,246 - INFO - step   6600  train 1.458e-04  val 1.859e-04
2026-02-23 17:03:30,476 - INFO - step   6700  train 1.438e-04  val 1.835e-04
2026-02-23 17:03:31,719 - INFO - step   6800  train 1.401e-04  val 1.715e-04
2026-02-23 17:03:32,995 - INFO - step   6900  train 1.374e-04  val 1.708e-04
2026-02-23 17:03:38,959 - INFO - step   7000  train 1.326e-04  val 1.648e-04
2026-02-23 17:03:40,127 - INFO - step   7100  train 1.232e-04  val 1.652e-04
2026-02-23 17:03:41,335 - INFO - step   7200  train 1.214e-04  val 1.591e-04
2026-02-23 17:03:42,583 - INFO - step   7300  train 1.222e-04  val 1.558e-04
2026-02-23 17:03:43,844 - INFO - step   7400  train 1.130e-04  val 1.491e-04
2026-02-23 17:03:51,096 - INFO - step   7500  train 1.161e-04  val 1.514e-04
2026-02-23 17:03:52,367 - INFO - step   7600  train 1.132e-04  val 1.427e-04
2026-02-23 17:03:53,592 - INFO - step   7700  train 1.096e-04  val 1.357e-04
2026-02-23 17:03:54,812 - INFO - step   7800  train 1.041e-04  val 1.304e-04
2026-02-23 17:03:56,047 - INFO - step   7900  train 9.944e-05  val 1.268e-04
2026-02-23 17:04:03,030 - INFO - step   8000  train 9.951e-05  val 1.274e-04
2026-02-23 17:04:03,647 - INFO - Done. best_val_loss=1.268e-04
wandb: uploading artifact model; updating run metadata
wandb: uploading artifact model
wandb: uploading media/images/plots/ring_ro55_Mag_8000_89d0af87fecc41e51288.png; uploading media/images/plots/spoke_train_8000_35359cefd935bc73c07d.png; uploading media/images/plots/spoke_val_8000_9685041971c2de09e67a.png; uploading media/images/plots/ring_ro55_Re_8000_6ef64e452af782e6e190.png; uploading media/images/plots/ring_ro55_Im_8000_190599eee61ce244c044.png (+ 6 more)
wandb: uploading media/images/plots/error_map_train_8000_d3f2aa11c709a9040ec0.png
wandb: 
wandb: Run history:
wandb: train/train_loss █▁▁▁▁▁▁▁▁▁▁▁▁▁▁▁▁▁▁▁▁▁▁▁▁▁▁▁▁▁▁▁▁▁▁▁▁▁▁▁
wandb:   train/val_loss █▂▂▂▂▁▁▁▁▁▁▁▁▁▁▁▁▁▁▁▁▁▁▁▁▁▁▁▁▁▁▁▁▁▁▁▁▁▁▁
wandb: 
wandb: Run summary:
wandb:    best_val_loss 0.00013
wandb: final_train_loss 0.0001
wandb:      total_steps 8000
wandb: train/train_loss 0.0001
wandb:   train/val_loss 0.00013
wandb: 
wandb: 🚀 View run nice-lobster-of-reading_nik at: https://wandb.ai/spshenov-university-of-amsterdam/NIK-DCE-MRI/runs/p901acyk
wandb: ⭐️ View project at: https://wandb.ai/spshenov-university-of-amsterdam/NIK-DCE-MRI
wandb: Synced 5 W&B file(s), 223 media file(s), 2 artifact file(s) and 0 other file(s)
wandb: Find logs at: ./runs/20260223_170055_nice-lobster-of-reading_nik/wandb/run-20260223_170056-p901acyk/logs
wandb: Agent Starting Run: ibblc4pv with config:
wandb: 	batch_size: 16384
wandb: 	depth: 3
wandb: 	hidden: 128
wandb: 	lr: 6.994765209202592e-05
wandb: 	optimizer: Adam
wandb: 	steps: 8000
wandb: 	w0: 10
2026-02-23 17:04:09,852 - INFO - Run: nice-lobster-of-reading_nik
2026-02-23 17:04:09,852 - INFO - Config: config/training.toml
2026-02-23 17:04:09,852 - INFO - Output: /scratch/rnga/vvpshenov/DCE_NIK/runs/20260223_170409_nice-lobster-of-reading_nik
2026-02-23 17:04:09,853 - INFO -   experiment: {'name': 'NIK DCE-MRI k-space fitting', 'description': 'SIREN implicit neural representation for radial k-space'}
2026-02-23 17:04:09,853 - INFO -   data: {'file': '/scratch/rnga/vvpshenov/XCAT-ERIC/results/simulation_results_20260115T150400.mat', 't_frame': 0, 'coil_idx': 0, 'z_slice_idx': -1, 'val_frac': 0.1}
2026-02-23 17:04:09,853 - INFO -   model: {'hidden': 128, 'depth': 4, 'w0': 15}
2026-02-23 17:04:09,853 - INFO -   training: {'steps': 3000, 'batch_size': 4096, 'optimizer': 'Adam', 'lr': 0.0002, 'grad_clip': 1.0, 'eval_every': 50, 'seed': 0, 'plot': {'plot_every': 500, 'log_scale': True}}
2026-02-23 17:04:09,853 - INFO -   output: {'base_path': '/scratch/rnga/vvpshenov/DCE_NIK/runs'}
2026-02-23 17:04:09,853 - INFO -   logging: {'level': 'INFO', 'console_every': 100}
2026-02-23 17:04:09,853 - INFO -   wandb: {'watch_interval': 0}
2026-02-23 17:04:09,853 - INFO -   sweep: {'entity': 'spshenov-university-of-amsterdam', 'project': 'NIK-DCE-MRI', 'method': 'bayes', 'metric': {'name': 'best_val_loss', 'goal': 'minimize'}, 'parameters': {'hidden': {'values': [64, 128, 256]}, 'depth': {'values': [3, 4, 5, 7]}, 'w0': {'values': [10, 15, 30]}, 'optimizer': {'values': ['Adam', 'AdamW', 'SGD']}, 'lr': {'distribution': 'log_uniform_values', 'min': 1e-05, 'max': 0.01}, 'batch_size': {'values': [2048, 4096, 8192, 16384]}, 'steps': {'values': [2000, 3000, 5000, 8000]}}}
wandb: [wandb.login()] Loaded credentials for https://api.wandb.ai from /home/rnga/vvpshenov/.netrc.
wandb: setting up run ibblc4pv
wandb: Tracking run with wandb version 0.25.0
wandb: Run data is saved locally in /scratch/rnga/vvpshenov/DCE_NIK/runs/20260223_170409_nice-lobster-of-reading_nik/wandb/run-20260223_170410-ibblc4pv
wandb: Run `wandb offline` to turn off syncing.
wandb: Syncing run nice-lobster-of-reading_nik
wandb: ⭐️ View project at https://wandb.ai/spshenov-university-of-amsterdam/NIK-DCE-MRI
wandb: 🧹 View sweep at https://wandb.ai/spshenov-university-of-amsterdam/NIK-DCE-MRI/sweeps/73254n6n
wandb: 🚀 View run at https://wandb.ai/spshenov-university-of-amsterdam/NIK-DCE-MRI/runs/ibblc4pv
2026-02-23 17:04:11,158 - INFO - Model: hidden=128, depth=3, w0=10.0, params=17154
2026-02-23 17:04:11,159 - INFO - Training for 8000 steps, optimizer=Adam, lr=6.994765209202592e-05
2026-02-23 17:04:16,588 - INFO - step    100  train 1.372e-01  val 1.532e-01
2026-02-23 17:04:16,775 - INFO - step    200  train 6.551e-02  val 6.072e-02
2026-02-23 17:04:16,963 - INFO - step    300  train 2.377e-02  val 2.148e-02
2026-02-23 17:04:17,149 - INFO - step    400  train 1.069e-02  val 1.003e-02
2026-02-23 17:04:22,094 - INFO - step    500  train 6.750e-03  val 6.729e-03
2026-02-23 17:04:22,287 - INFO - step    600  train 5.707e-03  val 5.697e-03
2026-02-23 17:04:22,474 - INFO - step    700  train 5.116e-03  val 5.177e-03
2026-02-23 17:04:22,663 - INFO - step    800  train 4.706e-03  val 4.714e-03
2026-02-23 17:04:22,850 - INFO - step    900  train 4.312e-03  val 4.299e-03
2026-02-23 17:04:27,888 - INFO - step   1000  train 3.887e-03  val 3.956e-03
2026-02-23 17:04:28,080 - INFO - step   1100  train 3.777e-03  val 3.648e-03
2026-02-23 17:04:28,268 - INFO - step   1200  train 3.276e-03  val 3.378e-03
2026-02-23 17:04:28,455 - INFO - step   1300  train 3.244e-03  val 3.203e-03
2026-02-23 17:04:28,643 - INFO - step   1400  train 3.144e-03  val 3.078e-03
2026-02-23 17:04:33,525 - INFO - step   1500  train 3.027e-03  val 2.994e-03
2026-02-23 17:04:33,710 - INFO - step   1600  train 2.962e-03  val 2.914e-03
2026-02-23 17:04:33,891 - INFO - step   1700  train 2.733e-03  val 2.883e-03
2026-02-23 17:04:34,072 - INFO - step   1800  train 2.996e-03  val 2.847e-03
2026-02-23 17:04:34,251 - INFO - step   1900  train 2.694e-03  val 2.789e-03
2026-02-23 17:04:39,144 - INFO - step   2000  train 2.753e-03  val 2.744e-03
2026-02-23 17:04:39,332 - INFO - step   2100  train 2.731e-03  val 2.659e-03
2026-02-23 17:04:39,528 - INFO - step   2200  train 2.567e-03  val 2.556e-03
2026-02-23 17:04:39,721 - INFO - step   2300  train 2.383e-03  val 2.409e-03
2026-02-23 17:04:39,906 - INFO - step   2400  train 2.348e-03  val 2.277e-03
2026-02-23 17:04:44,794 - INFO - step   2500  train 2.146e-03  val 2.143e-03
2026-02-23 17:04:44,985 - INFO - step   2600  train 2.161e-03  val 2.058e-03
2026-02-23 17:04:45,170 - INFO - step   2700  train 2.122e-03  val 1.963e-03
2026-02-23 17:04:45,355 - INFO - step   2800  train 1.882e-03  val 1.797e-03
2026-02-23 17:04:45,548 - INFO - step   2900  train 1.890e-03  val 1.718e-03
2026-02-23 17:04:50,601 - INFO - step   3000  train 1.778e-03  val 1.667e-03
2026-02-23 17:04:50,789 - INFO - step   3100  train 1.650e-03  val 1.612e-03
2026-02-23 17:04:50,977 - INFO - step   3200  train 1.664e-03  val 1.588e-03
2026-02-23 17:04:51,168 - INFO - step   3300  train 1.589e-03  val 1.561e-03
2026-02-23 17:04:51,357 - INFO - step   3400  train 1.568e-03  val 1.555e-03
2026-02-23 17:04:56,186 - INFO - step   3500  train 1.665e-03  val 1.523e-03
2026-02-23 17:04:56,391 - INFO - step   3600  train 1.550e-03  val 1.506e-03
2026-02-23 17:04:56,648 - INFO - step   3700  train 1.573e-03  val 1.502e-03
2026-02-23 17:04:56,994 - INFO - step   3800  train 1.517e-03  val 1.495e-03
2026-02-23 17:04:57,382 - INFO - step   3900  train 1.542e-03  val 1.457e-03
2026-02-23 17:05:02,703 - INFO - step   4000  train 1.559e-03  val 1.449e-03
2026-02-23 17:05:03,025 - INFO - step   4100  train 1.456e-03  val 1.427e-03
2026-02-23 17:05:03,345 - INFO - step   4200  train 1.443e-03  val 1.384e-03
2026-02-23 17:05:03,673 - INFO - step   4300  train 1.335e-03  val 1.387e-03
2026-02-23 17:05:04,008 - INFO - step   4400  train 1.359e-03  val 1.346e-03
2026-02-23 17:05:09,438 - INFO - step   4500  train 1.390e-03  val 1.317e-03
2026-02-23 17:05:09,788 - INFO - step   4600  train 1.318e-03  val 1.301e-03
2026-02-23 17:05:10,123 - INFO - step   4700  train 1.257e-03  val 1.280e-03
2026-02-23 17:05:10,439 - INFO - step   4800  train 1.301e-03  val 1.249e-03
2026-02-23 17:05:10,672 - INFO - step   4900  train 1.250e-03  val 1.241e-03
2026-02-23 17:05:16,512 - INFO - step   5000  train 1.248e-03  val 1.231e-03
2026-02-23 17:05:16,836 - INFO - step   5100  train 1.244e-03  val 1.211e-03
2026-02-23 17:05:17,142 - INFO - step   5200  train 1.293e-03  val 1.198e-03
2026-02-23 17:05:17,472 - INFO - step   5300  train 1.235e-03  val 1.193e-03
2026-02-23 17:05:17,791 - INFO - step   5400  train 1.171e-03  val 1.169e-03
2026-02-23 17:05:23,930 - INFO - step   5500  train 1.178e-03  val 1.167e-03
2026-02-23 17:05:24,292 - INFO - step   5600  train 1.215e-03  val 1.176e-03
2026-02-23 17:05:24,643 - INFO - step   5700  train 1.168e-03  val 1.162e-03
2026-02-23 17:05:24,992 - INFO - step   5800  train 1.112e-03  val 1.151e-03
2026-02-23 17:05:25,356 - INFO - step   5900  train 1.114e-03  val 1.129e-03
2026-02-23 17:05:31,362 - INFO - step   6000  train 1.098e-03  val 1.139e-03
2026-02-23 17:05:31,693 - INFO - step   6100  train 1.151e-03  val 1.141e-03
2026-02-23 17:05:32,006 - INFO - step   6200  train 1.114e-03  val 1.123e-03
2026-02-23 17:05:32,328 - INFO - step   6300  train 1.128e-03  val 1.121e-03
2026-02-23 17:05:32,661 - INFO - step   6400  train 1.148e-03  val 1.110e-03
2026-02-23 17:05:38,679 - INFO - step   6500  train 1.116e-03  val 1.106e-03
2026-02-23 17:05:39,005 - INFO - step   6600  train 1.063e-03  val 1.110e-03
2026-02-23 17:05:39,339 - INFO - step   6700  train 1.077e-03  val 1.098e-03
2026-02-23 17:05:39,661 - INFO - step   6800  train 1.115e-03  val 1.082e-03
2026-02-23 17:05:39,976 - INFO - step   6900  train 1.107e-03  val 1.102e-03
