
Transaction finished

joblib 1.6.0
sim: TR 4.66 ms, FA 18, r1 3.5, injection 12 s; T1 table 70 tissues; labels in slice [0, 9, 10, 13, 22, 23, 24, 25, 26, 28, 29, 30, 31, 32, 33, 34, 35, 36, 37, 40, 41, 42, 43, 51, 72]
pkLUT dt unit guess: s | label 5 (artery?) ke/ve/vp/dt: [0.0, 0.0, 0.6000000238418579, 0.0]
enhancing voxels to fit: 6138
[Parallel(n_jobs=16)]: Using backend LokyBackend with 16 concurrent workers.
[Parallel(n_jobs=16)]: Done   1 tasks      | elapsed:    0.8s
[Parallel(n_jobs=16)]: Done   2 tasks      | elapsed:    0.8s
[Parallel(n_jobs=16)]: Done   3 tasks      | elapsed:    0.8s
[Parallel(n_jobs=16)]: Done   4 tasks      | elapsed:    0.8s
[Parallel(n_jobs=16)]: Done   5 tasks      | elapsed:    0.8s
[Parallel(n_jobs=16)]: Done   6 tasks      | elapsed:    0.8s
[Parallel(n_jobs=16)]: Done   7 tasks      | elapsed:    0.8s
[Parallel(n_jobs=16)]: Done   8 tasks      | elapsed:    0.8s
[Parallel(n_jobs=16)]: Done   9 tasks      | elapsed:    0.8s
[Parallel(n_jobs=16)]: Done  10 tasks      | elapsed:    0.8s
[Parallel(n_jobs=16)]: Done  11 tasks      | elapsed:    0.8s
[Parallel(n_jobs=16)]: Done  12 tasks      | elapsed:    0.8s
[Parallel(n_jobs=16)]: Done  13 tasks      | elapsed:    0.8s
[Parallel(n_jobs=16)]: Done  14 tasks      | elapsed:    0.8s
[Parallel(n_jobs=16)]: Done  15 tasks      | elapsed:    0.8s
[Parallel(n_jobs=16)]: Done  16 tasks      | elapsed:    0.8s
[Parallel(n_jobs=16)]: Done  17 tasks      | elapsed:    0.9s
[Parallel(n_jobs=16)]: Done  18 tasks      | elapsed:    0.9s
[Parallel(n_jobs=16)]: Done  19 tasks      | elapsed:    0.9s
[Parallel(n_jobs=16)]: Done  20 tasks      | elapsed:    0.9s
[Parallel(n_jobs=16)]: Done  21 tasks      | elapsed:    0.9s
[Parallel(n_jobs=16)]: Done  22 tasks      | elapsed:    0.9s
[Parallel(n_jobs=16)]: Done  23 tasks      | elapsed:    0.9s
[Parallel(n_jobs=16)]: Done  24 tasks      | elapsed:    0.9s
[Parallel(n_jobs=16)]: Done  25 tasks      | elapsed:    0.9s
[Parallel(n_jobs=16)]: Done  26 tasks      | elapsed:    0.9s
[Parallel(n_jobs=16)]: Done  27 tasks      | elapsed:    0.9s
[Parallel(n_jobs=16)]: Done  28 tasks      | elapsed:    0.9s
[Parallel(n_jobs=16)]: Done  29 tasks      | elapsed:    0.9s
[Parallel(n_jobs=16)]: Done  30 tasks      | elapsed:    0.9s
[Parallel(n_jobs=16)]: Done  31 tasks      | elapsed:    0.9s
[Parallel(n_jobs=16)]: Done  32 tasks      | elapsed:    0.9s
[Parallel(n_jobs=16)]: Done  33 tasks      | elapsed:    0.9s
[Parallel(n_jobs=16)]: Done  34 tasks      | elapsed:    0.9s
[Parallel(n_jobs=16)]: Done  35 tasks      | elapsed:    0.9s
[Parallel(n_jobs=16)]: Done  36 tasks      | elapsed:    0.9s
[Parallel(n_jobs=16)]: Done  37 tasks      | elapsed:    0.9s
[Parallel(n_jobs=16)]: Done  38 tasks      | elapsed:    0.9s
[Parallel(n_jobs=16)]: Done  39 tasks      | elapsed:    0.9s
[Parallel(n_jobs=16)]: Done  40 tasks      | elapsed:    0.9s
[Parallel(n_jobs=16)]: Done  41 tasks      | elapsed:    0.9s
[Parallel(n_jobs=16)]: Batch computation too fast (0.19144545588758718s.) Setting batch_size=2.
[Parallel(n_jobs=16)]: Done  42 tasks      | elapsed:    0.9s
[Parallel(n_jobs=16)]: Done  43 tasks      | elapsed:    0.9s
[Parallel(n_jobs=16)]: Done  44 tasks      | elapsed:    0.9s
[Parallel(n_jobs=16)]: Done  45 tasks      | elapsed:    0.9s
[Parallel(n_jobs=16)]: Done  46 tasks      | elapsed:    0.9s
[Parallel(n_jobs=16)]: Done  47 tasks      | elapsed:    0.9s
[Parallel(n_jobs=16)]: Done  48 tasks      | elapsed:    0.9s
[Parallel(n_jobs=16)]: Done  49 tasks      | elapsed:    0.9s
[Parallel(n_jobs=16)]: Done  50 tasks      | elapsed:    0.9s
[Parallel(n_jobs=16)]: Done  51 tasks      | elapsed:    0.9s
[Parallel(n_jobs=16)]: Done  52 tasks      | elapsed:    0.9s
[Parallel(n_jobs=16)]: Done  53 tasks      | elapsed:    0.9s
[Parallel(n_jobs=16)]: Done  54 tasks      | elapsed:    0.9s
[Parallel(n_jobs=16)]: Done  55 tasks      | elapsed:    0.9s
[Parallel(n_jobs=16)]: Done  56 tasks      | elapsed:    0.9s
[Parallel(n_jobs=16)]: Done  57 tasks      | elapsed:    0.9s
[Parallel(n_jobs=16)]: Done  58 tasks      | elapsed:    0.9s
[Parallel(n_jobs=16)]: Done  59 tasks      | elapsed:    0.9s
[Parallel(n_jobs=16)]: Done  60 tasks      | elapsed:    0.9s
[Parallel(n_jobs=16)]: Done  61 tasks      | elapsed:    0.9s
[Parallel(n_jobs=16)]: Done  62 tasks      | elapsed:    0.9s
[Parallel(n_jobs=16)]: Done  63 tasks      | elapsed:    0.9s
[Parallel(n_jobs=16)]: Done  64 tasks      | elapsed:    0.9s
[Parallel(n_jobs=16)]: Done  65 tasks      | elapsed:    0.9s
[Parallel(n_jobs=16)]: Done  66 tasks      | elapsed:    0.9s
[Parallel(n_jobs=16)]: Done  67 tasks      | elapsed:    0.9s
[Parallel(n_jobs=16)]: Done  68 tasks      | elapsed:    0.9s
[Parallel(n_jobs=16)]: Done  69 tasks      | elapsed:    0.9s
[Parallel(n_jobs=16)]: Done  70 tasks      | elapsed:    0.9s
[Parallel(n_jobs=16)]: Done  71 tasks      | elapsed:    0.9s
[Parallel(n_jobs=16)]: Done  72 tasks      | elapsed:    0.9s
[Parallel(n_jobs=16)]: Done  73 tasks      | elapsed:    0.9s
[Parallel(n_jobs=16)]: Done  74 tasks      | elapsed:    0.9s
[Parallel(n_jobs=16)]: Done  75 tasks      | elapsed:    0.9s
[Parallel(n_jobs=16)]: Done  76 tasks      | elapsed:    0.9s
[Parallel(n_jobs=16)]: Done  77 tasks      | elapsed:    0.9s
[Parallel(n_jobs=16)]: Done  78 tasks      | elapsed:    0.9s
[Parallel(n_jobs=16)]: Done  79 tasks      | elapsed:    0.9s
[Parallel(n_jobs=16)]: Done  80 tasks      | elapsed:    0.9s
[Parallel(n_jobs=16)]: Done  82 tasks      | elapsed:    0.9s
[Parallel(n_jobs=16)]: Batch computation too fast (0.04740309715270996s.) Setting batch_size=4.
[Parallel(n_jobs=16)]: Done  84 tasks      | elapsed:    0.9s
[Parallel(n_jobs=16)]: Done  86 tasks      | elapsed:    1.0s
[Parallel(n_jobs=16)]: Done  88 tasks      | elapsed:    1.0s
[Parallel(n_jobs=16)]: Done  90 tasks      | elapsed:    1.0s
[Parallel(n_jobs=16)]: Done  92 tasks      | elapsed:    1.0s
[Parallel(n_jobs=16)]: Done  94 tasks      | elapsed:    1.0s
[Parallel(n_jobs=16)]: Done  96 tasks      | elapsed:    1.0s
[Parallel(n_jobs=16)]: Done  98 tasks      | elapsed:    1.0s
[Parallel(n_jobs=16)]: Done 100 tasks      | elapsed:    1.0s
[Parallel(n_jobs=16)]: Done 102 tasks      | elapsed:    1.0s
[Parallel(n_jobs=16)]: Done 104 tasks      | elapsed:    1.0s
[Parallel(n_jobs=16)]: Done 106 tasks      | elapsed:    1.0s
[Parallel(n_jobs=16)]: Done 108 tasks      | elapsed:    1.0s
[Parallel(n_jobs=16)]: Done 110 tasks      | elapsed:    1.0s
[Parallel(n_jobs=16)]: Done 112 tasks      | elapsed:    1.0s
[Parallel(n_jobs=16)]: Done 114 tasks      | elapsed:    1.0s
[Parallel(n_jobs=16)]: Done 116 tasks      | elapsed:    1.0s
[Parallel(n_jobs=16)]: Done 118 tasks      | elapsed:    1.0s
[Parallel(n_jobs=16)]: Done 120 tasks      | elapsed:    1.0s
[Parallel(n_jobs=16)]: Done 122 tasks      | elapsed:    1.0s
[Parallel(n_jobs=16)]: Done 124 tasks      | elapsed:    1.0s
[Parallel(n_jobs=16)]: Done 126 tasks      | elapsed:    1.0s
[Parallel(n_jobs=16)]: Done 128 tasks      | elapsed:    1.0s
[Parallel(n_jobs=16)]: Done 130 tasks      | elapsed:    1.0s
[Parallel(n_jobs=16)]: Done 132 tasks      | elapsed:    1.0s
[Parallel(n_jobs=16)]: Done 134 tasks      | elapsed:    1.0s
[Parallel(n_jobs=16)]: Done 136 tasks      | elapsed:    1.0s
[Parallel(n_jobs=16)]: Done 138 tasks      | elapsed:    1.0s
[Parallel(n_jobs=16)]: Done 140 tasks      | elapsed:    1.0s
[Parallel(n_jobs=16)]: Done 142 tasks      | elapsed:    1.0s
[Parallel(n_jobs=16)]: Done 144 tasks      | elapsed:    1.0s
[Parallel(n_jobs=16)]: Done 148 tasks      | elapsed:    1.0s
[Parallel(n_jobs=16)]: Batch computation too fast (0.09254789352416992s.) Setting batch_size=8.
[Parallel(n_jobs=16)]: Done 152 tasks      | elapsed:    1.0s
[Parallel(n_jobs=16)]: Done 156 tasks      | elapsed:    1.0s
[Parallel(n_jobs=16)]: Done 160 tasks      | elapsed:    1.0s
[Parallel(n_jobs=16)]: Done 164 tasks      | elapsed:    1.0s
[Parallel(n_jobs=16)]: Done 168 tasks      | elapsed:    1.0s
[Parallel(n_jobs=16)]: Done 172 tasks      | elapsed:    1.0s
[Parallel(n_jobs=16)]: Done 176 tasks      | elapsed:    1.0s
[Parallel(n_jobs=16)]: Done 180 tasks      | elapsed:    1.1s
[Parallel(n_jobs=16)]: Done 184 tasks      | elapsed:    1.1s
[Parallel(n_jobs=16)]: Done 188 tasks      | elapsed:    1.1s
[Parallel(n_jobs=16)]: Done 192 tasks      | elapsed:    1.1s
[Parallel(n_jobs=16)]: Done 196 tasks      | elapsed:    1.1s
[Parallel(n_jobs=16)]: Done 200 tasks      | elapsed:    1.1s
[Parallel(n_jobs=16)]: Done 204 tasks      | elapsed:    1.1s
[Parallel(n_jobs=16)]: Done 208 tasks      | elapsed:    1.1s
[Parallel(n_jobs=16)]: Done 212 tasks      | elapsed:    1.1s
[Parallel(n_jobs=16)]: Done 216 tasks      | elapsed:    1.1s
[Parallel(n_jobs=16)]: Done 220 tasks      | elapsed:    1.1s
[Parallel(n_jobs=16)]: Done 224 tasks      | elapsed:    1.1s
[Parallel(n_jobs=16)]: Done 228 tasks      | elapsed:    1.1s
[Parallel(n_jobs=16)]: Done 232 tasks      | elapsed:    1.1s
[Parallel(n_jobs=16)]: Done 236 tasks      | elapsed:    1.1s
[Parallel(n_jobs=16)]: Done 240 tasks      | elapsed:    1.1s
[Parallel(n_jobs=16)]: Done 244 tasks      | elapsed:    1.1s
[Parallel(n_jobs=16)]: Done 248 tasks      | elapsed:    1.1s
[Parallel(n_jobs=16)]: Done 252 tasks      | elapsed:    1.1s
[Parallel(n_jobs=16)]: Done 256 tasks      | elapsed:    1.1s
[Parallel(n_jobs=16)]: Done 260 tasks      | elapsed:    1.1s
[Parallel(n_jobs=16)]: Done 264 tasks      | elapsed:    1.1s
[Parallel(n_jobs=16)]: Done 268 tasks      | elapsed:    1.1s
[Parallel(n_jobs=16)]: Done 272 tasks      | elapsed:    1.1s
[Parallel(n_jobs=16)]: Done 280 tasks      | elapsed:    1.2s
[Parallel(n_jobs=16)]: Batch computation too fast (0.18952488899230957s.) Setting batch_size=16.
[Parallel(n_jobs=16)]: Done 288 tasks      | elapsed:    1.2s
[Parallel(n_jobs=16)]: Done 296 tasks      | elapsed:    1.2s
[Parallel(n_jobs=16)]: Done 304 tasks      | elapsed:    1.2s
[Parallel(n_jobs=16)]: Done 312 tasks      | elapsed:    1.2s
[Parallel(n_jobs=16)]: Done 320 tasks      | elapsed:    1.2s
[Parallel(n_jobs=16)]: Done 328 tasks      | elapsed:    1.2s
[Parallel(n_jobs=16)]: Done 336 tasks      | elapsed:    1.2s
[Parallel(n_jobs=16)]: Done 344 tasks      | elapsed:    1.2s
[Parallel(n_jobs=16)]: Done 352 tasks      | elapsed:    1.2s
[Parallel(n_jobs=16)]: Done 360 tasks      | elapsed:    1.2s
[Parallel(n_jobs=16)]: Done 368 tasks      | elapsed:    1.2s
[Parallel(n_jobs=16)]: Done 376 tasks      | elapsed:    1.3s
[Parallel(n_jobs=16)]: Done 384 tasks      | elapsed:    1.3s
[Parallel(n_jobs=16)]: Done 392 tasks      | elapsed:    1.3s
[Parallel(n_jobs=16)]: Done 400 tasks      | elapsed:    1.3s
[Parallel(n_jobs=16)]: Done 408 tasks      | elapsed:    1.4s
[Parallel(n_jobs=16)]: Done 416 tasks      | elapsed:    1.4s
[Parallel(n_jobs=16)]: Done 424 tasks      | elapsed:    1.4s
[Parallel(n_jobs=16)]: Done 432 tasks      | elapsed:    1.4s
[Parallel(n_jobs=16)]: Done 440 tasks      | elapsed:    1.4s
[Parallel(n_jobs=16)]: Done 448 tasks      | elapsed:    1.4s
[Parallel(n_jobs=16)]: Done 456 tasks      | elapsed:    1.4s
[Parallel(n_jobs=16)]: Done 464 tasks      | elapsed:    1.4s
[Parallel(n_jobs=16)]: Done 472 tasks      | elapsed:    1.4s
[Parallel(n_jobs=16)]: Done 480 tasks      | elapsed:    1.4s
[Parallel(n_jobs=16)]: Done 488 tasks      | elapsed:    1.4s
[Parallel(n_jobs=16)]: Done 496 tasks      | elapsed:    1.4s
[Parallel(n_jobs=16)]: Done 504 tasks      | elapsed:    1.4s
[Parallel(n_jobs=16)]: Done 512 tasks      | elapsed:    1.4s
[Parallel(n_jobs=16)]: Done 520 tasks      | elapsed:    1.4s
[Parallel(n_jobs=16)]: Done 528 tasks      | elapsed:    1.4s
[Parallel(n_jobs=16)]: Done 544 tasks      | elapsed:    1.6s
[Parallel(n_jobs=16)]: Done 560 tasks      | elapsed:    1.6s
[Parallel(n_jobs=16)]: Done 576 tasks      | elapsed:    1.6s
[Parallel(n_jobs=16)]: Done 592 tasks      | elapsed:    1.6s
[Parallel(n_jobs=16)]: Done 608 tasks      | elapsed:    1.6s
[Parallel(n_jobs=16)]: Done 624 tasks      | elapsed:    1.6s
[Parallel(n_jobs=16)]: Done 640 tasks      | elapsed:    1.6s
[Parallel(n_jobs=16)]: Done 656 tasks      | elapsed:    1.6s
[Parallel(n_jobs=16)]: Done 672 tasks      | elapsed:    1.6s
[Parallel(n_jobs=16)]: Done 688 tasks      | elapsed:    1.7s
[Parallel(n_jobs=16)]: Done 704 tasks      | elapsed:    1.7s
[Parallel(n_jobs=16)]: Done 720 tasks      | elapsed:    1.7s
[Parallel(n_jobs=16)]: Done 736 tasks      | elapsed:    1.7s
[Parallel(n_jobs=16)]: Done 752 tasks      | elapsed:    1.7s
[Parallel(n_jobs=16)]: Done 768 tasks      | elapsed:    1.7s
[Parallel(n_jobs=16)]: Done 784 tasks      | elapsed:    1.7s
[Parallel(n_jobs=16)]: Done 800 tasks      | elapsed:    1.9s
[Parallel(n_jobs=16)]: Done 816 tasks      | elapsed:    1.9s
[Parallel(n_jobs=16)]: Done 832 tasks      | elapsed:    1.9s
[Parallel(n_jobs=16)]: Done 848 tasks      | elapsed:    1.9s
[Parallel(n_jobs=16)]: Done 864 tasks      | elapsed:    1.9s
[Parallel(n_jobs=16)]: Done 880 tasks      | elapsed:    1.9s
[Parallel(n_jobs=16)]: Done 896 tasks      | elapsed:    1.9s
[Parallel(n_jobs=16)]: Done 912 tasks      | elapsed:    1.9s
[Parallel(n_jobs=16)]: Done 928 tasks      | elapsed:    1.9s
[Parallel(n_jobs=16)]: Done 944 tasks      | elapsed:    1.9s
[Parallel(n_jobs=16)]: Done 960 tasks      | elapsed:    1.9s
[Parallel(n_jobs=16)]: Done 976 tasks      | elapsed:    1.9s
[Parallel(n_jobs=16)]: Done 992 tasks      | elapsed:    1.9s
[Parallel(n_jobs=16)]: Done 1008 tasks      | elapsed:    1.9s
[Parallel(n_jobs=16)]: Done 1024 tasks      | elapsed:    1.9s
[Parallel(n_jobs=16)]: Done 1040 tasks      | elapsed:    1.9s
[Parallel(n_jobs=16)]: Done 1056 tasks      | elapsed:    2.1s
[Parallel(n_jobs=16)]: Done 1072 tasks      | elapsed:    2.1s
[Parallel(n_jobs=16)]: Done 1088 tasks      | elapsed:    2.1s
[Parallel(n_jobs=16)]: Done 1104 tasks      | elapsed:    2.1s
[Parallel(n_jobs=16)]: Done 1120 tasks      | elapsed:    2.1s
[Parallel(n_jobs=16)]: Done 1136 tasks      | elapsed:    2.2s
[Parallel(n_jobs=16)]: Done 1152 tasks      | elapsed:    2.2s
[Parallel(n_jobs=16)]: Done 1168 tasks      | elapsed:    2.2s
[Parallel(n_jobs=16)]: Done 1184 tasks      | elapsed:    2.2s
[Parallel(n_jobs=16)]: Done 1200 tasks      | elapsed:    2.2s
[Parallel(n_jobs=16)]: Done 1216 tasks      | elapsed:    2.2s
[Parallel(n_jobs=16)]: Done 1232 tasks      | elapsed:    2.2s
[Parallel(n_jobs=16)]: Done 1248 tasks      | elapsed:    2.2s
[Parallel(n_jobs=16)]: Done 1264 tasks      | elapsed:    2.2s
[Parallel(n_jobs=16)]: Done 1280 tasks      | elapsed:    2.3s
[Parallel(n_jobs=16)]: Done 1296 tasks      | elapsed:    2.4s
[Parallel(n_jobs=16)]: Done 1312 tasks      | elapsed:    2.4s
[Parallel(n_jobs=16)]: Done 1328 tasks      | elapsed:    2.4s
[Parallel(n_jobs=16)]: Done 1344 tasks      | elapsed:    2.4s
[Parallel(n_jobs=16)]: Done 1360 tasks      | elapsed:    2.4s
[Parallel(n_jobs=16)]: Done 1376 tasks      | elapsed:    2.4s
[Parallel(n_jobs=16)]: Done 1392 tasks      | elapsed:    2.5s
[Parallel(n_jobs=16)]: Done 1408 tasks      | elapsed:    2.5s
[Parallel(n_jobs=16)]: Done 1424 tasks      | elapsed:    2.5s
[Parallel(n_jobs=16)]: Done 1440 tasks      | elapsed:    2.5s
[Parallel(n_jobs=16)]: Done 1456 tasks      | elapsed:    2.5s
[Parallel(n_jobs=16)]: Done 1472 tasks      | elapsed:    2.5s
[Parallel(n_jobs=16)]: Done 1488 tasks      | elapsed:    2.5s
[Parallel(n_jobs=16)]: Done 1504 tasks      | elapsed:    2.5s
[Parallel(n_jobs=16)]: Done 1520 tasks      | elapsed:    2.6s
[Parallel(n_jobs=16)]: Done 1536 tasks      | elapsed:    2.6s
[Parallel(n_jobs=16)]: Done 1552 tasks      | elapsed:    2.6s
[Parallel(n_jobs=16)]: Done 1568 tasks      | elapsed:    2.7s
[Parallel(n_jobs=16)]: Done 1584 tasks      | elapsed:    2.7s
[Parallel(n_jobs=16)]: Done 1600 tasks      | elapsed:    2.7s
[Parallel(n_jobs=16)]: Done 1616 tasks      | elapsed:    2.7s
[Parallel(n_jobs=16)]: Done 1632 tasks      | elapsed:    2.7s
[Parallel(n_jobs=16)]: Done 1648 tasks      | elapsed:    2.7s
[Parallel(n_jobs=16)]: Done 1664 tasks      | elapsed:    2.8s
[Parallel(n_jobs=16)]: Done 1680 tasks      | elapsed:    2.8s
[Parallel(n_jobs=16)]: Done 1696 tasks      | elapsed:    2.8s
[Parallel(n_jobs=16)]: Done 1712 tasks      | elapsed:    2.8s
[Parallel(n_jobs=16)]: Done 1728 tasks      | elapsed:    2.8s
[Parallel(n_jobs=16)]: Done 1744 tasks      | elapsed:    2.8s
[Parallel(n_jobs=16)]: Done 1760 tasks      | elapsed:    2.8s
[Parallel(n_jobs=16)]: Done 1776 tasks      | elapsed:    2.9s
[Parallel(n_jobs=16)]: Done 1792 tasks      | elapsed:    2.9s
[Parallel(n_jobs=16)]: Done 1808 tasks      | elapsed:    2.9s
[Parallel(n_jobs=16)]: Done 1824 tasks      | elapsed:    3.0s
[Parallel(n_jobs=16)]: Done 1840 tasks      | elapsed:    3.0s
[Parallel(n_jobs=16)]: Done 1856 tasks      | elapsed:    3.0s
[Parallel(n_jobs=16)]: Done 1872 tasks      | elapsed:    3.0s
[Parallel(n_jobs=16)]: Done 1888 tasks      | elapsed:    3.0s
[Parallel(n_jobs=16)]: Done 1904 tasks      | elapsed:    3.0s
[Parallel(n_jobs=16)]: Done 1920 tasks      | elapsed:    3.1s
[Parallel(n_jobs=16)]: Done 1936 tasks      | elapsed:    3.1s
[Parallel(n_jobs=16)]: Done 1952 tasks      | elapsed:    3.1s
[Parallel(n_jobs=16)]: Done 1968 tasks      | elapsed:    3.1s
[Parallel(n_jobs=16)]: Done 1984 tasks      | elapsed:    3.1s
[Parallel(n_jobs=16)]: Done 2000 tasks      | elapsed:    3.1s
[Parallel(n_jobs=16)]: Done 2016 tasks      | elapsed:    3.1s
[Parallel(n_jobs=16)]: Done 2032 tasks      | elapsed:    3.2s
[Parallel(n_jobs=16)]: Done 2048 tasks      | elapsed:    3.2s
[Parallel(n_jobs=16)]: Done 2064 tasks      | elapsed:    3.2s
[Parallel(n_jobs=16)]: Done 2080 tasks      | elapsed:    3.3s
[Parallel(n_jobs=16)]: Done 2096 tasks      | elapsed:    3.3s
[Parallel(n_jobs=16)]: Done 2112 tasks      | elapsed:    3.3s
[Parallel(n_jobs=16)]: Done 2128 tasks      | elapsed:    3.3s
[Parallel(n_jobs=16)]: Done 2144 tasks      | elapsed:    3.3s
[Parallel(n_jobs=16)]: Done 2160 tasks      | elapsed:    3.3s
[Parallel(n_jobs=16)]: Done 2176 tasks      | elapsed:    3.4s
[Parallel(n_jobs=16)]: Done 2192 tasks      | elapsed:    3.4s
[Parallel(n_jobs=16)]: Done 2208 tasks      | elapsed:    3.4s
[Parallel(n_jobs=16)]: Done 2224 tasks      | elapsed:    3.4s
[Parallel(n_jobs=16)]: Done 2240 tasks      | elapsed:    3.4s
[Parallel(n_jobs=16)]: Done 2256 tasks      | elapsed:    3.4s
[Parallel(n_jobs=16)]: Done 2272 tasks      | elapsed:    3.4s
[Parallel(n_jobs=16)]: Done 2288 tasks      | elapsed:    3.5s
[Parallel(n_jobs=16)]: Done 2304 tasks      | elapsed:    3.5s
[Parallel(n_jobs=16)]: Done 2320 tasks      | elapsed:    3.5s
[Parallel(n_jobs=16)]: Done 2336 tasks      | elapsed:    3.5s
[Parallel(n_jobs=16)]: Done 2352 tasks      | elapsed:    3.6s
[Parallel(n_jobs=16)]: Done 2368 tasks      | elapsed:    3.6s
[Parallel(n_jobs=16)]: Done 2384 tasks      | elapsed:    3.6s
[Parallel(n_jobs=16)]: Done 2400 tasks      | elapsed:    3.6s
[Parallel(n_jobs=16)]: Done 2416 tasks      | elapsed:    3.6s
[Parallel(n_jobs=16)]: Done 2432 tasks      | elapsed:    3.7s
[Parallel(n_jobs=16)]: Done 2448 tasks      | elapsed:    3.7s
[Parallel(n_jobs=16)]: Done 2464 tasks      | elapsed:    3.7s
[Parallel(n_jobs=16)]: Done 2480 tasks      | elapsed:    3.7s
[Parallel(n_jobs=16)]: Done 2496 tasks      | elapsed:    3.7s
[Parallel(n_jobs=16)]: Done 2512 tasks      | elapsed:    3.7s
[Parallel(n_jobs=16)]: Done 2528 tasks      | elapsed:    3.8s
[Parallel(n_jobs=16)]: Done 2544 tasks      | elapsed:    3.8s
[Parallel(n_jobs=16)]: Done 2560 tasks      | elapsed:    3.8s
[Parallel(n_jobs=16)]: Done 2576 tasks      | elapsed:    3.8s
[Parallel(n_jobs=16)]: Done 2592 tasks      | elapsed:    3.9s
[Parallel(n_jobs=16)]: Done 2608 tasks      | elapsed:    3.9s
[Parallel(n_jobs=16)]: Done 2624 tasks      | elapsed:    3.9s
[Parallel(n_jobs=16)]: Done 2640 tasks      | elapsed:    3.9s
[Parallel(n_jobs=16)]: Done 2656 tasks      | elapsed:    3.9s
[Parallel(n_jobs=16)]: Done 2672 tasks      | elapsed:    4.0s
[Parallel(n_jobs=16)]: Done 2688 tasks      | elapsed:    4.0s
[Parallel(n_jobs=16)]: Done 2704 tasks      | elapsed:    4.0s
[Parallel(n_jobs=16)]: Done 2720 tasks      | elapsed:    4.0s
[Parallel(n_jobs=16)]: Done 2736 tasks      | elapsed:    4.0s
[Parallel(n_jobs=16)]: Done 2752 tasks      | elapsed:    4.0s
[Parallel(n_jobs=16)]: Done 2768 tasks      | elapsed:    4.0s
[Parallel(n_jobs=16)]: Done 2784 tasks      | elapsed:    4.1s
[Parallel(n_jobs=16)]: Done 2800 tasks      | elapsed:    4.1s
[Parallel(n_jobs=16)]: Done 2816 tasks      | elapsed:    4.1s
[Parallel(n_jobs=16)]: Done 2832 tasks      | elapsed:    4.1s
[Parallel(n_jobs=16)]: Done 2848 tasks      | elapsed:    4.2s
[Parallel(n_jobs=16)]: Done 2864 tasks      | elapsed:    4.2s
[Parallel(n_jobs=16)]: Done 2880 tasks      | elapsed:    4.2s
[Parallel(n_jobs=16)]: Done 2896 tasks      | elapsed:    4.2s
[Parallel(n_jobs=16)]: Done 2912 tasks      | elapsed:    4.2s
[Parallel(n_jobs=16)]: Done 2928 tasks      | elapsed:    4.3s
[Parallel(n_jobs=16)]: Done 2944 tasks      | elapsed:    4.3s
[Parallel(n_jobs=16)]: Done 2960 tasks      | elapsed:    4.3s
[Parallel(n_jobs=16)]: Done 2976 tasks      | elapsed:    4.3s
[Parallel(n_jobs=16)]: Done 2992 tasks      | elapsed:    4.3s
[Parallel(n_jobs=16)]: Done 3008 tasks      | elapsed:    4.4s
[Parallel(n_jobs=16)]: Done 3024 tasks      | elapsed:    4.4s
[Parallel(n_jobs=16)]: Done 3040 tasks      | elapsed:    4.4s
[Parallel(n_jobs=16)]: Done 3056 tasks      | elapsed:    4.4s
[Parallel(n_jobs=16)]: Done 3072 tasks      | elapsed:    4.4s
[Parallel(n_jobs=16)]: Done 3088 tasks      | elapsed:    4.4s
[Parallel(n_jobs=16)]: Done 3104 tasks      | elapsed:    4.4s
[Parallel(n_jobs=16)]: Done 3120 tasks      | elapsed:    4.5s
[Parallel(n_jobs=16)]: Done 3136 tasks      | elapsed:    4.5s
[Parallel(n_jobs=16)]: Done 3152 tasks      | elapsed:    4.5s
[Parallel(n_jobs=16)]: Done 3168 tasks      | elapsed:    4.5s
[Parallel(n_jobs=16)]: Done 3184 tasks      | elapsed:    4.5s
[Parallel(n_jobs=16)]: Done 3200 tasks      | elapsed:    4.5s
[Parallel(n_jobs=16)]: Done 3216 tasks      | elapsed:    4.6s
[Parallel(n_jobs=16)]: Done 3232 tasks      | elapsed:    4.6s
[Parallel(n_jobs=16)]: Done 3248 tasks      | elapsed:    4.6s
[Parallel(n_jobs=16)]: Done 3264 tasks      | elapsed:    4.6s
[Parallel(n_jobs=16)]: Done 3280 tasks      | elapsed:    4.7s
[Parallel(n_jobs=16)]: Done 3296 tasks      | elapsed:    4.7s
[Parallel(n_jobs=16)]: Done 3312 tasks      | elapsed:    4.7s
[Parallel(n_jobs=16)]: Done 3328 tasks      | elapsed:    4.7s
[Parallel(n_jobs=16)]: Done 3344 tasks      | elapsed:    4.7s
[Parallel(n_jobs=16)]: Done 3360 tasks      | elapsed:    4.7s
[Parallel(n_jobs=16)]: Done 3376 tasks      | elapsed:    4.8s
[Parallel(n_jobs=16)]: Done 3392 tasks      | elapsed:    4.8s
[Parallel(n_jobs=16)]: Done 3408 tasks      | elapsed:    4.8s
[Parallel(n_jobs=16)]: Done 3424 tasks      | elapsed:    4.8s
[Parallel(n_jobs=16)]: Done 3440 tasks      | elapsed:    4.8s
[Parallel(n_jobs=16)]: Done 3456 tasks      | elapsed:    4.9s
[Parallel(n_jobs=16)]: Done 3472 tasks      | elapsed:    4.9s
[Parallel(n_jobs=16)]: Done 3488 tasks      | elapsed:    4.9s
[Parallel(n_jobs=16)]: Done 3504 tasks      | elapsed:    4.9s
[Parallel(n_jobs=16)]: Done 3520 tasks      | elapsed:    4.9s
[Parallel(n_jobs=16)]: Done 3536 tasks      | elapsed:    5.0s
[Parallel(n_jobs=16)]: Done 3552 tasks      | elapsed:    5.0s
[Parallel(n_jobs=16)]: Done 3568 tasks      | elapsed:    5.0s
[Parallel(n_jobs=16)]: Done 3584 tasks      | elapsed:    5.0s
[Parallel(n_jobs=16)]: Done 3600 tasks      | elapsed:    5.0s
[Parallel(n_jobs=16)]: Done 3616 tasks      | elapsed:    5.0s
[Parallel(n_jobs=16)]: Done 3632 tasks      | elapsed:    5.1s
[Parallel(n_jobs=16)]: Done 3648 tasks      | elapsed:    5.1s
[Parallel(n_jobs=16)]: Done 3664 tasks      | elapsed:    5.1s
[Parallel(n_jobs=16)]: Done 3680 tasks      | elapsed:    5.1s
[Parallel(n_jobs=16)]: Done 3696 tasks      | elapsed:    5.1s
[Parallel(n_jobs=16)]: Done 3712 tasks      | elapsed:    5.1s
[Parallel(n_jobs=16)]: Done 3728 tasks      | elapsed:    5.2s
[Parallel(n_jobs=16)]: Done 3744 tasks      | elapsed:    5.2s
[Parallel(n_jobs=16)]: Done 3760 tasks      | elapsed:    5.2s
[Parallel(n_jobs=16)]: Done 3776 tasks      | elapsed:    5.2s
[Parallel(n_jobs=16)]: Done 3792 tasks      | elapsed:    5.3s
[Parallel(n_jobs=16)]: Done 3808 tasks      | elapsed:    5.3s
[Parallel(n_jobs=16)]: Done 3824 tasks      | elapsed:    5.3s
[Parallel(n_jobs=16)]: Done 3840 tasks      | elapsed:    5.3s
[Parallel(n_jobs=16)]: Done 3856 tasks      | elapsed:    5.3s
[Parallel(n_jobs=16)]: Done 3872 tasks      | elapsed:    5.3s
[Parallel(n_jobs=16)]: Done 3888 tasks      | elapsed:    5.4s
[Parallel(n_jobs=16)]: Done 3904 tasks      | elapsed:    5.4s
[Parallel(n_jobs=16)]: Done 3920 tasks      | elapsed:    5.4s
[Parallel(n_jobs=16)]: Done 3936 tasks      | elapsed:    5.4s
[Parallel(n_jobs=16)]: Done 3952 tasks      | elapsed:    5.4s
[Parallel(n_jobs=16)]: Done 3968 tasks      | elapsed:    5.5s
[Parallel(n_jobs=16)]: Done 3984 tasks      | elapsed:    5.5s
[Parallel(n_jobs=16)]: Done 4000 tasks      | elapsed:    5.5s
[Parallel(n_jobs=16)]: Done 4016 tasks      | elapsed:    5.5s
[Parallel(n_jobs=16)]: Done 4032 tasks      | elapsed:    5.5s
[Parallel(n_jobs=16)]: Done 4048 tasks      | elapsed:    5.5s
[Parallel(n_jobs=16)]: Done 4064 tasks      | elapsed:    5.6s
[Parallel(n_jobs=16)]: Done 4080 tasks      | elapsed:    5.6s
[Parallel(n_jobs=16)]: Done 4096 tasks      | elapsed:    5.6s
[Parallel(n_jobs=16)]: Done 4112 tasks      | elapsed:    5.6s
[Parallel(n_jobs=16)]: Done 4128 tasks      | elapsed:    5.6s
[Parallel(n_jobs=16)]: Done 4144 tasks      | elapsed:    5.7s
[Parallel(n_jobs=16)]: Done 4160 tasks      | elapsed:    5.7s
[Parallel(n_jobs=16)]: Done 4176 tasks      | elapsed:    5.7s
[Parallel(n_jobs=16)]: Done 4192 tasks      | elapsed:    5.7s
[Parallel(n_jobs=16)]: Done 4208 tasks      | elapsed:    5.7s
[Parallel(n_jobs=16)]: Done 4224 tasks      | elapsed:    5.8s
[Parallel(n_jobs=16)]: Done 4240 tasks      | elapsed:    5.8s
[Parallel(n_jobs=16)]: Done 4256 tasks      | elapsed:    5.8s
[Parallel(n_jobs=16)]: Done 4272 tasks      | elapsed:    5.8s
[Parallel(n_jobs=16)]: Done 4288 tasks      | elapsed:    5.8s
[Parallel(n_jobs=16)]: Done 4304 tasks      | elapsed:    5.9s
[Parallel(n_jobs=16)]: Done 4320 tasks      | elapsed:    5.9s
[Parallel(n_jobs=16)]: Done 4336 tasks      | elapsed:    5.9s
[Parallel(n_jobs=16)]: Done 4352 tasks      | elapsed:    5.9s
[Parallel(n_jobs=16)]: Done 4368 tasks      | elapsed:    5.9s
[Parallel(n_jobs=16)]: Done 4384 tasks      | elapsed:    5.9s
[Parallel(n_jobs=16)]: Done 4400 tasks      | elapsed:    6.0s
[Parallel(n_jobs=16)]: Done 4416 tasks      | elapsed:    6.0s
[Parallel(n_jobs=16)]: Done 4432 tasks      | elapsed:    6.0s
[Parallel(n_jobs=16)]: Done 4448 tasks      | elapsed:    6.0s
[Parallel(n_jobs=16)]: Done 4464 tasks      | elapsed:    6.0s
[Parallel(n_jobs=16)]: Done 4480 tasks      | elapsed:    6.1s
[Parallel(n_jobs=16)]: Done 4496 tasks      | elapsed:    6.1s
[Parallel(n_jobs=16)]: Done 4512 tasks      | elapsed:    6.1s
[Parallel(n_jobs=16)]: Done 4528 tasks      | elapsed:    6.1s
[Parallel(n_jobs=16)]: Done 4544 tasks      | elapsed:    6.2s
[Parallel(n_jobs=16)]: Done 4560 tasks      | elapsed:    6.2s
[Parallel(n_jobs=16)]: Done 4576 tasks      | elapsed:    6.2s
[Parallel(n_jobs=16)]: Done 4592 tasks      | elapsed:    6.2s
[Parallel(n_jobs=16)]: Done 4608 tasks      | elapsed:    6.2s
[Parallel(n_jobs=16)]: Done 4624 tasks      | elapsed:    6.2s
[Parallel(n_jobs=16)]: Done 4640 tasks      | elapsed:    6.3s
[Parallel(n_jobs=16)]: Done 4656 tasks      | elapsed:    6.3s
[Parallel(n_jobs=16)]: Done 4672 tasks      | elapsed:    6.3s
[Parallel(n_jobs=16)]: Done 4688 tasks      | elapsed:    6.3s
[Parallel(n_jobs=16)]: Done 4704 tasks      | elapsed:    6.3s
[Parallel(n_jobs=16)]: Done 4720 tasks      | elapsed:    6.4s
[Parallel(n_jobs=16)]: Done 4736 tasks      | elapsed:    6.4s
[Parallel(n_jobs=16)]: Done 4752 tasks      | elapsed:    6.4s
[Parallel(n_jobs=16)]: Done 4768 tasks      | elapsed:    6.4s
[Parallel(n_jobs=16)]: Done 4784 tasks      | elapsed:    6.4s
[Parallel(n_jobs=16)]: Done 4800 tasks      | elapsed:    6.5s
[Parallel(n_jobs=16)]: Done 4816 tasks      | elapsed:    6.5s
[Parallel(n_jobs=16)]: Done 4832 tasks      | elapsed:    6.5s
[Parallel(n_jobs=16)]: Done 4848 tasks      | elapsed:    6.5s
[Parallel(n_jobs=16)]: Done 4864 tasks      | elapsed:    6.5s
[Parallel(n_jobs=16)]: Done 4880 tasks      | elapsed:    6.5s
[Parallel(n_jobs=16)]: Done 4896 tasks      | elapsed:    6.6s
[Parallel(n_jobs=16)]: Done 4912 tasks      | elapsed:    6.6s
[Parallel(n_jobs=16)]: Done 4928 tasks      | elapsed:    6.6s
[Parallel(n_jobs=16)]: Done 4944 tasks      | elapsed:    6.7s
[Parallel(n_jobs=16)]: Done 4960 tasks      | elapsed:    6.7s
[Parallel(n_jobs=16)]: Done 4976 tasks      | elapsed:    6.7s
[Parallel(n_jobs=16)]: Done 4992 tasks      | elapsed:    6.7s
[Parallel(n_jobs=16)]: Done 5008 tasks      | elapsed:    6.7s
[Parallel(n_jobs=16)]: Done 5024 tasks      | elapsed:    6.7s
[Parallel(n_jobs=16)]: Done 5040 tasks      | elapsed:    6.7s
[Parallel(n_jobs=16)]: Done 5056 tasks      | elapsed:    6.8s
[Parallel(n_jobs=16)]: Done 5072 tasks      | elapsed:    6.8s
[Parallel(n_jobs=16)]: Done 5088 tasks      | elapsed:    6.8s
[Parallel(n_jobs=16)]: Done 5104 tasks      | elapsed:    6.8s
[Parallel(n_jobs=16)]: Done 5120 tasks      | elapsed:    6.9s
[Parallel(n_jobs=16)]: Done 5136 tasks      | elapsed:    6.9s
[Parallel(n_jobs=16)]: Done 5152 tasks      | elapsed:    6.9s
[Parallel(n_jobs=16)]: Done 5168 tasks      | elapsed:    6.9s
[Parallel(n_jobs=16)]: Done 5184 tasks      | elapsed:    7.0s
[Parallel(n_jobs=16)]: Done 5200 tasks      | elapsed:    7.0s
[Parallel(n_jobs=16)]: Done 5216 tasks      | elapsed:    7.0s
[Parallel(n_jobs=16)]: Done 5232 tasks      | elapsed:    7.0s
[Parallel(n_jobs=16)]: Done 5248 tasks      | elapsed:    7.0s
[Parallel(n_jobs=16)]: Done 5264 tasks      | elapsed:    7.1s
[Parallel(n_jobs=16)]: Done 5280 tasks      | elapsed:    7.1s
[Parallel(n_jobs=16)]: Done 5296 tasks      | elapsed:    7.1s
[Parallel(n_jobs=16)]: Done 5312 tasks      | elapsed:    7.1s
[Parallel(n_jobs=16)]: Done 5328 tasks      | elapsed:    7.1s
[Parallel(n_jobs=16)]: Done 5344 tasks      | elapsed:    7.2s
[Parallel(n_jobs=16)]: Done 5360 tasks      | elapsed:    7.2s
[Parallel(n_jobs=16)]: Done 5376 tasks      | elapsed:    7.2s
[Parallel(n_jobs=16)]: Done 5392 tasks      | elapsed:    7.2s
[Parallel(n_jobs=16)]: Done 5408 tasks      | elapsed:    7.3s
[Parallel(n_jobs=16)]: Done 5424 tasks      | elapsed:    7.3s
[Parallel(n_jobs=16)]: Done 5440 tasks      | elapsed:    7.3s
[Parallel(n_jobs=16)]: Done 5456 tasks      | elapsed:    7.3s
[Parallel(n_jobs=16)]: Done 5472 tasks      | elapsed:    7.3s
[Parallel(n_jobs=16)]: Done 5488 tasks      | elapsed:    7.3s
[Parallel(n_jobs=16)]: Done 5504 tasks      | elapsed:    7.3s
[Parallel(n_jobs=16)]: Done 5520 tasks      | elapsed:    7.4s
[Parallel(n_jobs=16)]: Done 5536 tasks      | elapsed:    7.4s
[Parallel(n_jobs=16)]: Done 5552 tasks      | elapsed:    7.4s
[Parallel(n_jobs=16)]: Done 5568 tasks      | elapsed:    7.4s
[Parallel(n_jobs=16)]: Done 5584 tasks      | elapsed:    7.5s
[Parallel(n_jobs=16)]: Done 5600 tasks      | elapsed:    7.5s
[Parallel(n_jobs=16)]: Done 5616 tasks      | elapsed:    7.5s
[Parallel(n_jobs=16)]: Done 5632 tasks      | elapsed:    7.5s
[Parallel(n_jobs=16)]: Done 5648 tasks      | elapsed:    7.5s
[Parallel(n_jobs=16)]: Done 5664 tasks      | elapsed:    7.6s
[Parallel(n_jobs=16)]: Done 5680 tasks      | elapsed:    7.6s
[Parallel(n_jobs=16)]: Done 5681 tasks      | elapsed:    7.6s
[Parallel(n_jobs=16)]: Done 5682 tasks      | elapsed:    7.6s
[Parallel(n_jobs=16)]: Done 5698 tasks      | elapsed:    7.6s
[Parallel(n_jobs=16)]: Done 5699 tasks      | elapsed:    7.6s
[Parallel(n_jobs=16)]: Done 5700 tasks      | elapsed:    7.6s
[Parallel(n_jobs=16)]: Done 5716 tasks      | elapsed:    7.6s
[Parallel(n_jobs=16)]: Done 5717 tasks      | elapsed:    7.6s
[Parallel(n_jobs=16)]: Done 5718 tasks      | elapsed:    7.6s
[Parallel(n_jobs=16)]: Done 5719 tasks      | elapsed:    7.6s
[Parallel(n_jobs=16)]: Done 5720 tasks      | elapsed:    7.6s
[Parallel(n_jobs=16)]: Done 5721 tasks      | elapsed:    7.6s
[Parallel(n_jobs=16)]: Done 5737 tasks      | elapsed:    7.6s
[Parallel(n_jobs=16)]: Done 5738 tasks      | elapsed:    7.6s
[Parallel(n_jobs=16)]: Done 5739 tasks      | elapsed:    7.6s
[Parallel(n_jobs=16)]: Done 5755 tasks      | elapsed:    7.6s
[Parallel(n_jobs=16)]: Done 5756 tasks      | elapsed:    7.6s
[Parallel(n_jobs=16)]: Done 5772 tasks      | elapsed:    7.6s
[Parallel(n_jobs=16)]: Done 5773 tasks      | elapsed:    7.6s
[Parallel(n_jobs=16)]: Done 5774 tasks      | elapsed:    7.6s
[Parallel(n_jobs=16)]: Done 5775 tasks      | elapsed:    7.7s
[Parallel(n_jobs=16)]: Done 5776 tasks      | elapsed:    7.7s
[Parallel(n_jobs=16)]: Done 5777 tasks      | elapsed:    7.7s
[Parallel(n_jobs=16)]: Done 5778 tasks      | elapsed:    7.7s
[Parallel(n_jobs=16)]: Done 5779 tasks      | elapsed:    7.7s
[Parallel(n_jobs=16)]: Done 5780 tasks      | elapsed:    7.7s
[Parallel(n_jobs=16)]: Done 5781 tasks      | elapsed:    7.7s
[Parallel(n_jobs=16)]: Done 5782 tasks      | elapsed:    7.7s
[Parallel(n_jobs=16)]: Done 5798 tasks      | elapsed:    7.7s
[Parallel(n_jobs=16)]: Done 5799 tasks      | elapsed:    7.7s
[Parallel(n_jobs=16)]: Done 5800 tasks      | elapsed:    7.7s
[Parallel(n_jobs=16)]: Done 5801 tasks      | elapsed:    7.7s
[Parallel(n_jobs=16)]: Done 5802 tasks      | elapsed:    7.7s
[Parallel(n_jobs=16)]: Done 5803 tasks      | elapsed:    7.7s
[Parallel(n_jobs=16)]: Done 5819 tasks      | elapsed:    7.7s
[Parallel(n_jobs=16)]: Done 5820 tasks      | elapsed:    7.7s
[Parallel(n_jobs=16)]: Done 5821 tasks      | elapsed:    7.7s
[Parallel(n_jobs=16)]: Done 5822 tasks      | elapsed:    7.7s
[Parallel(n_jobs=16)]: Done 5823 tasks      | elapsed:    7.7s
[Parallel(n_jobs=16)]: Done 5824 tasks      | elapsed:    7.7s
[Parallel(n_jobs=16)]: Done 5825 tasks      | elapsed:    7.7s
[Parallel(n_jobs=16)]: Done 5841 tasks      | elapsed:    7.7s
[Parallel(n_jobs=16)]: Done 5842 tasks      | elapsed:    7.7s
[Parallel(n_jobs=16)]: Done 5843 tasks      | elapsed:    7.7s
[Parallel(n_jobs=16)]: Done 5844 tasks      | elapsed:    7.7s
[Parallel(n_jobs=16)]: Done 5845 tasks      | elapsed:    7.7s
[Parallel(n_jobs=16)]: Done 5846 tasks      | elapsed:    7.7s
[Parallel(n_jobs=16)]: Done 5847 tasks      | elapsed:    7.7s
[Parallel(n_jobs=16)]: Done 5848 tasks      | elapsed:    7.7s
[Parallel(n_jobs=16)]: Done 5849 tasks      | elapsed:    7.7s
[Parallel(n_jobs=16)]: Done 5850 tasks      | elapsed:    7.7s
[Parallel(n_jobs=16)]: Done 5851 tasks      | elapsed:    7.7s
[Parallel(n_jobs=16)]: Done 5852 tasks      | elapsed:    7.7s
[Parallel(n_jobs=16)]: Done 5853 tasks      | elapsed:    7.7s
[Parallel(n_jobs=16)]: Done 5854 tasks      | elapsed:    7.7s
[Parallel(n_jobs=16)]: Done 5855 tasks      | elapsed:    7.7s
[Parallel(n_jobs=16)]: Done 5856 tasks      | elapsed:    7.7s
[Parallel(n_jobs=16)]: Done 5857 tasks      | elapsed:    7.7s
[Parallel(n_jobs=16)]: Done 5858 tasks      | elapsed:    7.7s
[Parallel(n_jobs=16)]: Done 5859 tasks      | elapsed:    7.7s
[Parallel(n_jobs=16)]: Done 5875 tasks      | elapsed:    7.7s
[Parallel(n_jobs=16)]: Done 5876 tasks      | elapsed:    7.7s
[Parallel(n_jobs=16)]: Done 5877 tasks      | elapsed:    7.7s
[Parallel(n_jobs=16)]: Done 5878 tasks      | elapsed:    7.7s
[Parallel(n_jobs=16)]: Done 5879 tasks      | elapsed:    7.7s
[Parallel(n_jobs=16)]: Done 5880 tasks      | elapsed:    7.7s
[Parallel(n_jobs=16)]: Done 5881 tasks      | elapsed:    7.7s
[Parallel(n_jobs=16)]: Done 5882 tasks      | elapsed:    7.8s
[Parallel(n_jobs=16)]: Done 5883 tasks      | elapsed:    7.8s
[Parallel(n_jobs=16)]: Done 5884 tasks      | elapsed:    7.8s
[Parallel(n_jobs=16)]: Done 5885 tasks      | elapsed:    7.8s
[Parallel(n_jobs=16)]: Done 5886 tasks      | elapsed:    7.8s
[Parallel(n_jobs=16)]: Done 5902 tasks      | elapsed:    7.8s
[Parallel(n_jobs=16)]: Done 5918 tasks      | elapsed:    7.8s
[Parallel(n_jobs=16)]: Done 5919 tasks      | elapsed:    7.8s
[Parallel(n_jobs=16)]: Done 5920 tasks      | elapsed:    7.8s
[Parallel(n_jobs=16)]: Done 5921 tasks      | elapsed:    7.8s
[Parallel(n_jobs=16)]: Done 5922 tasks      | elapsed:    7.8s
[Parallel(n_jobs=16)]: Done 5923 tasks      | elapsed:    7.8s
[Parallel(n_jobs=16)]: Done 5924 tasks      | elapsed:    7.8s
[Parallel(n_jobs=16)]: Done 5925 tasks      | elapsed:    7.8s
[Parallel(n_jobs=16)]: Done 5926 tasks      | elapsed:    7.8s
[Parallel(n_jobs=16)]: Done 5927 tasks      | elapsed:    7.8s
[Parallel(n_jobs=16)]: Done 5928 tasks      | elapsed:    7.8s
[Parallel(n_jobs=16)]: Done 5929 tasks      | elapsed:    7.8s
[Parallel(n_jobs=16)]: Done 5945 tasks      | elapsed:    7.8s
[Parallel(n_jobs=16)]: Done 5946 tasks      | elapsed:    7.8s
[Parallel(n_jobs=16)]: Done 5947 tasks      | elapsed:    7.8s
[Parallel(n_jobs=16)]: Done 5948 tasks      | elapsed:    7.8s
[Parallel(n_jobs=16)]: Done 5949 tasks      | elapsed:    7.8s
[Parallel(n_jobs=16)]: Done 5950 tasks      | elapsed:    7.8s
[Parallel(n_jobs=16)]: Done 5951 tasks      | elapsed:    7.8s
[Parallel(n_jobs=16)]: Done 5952 tasks      | elapsed:    7.8s
[Parallel(n_jobs=16)]: Done 5953 tasks      | elapsed:    7.8s
[Parallel(n_jobs=16)]: Done 5954 tasks      | elapsed:    7.8s
[Parallel(n_jobs=16)]: Done 5955 tasks      | elapsed:    7.8s
[Parallel(n_jobs=16)]: Done 5971 tasks      | elapsed:    7.8s
[Parallel(n_jobs=16)]: Done 5972 tasks      | elapsed:    7.8s
[Parallel(n_jobs=16)]: Done 5973 tasks      | elapsed:    7.8s
[Parallel(n_jobs=16)]: Done 5974 tasks      | elapsed:    7.8s
[Parallel(n_jobs=16)]: Done 5975 tasks      | elapsed:    7.8s
[Parallel(n_jobs=16)]: Done 5976 tasks      | elapsed:    7.8s
[Parallel(n_jobs=16)]: Done 5977 tasks      | elapsed:    7.8s
[Parallel(n_jobs=16)]: Done 5978 tasks      | elapsed:    7.8s
[Parallel(n_jobs=16)]: Done 5979 tasks      | elapsed:    7.8s
[Parallel(n_jobs=16)]: Done 5980 tasks      | elapsed:    7.8s
[Parallel(n_jobs=16)]: Done 5981 tasks      | elapsed:    7.8s
[Parallel(n_jobs=16)]: Done 5982 tasks      | elapsed:    7.8s
[Parallel(n_jobs=16)]: Done 5998 tasks      | elapsed:    7.8s
[Parallel(n_jobs=16)]: Done 5999 tasks      | elapsed:    7.8s
[Parallel(n_jobs=16)]: Done 6000 tasks      | elapsed:    7.8s
[Parallel(n_jobs=16)]: Done 6001 tasks      | elapsed:    7.8s
[Parallel(n_jobs=16)]: Done 6002 tasks      | elapsed:    7.8s
[Parallel(n_jobs=16)]: Done 6003 tasks      | elapsed:    7.8s
[Parallel(n_jobs=16)]: Done 6004 tasks      | elapsed:    7.8s
[Parallel(n_jobs=16)]: Done 6005 tasks      | elapsed:    7.8s
[Parallel(n_jobs=16)]: Done 6006 tasks      | elapsed:    7.8s
[Parallel(n_jobs=16)]: Done 6007 tasks      | elapsed:    7.8s
[Parallel(n_jobs=16)]: Done 6008 tasks      | elapsed:    7.8s
[Parallel(n_jobs=16)]: Done 6009 tasks      | elapsed:    7.8s
[Parallel(n_jobs=16)]: Done 6010 tasks      | elapsed:    7.8s
[Parallel(n_jobs=16)]: Done 6011 tasks      | elapsed:    7.8s
[Parallel(n_jobs=16)]: Done 6012 tasks      | elapsed:    7.8s
[Parallel(n_jobs=16)]: Done 6013 tasks      | elapsed:    7.8s
[Parallel(n_jobs=16)]: Done 6014 tasks      | elapsed:    7.8s
[Parallel(n_jobs=16)]: Done 6015 tasks      | elapsed:    7.8s
[Parallel(n_jobs=16)]: Done 6016 tasks      | elapsed:    7.8s
[Parallel(n_jobs=16)]: Done 6017 tasks      | elapsed:    7.8s
[Parallel(n_jobs=16)]: Done 6018 tasks      | elapsed:    7.8s
[Parallel(n_jobs=16)]: Done 6019 tasks      | elapsed:    7.8s
[Parallel(n_jobs=16)]: Done 6020 tasks      | elapsed:    7.8s
[Parallel(n_jobs=16)]: Done 6021 tasks      | elapsed:    7.8s
[Parallel(n_jobs=16)]: Done 6022 tasks      | elapsed:    7.8s
[Parallel(n_jobs=16)]: Done 6023 tasks      | elapsed:    7.8s
[Parallel(n_jobs=16)]: Done 6024 tasks      | elapsed:    7.8s
[Parallel(n_jobs=16)]: Done 6025 tasks      | elapsed:    7.8s
[Parallel(n_jobs=16)]: Done 6026 tasks      | elapsed:    7.8s
[Parallel(n_jobs=16)]: Done 6027 tasks      | elapsed:    7.9s
[Parallel(n_jobs=16)]: Done 6028 tasks      | elapsed:    7.9s
[Parallel(n_jobs=16)]: Done 6029 tasks      | elapsed:    7.9s
[Parallel(n_jobs=16)]: Done 6030 tasks      | elapsed:    7.9s
[Parallel(n_jobs=16)]: Done 6031 tasks      | elapsed:    7.9s
[Parallel(n_jobs=16)]: Done 6032 tasks      | elapsed:    7.9s
[Parallel(n_jobs=16)]: Done 6033 tasks      | elapsed:    7.9s
[Parallel(n_jobs=16)]: Done 6034 tasks      | elapsed:    7.9s
[Parallel(n_jobs=16)]: Done 6035 tasks      | elapsed:    7.9s
[Parallel(n_jobs=16)]: Done 6036 tasks      | elapsed:    7.9s
[Parallel(n_jobs=16)]: Done 6037 tasks      | elapsed:    7.9s
[Parallel(n_jobs=16)]: Done 6038 tasks      | elapsed:    7.9s
[Parallel(n_jobs=16)]: Done 6039 tasks      | elapsed:    7.9s
[Parallel(n_jobs=16)]: Done 6040 tasks      | elapsed:    7.9s
[Parallel(n_jobs=16)]: Done 6041 tasks      | elapsed:    7.9s
[Parallel(n_jobs=16)]: Done 6042 tasks      | elapsed:    7.9s
[Parallel(n_jobs=16)]: Done 6043 tasks      | elapsed:    7.9s
[Parallel(n_jobs=16)]: Done 6044 tasks      | elapsed:    7.9s
[Parallel(n_jobs=16)]: Done 6045 tasks      | elapsed:    7.9s
[Parallel(n_jobs=16)]: Done 6046 tasks      | elapsed:    7.9s
[Parallel(n_jobs=16)]: Done 6047 tasks      | elapsed:    7.9s
[Parallel(n_jobs=16)]: Done 6048 tasks      | elapsed:    7.9s
[Parallel(n_jobs=16)]: Done 6049 tasks      | elapsed:    7.9s
[Parallel(n_jobs=16)]: Done 6050 tasks      | elapsed:    7.9s
[Parallel(n_jobs=16)]: Done 6051 tasks      | elapsed:    7.9s
[Parallel(n_jobs=16)]: Done 6052 tasks      | elapsed:    7.9s
[Parallel(n_jobs=16)]: Done 6053 tasks      | elapsed:    7.9s
[Parallel(n_jobs=16)]: Done 6054 tasks      | elapsed:    7.9s
[Parallel(n_jobs=16)]: Done 6055 tasks      | elapsed:    7.9s
[Parallel(n_jobs=16)]: Done 6056 tasks      | elapsed:    7.9s
[Parallel(n_jobs=16)]: Done 6057 tasks      | elapsed:    7.9s
[Parallel(n_jobs=16)]: Done 6058 tasks      | elapsed:    7.9s
[Parallel(n_jobs=16)]: Done 6059 tasks      | elapsed:    7.9s
[Parallel(n_jobs=16)]: Done 6060 tasks      | elapsed:    7.9s
[Parallel(n_jobs=16)]: Done 6061 tasks      | elapsed:    7.9s
[Parallel(n_jobs=16)]: Done 6062 tasks      | elapsed:    7.9s
[Parallel(n_jobs=16)]: Done 6063 tasks      | elapsed:    7.9s
[Parallel(n_jobs=16)]: Done 6064 tasks      | elapsed:    7.9s
[Parallel(n_jobs=16)]: Done 6065 tasks      | elapsed:    7.9s
[Parallel(n_jobs=16)]: Done 6066 tasks      | elapsed:    7.9s
[Parallel(n_jobs=16)]: Done 6067 tasks      | elapsed:    7.9s
[Parallel(n_jobs=16)]: Done 6068 tasks      | elapsed:    7.9s
[Parallel(n_jobs=16)]: Done 6069 tasks      | elapsed:    7.9s
[Parallel(n_jobs=16)]: Done 6070 tasks      | elapsed:    7.9s
[Parallel(n_jobs=16)]: Done 6071 tasks      | elapsed:    7.9s
[Parallel(n_jobs=16)]: Done 6072 tasks      | elapsed:    7.9s
[Parallel(n_jobs=16)]: Done 6073 tasks      | elapsed:    7.9s
[Parallel(n_jobs=16)]: Done 6074 tasks      | elapsed:    7.9s
[Parallel(n_jobs=16)]: Done 6075 tasks      | elapsed:    7.9s
[Parallel(n_jobs=16)]: Done 6076 tasks      | elapsed:    7.9s
[Parallel(n_jobs=16)]: Done 6077 tasks      | elapsed:    7.9s
[Parallel(n_jobs=16)]: Done 6078 tasks      | elapsed:    7.9s
[Parallel(n_jobs=16)]: Done 6079 tasks      | elapsed:    7.9s
[Parallel(n_jobs=16)]: Done 6080 tasks      | elapsed:    7.9s
[Parallel(n_jobs=16)]: Done 6081 tasks      | elapsed:    7.9s
[Parallel(n_jobs=16)]: Done 6082 tasks      | elapsed:    7.9s
[Parallel(n_jobs=16)]: Done 6083 tasks      | elapsed:    7.9s
[Parallel(n_jobs=16)]: Done 6084 tasks      | elapsed:    7.9s
[Parallel(n_jobs=16)]: Done 6085 tasks      | elapsed:    7.9s
[Parallel(n_jobs=16)]: Done 6086 tasks      | elapsed:    7.9s
[Parallel(n_jobs=16)]: Done 6087 tasks      | elapsed:    7.9s
[Parallel(n_jobs=16)]: Done 6088 tasks      | elapsed:    7.9s
[Parallel(n_jobs=16)]: Done 6089 tasks      | elapsed:    7.9s
[Parallel(n_jobs=16)]: Done 6090 tasks      | elapsed:    7.9s
[Parallel(n_jobs=16)]: Done 6091 tasks      | elapsed:    7.9s
[Parallel(n_jobs=16)]: Done 6092 tasks      | elapsed:    7.9s
[Parallel(n_jobs=16)]: Done 6093 tasks      | elapsed:    7.9s
[Parallel(n_jobs=16)]: Done 6094 tasks      | elapsed:    7.9s
[Parallel(n_jobs=16)]: Done 6095 tasks      | elapsed:    7.9s
[Parallel(n_jobs=16)]: Done 6096 tasks      | elapsed:    7.9s
[Parallel(n_jobs=16)]: Done 6097 tasks      | elapsed:    7.9s
[Parallel(n_jobs=16)]: Done 6098 tasks      | elapsed:    7.9s
[Parallel(n_jobs=16)]: Done 6099 tasks      | elapsed:    7.9s
[Parallel(n_jobs=16)]: Done 6100 tasks      | elapsed:    7.9s
[Parallel(n_jobs=16)]: Done 6101 tasks      | elapsed:    7.9s
[Parallel(n_jobs=16)]: Done 6102 tasks      | elapsed:    7.9s
[Parallel(n_jobs=16)]: Done 6103 tasks      | elapsed:    7.9s
[Parallel(n_jobs=16)]: Done 6104 tasks      | elapsed:    8.0s
[Parallel(n_jobs=16)]: Done 6105 tasks      | elapsed:    8.0s
[Parallel(n_jobs=16)]: Done 6106 tasks      | elapsed:    8.0s
[Parallel(n_jobs=16)]: Done 6107 tasks      | elapsed:    8.0s
[Parallel(n_jobs=16)]: Done 6138 out of 6138 | elapsed:    8.0s finished
truth: fitted 6138 voxels on 344 frames in 9 s
[Parallel(n_jobs=16)]: Using backend LokyBackend with 16 concurrent workers.
[Parallel(n_jobs=16)]: Done   1 tasks      | elapsed:    0.0s
[Parallel(n_jobs=16)]: Batch computation too fast (0.029230117797851562s.) Setting batch_size=2.
[Parallel(n_jobs=16)]: Done   2 tasks      | elapsed:    0.0s
[Parallel(n_jobs=16)]: Done   3 tasks      | elapsed:    0.0s
[Parallel(n_jobs=16)]: Done   4 tasks      | elapsed:    0.0s
[Parallel(n_jobs=16)]: Done   5 tasks      | elapsed:    0.0s
[Parallel(n_jobs=16)]: Done   6 tasks      | elapsed:    0.0s
[Parallel(n_jobs=16)]: Done   7 tasks      | elapsed:    0.0s
[Parallel(n_jobs=16)]: Done   8 tasks      | elapsed:    0.0s
[Parallel(n_jobs=16)]: Done   9 tasks      | elapsed:    0.0s
[Parallel(n_jobs=16)]: Done  10 tasks      | elapsed:    0.0s
[Parallel(n_jobs=16)]: Done  11 tasks      | elapsed:    0.0s
[Parallel(n_jobs=16)]: Done  12 tasks      | elapsed:    0.0s
[Parallel(n_jobs=16)]: Done  13 tasks      | elapsed:    0.0s
[Parallel(n_jobs=16)]: Done  14 tasks      | elapsed:    0.0s
[Parallel(n_jobs=16)]: Done  15 tasks      | elapsed:    0.0s
[Parallel(n_jobs=16)]: Done  16 tasks      | elapsed:    0.0s
[Parallel(n_jobs=16)]: Done  17 tasks      | elapsed:    0.1s
[Parallel(n_jobs=16)]: Done  18 tasks      | elapsed:    0.1s
[Parallel(n_jobs=16)]: Done  19 tasks      | elapsed:    0.1s
[Parallel(n_jobs=16)]: Done  20 tasks      | elapsed:    0.1s
[Parallel(n_jobs=16)]: Done  21 tasks      | elapsed:    0.1s
[Parallel(n_jobs=16)]: Done  22 tasks      | elapsed:    0.1s
[Parallel(n_jobs=16)]: Done  23 tasks      | elapsed:    0.1s
[Parallel(n_jobs=16)]: Done  24 tasks      | elapsed:    0.1s
[Parallel(n_jobs=16)]: Done  25 tasks      | elapsed:    0.1s
[Parallel(n_jobs=16)]: Done  26 tasks      | elapsed:    0.1s
[Parallel(n_jobs=16)]: Done  27 tasks      | elapsed:    0.1s
[Parallel(n_jobs=16)]: Done  28 tasks      | elapsed:    0.1s
[Parallel(n_jobs=16)]: Done  29 tasks      | elapsed:    0.1s
[Parallel(n_jobs=16)]: Done  30 tasks      | elapsed:    0.1s
[Parallel(n_jobs=16)]: Done  31 tasks      | elapsed:    0.1s
[Parallel(n_jobs=16)]: Done  32 tasks      | elapsed:    0.1s
[Parallel(n_jobs=16)]: Done  34 tasks      | elapsed:    0.1s
[Parallel(n_jobs=16)]: Batch computation too fast (0.07353568077087402s.) Setting batch_size=4.
[Parallel(n_jobs=16)]: Done  36 tasks      | elapsed:    0.1s
[Parallel(n_jobs=16)]: Done  38 tasks      | elapsed:    0.1s
[Parallel(n_jobs=16)]: Done  40 tasks      | elapsed:    0.1s
[Parallel(n_jobs=16)]: Done  42 tasks      | elapsed:    0.1s
[Parallel(n_jobs=16)]: Done  44 tasks      | elapsed:    0.1s
[Parallel(n_jobs=16)]: Done  46 tasks      | elapsed:    0.1s
[Parallel(n_jobs=16)]: Done  48 tasks      | elapsed:    0.1s
[Parallel(n_jobs=16)]: Done  50 tasks      | elapsed:    0.1s
[Parallel(n_jobs=16)]: Done  52 tasks      | elapsed:    0.1s
[Parallel(n_jobs=16)]: Done  54 tasks      | elapsed:    0.1s
[Parallel(n_jobs=16)]: Done  56 tasks      | elapsed:    0.1s
[Parallel(n_jobs=16)]: Done  58 tasks      | elapsed:    0.1s
[Parallel(n_jobs=16)]: Done  60 tasks      | elapsed:    0.1s
[Parallel(n_jobs=16)]: Done  62 tasks      | elapsed:    0.1s
[Parallel(n_jobs=16)]: Done  64 tasks      | elapsed:    0.1s
[Parallel(n_jobs=16)]: Done  66 tasks      | elapsed:    0.2s
[Parallel(n_jobs=16)]: Done  68 tasks      | elapsed:    0.2s
[Parallel(n_jobs=16)]: Done  70 tasks      | elapsed:    0.2s
[Parallel(n_jobs=16)]: Done  72 tasks      | elapsed:    0.2s
[Parallel(n_jobs=16)]: Done  74 tasks      | elapsed:    0.2s
[Parallel(n_jobs=16)]: Done  76 tasks      | elapsed:    0.2s
[Parallel(n_jobs=16)]: Done  78 tasks      | elapsed:    0.2s
[Parallel(n_jobs=16)]: Done  80 tasks      | elapsed:    0.2s
[Parallel(n_jobs=16)]: Done  82 tasks      | elapsed:    0.2s
[Parallel(n_jobs=16)]: Done  84 tasks      | elapsed:    0.2s
[Parallel(n_jobs=16)]: Done  86 tasks      | elapsed:    0.2s
[Parallel(n_jobs=16)]: Done  88 tasks      | elapsed:    0.2s
[Parallel(n_jobs=16)]: Done  90 tasks      | elapsed:    0.2s
[Parallel(n_jobs=16)]: Done  92 tasks      | elapsed:    0.2s
[Parallel(n_jobs=16)]: Done  94 tasks      | elapsed:    0.2s
[Parallel(n_jobs=16)]: Done  96 tasks      | elapsed:    0.2s
[Parallel(n_jobs=16)]: Done 100 tasks      | elapsed:    0.3s
[Parallel(n_jobs=16)]: Batch computation too fast (0.14193153381347656s.) Setting batch_size=8.
[Parallel(n_jobs=16)]: Done 104 tasks      | elapsed:    0.3s
[Parallel(n_jobs=16)]: Done 108 tasks      | elapsed:    0.3s
[Parallel(n_jobs=16)]: Done 112 tasks      | elapsed:    0.3s
[Parallel(n_jobs=16)]: Done 116 tasks      | elapsed:    0.3s
[Parallel(n_jobs=16)]: Done 120 tasks      | elapsed:    0.3s
[Parallel(n_jobs=16)]: Done 124 tasks      | elapsed:    0.3s
[Parallel(n_jobs=16)]: Done 128 tasks      | elapsed:    0.3s
[Parallel(n_jobs=16)]: Done 132 tasks      | elapsed:    0.3s
[Parallel(n_jobs=16)]: Done 136 tasks      | elapsed:    0.3s
[Parallel(n_jobs=16)]: Done 140 tasks      | elapsed:    0.3s
[Parallel(n_jobs=16)]: Done 144 tasks      | elapsed:    0.3s
[Parallel(n_jobs=16)]: Done 148 tasks      | elapsed:    0.3s
[Parallel(n_jobs=16)]: Done 152 tasks      | elapsed:    0.3s
[Parallel(n_jobs=16)]: Done 156 tasks      | elapsed:    0.3s
[Parallel(n_jobs=16)]: Done 160 tasks      | elapsed:    0.3s
[Parallel(n_jobs=16)]: Done 164 tasks      | elapsed:    0.3s
[Parallel(n_jobs=16)]: Done 168 tasks      | elapsed:    0.4s
[Parallel(n_jobs=16)]: Done 172 tasks      | elapsed:    0.4s
[Parallel(n_jobs=16)]: Done 176 tasks      | elapsed:    0.4s
[Parallel(n_jobs=16)]: Done 180 tasks      | elapsed:    0.4s
[Parallel(n_jobs=16)]: Done 184 tasks      | elapsed:    0.4s
[Parallel(n_jobs=16)]: Done 188 tasks      | elapsed:    0.4s
[Parallel(n_jobs=16)]: Done 192 tasks      | elapsed:    0.4s
[Parallel(n_jobs=16)]: Done 196 tasks      | elapsed:    0.4s
[Parallel(n_jobs=16)]: Done 200 tasks      | elapsed:    0.4s
[Parallel(n_jobs=16)]: Done 204 tasks      | elapsed:    0.4s
[Parallel(n_jobs=16)]: Done 208 tasks      | elapsed:    0.4s
[Parallel(n_jobs=16)]: Done 212 tasks      | elapsed:    0.4s
[Parallel(n_jobs=16)]: Done 216 tasks      | elapsed:    0.4s
[Parallel(n_jobs=16)]: Done 220 tasks      | elapsed:    0.4s
[Parallel(n_jobs=16)]: Done 224 tasks      | elapsed:    0.4s
[Parallel(n_jobs=16)]: Done 232 tasks      | elapsed:    0.5s
[Parallel(n_jobs=16)]: Done 240 tasks      | elapsed:    0.5s
[Parallel(n_jobs=16)]: Done 248 tasks      | elapsed:    0.5s
[Parallel(n_jobs=16)]: Done 256 tasks      | elapsed:    0.5s
[Parallel(n_jobs=16)]: Done 264 tasks      | elapsed:    0.5s
[Parallel(n_jobs=16)]: Done 272 tasks      | elapsed:    0.6s
[Parallel(n_jobs=16)]: Done 280 tasks      | elapsed:    0.6s
[Parallel(n_jobs=16)]: Done 288 tasks      | elapsed:    0.6s
[Parallel(n_jobs=16)]: Done 296 tasks      | elapsed:    0.6s
[Parallel(n_jobs=16)]: Done 304 tasks      | elapsed:    0.6s
[Parallel(n_jobs=16)]: Done 312 tasks      | elapsed:    0.6s
[Parallel(n_jobs=16)]: Done 320 tasks      | elapsed:    0.6s
[Parallel(n_jobs=16)]: Done 328 tasks      | elapsed:    0.6s
[Parallel(n_jobs=16)]: Done 336 tasks      | elapsed:    0.6s
[Parallel(n_jobs=16)]: Done 344 tasks      | elapsed:    0.6s
[Parallel(n_jobs=16)]: Done 352 tasks      | elapsed:    0.6s
[Parallel(n_jobs=16)]: Done 360 tasks      | elapsed:    0.7s
[Parallel(n_jobs=16)]: Done 368 tasks      | elapsed:    0.7s
[Parallel(n_jobs=16)]: Done 376 tasks      | elapsed:    0.7s
[Parallel(n_jobs=16)]: Done 384 tasks      | elapsed:    0.7s
[Parallel(n_jobs=16)]: Done 392 tasks      | elapsed:    0.7s
[Parallel(n_jobs=16)]: Done 400 tasks      | elapsed:    0.7s
[Parallel(n_jobs=16)]: Done 408 tasks      | elapsed:    0.7s
[Parallel(n_jobs=16)]: Done 416 tasks      | elapsed:    0.8s
[Parallel(n_jobs=16)]: Done 424 tasks      | elapsed:    0.8s
[Parallel(n_jobs=16)]: Done 432 tasks      | elapsed:    0.8s
[Parallel(n_jobs=16)]: Done 440 tasks      | elapsed:    0.8s
[Parallel(n_jobs=16)]: Done 448 tasks      | elapsed:    0.8s
[Parallel(n_jobs=16)]: Done 456 tasks      | elapsed:    0.8s
[Parallel(n_jobs=16)]: Done 464 tasks      | elapsed:    0.8s
[Parallel(n_jobs=16)]: Done 472 tasks      | elapsed:    0.8s
[Parallel(n_jobs=16)]: Done 480 tasks      | elapsed:    0.8s
[Parallel(n_jobs=16)]: Done 488 tasks      | elapsed:    0.9s
[Parallel(n_jobs=16)]: Done 496 tasks      | elapsed:    0.9s
[Parallel(n_jobs=16)]: Done 504 tasks      | elapsed:    0.9s
[Parallel(n_jobs=16)]: Done 512 tasks      | elapsed:    0.9s
[Parallel(n_jobs=16)]: Done 520 tasks      | elapsed:    0.9s
[Parallel(n_jobs=16)]: Done 528 tasks      | elapsed:    0.9s
[Parallel(n_jobs=16)]: Done 536 tasks      | elapsed:    0.9s
[Parallel(n_jobs=16)]: Done 544 tasks      | elapsed:    0.9s
[Parallel(n_jobs=16)]: Done 552 tasks      | elapsed:    1.0s
[Parallel(n_jobs=16)]: Done 560 tasks      | elapsed:    1.0s
[Parallel(n_jobs=16)]: Done 568 tasks      | elapsed:    1.0s
[Parallel(n_jobs=16)]: Done 576 tasks      | elapsed:    1.0s
[Parallel(n_jobs=16)]: Done 584 tasks      | elapsed:    1.0s
[Parallel(n_jobs=16)]: Done 592 tasks      | elapsed:    1.0s
[Parallel(n_jobs=16)]: Done 600 tasks      | elapsed:    1.0s
[Parallel(n_jobs=16)]: Done 608 tasks      | elapsed:    1.0s
[Parallel(n_jobs=16)]: Done 616 tasks      | elapsed:    1.0s
[Parallel(n_jobs=16)]: Done 624 tasks      | elapsed:    1.1s
[Parallel(n_jobs=16)]: Done 632 tasks      | elapsed:    1.1s
[Parallel(n_jobs=16)]: Done 640 tasks      | elapsed:    1.1s
[Parallel(n_jobs=16)]: Done 648 tasks      | elapsed:    1.1s
[Parallel(n_jobs=16)]: Done 656 tasks      | elapsed:    1.1s
[Parallel(n_jobs=16)]: Done 664 tasks      | elapsed:    1.1s
[Parallel(n_jobs=16)]: Done 672 tasks      | elapsed:    1.1s
[Parallel(n_jobs=16)]: Done 680 tasks      | elapsed:    1.1s
[Parallel(n_jobs=16)]: Done 688 tasks      | elapsed:    1.2s
[Parallel(n_jobs=16)]: Done 696 tasks      | elapsed:    1.2s
[Parallel(n_jobs=16)]: Done 704 tasks      | elapsed:    1.2s
[Parallel(n_jobs=16)]: Done 712 tasks      | elapsed:    1.2s
[Parallel(n_jobs=16)]: Done 720 tasks      | elapsed:    1.2s
[Parallel(n_jobs=16)]: Done 728 tasks      | elapsed:    1.2s
[Parallel(n_jobs=16)]: Done 736 tasks      | elapsed:    1.2s
[Parallel(n_jobs=16)]: Done 744 tasks      | elapsed:    1.2s
[Parallel(n_jobs=16)]: Done 752 tasks      | elapsed:    1.2s
[Parallel(n_jobs=16)]: Done 760 tasks      | elapsed:    1.3s
[Parallel(n_jobs=16)]: Done 768 tasks      | elapsed:    1.3s
[Parallel(n_jobs=16)]: Done 776 tasks      | elapsed:    1.3s
[Parallel(n_jobs=16)]: Done 784 tasks      | elapsed:    1.3s
[Parallel(n_jobs=16)]: Done 792 tasks      | elapsed:    1.3s
[Parallel(n_jobs=16)]: Done 800 tasks      | elapsed:    1.3s
[Parallel(n_jobs=16)]: Done 808 tasks      | elapsed:    1.3s
[Parallel(n_jobs=16)]: Done 816 tasks      | elapsed:    1.3s
[Parallel(n_jobs=16)]: Done 824 tasks      | elapsed:    1.4s
[Parallel(n_jobs=16)]: Done 832 tasks      | elapsed:    1.4s
[Parallel(n_jobs=16)]: Done 840 tasks      | elapsed:    1.4s
[Parallel(n_jobs=16)]: Done 848 tasks      | elapsed:    1.4s
[Parallel(n_jobs=16)]: Done 856 tasks      | elapsed:    1.4s
[Parallel(n_jobs=16)]: Done 864 tasks      | elapsed:    1.4s
[Parallel(n_jobs=16)]: Done 872 tasks      | elapsed:    1.4s
[Parallel(n_jobs=16)]: Done 880 tasks      | elapsed:    1.4s
[Parallel(n_jobs=16)]: Done 888 tasks      | elapsed:    1.5s
[Parallel(n_jobs=16)]: Done 896 tasks      | elapsed:    1.5s
[Parallel(n_jobs=16)]: Done 904 tasks      | elapsed:    1.5s
[Parallel(n_jobs=16)]: Done 912 tasks      | elapsed:    1.5s
[Parallel(n_jobs=16)]: Done 920 tasks      | elapsed:    1.5s
[Parallel(n_jobs=16)]: Done 928 tasks      | elapsed:    1.5s
[Parallel(n_jobs=16)]: Done 936 tasks      | elapsed:    1.5s
[Parallel(n_jobs=16)]: Done 944 tasks      | elapsed:    1.5s
[Parallel(n_jobs=16)]: Done 952 tasks      | elapsed:    1.6s
[Parallel(n_jobs=16)]: Done 960 tasks      | elapsed:    1.6s
[Parallel(n_jobs=16)]: Done 968 tasks      | elapsed:    1.6s
[Parallel(n_jobs=16)]: Done 976 tasks      | elapsed:    1.6s
[Parallel(n_jobs=16)]: Done 984 tasks      | elapsed:    1.6s
[Parallel(n_jobs=16)]: Done 992 tasks      | elapsed:    1.6s
[Parallel(n_jobs=16)]: Done 1000 tasks      | elapsed:    1.6s
[Parallel(n_jobs=16)]: Done 1008 tasks      | elapsed:    1.6s
[Parallel(n_jobs=16)]: Done 1016 tasks      | elapsed:    1.7s
[Parallel(n_jobs=16)]: Done 1024 tasks      | elapsed:    1.7s
[Parallel(n_jobs=16)]: Done 1032 tasks      | elapsed:    1.7s
[Parallel(n_jobs=16)]: Done 1040 tasks      | elapsed:    1.7s
[Parallel(n_jobs=16)]: Done 1048 tasks      | elapsed:    1.7s
[Parallel(n_jobs=16)]: Done 1056 tasks      | elapsed:    1.7s
[Parallel(n_jobs=16)]: Done 1064 tasks      | elapsed:    1.8s
[Parallel(n_jobs=16)]: Done 1072 tasks      | elapsed:    1.8s
[Parallel(n_jobs=16)]: Done 1080 tasks      | elapsed:    1.8s
[Parallel(n_jobs=16)]: Done 1088 tasks      | elapsed:    1.8s
[Parallel(n_jobs=16)]: Done 1096 tasks      | elapsed:    1.8s
[Parallel(n_jobs=16)]: Done 1104 tasks      | elapsed:    1.8s
[Parallel(n_jobs=16)]: Done 1112 tasks      | elapsed:    1.8s
[Parallel(n_jobs=16)]: Done 1120 tasks      | elapsed:    1.8s
[Parallel(n_jobs=16)]: Done 1128 tasks      | elapsed:    1.8s
[Parallel(n_jobs=16)]: Done 1136 tasks      | elapsed:    1.8s
[Parallel(n_jobs=16)]: Done 1144 tasks      | elapsed:    1.9s
[Parallel(n_jobs=16)]: Done 1152 tasks      | elapsed:    1.9s
[Parallel(n_jobs=16)]: Done 1160 tasks      | elapsed:    1.9s
[Parallel(n_jobs=16)]: Done 1168 tasks      | elapsed:    1.9s
[Parallel(n_jobs=16)]: Done 1176 tasks      | elapsed:    1.9s
[Parallel(n_jobs=16)]: Done 1184 tasks      | elapsed:    1.9s
[Parallel(n_jobs=16)]: Done 1192 tasks      | elapsed:    2.0s
[Parallel(n_jobs=16)]: Done 1200 tasks      | elapsed:    2.0s
[Parallel(n_jobs=16)]: Done 1208 tasks      | elapsed:    2.0s
[Parallel(n_jobs=16)]: Done 1216 tasks      | elapsed:    2.0s
[Parallel(n_jobs=16)]: Done 1224 tasks      | elapsed:    2.0s
[Parallel(n_jobs=16)]: Done 1232 tasks      | elapsed:    2.0s
[Parallel(n_jobs=16)]: Done 1240 tasks      | elapsed:    2.0s
[Parallel(n_jobs=16)]: Done 1248 tasks      | elapsed:    2.0s
[Parallel(n_jobs=16)]: Done 1256 tasks      | elapsed:    2.1s
[Parallel(n_jobs=16)]: Done 1264 tasks      | elapsed:    2.1s
[Parallel(n_jobs=16)]: Done 1272 tasks      | elapsed:    2.1s
[Parallel(n_jobs=16)]: Done 1280 tasks      | elapsed:    2.1s
[Parallel(n_jobs=16)]: Done 1288 tasks      | elapsed:    2.1s
[Parallel(n_jobs=16)]: Done 1296 tasks      | elapsed:    2.1s
[Parallel(n_jobs=16)]: Done 1304 tasks      | elapsed:    2.1s
[Parallel(n_jobs=16)]: Done 1312 tasks      | elapsed:    2.2s
[Parallel(n_jobs=16)]: Done 1320 tasks      | elapsed:    2.2s
[Parallel(n_jobs=16)]: Done 1328 tasks      | elapsed:    2.2s
[Parallel(n_jobs=16)]: Done 1336 tasks      | elapsed:    2.2s
[Parallel(n_jobs=16)]: Done 1344 tasks      | elapsed:    2.2s
[Parallel(n_jobs=16)]: Done 1352 tasks      | elapsed:    2.2s
[Parallel(n_jobs=16)]: Done 1360 tasks      | elapsed:    2.2s
[Parallel(n_jobs=16)]: Done 1368 tasks      | elapsed:    2.3s
[Parallel(n_jobs=16)]: Done 1376 tasks      | elapsed:    2.3s
[Parallel(n_jobs=16)]: Done 1384 tasks      | elapsed:    2.3s
[Parallel(n_jobs=16)]: Done 1392 tasks      | elapsed:    2.3s
[Parallel(n_jobs=16)]: Done 1400 tasks      | elapsed:    2.3s
[Parallel(n_jobs=16)]: Done 1408 tasks      | elapsed:    2.3s
[Parallel(n_jobs=16)]: Done 1416 tasks      | elapsed:    2.3s
[Parallel(n_jobs=16)]: Done 1424 tasks      | elapsed:    2.3s
[Parallel(n_jobs=16)]: Done 1432 tasks      | elapsed:    2.3s
[Parallel(n_jobs=16)]: Done 1440 tasks      | elapsed:    2.4s
[Parallel(n_jobs=16)]: Done 1448 tasks      | elapsed:    2.4s
[Parallel(n_jobs=16)]: Done 1456 tasks      | elapsed:    2.4s
[Parallel(n_jobs=16)]: Done 1464 tasks      | elapsed:    2.4s
[Parallel(n_jobs=16)]: Done 1472 tasks      | elapsed:    2.4s
[Parallel(n_jobs=16)]: Done 1480 tasks      | elapsed:    2.4s
[Parallel(n_jobs=16)]: Done 1488 tasks      | elapsed:    2.4s
[Parallel(n_jobs=16)]: Done 1496 tasks      | elapsed:    2.4s
[Parallel(n_jobs=16)]: Done 1504 tasks      | elapsed:    2.5s
[Parallel(n_jobs=16)]: Done 1512 tasks      | elapsed:    2.5s
[Parallel(n_jobs=16)]: Done 1520 tasks      | elapsed:    2.5s
[Parallel(n_jobs=16)]: Done 1528 tasks      | elapsed:    2.5s
[Parallel(n_jobs=16)]: Done 1536 tasks      | elapsed:    2.5s
[Parallel(n_jobs=16)]: Done 1544 tasks      | elapsed:    2.5s
[Parallel(n_jobs=16)]: Done 1552 tasks      | elapsed:    2.5s
[Parallel(n_jobs=16)]: Done 1560 tasks      | elapsed:    2.5s
[Parallel(n_jobs=16)]: Done 1568 tasks      | elapsed:    2.5s
[Parallel(n_jobs=16)]: Done 1576 tasks      | elapsed:    2.6s
[Parallel(n_jobs=16)]: Done 1584 tasks      | elapsed:    2.6s
[Parallel(n_jobs=16)]: Done 1592 tasks      | elapsed:    2.6s
[Parallel(n_jobs=16)]: Done 1600 tasks      | elapsed:    2.6s
[Parallel(n_jobs=16)]: Done 1608 tasks      | elapsed:    2.6s
[Parallel(n_jobs=16)]: Done 1616 tasks      | elapsed:    2.6s
[Parallel(n_jobs=16)]: Done 1624 tasks      | elapsed:    2.6s
[Parallel(n_jobs=16)]: Done 1632 tasks      | elapsed:    2.7s
[Parallel(n_jobs=16)]: Done 1640 tasks      | elapsed:    2.7s
[Parallel(n_jobs=16)]: Done 1648 tasks      | elapsed:    2.7s
[Parallel(n_jobs=16)]: Done 1656 tasks      | elapsed:    2.7s
[Parallel(n_jobs=16)]: Done 1664 tasks      | elapsed:    2.7s
[Parallel(n_jobs=16)]: Done 1672 tasks      | elapsed:    2.7s
[Parallel(n_jobs=16)]: Done 1680 tasks      | elapsed:    2.7s
[Parallel(n_jobs=16)]: Done 1688 tasks      | elapsed:    2.7s
[Parallel(n_jobs=16)]: Done 1696 tasks      | elapsed:    2.7s
[Parallel(n_jobs=16)]: Done 1704 tasks      | elapsed:    2.8s
[Parallel(n_jobs=16)]: Done 1712 tasks      | elapsed:    2.8s
[Parallel(n_jobs=16)]: Done 1720 tasks      | elapsed:    2.8s
[Parallel(n_jobs=16)]: Done 1728 tasks      | elapsed:    2.8s
[Parallel(n_jobs=16)]: Done 1736 tasks      | elapsed:    2.8s
[Parallel(n_jobs=16)]: Done 1744 tasks      | elapsed:    2.8s
[Parallel(n_jobs=16)]: Done 1752 tasks      | elapsed:    2.8s
[Parallel(n_jobs=16)]: Done 1760 tasks      | elapsed:    2.8s
[Parallel(n_jobs=16)]: Done 1768 tasks      | elapsed:    2.8s
[Parallel(n_jobs=16)]: Done 1776 tasks      | elapsed:    2.8s
[Parallel(n_jobs=16)]: Done 1784 tasks      | elapsed:    2.9s
[Parallel(n_jobs=16)]: Done 1792 tasks      | elapsed:    2.9s
[Parallel(n_jobs=16)]: Done 1800 tasks      | elapsed:    2.9s
[Parallel(n_jobs=16)]: Done 1808 tasks      | elapsed:    2.9s
[Parallel(n_jobs=16)]: Done 1816 tasks      | elapsed:    2.9s
[Parallel(n_jobs=16)]: Done 1824 tasks      | elapsed:    2.9s
[Parallel(n_jobs=16)]: Done 1832 tasks      | elapsed:    3.0s
[Parallel(n_jobs=16)]: Done 1840 tasks      | elapsed:    3.0s
[Parallel(n_jobs=16)]: Done 1848 tasks      | elapsed:    3.0s
[Parallel(n_jobs=16)]: Done 1856 tasks      | elapsed:    3.0s
[Parallel(n_jobs=16)]: Done 1864 tasks      | elapsed:    3.0s
[Parallel(n_jobs=16)]: Done 1872 tasks      | elapsed:    3.0s
[Parallel(n_jobs=16)]: Done 1880 tasks      | elapsed:    3.0s
[Parallel(n_jobs=16)]: Done 1888 tasks      | elapsed:    3.0s
[Parallel(n_jobs=16)]: Done 1896 tasks      | elapsed:    3.1s
[Parallel(n_jobs=16)]: Done 1904 tasks      | elapsed:    3.1s
[Parallel(n_jobs=16)]: Done 1912 tasks      | elapsed:    3.1s
[Parallel(n_jobs=16)]: Done 1920 tasks      | elapsed:    3.1s
[Parallel(n_jobs=16)]: Done 1928 tasks      | elapsed:    3.1s
[Parallel(n_jobs=16)]: Done 1936 tasks      | elapsed:    3.1s
[Parallel(n_jobs=16)]: Done 1944 tasks      | elapsed:    3.1s
[Parallel(n_jobs=16)]: Done 1952 tasks      | elapsed:    3.2s
[Parallel(n_jobs=16)]: Done 1960 tasks      | elapsed:    3.2s
[Parallel(n_jobs=16)]: Done 1968 tasks      | elapsed:    3.2s
[Parallel(n_jobs=16)]: Done 1976 tasks      | elapsed:    3.2s
[Parallel(n_jobs=16)]: Done 1984 tasks      | elapsed:    3.2s
[Parallel(n_jobs=16)]: Done 1992 tasks      | elapsed:    3.2s
[Parallel(n_jobs=16)]: Done 2000 tasks      | elapsed:    3.3s
[Parallel(n_jobs=16)]: Done 2008 tasks      | elapsed:    3.3s
[Parallel(n_jobs=16)]: Done 2016 tasks      | elapsed:    3.3s
[Parallel(n_jobs=16)]: Done 2024 tasks      | elapsed:    3.3s
[Parallel(n_jobs=16)]: Done 2032 tasks      | elapsed:    3.3s
[Parallel(n_jobs=16)]: Done 2040 tasks      | elapsed:    3.3s
[Parallel(n_jobs=16)]: Done 2048 tasks      | elapsed:    3.3s
[Parallel(n_jobs=16)]: Done 2056 tasks      | elapsed:    3.3s
[Parallel(n_jobs=16)]: Done 2064 tasks      | elapsed:    3.3s
[Parallel(n_jobs=16)]: Done 2072 tasks      | elapsed:    3.3s
[Parallel(n_jobs=16)]: Done 2080 tasks      | elapsed:    3.4s
[Parallel(n_jobs=16)]: Done 2088 tasks      | elapsed:    3.4s
[Parallel(n_jobs=16)]: Done 2096 tasks      | elapsed:    3.4s
[Parallel(n_jobs=16)]: Done 2104 tasks      | elapsed:    3.4s
[Parallel(n_jobs=16)]: Done 2112 tasks      | elapsed:    3.4s
[Parallel(n_jobs=16)]: Done 2120 tasks      | elapsed:    3.5s
[Parallel(n_jobs=16)]: Done 2128 tasks      | elapsed:    3.5s
[Parallel(n_jobs=16)]: Done 2136 tasks      | elapsed:    3.5s
[Parallel(n_jobs=16)]: Done 2144 tasks      | elapsed:    3.5s
[Parallel(n_jobs=16)]: Done 2152 tasks      | elapsed:    3.5s
[Parallel(n_jobs=16)]: Done 2160 tasks      | elapsed:    3.5s
[Parallel(n_jobs=16)]: Done 2168 tasks      | elapsed:    3.5s
[Parallel(n_jobs=16)]: Done 2176 tasks      | elapsed:    3.5s
[Parallel(n_jobs=16)]: Done 2184 tasks      | elapsed:    3.5s
[Parallel(n_jobs=16)]: Done 2192 tasks      | elapsed:    3.5s
[Parallel(n_jobs=16)]: Done 2200 tasks      | elapsed:    3.5s
[Parallel(n_jobs=16)]: Done 2208 tasks      | elapsed:    3.6s
[Parallel(n_jobs=16)]: Done 2216 tasks      | elapsed:    3.6s
[Parallel(n_jobs=16)]: Done 2224 tasks      | elapsed:    3.6s
[Parallel(n_jobs=16)]: Done 2232 tasks      | elapsed:    3.6s
[Parallel(n_jobs=16)]: Done 2240 tasks      | elapsed:    3.6s
[Parallel(n_jobs=16)]: Done 2248 tasks      | elapsed:    3.6s
[Parallel(n_jobs=16)]: Done 2256 tasks      | elapsed:    3.6s
[Parallel(n_jobs=16)]: Done 2264 tasks      | elapsed:    3.7s
[Parallel(n_jobs=16)]: Done 2272 tasks      | elapsed:    3.7s
[Parallel(n_jobs=16)]: Done 2280 tasks      | elapsed:    3.7s
[Parallel(n_jobs=16)]: Done 2288 tasks      | elapsed:    3.7s
[Parallel(n_jobs=16)]: Done 2296 tasks      | elapsed:    3.7s
[Parallel(n_jobs=16)]: Done 2304 tasks      | elapsed:    3.7s
[Parallel(n_jobs=16)]: Done 2312 tasks      | elapsed:    3.7s
[Parallel(n_jobs=16)]: Done 2320 tasks      | elapsed:    3.8s
[Parallel(n_jobs=16)]: Done 2328 tasks      | elapsed:    3.8s
[Parallel(n_jobs=16)]: Done 2336 tasks      | elapsed:    3.8s
[Parallel(n_jobs=16)]: Done 2344 tasks      | elapsed:    3.8s
[Parallel(n_jobs=16)]: Done 2352 tasks      | elapsed:    3.8s
[Parallel(n_jobs=16)]: Done 2360 tasks      | elapsed:    3.8s
[Parallel(n_jobs=16)]: Done 2368 tasks      | elapsed:    3.8s
[Parallel(n_jobs=16)]: Done 2376 tasks      | elapsed:    3.9s
[Parallel(n_jobs=16)]: Done 2384 tasks      | elapsed:    3.9s
[Parallel(n_jobs=16)]: Done 2392 tasks      | elapsed:    3.9s
[Parallel(n_jobs=16)]: Done 2400 tasks      | elapsed:    3.9s
[Parallel(n_jobs=16)]: Done 2408 tasks      | elapsed:    3.9s
[Parallel(n_jobs=16)]: Done 2416 tasks      | elapsed:    3.9s
[Parallel(n_jobs=16)]: Done 2424 tasks      | elapsed:    3.9s
[Parallel(n_jobs=16)]: Done 2432 tasks      | elapsed:    3.9s
[Parallel(n_jobs=16)]: Done 2440 tasks      | elapsed:    3.9s
[Parallel(n_jobs=16)]: Done 2448 tasks      | elapsed:    4.0s
[Parallel(n_jobs=16)]: Done 2456 tasks      | elapsed:    4.0s
[Parallel(n_jobs=16)]: Done 2464 tasks      | elapsed:    4.0s
[Parallel(n_jobs=16)]: Done 2472 tasks      | elapsed:    4.0s
[Parallel(n_jobs=16)]: Done 2480 tasks      | elapsed:    4.0s
[Parallel(n_jobs=16)]: Done 2488 tasks      | elapsed:    4.0s
[Parallel(n_jobs=16)]: Done 2496 tasks      | elapsed:    4.0s
[Parallel(n_jobs=16)]: Done 2504 tasks      | elapsed:    4.0s
[Parallel(n_jobs=16)]: Done 2512 tasks      | elapsed:    4.1s
[Parallel(n_jobs=16)]: Done 2520 tasks      | elapsed:    4.1s
[Parallel(n_jobs=16)]: Done 2528 tasks      | elapsed:    4.1s
[Parallel(n_jobs=16)]: Done 2536 tasks      | elapsed:    4.1s
[Parallel(n_jobs=16)]: Done 2544 tasks      | elapsed:    4.1s
[Parallel(n_jobs=16)]: Done 2552 tasks      | elapsed:    4.1s
[Parallel(n_jobs=16)]: Done 2560 tasks      | elapsed:    4.1s
[Parallel(n_jobs=16)]: Done 2568 tasks      | elapsed:    4.1s
[Parallel(n_jobs=16)]: Done 2576 tasks      | elapsed:    4.1s
[Parallel(n_jobs=16)]: Done 2584 tasks      | elapsed:    4.2s
[Parallel(n_jobs=16)]: Done 2592 tasks      | elapsed:    4.2s
[Parallel(n_jobs=16)]: Done 2600 tasks      | elapsed:    4.2s
[Parallel(n_jobs=16)]: Done 2608 tasks      | elapsed:    4.2s
[Parallel(n_jobs=16)]: Done 2616 tasks      | elapsed:    4.2s
[Parallel(n_jobs=16)]: Done 2624 tasks      | elapsed:    4.2s
[Parallel(n_jobs=16)]: Done 2632 tasks      | elapsed:    4.2s
[Parallel(n_jobs=16)]: Done 2640 tasks      | elapsed:    4.3s
[Parallel(n_jobs=16)]: Done 2648 tasks      | elapsed:    4.3s
[Parallel(n_jobs=16)]: Done 2656 tasks      | elapsed:    4.3s
[Parallel(n_jobs=16)]: Done 2664 tasks      | elapsed:    4.3s
[Parallel(n_jobs=16)]: Done 2672 tasks      | elapsed:    4.3s
[Parallel(n_jobs=16)]: Done 2680 tasks      | elapsed:    4.3s
[Parallel(n_jobs=16)]: Done 2688 tasks      | elapsed:    4.3s
[Parallel(n_jobs=16)]: Done 2696 tasks      | elapsed:    4.4s
[Parallel(n_jobs=16)]: Done 2704 tasks      | elapsed:    4.4s
[Parallel(n_jobs=16)]: Done 2712 tasks      | elapsed:    4.4s
[Parallel(n_jobs=16)]: Done 2720 tasks      | elapsed:    4.4s
[Parallel(n_jobs=16)]: Done 2728 tasks      | elapsed:    4.4s
[Parallel(n_jobs=16)]: Done 2736 tasks      | elapsed:    4.4s
[Parallel(n_jobs=16)]: Done 2744 tasks      | elapsed:    4.4s
[Parallel(n_jobs=16)]: Done 2752 tasks      | elapsed:    4.4s
[Parallel(n_jobs=16)]: Done 2760 tasks      | elapsed:    4.4s
[Parallel(n_jobs=16)]: Done 2768 tasks      | elapsed:    4.5s
[Parallel(n_jobs=16)]: Done 2776 tasks      | elapsed:    4.5s
[Parallel(n_jobs=16)]: Done 2784 tasks      | elapsed:    4.5s
[Parallel(n_jobs=16)]: Done 2792 tasks      | elapsed:    4.5s
[Parallel(n_jobs=16)]: Done 2800 tasks      | elapsed:    4.5s
[Parallel(n_jobs=16)]: Done 2808 tasks      | elapsed:    4.5s
[Parallel(n_jobs=16)]: Done 2816 tasks      | elapsed:    4.5s
[Parallel(n_jobs=16)]: Done 2824 tasks      | elapsed:    4.6s
[Parallel(n_jobs=16)]: Done 2832 tasks      | elapsed:    4.6s
[Parallel(n_jobs=16)]: Done 2840 tasks      | elapsed:    4.6s
[Parallel(n_jobs=16)]: Done 2848 tasks      | elapsed:    4.6s
[Parallel(n_jobs=16)]: Done 2856 tasks      | elapsed:    4.6s
[Parallel(n_jobs=16)]: Done 2864 tasks      | elapsed:    4.6s
[Parallel(n_jobs=16)]: Done 2872 tasks      | elapsed:    4.6s
[Parallel(n_jobs=16)]: Done 2880 tasks      | elapsed:    4.6s
[Parallel(n_jobs=16)]: Done 2888 tasks      | elapsed:    4.7s
[Parallel(n_jobs=16)]: Done 2896 tasks      | elapsed:    4.7s
[Parallel(n_jobs=16)]: Done 2904 tasks      | elapsed:    4.7s
[Parallel(n_jobs=16)]: Done 2912 tasks      | elapsed:    4.7s
[Parallel(n_jobs=16)]: Done 2920 tasks      | elapsed:    4.7s
[Parallel(n_jobs=16)]: Done 2928 tasks      | elapsed:    4.7s
[Parallel(n_jobs=16)]: Done 2936 tasks      | elapsed:    4.7s
[Parallel(n_jobs=16)]: Done 2944 tasks      | elapsed:    4.7s
[Parallel(n_jobs=16)]: Done 2952 tasks      | elapsed:    4.7s
[Parallel(n_jobs=16)]: Done 2960 tasks      | elapsed:    4.7s
[Parallel(n_jobs=16)]: Done 2968 tasks      | elapsed:    4.8s
[Parallel(n_jobs=16)]: Done 2976 tasks      | elapsed:    4.8s
[Parallel(n_jobs=16)]: Done 2984 tasks      | elapsed:    4.8s
[Parallel(n_jobs=16)]: Done 2992 tasks      | elapsed:    4.8s
[Parallel(n_jobs=16)]: Done 3000 tasks      | elapsed:    4.8s
[Parallel(n_jobs=16)]: Done 3008 tasks      | elapsed:    4.8s
[Parallel(n_jobs=16)]: Done 3016 tasks      | elapsed:    4.8s
[Parallel(n_jobs=16)]: Done 3024 tasks      | elapsed:    4.8s
[Parallel(n_jobs=16)]: Done 3032 tasks      | elapsed:    4.8s
[Parallel(n_jobs=16)]: Done 3040 tasks      | elapsed:    4.8s
[Parallel(n_jobs=16)]: Done 3048 tasks      | elapsed:    4.8s
[Parallel(n_jobs=16)]: Done 3056 tasks      | elapsed:    4.8s
[Parallel(n_jobs=16)]: Done 3064 tasks      | elapsed:    4.9s
[Parallel(n_jobs=16)]: Done 3072 tasks      | elapsed:    4.9s
[Parallel(n_jobs=16)]: Done 3080 tasks      | elapsed:    4.9s
[Parallel(n_jobs=16)]: Done 3088 tasks      | elapsed:    4.9s
[Parallel(n_jobs=16)]: Done 3096 tasks      | elapsed:    4.9s
[Parallel(n_jobs=16)]: Done 3104 tasks      | elapsed:    4.9s
[Parallel(n_jobs=16)]: Done 3112 tasks      | elapsed:    4.9s
[Parallel(n_jobs=16)]: Done 3120 tasks      | elapsed:    4.9s
[Parallel(n_jobs=16)]: Done 3128 tasks      | elapsed:    4.9s
[Parallel(n_jobs=16)]: Done 3136 tasks      | elapsed:    4.9s
[Parallel(n_jobs=16)]: Done 3144 tasks      | elapsed:    4.9s
[Parallel(n_jobs=16)]: Done 3152 tasks      | elapsed:    5.0s
[Parallel(n_jobs=16)]: Done 3160 tasks      | elapsed:    5.0s
[Parallel(n_jobs=16)]: Done 3168 tasks      | elapsed:    5.0s
[Parallel(n_jobs=16)]: Done 3176 tasks      | elapsed:    5.0s
[Parallel(n_jobs=16)]: Done 3184 tasks      | elapsed:    5.0s
[Parallel(n_jobs=16)]: Done 3192 tasks      | elapsed:    5.0s
[Parallel(n_jobs=16)]: Done 3200 tasks      | elapsed:    5.0s
[Parallel(n_jobs=16)]: Done 3208 tasks      | elapsed:    5.0s
[Parallel(n_jobs=16)]: Done 3216 tasks      | elapsed:    5.0s
[Parallel(n_jobs=16)]: Done 3224 tasks      | elapsed:    5.1s
[Parallel(n_jobs=16)]: Done 3232 tasks      | elapsed:    5.1s
[Parallel(n_jobs=16)]: Done 3240 tasks      | elapsed:    5.1s
[Parallel(n_jobs=16)]: Done 3248 tasks      | elapsed:    5.1s
[Parallel(n_jobs=16)]: Done 3256 tasks      | elapsed:    5.1s
[Parallel(n_jobs=16)]: Done 3264 tasks      | elapsed:    5.1s
[Parallel(n_jobs=16)]: Done 3272 tasks      | elapsed:    5.1s
[Parallel(n_jobs=16)]: Done 3280 tasks      | elapsed:    5.1s
[Parallel(n_jobs=16)]: Done 3288 tasks      | elapsed:    5.1s
[Parallel(n_jobs=16)]: Done 3296 tasks      | elapsed:    5.2s
[Parallel(n_jobs=16)]: Done 3304 tasks      | elapsed:    5.2s
[Parallel(n_jobs=16)]: Done 3312 tasks      | elapsed:    5.2s
[Parallel(n_jobs=16)]: Done 3320 tasks      | elapsed:    5.2s
[Parallel(n_jobs=16)]: Done 3328 tasks      | elapsed:    5.2s
[Parallel(n_jobs=16)]: Done 3336 tasks      | elapsed:    5.2s
[Parallel(n_jobs=16)]: Done 3344 tasks      | elapsed:    5.2s
[Parallel(n_jobs=16)]: Done 3352 tasks      | elapsed:    5.2s
[Parallel(n_jobs=16)]: Done 3360 tasks      | elapsed:    5.3s
[Parallel(n_jobs=16)]: Done 3368 tasks      | elapsed:    5.3s
[Parallel(n_jobs=16)]: Done 3376 tasks      | elapsed:    5.3s
[Parallel(n_jobs=16)]: Done 3384 tasks      | elapsed:    5.3s
[Parallel(n_jobs=16)]: Done 3392 tasks      | elapsed:    5.3s
[Parallel(n_jobs=16)]: Done 3400 tasks      | elapsed:    5.3s
[Parallel(n_jobs=16)]: Done 3408 tasks      | elapsed:    5.3s
[Parallel(n_jobs=16)]: Done 3416 tasks      | elapsed:    5.3s
[Parallel(n_jobs=16)]: Done 3424 tasks      | elapsed:    5.3s
[Parallel(n_jobs=16)]: Done 3432 tasks      | elapsed:    5.3s
[Parallel(n_jobs=16)]: Done 3440 tasks      | elapsed:    5.4s
[Parallel(n_jobs=16)]: Done 3448 tasks      | elapsed:    5.4s
[Parallel(n_jobs=16)]: Done 3456 tasks      | elapsed:    5.4s
[Parallel(n_jobs=16)]: Done 3464 tasks      | elapsed:    5.4s
[Parallel(n_jobs=16)]: Done 3472 tasks      | elapsed:    5.4s
[Parallel(n_jobs=16)]: Done 3480 tasks      | elapsed:    5.4s
[Parallel(n_jobs=16)]: Done 3488 tasks      | elapsed:    5.5s
[Parallel(n_jobs=16)]: Done 3496 tasks      | elapsed:    5.5s
[Parallel(n_jobs=16)]: Done 3504 tasks      | elapsed:    5.5s
[Parallel(n_jobs=16)]: Done 3512 tasks      | elapsed:    5.5s
[Parallel(n_jobs=16)]: Done 3520 tasks      | elapsed:    5.5s
[Parallel(n_jobs=16)]: Done 3528 tasks      | elapsed:    5.5s
[Parallel(n_jobs=16)]: Done 3536 tasks      | elapsed:    5.5s
[Parallel(n_jobs=16)]: Done 3544 tasks      | elapsed:    5.5s
[Parallel(n_jobs=16)]: Done 3552 tasks      | elapsed:    5.5s
[Parallel(n_jobs=16)]: Done 3560 tasks      | elapsed:    5.6s
[Parallel(n_jobs=16)]: Done 3568 tasks      | elapsed:    5.6s
[Parallel(n_jobs=16)]: Done 3576 tasks      | elapsed:    5.6s
[Parallel(n_jobs=16)]: Done 3584 tasks      | elapsed:    5.6s
[Parallel(n_jobs=16)]: Done 3592 tasks      | elapsed:    5.6s
[Parallel(n_jobs=16)]: Done 3600 tasks      | elapsed:    5.6s
[Parallel(n_jobs=16)]: Done 3608 tasks      | elapsed:    5.6s
[Parallel(n_jobs=16)]: Done 3616 tasks      | elapsed:    5.7s
[Parallel(n_jobs=16)]: Done 3624 tasks      | elapsed:    5.7s
[Parallel(n_jobs=16)]: Done 3632 tasks      | elapsed:    5.7s
[Parallel(n_jobs=16)]: Done 3640 tasks      | elapsed:    5.7s
[Parallel(n_jobs=16)]: Done 3648 tasks      | elapsed:    5.7s
[Parallel(n_jobs=16)]: Done 3656 tasks      | elapsed:    5.7s
[Parallel(n_jobs=16)]: Done 3664 tasks      | elapsed:    5.7s
[Parallel(n_jobs=16)]: Done 3672 tasks      | elapsed:    5.7s
[Parallel(n_jobs=16)]: Done 3680 tasks      | elapsed:    5.7s
[Parallel(n_jobs=16)]: Done 3688 tasks      | elapsed:    5.8s
[Parallel(n_jobs=16)]: Done 3696 tasks      | elapsed:    5.8s
[Parallel(n_jobs=16)]: Done 3704 tasks      | elapsed:    5.8s
[Parallel(n_jobs=16)]: Done 3712 tasks      | elapsed:    5.8s
[Parallel(n_jobs=16)]: Done 3720 tasks      | elapsed:    5.8s
[Parallel(n_jobs=16)]: Done 3728 tasks      | elapsed:    5.8s
[Parallel(n_jobs=16)]: Done 3736 tasks      | elapsed:    5.9s
[Parallel(n_jobs=16)]: Done 3744 tasks      | elapsed:    5.9s
[Parallel(n_jobs=16)]: Done 3752 tasks      | elapsed:    5.9s
[Parallel(n_jobs=16)]: Done 3760 tasks      | elapsed:    5.9s
[Parallel(n_jobs=16)]: Done 3768 tasks      | elapsed:    5.9s
[Parallel(n_jobs=16)]: Done 3776 tasks      | elapsed:    5.9s
[Parallel(n_jobs=16)]: Done 3784 tasks      | elapsed:    5.9s
[Parallel(n_jobs=16)]: Done 3792 tasks      | elapsed:    5.9s
[Parallel(n_jobs=16)]: Done 3800 tasks      | elapsed:    5.9s
[Parallel(n_jobs=16)]: Done 3808 tasks      | elapsed:    5.9s
[Parallel(n_jobs=16)]: Done 3816 tasks      | elapsed:    6.0s
[Parallel(n_jobs=16)]: Done 3824 tasks      | elapsed:    6.0s
[Parallel(n_jobs=16)]: Done 3832 tasks      | elapsed:    6.0s
[Parallel(n_jobs=16)]: Done 3840 tasks      | elapsed:    6.0s
[Parallel(n_jobs=16)]: Done 3848 tasks      | elapsed:    6.0s
[Parallel(n_jobs=16)]: Done 3856 tasks      | elapsed:    6.1s
[Parallel(n_jobs=16)]: Done 3864 tasks      | elapsed:    6.1s
[Parallel(n_jobs=16)]: Done 3872 tasks      | elapsed:    6.1s
[Parallel(n_jobs=16)]: Done 3880 tasks      | elapsed:    6.1s
[Parallel(n_jobs=16)]: Done 3888 tasks      | elapsed:    6.1s
[Parallel(n_jobs=16)]: Done 3896 tasks      | elapsed:    6.1s
[Parallel(n_jobs=16)]: Done 3904 tasks      | elapsed:    6.1s
[Parallel(n_jobs=16)]: Done 3912 tasks      | elapsed:    6.1s
[Parallel(n_jobs=16)]: Done 3920 tasks      | elapsed:    6.2s
[Parallel(n_jobs=16)]: Done 3928 tasks      | elapsed:    6.2s
[Parallel(n_jobs=16)]: Done 3936 tasks      | elapsed:    6.2s
[Parallel(n_jobs=16)]: Done 3944 tasks      | elapsed:    6.2s
[Parallel(n_jobs=16)]: Done 3952 tasks      | elapsed:    6.2s
[Parallel(n_jobs=16)]: Done 3960 tasks      | elapsed:    6.2s
[Parallel(n_jobs=16)]: Done 3968 tasks      | elapsed:    6.2s
[Parallel(n_jobs=16)]: Done 3976 tasks      | elapsed:    6.3s
[Parallel(n_jobs=16)]: Done 3984 tasks      | elapsed:    6.3s
[Parallel(n_jobs=16)]: Done 3992 tasks      | elapsed:    6.3s
[Parallel(n_jobs=16)]: Done 4000 tasks      | elapsed:    6.3s
[Parallel(n_jobs=16)]: Done 4008 tasks      | elapsed:    6.3s
[Parallel(n_jobs=16)]: Done 4016 tasks      | elapsed:    6.3s
[Parallel(n_jobs=16)]: Done 4024 tasks      | elapsed:    6.3s
[Parallel(n_jobs=16)]: Done 4032 tasks      | elapsed:    6.3s
[Parallel(n_jobs=16)]: Done 4040 tasks      | elapsed:    6.3s
[Parallel(n_jobs=16)]: Done 4048 tasks      | elapsed:    6.4s
[Parallel(n_jobs=16)]: Done 4056 tasks      | elapsed:    6.4s
[Parallel(n_jobs=16)]: Done 4064 tasks      | elapsed:    6.4s
[Parallel(n_jobs=16)]: Done 4072 tasks      | elapsed:    6.4s
[Parallel(n_jobs=16)]: Done 4080 tasks      | elapsed:    6.4s
[Parallel(n_jobs=16)]: Done 4088 tasks      | elapsed:    6.4s
[Parallel(n_jobs=16)]: Done 4096 tasks      | elapsed:    6.4s
[Parallel(n_jobs=16)]: Done 4104 tasks      | elapsed:    6.4s
[Parallel(n_jobs=16)]: Done 4112 tasks      | elapsed:    6.5s
[Parallel(n_jobs=16)]: Done 4120 tasks      | elapsed:    6.5s
[Parallel(n_jobs=16)]: Done 4128 tasks      | elapsed:    6.5s
[Parallel(n_jobs=16)]: Done 4136 tasks      | elapsed:    6.5s
[Parallel(n_jobs=16)]: Done 4144 tasks      | elapsed:    6.5s
[Parallel(n_jobs=16)]: Done 4152 tasks      | elapsed:    6.5s
[Parallel(n_jobs=16)]: Done 4160 tasks      | elapsed:    6.5s
[Parallel(n_jobs=16)]: Done 4168 tasks      | elapsed:    6.6s
[Parallel(n_jobs=16)]: Done 4176 tasks      | elapsed:    6.6s
[Parallel(n_jobs=16)]: Done 4184 tasks      | elapsed:    6.6s
[Parallel(n_jobs=16)]: Done 4192 tasks      | elapsed:    6.6s
[Parallel(n_jobs=16)]: Done 4200 tasks      | elapsed:    6.6s
[Parallel(n_jobs=16)]: Done 4208 tasks      | elapsed:    6.6s
[Parallel(n_jobs=16)]: Done 4216 tasks      | elapsed:    6.6s
[Parallel(n_jobs=16)]: Done 4224 tasks      | elapsed:    6.7s
[Parallel(n_jobs=16)]: Done 4232 tasks      | elapsed:    6.7s
[Parallel(n_jobs=16)]: Done 4240 tasks      | elapsed:    6.7s
[Parallel(n_jobs=16)]: Done 4248 tasks      | elapsed:    6.7s
[Parallel(n_jobs=16)]: Done 4256 tasks      | elapsed:    6.7s
[Parallel(n_jobs=16)]: Done 4264 tasks      | elapsed:    6.7s
[Parallel(n_jobs=16)]: Done 4272 tasks      | elapsed:    6.7s
[Parallel(n_jobs=16)]: Done 4280 tasks      | elapsed:    6.7s
[Parallel(n_jobs=16)]: Done 4288 tasks      | elapsed:    6.8s
[Parallel(n_jobs=16)]: Done 4296 tasks      | elapsed:    6.8s
[Parallel(n_jobs=16)]: Done 4304 tasks      | elapsed:    6.8s
[Parallel(n_jobs=16)]: Done 4312 tasks      | elapsed:    6.8s
[Parallel(n_jobs=16)]: Done 4320 tasks      | elapsed:    6.8s
[Parallel(n_jobs=16)]: Done 4328 tasks      | elapsed:    6.8s
[Parallel(n_jobs=16)]: Done 4336 tasks      | elapsed:    6.8s
[Parallel(n_jobs=16)]: Done 4344 tasks      | elapsed:    6.8s
[Parallel(n_jobs=16)]: Done 4352 tasks      | elapsed:    6.8s
[Parallel(n_jobs=16)]: Done 4360 tasks      | elapsed:    6.9s
[Parallel(n_jobs=16)]: Done 4368 tasks      | elapsed:    6.9s
[Parallel(n_jobs=16)]: Done 4376 tasks      | elapsed:    6.9s
[Parallel(n_jobs=16)]: Done 4384 tasks      | elapsed:    6.9s
[Parallel(n_jobs=16)]: Done 4392 tasks      | elapsed:    6.9s
[Parallel(n_jobs=16)]: Done 4400 tasks      | elapsed:    6.9s
[Parallel(n_jobs=16)]: Done 4408 tasks      | elapsed:    7.0s
[Parallel(n_jobs=16)]: Done 4416 tasks      | elapsed:    7.0s
[Parallel(n_jobs=16)]: Done 4424 tasks      | elapsed:    7.0s
[Parallel(n_jobs=16)]: Done 4432 tasks      | elapsed:    7.0s
[Parallel(n_jobs=16)]: Done 4440 tasks      | elapsed:    7.0s
[Parallel(n_jobs=16)]: Done 4448 tasks      | elapsed:    7.0s
[Parallel(n_jobs=16)]: Done 4456 tasks      | elapsed:    7.0s
[Parallel(n_jobs=16)]: Done 4464 tasks      | elapsed:    7.0s
[Parallel(n_jobs=16)]: Done 4472 tasks      | elapsed:    7.0s
[Parallel(n_jobs=16)]: Done 4480 tasks      | elapsed:    7.0s
[Parallel(n_jobs=16)]: Done 4488 tasks      | elapsed:    7.1s
[Parallel(n_jobs=16)]: Done 4496 tasks      | elapsed:    7.1s
[Parallel(n_jobs=16)]: Done 4504 tasks      | elapsed:    7.1s
[Parallel(n_jobs=16)]: Done 4512 tasks      | elapsed:    7.1s
[Parallel(n_jobs=16)]: Done 4520 tasks      | elapsed:    7.1s
[Parallel(n_jobs=16)]: Done 4528 tasks      | elapsed:    7.2s
[Parallel(n_jobs=16)]: Done 4536 tasks      | elapsed:    7.2s
[Parallel(n_jobs=16)]: Done 4544 tasks      | elapsed:    7.2s
[Parallel(n_jobs=16)]: Done 4552 tasks      | elapsed:    7.2s
[Parallel(n_jobs=16)]: Done 4560 tasks      | elapsed:    7.2s
[Parallel(n_jobs=16)]: Done 4568 tasks      | elapsed:    7.2s
[Parallel(n_jobs=16)]: Done 4576 tasks      | elapsed:    7.2s
[Parallel(n_jobs=16)]: Done 4584 tasks      | elapsed:    7.2s
[Parallel(n_jobs=16)]: Done 4592 tasks      | elapsed:    7.2s
[Parallel(n_jobs=16)]: Done 4600 tasks      | elapsed:    7.2s
[Parallel(n_jobs=16)]: Done 4608 tasks      | elapsed:    7.3s
[Parallel(n_jobs=16)]: Done 4616 tasks      | elapsed:    7.3s
[Parallel(n_jobs=16)]: Done 4624 tasks      | elapsed:    7.3s
[Parallel(n_jobs=16)]: Done 4632 tasks      | elapsed:    7.3s
[Parallel(n_jobs=16)]: Done 4640 tasks      | elapsed:    7.3s
[Parallel(n_jobs=16)]: Done 4648 tasks      | elapsed:    7.3s
[Parallel(n_jobs=16)]: Done 4656 tasks      | elapsed:    7.4s
[Parallel(n_jobs=16)]: Done 4664 tasks      | elapsed:    7.4s
[Parallel(n_jobs=16)]: Done 4672 tasks      | elapsed:    7.4s
[Parallel(n_jobs=16)]: Done 4680 tasks      | elapsed:    7.4s
[Parallel(n_jobs=16)]: Done 4688 tasks      | elapsed:    7.4s
[Parallel(n_jobs=16)]: Done 4696 tasks      | elapsed:    7.4s
[Parallel(n_jobs=16)]: Done 4704 tasks      | elapsed:    7.4s
[Parallel(n_jobs=16)]: Done 4712 tasks      | elapsed:    7.4s
[Parallel(n_jobs=16)]: Done 4720 tasks      | elapsed:    7.4s
[Parallel(n_jobs=16)]: Done 4728 tasks      | elapsed:    7.5s
[Parallel(n_jobs=16)]: Done 4736 tasks      | elapsed:    7.5s
[Parallel(n_jobs=16)]: Done 4744 tasks      | elapsed:    7.5s
[Parallel(n_jobs=16)]: Done 4752 tasks      | elapsed:    7.5s
[Parallel(n_jobs=16)]: Done 4760 tasks      | elapsed:    7.5s
[Parallel(n_jobs=16)]: Done 4768 tasks      | elapsed:    7.5s
[Parallel(n_jobs=16)]: Done 4776 tasks      | elapsed:    7.6s
[Parallel(n_jobs=16)]: Done 4784 tasks      | elapsed:    7.6s
[Parallel(n_jobs=16)]: Done 4792 tasks      | elapsed:    7.6s
[Parallel(n_jobs=16)]: Done 4800 tasks      | elapsed:    7.6s
[Parallel(n_jobs=16)]: Done 4808 tasks      | elapsed:    7.6s
[Parallel(n_jobs=16)]: Done 4816 tasks      | elapsed:    7.6s
[Parallel(n_jobs=16)]: Done 4824 tasks      | elapsed:    7.6s
[Parallel(n_jobs=16)]: Done 4832 tasks      | elapsed:    7.6s
[Parallel(n_jobs=16)]: Done 4840 tasks      | elapsed:    7.6s
[Parallel(n_jobs=16)]: Done 4848 tasks      | elapsed:    7.6s
[Parallel(n_jobs=16)]: Done 4856 tasks      | elapsed:    7.6s
[Parallel(n_jobs=16)]: Done 4864 tasks      | elapsed:    7.6s
[Parallel(n_jobs=16)]: Done 4872 tasks      | elapsed:    7.7s
[Parallel(n_jobs=16)]: Done 4880 tasks      | elapsed:    7.7s
[Parallel(n_jobs=16)]: Done 4888 tasks      | elapsed:    7.8s
[Parallel(n_jobs=16)]: Done 4896 tasks      | elapsed:    7.8s
[Parallel(n_jobs=16)]: Done 4904 tasks      | elapsed:    7.8s
[Parallel(n_jobs=16)]: Done 4912 tasks      | elapsed:    7.8s
[Parallel(n_jobs=16)]: Done 4920 tasks      | elapsed:    7.8s
[Parallel(n_jobs=16)]: Done 4928 tasks      | elapsed:    7.8s
[Parallel(n_jobs=16)]: Done 4936 tasks      | elapsed:    7.8s
[Parallel(n_jobs=16)]: Done 4944 tasks      | elapsed:    7.8s
[Parallel(n_jobs=16)]: Done 4952 tasks      | elapsed:    7.8s
[Parallel(n_jobs=16)]: Done 4960 tasks      | elapsed:    7.8s
[Parallel(n_jobs=16)]: Done 4968 tasks      | elapsed:    7.8s
[Parallel(n_jobs=16)]: Done 4976 tasks      | elapsed:    7.8s
[Parallel(n_jobs=16)]: Done 4984 tasks      | elapsed:    7.8s
[Parallel(n_jobs=16)]: Done 4992 tasks      | elapsed:    7.9s
[Parallel(n_jobs=16)]: Done 5000 tasks      | elapsed:    7.9s
[Parallel(n_jobs=16)]: Done 5008 tasks      | elapsed:    7.9s
[Parallel(n_jobs=16)]: Done 5016 tasks      | elapsed:    7.9s
[Parallel(n_jobs=16)]: Done 5024 tasks      | elapsed:    7.9s
[Parallel(n_jobs=16)]: Done 5032 tasks      | elapsed:    7.9s
[Parallel(n_jobs=16)]: Done 5040 tasks      | elapsed:    8.0s
[Parallel(n_jobs=16)]: Done 5048 tasks      | elapsed:    8.0s
[Parallel(n_jobs=16)]: Done 5056 tasks      | elapsed:    8.0s
[Parallel(n_jobs=16)]: Done 5064 tasks      | elapsed:    8.0s
[Parallel(n_jobs=16)]: Done 5072 tasks      | elapsed:    8.0s
[Parallel(n_jobs=16)]: Done 5080 tasks      | elapsed:    8.0s
[Parallel(n_jobs=16)]: Done 5088 tasks      | elapsed:    8.0s
[Parallel(n_jobs=16)]: Done 5096 tasks      | elapsed:    8.0s
[Parallel(n_jobs=16)]: Done 5104 tasks      | elapsed:    8.0s
[Parallel(n_jobs=16)]: Done 5112 tasks      | elapsed:    8.0s
[Parallel(n_jobs=16)]: Done 5120 tasks      | elapsed:    8.1s
[Parallel(n_jobs=16)]: Done 5128 tasks      | elapsed:    8.1s
[Parallel(n_jobs=16)]: Done 5136 tasks      | elapsed:    8.1s
[Parallel(n_jobs=16)]: Done 5144 tasks      | elapsed:    8.1s
[Parallel(n_jobs=16)]: Done 5152 tasks      | elapsed:    8.1s
[Parallel(n_jobs=16)]: Done 5160 tasks      | elapsed:    8.2s
[Parallel(n_jobs=16)]: Done 5168 tasks      | elapsed:    8.2s
[Parallel(n_jobs=16)]: Done 5176 tasks      | elapsed:    8.2s
[Parallel(n_jobs=16)]: Done 5184 tasks      | elapsed:    8.2s
[Parallel(n_jobs=16)]: Done 5192 tasks      | elapsed:    8.2s
[Parallel(n_jobs=16)]: Done 5200 tasks      | elapsed:    8.2s
[Parallel(n_jobs=16)]: Done 5208 tasks      | elapsed:    8.2s
[Parallel(n_jobs=16)]: Done 5216 tasks      | elapsed:    8.2s
[Parallel(n_jobs=16)]: Done 5224 tasks      | elapsed:    8.2s
[Parallel(n_jobs=16)]: Done 5232 tasks      | elapsed:    8.3s
[Parallel(n_jobs=16)]: Done 5240 tasks      | elapsed:    8.3s
[Parallel(n_jobs=16)]: Done 5248 tasks      | elapsed:    8.3s
[Parallel(n_jobs=16)]: Done 5256 tasks      | elapsed:    8.3s
[Parallel(n_jobs=16)]: Done 5264 tasks      | elapsed:    8.3s
[Parallel(n_jobs=16)]: Done 5272 tasks      | elapsed:    8.3s
[Parallel(n_jobs=16)]: Done 5280 tasks      | elapsed:    8.3s
[Parallel(n_jobs=16)]: Done 5288 tasks      | elapsed:    8.3s
[Parallel(n_jobs=16)]: Done 5296 tasks      | elapsed:    8.4s
[Parallel(n_jobs=16)]: Done 5304 tasks      | elapsed:    8.4s
[Parallel(n_jobs=16)]: Done 5312 tasks      | elapsed:    8.4s
[Parallel(n_jobs=16)]: Done 5320 tasks      | elapsed:    8.4s
[Parallel(n_jobs=16)]: Done 5328 tasks      | elapsed:    8.4s
[Parallel(n_jobs=16)]: Done 5336 tasks      | elapsed:    8.4s
[Parallel(n_jobs=16)]: Done 5344 tasks      | elapsed:    8.4s
[Parallel(n_jobs=16)]: Done 5352 tasks      | elapsed:    8.4s
[Parallel(n_jobs=16)]: Done 5360 tasks      | elapsed:    8.5s
[Parallel(n_jobs=16)]: Done 5368 tasks      | elapsed:    8.5s
[Parallel(n_jobs=16)]: Done 5376 tasks      | elapsed:    8.5s
[Parallel(n_jobs=16)]: Done 5384 tasks      | elapsed:    8.5s
[Parallel(n_jobs=16)]: Done 5392 tasks      | elapsed:    8.5s
[Parallel(n_jobs=16)]: Done 5400 tasks      | elapsed:    8.5s
[Parallel(n_jobs=16)]: Done 5408 tasks      | elapsed:    8.5s
[Parallel(n_jobs=16)]: Done 5416 tasks      | elapsed:    8.6s
[Parallel(n_jobs=16)]: Done 5424 tasks      | elapsed:    8.6s
[Parallel(n_jobs=16)]: Done 5432 tasks      | elapsed:    8.6s
[Parallel(n_jobs=16)]: Done 5440 tasks      | elapsed:    8.6s
[Parallel(n_jobs=16)]: Done 5448 tasks      | elapsed:    8.6s
[Parallel(n_jobs=16)]: Done 5456 tasks      | elapsed:    8.6s
[Parallel(n_jobs=16)]: Done 5464 tasks      | elapsed:    8.6s
[Parallel(n_jobs=16)]: Done 5472 tasks      | elapsed:    8.6s
[Parallel(n_jobs=16)]: Done 5480 tasks      | elapsed:    8.6s
[Parallel(n_jobs=16)]: Done 5488 tasks      | elapsed:    8.7s
[Parallel(n_jobs=16)]: Done 5496 tasks      | elapsed:    8.7s
[Parallel(n_jobs=16)]: Done 5504 tasks      | elapsed:    8.7s
[Parallel(n_jobs=16)]: Done 5512 tasks      | elapsed:    8.7s
[Parallel(n_jobs=16)]: Done 5520 tasks      | elapsed:    8.7s
[Parallel(n_jobs=16)]: Done 5528 tasks      | elapsed:    8.7s
[Parallel(n_jobs=16)]: Done 5536 tasks      | elapsed:    8.7s
[Parallel(n_jobs=16)]: Done 5544 tasks      | elapsed:    8.8s
[Parallel(n_jobs=16)]: Done 5552 tasks      | elapsed:    8.8s
[Parallel(n_jobs=16)]: Done 5560 tasks      | elapsed:    8.8s
[Parallel(n_jobs=16)]: Done 5568 tasks      | elapsed:    8.8s
[Parallel(n_jobs=16)]: Done 5576 tasks      | elapsed:    8.8s
[Parallel(n_jobs=16)]: Done 5584 tasks      | elapsed:    8.8s
[Parallel(n_jobs=16)]: Done 5592 tasks      | elapsed:    8.8s
[Parallel(n_jobs=16)]: Done 5600 tasks      | elapsed:    8.8s
[Parallel(n_jobs=16)]: Done 5608 tasks      | elapsed:    8.9s
[Parallel(n_jobs=16)]: Done 5616 tasks      | elapsed:    8.9s
[Parallel(n_jobs=16)]: Done 5624 tasks      | elapsed:    8.9s
[Parallel(n_jobs=16)]: Done 5632 tasks      | elapsed:    8.9s
[Parallel(n_jobs=16)]: Done 5640 tasks      | elapsed:    8.9s
[Parallel(n_jobs=16)]: Done 5648 tasks      | elapsed:    8.9s
[Parallel(n_jobs=16)]: Done 5656 tasks      | elapsed:    8.9s
[Parallel(n_jobs=16)]: Done 5664 tasks      | elapsed:    8.9s
[Parallel(n_jobs=16)]: Done 5672 tasks      | elapsed:    9.0s
[Parallel(n_jobs=16)]: Done 5680 tasks      | elapsed:    9.0s
[Parallel(n_jobs=16)]: Done 5688 tasks      | elapsed:    9.0s
[Parallel(n_jobs=16)]: Done 5696 tasks      | elapsed:    9.0s
[Parallel(n_jobs=16)]: Done 5704 tasks      | elapsed:    9.0s
[Parallel(n_jobs=16)]: Done 5712 tasks      | elapsed:    9.0s
[Parallel(n_jobs=16)]: Done 5720 tasks      | elapsed:    9.0s
[Parallel(n_jobs=16)]: Done 5728 tasks      | elapsed:    9.1s
[Parallel(n_jobs=16)]: Done 5736 tasks      | elapsed:    9.1s
[Parallel(n_jobs=16)]: Done 5744 tasks      | elapsed:    9.1s
[Parallel(n_jobs=16)]: Done 5752 tasks      | elapsed:    9.1s
[Parallel(n_jobs=16)]: Done 5760 tasks      | elapsed:    9.1s
[Parallel(n_jobs=16)]: Done 5768 tasks      | elapsed:    9.2s
[Parallel(n_jobs=16)]: Done 5776 tasks      | elapsed:    9.2s
[Parallel(n_jobs=16)]: Done 5784 tasks      | elapsed:    9.2s
[Parallel(n_jobs=16)]: Done 5792 tasks      | elapsed:    9.2s
[Parallel(n_jobs=16)]: Done 5800 tasks      | elapsed:    9.2s
[Parallel(n_jobs=16)]: Done 5808 tasks      | elapsed:    9.2s
[Parallel(n_jobs=16)]: Done 5816 tasks      | elapsed:    9.2s
[Parallel(n_jobs=16)]: Done 5824 tasks      | elapsed:    9.2s
[Parallel(n_jobs=16)]: Done 5832 tasks      | elapsed:    9.2s
[Parallel(n_jobs=16)]: Done 5840 tasks      | elapsed:    9.2s
[Parallel(n_jobs=16)]: Done 5848 tasks      | elapsed:    9.3s
[Parallel(n_jobs=16)]: Done 5856 tasks      | elapsed:    9.3s
[Parallel(n_jobs=16)]: Done 5864 tasks      | elapsed:    9.3s
[Parallel(n_jobs=16)]: Done 5872 tasks      | elapsed:    9.3s
[Parallel(n_jobs=16)]: Done 5880 tasks      | elapsed:    9.3s
[Parallel(n_jobs=16)]: Done 5888 tasks      | elapsed:    9.3s
[Parallel(n_jobs=16)]: Done 5896 tasks      | elapsed:    9.3s
[Parallel(n_jobs=16)]: Done 5904 tasks      | elapsed:    9.4s
[Parallel(n_jobs=16)]: Done 5912 tasks      | elapsed:    9.4s
[Parallel(n_jobs=16)]: Done 5920 tasks      | elapsed:    9.4s
[Parallel(n_jobs=16)]: Done 5928 tasks      | elapsed:    9.4s
[Parallel(n_jobs=16)]: Done 5936 tasks      | elapsed:    9.4s
[Parallel(n_jobs=16)]: Done 5944 tasks      | elapsed:    9.4s
[Parallel(n_jobs=16)]: Done 5952 tasks      | elapsed:    9.4s
[Parallel(n_jobs=16)]: Done 5960 tasks      | elapsed:    9.4s
[Parallel(n_jobs=16)]: Done 5968 tasks      | elapsed:    9.4s
[Parallel(n_jobs=16)]: Done 5976 tasks      | elapsed:    9.5s
[Parallel(n_jobs=16)]: Done 5984 tasks      | elapsed:    9.5s
[Parallel(n_jobs=16)]: Done 5992 tasks      | elapsed:    9.5s
[Parallel(n_jobs=16)]: Done 5993 tasks      | elapsed:    9.5s
[Parallel(n_jobs=16)]: Done 6001 tasks      | elapsed:    9.5s
[Parallel(n_jobs=16)]: Done 6002 tasks      | elapsed:    9.5s
[Parallel(n_jobs=16)]: Done 6010 tasks      | elapsed:    9.5s
[Parallel(n_jobs=16)]: Done 6018 tasks      | elapsed:    9.5s
[Parallel(n_jobs=16)]: Done 6019 tasks      | elapsed:    9.5s
[Parallel(n_jobs=16)]: Done 6020 tasks      | elapsed:    9.5s
[Parallel(n_jobs=16)]: Done 6021 tasks      | elapsed:    9.5s
[Parallel(n_jobs=16)]: Done 6022 tasks      | elapsed:    9.5s
[Parallel(n_jobs=16)]: Done 6030 tasks      | elapsed:    9.5s
[Parallel(n_jobs=16)]: Done 6138 out of 6138 | elapsed:    9.6s finished
tofts: fitted 6138 voxels on 344 frames in 11 s
[Parallel(n_jobs=16)]: Using backend LokyBackend with 16 concurrent workers.
[Parallel(n_jobs=16)]: Done   1 tasks      | elapsed:    0.0s
[Parallel(n_jobs=16)]: Batch computation too fast (0.028980255126953125s.) Setting batch_size=2.
[Parallel(n_jobs=16)]: Done   2 tasks      | elapsed:    0.0s
[Parallel(n_jobs=16)]: Done   3 tasks      | elapsed:    0.0s
[Parallel(n_jobs=16)]: Done   4 tasks      | elapsed:    0.0s
[Parallel(n_jobs=16)]: Done   5 tasks      | elapsed:    0.0s
[Parallel(n_jobs=16)]: Done   6 tasks      | elapsed:    0.0s
[Parallel(n_jobs=16)]: Done   7 tasks      | elapsed:    0.0s
[Parallel(n_jobs=16)]: Done   8 tasks      | elapsed:    0.0s
[Parallel(n_jobs=16)]: Done   9 tasks      | elapsed:    0.0s
[Parallel(n_jobs=16)]: Done  10 tasks      | elapsed:    0.0s
[Parallel(n_jobs=16)]: Done  11 tasks      | elapsed:    0.0s
[Parallel(n_jobs=16)]: Done  12 tasks      | elapsed:    0.0s
[Parallel(n_jobs=16)]: Done  13 tasks      | elapsed:    0.0s
[Parallel(n_jobs=16)]: Done  14 tasks      | elapsed:    0.0s
[Parallel(n_jobs=16)]: Done  15 tasks      | elapsed:    0.0s
[Parallel(n_jobs=16)]: Done  16 tasks      | elapsed:    0.0s
[Parallel(n_jobs=16)]: Done  17 tasks      | elapsed:    0.0s
[Parallel(n_jobs=16)]: Done  18 tasks      | elapsed:    0.1s
[Parallel(n_jobs=16)]: Done  19 tasks      | elapsed:    0.1s
[Parallel(n_jobs=16)]: Done  20 tasks      | elapsed:    0.1s
[Parallel(n_jobs=16)]: Done  21 tasks      | elapsed:    0.1s
[Parallel(n_jobs=16)]: Done  22 tasks      | elapsed:    0.1s
[Parallel(n_jobs=16)]: Done  23 tasks      | elapsed:    0.1s
[Parallel(n_jobs=16)]: Done  24 tasks      | elapsed:    0.1s
[Parallel(n_jobs=16)]: Done  25 tasks      | elapsed:    0.1s
[Parallel(n_jobs=16)]: Done  26 tasks      | elapsed:    0.1s
[Parallel(n_jobs=16)]: Done  27 tasks      | elapsed:    0.1s
[Parallel(n_jobs=16)]: Done  28 tasks      | elapsed:    0.1s
[Parallel(n_jobs=16)]: Done  29 tasks      | elapsed:    0.1s
[Parallel(n_jobs=16)]: Done  30 tasks      | elapsed:    0.1s
[Parallel(n_jobs=16)]: Done  31 tasks      | elapsed:    0.1s
[Parallel(n_jobs=16)]: Done  32 tasks      | elapsed:    0.1s
[Parallel(n_jobs=16)]: Done  34 tasks      | elapsed:    0.1s
[Parallel(n_jobs=16)]: Batch computation too fast (0.0547327995300293s.) Setting batch_size=4.
[Parallel(n_jobs=16)]: Done  36 tasks      | elapsed:    0.1s
[Parallel(n_jobs=16)]: Done  38 tasks      | elapsed:    0.1s
[Parallel(n_jobs=16)]: Done  40 tasks      | elapsed:    0.1s
[Parallel(n_jobs=16)]: Done  42 tasks      | elapsed:    0.1s
[Parallel(n_jobs=16)]: Done  44 tasks      | elapsed:    0.1s
[Parallel(n_jobs=16)]: Done  46 tasks      | elapsed:    0.1s
[Parallel(n_jobs=16)]: Done  48 tasks      | elapsed:    0.1s
[Parallel(n_jobs=16)]: Done  50 tasks      | elapsed:    0.1s
[Parallel(n_jobs=16)]: Done  52 tasks      | elapsed:    0.1s
[Parallel(n_jobs=16)]: Done  54 tasks      | elapsed:    0.1s
[Parallel(n_jobs=16)]: Done  56 tasks      | elapsed:    0.1s
[Parallel(n_jobs=16)]: Done  58 tasks      | elapsed:    0.1s
[Parallel(n_jobs=16)]: Done  60 tasks      | elapsed:    0.1s
[Parallel(n_jobs=16)]: Done  62 tasks      | elapsed:    0.1s
[Parallel(n_jobs=16)]: Done  64 tasks      | elapsed:    0.1s
[Parallel(n_jobs=16)]: Done  66 tasks      | elapsed:    0.1s
[Parallel(n_jobs=16)]: Done  68 tasks      | elapsed:    0.1s
[Parallel(n_jobs=16)]: Done  70 tasks      | elapsed:    0.1s
[Parallel(n_jobs=16)]: Done  72 tasks      | elapsed:    0.1s
[Parallel(n_jobs=16)]: Done  74 tasks      | elapsed:    0.1s
[Parallel(n_jobs=16)]: Done  76 tasks      | elapsed:    0.1s
[Parallel(n_jobs=16)]: Done  78 tasks      | elapsed:    0.1s
[Parallel(n_jobs=16)]: Done  80 tasks      | elapsed:    0.1s
[Parallel(n_jobs=16)]: Done  82 tasks      | elapsed:    0.1s
[Parallel(n_jobs=16)]: Done  84 tasks      | elapsed:    0.1s
[Parallel(n_jobs=16)]: Done  86 tasks      | elapsed:    0.1s
[Parallel(n_jobs=16)]: Done  88 tasks      | elapsed:    0.1s
[Parallel(n_jobs=16)]: Done  90 tasks      | elapsed:    0.1s
[Parallel(n_jobs=16)]: Done  92 tasks      | elapsed:    0.1s
[Parallel(n_jobs=16)]: Done  94 tasks      | elapsed:    0.2s
[Parallel(n_jobs=16)]: Done  96 tasks      | elapsed:    0.2s
[Parallel(n_jobs=16)]: Done 100 tasks      | elapsed:    0.2s
[Parallel(n_jobs=16)]: Batch computation too fast (0.11073017120361328s.) Setting batch_size=8.
[Parallel(n_jobs=16)]: Done 104 tasks      | elapsed:    0.2s
[Parallel(n_jobs=16)]: Done 108 tasks      | elapsed:    0.2s
[Parallel(n_jobs=16)]: Done 112 tasks      | elapsed:    0.2s
[Parallel(n_jobs=16)]: Done 116 tasks      | elapsed:    0.2s
[Parallel(n_jobs=16)]: Done 120 tasks      | elapsed:    0.2s
[Parallel(n_jobs=16)]: Done 124 tasks      | elapsed:    0.2s
[Parallel(n_jobs=16)]: Done 128 tasks      | elapsed:    0.2s
[Parallel(n_jobs=16)]: Done 132 tasks      | elapsed:    0.2s
[Parallel(n_jobs=16)]: Done 136 tasks      | elapsed:    0.2s
[Parallel(n_jobs=16)]: Done 140 tasks      | elapsed:    0.2s
[Parallel(n_jobs=16)]: Done 144 tasks      | elapsed:    0.2s
[Parallel(n_jobs=16)]: Done 148 tasks      | elapsed:    0.2s
[Parallel(n_jobs=16)]: Done 152 tasks      | elapsed:    0.2s
[Parallel(n_jobs=16)]: Done 156 tasks      | elapsed:    0.2s
[Parallel(n_jobs=16)]: Done 160 tasks      | elapsed:    0.2s
[Parallel(n_jobs=16)]: Done 164 tasks      | elapsed:    0.3s
[Parallel(n_jobs=16)]: Done 168 tasks      | elapsed:    0.3s
[Parallel(n_jobs=16)]: Done 172 tasks      | elapsed:    0.3s
[Parallel(n_jobs=16)]: Done 176 tasks      | elapsed:    0.3s
[Parallel(n_jobs=16)]: Done 180 tasks      | elapsed:    0.3s
[Parallel(n_jobs=16)]: Done 184 tasks      | elapsed:    0.3s
[Parallel(n_jobs=16)]: Done 188 tasks      | elapsed:    0.3s
[Parallel(n_jobs=16)]: Done 192 tasks      | elapsed:    0.3s
[Parallel(n_jobs=16)]: Done 196 tasks      | elapsed:    0.3s
[Parallel(n_jobs=16)]: Done 200 tasks      | elapsed:    0.3s
[Parallel(n_jobs=16)]: Done 204 tasks      | elapsed:    0.3s
[Parallel(n_jobs=16)]: Done 208 tasks      | elapsed:    0.3s
[Parallel(n_jobs=16)]: Done 212 tasks      | elapsed:    0.3s
[Parallel(n_jobs=16)]: Done 216 tasks      | elapsed:    0.3s
[Parallel(n_jobs=16)]: Done 220 tasks      | elapsed:    0.3s
[Parallel(n_jobs=16)]: Done 224 tasks      | elapsed:    0.3s
[Parallel(n_jobs=16)]: Done 232 tasks      | elapsed:    0.4s
[Parallel(n_jobs=16)]: Done 240 tasks      | elapsed:    0.4s
[Parallel(n_jobs=16)]: Done 248 tasks      | elapsed:    0.4s
[Parallel(n_jobs=16)]: Done 256 tasks      | elapsed:    0.4s
[Parallel(n_jobs=16)]: Done 264 tasks      | elapsed:    0.4s
[Parallel(n_jobs=16)]: Done 272 tasks      | elapsed:    0.4s
[Parallel(n_jobs=16)]: Done 280 tasks      | elapsed:    0.4s
[Parallel(n_jobs=16)]: Done 288 tasks      | elapsed:    0.4s
[Parallel(n_jobs=16)]: Done 296 tasks      | elapsed:    0.5s
[Parallel(n_jobs=16)]: Done 304 tasks      | elapsed:    0.5s
[Parallel(n_jobs=16)]: Done 312 tasks      | elapsed:    0.5s
[Parallel(n_jobs=16)]: Done 320 tasks      | elapsed:    0.5s
[Parallel(n_jobs=16)]: Done 328 tasks      | elapsed:    0.5s
[Parallel(n_jobs=16)]: Done 336 tasks      | elapsed:    0.5s
[Parallel(n_jobs=16)]: Done 344 tasks      | elapsed:    0.5s
[Parallel(n_jobs=16)]: Done 352 tasks      | elapsed:    0.5s
[Parallel(n_jobs=16)]: Done 360 tasks      | elapsed:    0.6s
[Parallel(n_jobs=16)]: Done 368 tasks      | elapsed:    0.6s
[Parallel(n_jobs=16)]: Done 376 tasks      | elapsed:    0.6s
[Parallel(n_jobs=16)]: Done 384 tasks      | elapsed:    0.6s
[Parallel(n_jobs=16)]: Done 392 tasks      | elapsed:    0.6s
[Parallel(n_jobs=16)]: Done 400 tasks      | elapsed:    0.6s
[Parallel(n_jobs=16)]: Done 408 tasks      | elapsed:    0.6s
[Parallel(n_jobs=16)]: Done 416 tasks      | elapsed:    0.6s
[Parallel(n_jobs=16)]: Done 424 tasks      | elapsed:    0.6s
[Parallel(n_jobs=16)]: Done 432 tasks      | elapsed:    0.6s
[Parallel(n_jobs=16)]: Done 440 tasks      | elapsed:    0.6s
[Parallel(n_jobs=16)]: Done 448 tasks      | elapsed:    0.6s
[Parallel(n_jobs=16)]: Done 456 tasks      | elapsed:    0.6s
[Parallel(n_jobs=16)]: Done 464 tasks      | elapsed:    0.6s
[Parallel(n_jobs=16)]: Done 472 tasks      | elapsed:    0.7s
[Parallel(n_jobs=16)]: Done 480 tasks      | elapsed:    0.7s
[Parallel(n_jobs=16)]: Done 488 tasks      | elapsed:    0.7s
[Parallel(n_jobs=16)]: Done 496 tasks      | elapsed:    0.7s
[Parallel(n_jobs=16)]: Done 504 tasks      | elapsed:    0.7s
[Parallel(n_jobs=16)]: Done 512 tasks      | elapsed:    0.7s
[Parallel(n_jobs=16)]: Done 520 tasks      | elapsed:    0.8s
[Parallel(n_jobs=16)]: Done 528 tasks      | elapsed:    0.8s
[Parallel(n_jobs=16)]: Done 536 tasks      | elapsed:    0.8s
[Parallel(n_jobs=16)]: Done 544 tasks      | elapsed:    0.8s
[Parallel(n_jobs=16)]: Done 552 tasks      | elapsed:    0.8s
[Parallel(n_jobs=16)]: Done 560 tasks      | elapsed:    0.8s
[Parallel(n_jobs=16)]: Done 568 tasks      | elapsed:    0.8s
[Parallel(n_jobs=16)]: Done 576 tasks      | elapsed:    0.8s
[Parallel(n_jobs=16)]: Done 584 tasks      | elapsed:    0.8s
[Parallel(n_jobs=16)]: Done 592 tasks      | elapsed:    0.8s
[Parallel(n_jobs=16)]: Done 600 tasks      | elapsed:    0.8s
[Parallel(n_jobs=16)]: Done 608 tasks      | elapsed:    0.9s
[Parallel(n_jobs=16)]: Done 616 tasks      | elapsed:    0.9s
[Parallel(n_jobs=16)]: Done 624 tasks      | elapsed:    0.9s
[Parallel(n_jobs=16)]: Done 632 tasks      | elapsed:    0.9s
[Parallel(n_jobs=16)]: Done 640 tasks      | elapsed:    0.9s
[Parallel(n_jobs=16)]: Done 648 tasks      | elapsed:    0.9s
[Parallel(n_jobs=16)]: Done 656 tasks      | elapsed:    0.9s
[Parallel(n_jobs=16)]: Done 664 tasks      | elapsed:    0.9s
[Parallel(n_jobs=16)]: Done 672 tasks      | elapsed:    1.0s
[Parallel(n_jobs=16)]: Done 680 tasks      | elapsed:    1.0s
[Parallel(n_jobs=16)]: Done 688 tasks      | elapsed:    1.0s
[Parallel(n_jobs=16)]: Done 696 tasks      | elapsed:    1.0s
[Parallel(n_jobs=16)]: Done 704 tasks      | elapsed:    1.0s
[Parallel(n_jobs=16)]: Done 712 tasks      | elapsed:    1.0s
[Parallel(n_jobs=16)]: Done 720 tasks      | elapsed:    1.0s
[Parallel(n_jobs=16)]: Done 728 tasks      | elapsed:    1.0s
[Parallel(n_jobs=16)]: Done 736 tasks      | elapsed:    1.0s
[Parallel(n_jobs=16)]: Done 744 tasks      | elapsed:    1.1s
[Parallel(n_jobs=16)]: Done 752 tasks      | elapsed:    1.1s
[Parallel(n_jobs=16)]: Done 760 tasks      | elapsed:    1.1s
[Parallel(n_jobs=16)]: Done 768 tasks      | elapsed:    1.1s
[Parallel(n_jobs=16)]: Done 776 tasks      | elapsed:    1.1s
[Parallel(n_jobs=16)]: Done 784 tasks      | elapsed:    1.1s
[Parallel(n_jobs=16)]: Done 792 tasks      | elapsed:    1.1s
[Parallel(n_jobs=16)]: Done 800 tasks      | elapsed:    1.1s
[Parallel(n_jobs=16)]: Done 808 tasks      | elapsed:    1.1s
[Parallel(n_jobs=16)]: Done 816 tasks      | elapsed:    1.1s
[Parallel(n_jobs=16)]: Done 824 tasks      | elapsed:    1.1s
[Parallel(n_jobs=16)]: Done 832 tasks      | elapsed:    1.2s
[Parallel(n_jobs=16)]: Done 840 tasks      | elapsed:    1.2s
[Parallel(n_jobs=16)]: Done 848 tasks      | elapsed:    1.2s
[Parallel(n_jobs=16)]: Done 856 tasks      | elapsed:    1.2s
[Parallel(n_jobs=16)]: Done 864 tasks      | elapsed:    1.2s
[Parallel(n_jobs=16)]: Done 872 tasks      | elapsed:    1.3s
[Parallel(n_jobs=16)]: Done 880 tasks      | elapsed:    1.3s
[Parallel(n_jobs=16)]: Done 888 tasks      | elapsed:    1.3s
[Parallel(n_jobs=16)]: Done 896 tasks      | elapsed:    1.3s
[Parallel(n_jobs=16)]: Done 904 tasks      | elapsed:    1.3s
[Parallel(n_jobs=16)]: Done 912 tasks      | elapsed:    1.3s
[Parallel(n_jobs=16)]: Done 920 tasks      | elapsed:    1.3s
[Parallel(n_jobs=16)]: Done 928 tasks      | elapsed:    1.3s
[Parallel(n_jobs=16)]: Done 936 tasks      | elapsed:    1.3s
[Parallel(n_jobs=16)]: Done 944 tasks      | elapsed:    1.3s
[Parallel(n_jobs=16)]: Done 952 tasks      | elapsed:    1.3s
[Parallel(n_jobs=16)]: Done 960 tasks      | elapsed:    1.3s
[Parallel(n_jobs=16)]: Done 968 tasks      | elapsed:    1.3s
[Parallel(n_jobs=16)]: Done 976 tasks      | elapsed:    1.3s
[Parallel(n_jobs=16)]: Done 984 tasks      | elapsed:    1.4s
[Parallel(n_jobs=16)]: Done 992 tasks      | elapsed:    1.4s
[Parallel(n_jobs=16)]: Done 1000 tasks      | elapsed:    1.4s
[Parallel(n_jobs=16)]: Done 1008 tasks      | elapsed:    1.5s
[Parallel(n_jobs=16)]: Done 1016 tasks      | elapsed:    1.5s
[Parallel(n_jobs=16)]: Done 1024 tasks      | elapsed:    1.5s
[Parallel(n_jobs=16)]: Done 1032 tasks      | elapsed:    1.5s
[Parallel(n_jobs=16)]: Done 1040 tasks      | elapsed:    1.5s
[Parallel(n_jobs=16)]: Done 1048 tasks      | elapsed:    1.5s
[Parallel(n_jobs=16)]: Done 1056 tasks      | elapsed:    1.5s
[Parallel(n_jobs=16)]: Done 1064 tasks      | elapsed:    1.5s
[Parallel(n_jobs=16)]: Done 1072 tasks      | elapsed:    1.5s
[Parallel(n_jobs=16)]: Done 1080 tasks      | elapsed:    1.5s
[Parallel(n_jobs=16)]: Done 1088 tasks      | elapsed:    1.5s
[Parallel(n_jobs=16)]: Done 1096 tasks      | elapsed:    1.5s
[Parallel(n_jobs=16)]: Done 1104 tasks      | elapsed:    1.6s
[Parallel(n_jobs=16)]: Done 1112 tasks      | elapsed:    1.6s
[Parallel(n_jobs=16)]: Done 1120 tasks      | elapsed:    1.6s
[Parallel(n_jobs=16)]: Done 1128 tasks      | elapsed:    1.7s
[Parallel(n_jobs=16)]: Done 1136 tasks      | elapsed:    1.7s
[Parallel(n_jobs=16)]: Done 1144 tasks      | elapsed:    1.7s
[Parallel(n_jobs=16)]: Done 1152 tasks      | elapsed:    1.7s
[Parallel(n_jobs=16)]: Done 1160 tasks      | elapsed:    1.7s
[Parallel(n_jobs=16)]: Done 1168 tasks      | elapsed:    1.7s
[Parallel(n_jobs=16)]: Done 1176 tasks      | elapsed:    1.7s
[Parallel(n_jobs=16)]: Done 1184 tasks      | elapsed:    1.7s
[Parallel(n_jobs=16)]: Done 1192 tasks      | elapsed:    1.7s
[Parallel(n_jobs=16)]: Done 1200 tasks      | elapsed:    1.7s
[Parallel(n_jobs=16)]: Done 1208 tasks      | elapsed:    1.7s
[Parallel(n_jobs=16)]: Done 1216 tasks      | elapsed:    1.8s
[Parallel(n_jobs=16)]: Done 1224 tasks      | elapsed:    1.8s
[Parallel(n_jobs=16)]: Done 1232 tasks      | elapsed:    1.8s
[Parallel(n_jobs=16)]: Done 1240 tasks      | elapsed:    1.8s
[Parallel(n_jobs=16)]: Done 1248 tasks      | elapsed:    1.9s
[Parallel(n_jobs=16)]: Done 1256 tasks      | elapsed:    1.9s
[Parallel(n_jobs=16)]: Done 1264 tasks      | elapsed:    1.9s
[Parallel(n_jobs=16)]: Done 1272 tasks      | elapsed:    1.9s
[Parallel(n_jobs=16)]: Done 1280 tasks      | elapsed:    1.9s
[Parallel(n_jobs=16)]: Done 1288 tasks      | elapsed:    1.9s
[Parallel(n_jobs=16)]: Done 1296 tasks      | elapsed:    1.9s
[Parallel(n_jobs=16)]: Done 1304 tasks      | elapsed:    1.9s
[Parallel(n_jobs=16)]: Done 1312 tasks      | elapsed:    1.9s
[Parallel(n_jobs=16)]: Done 1320 tasks      | elapsed:    1.9s
[Parallel(n_jobs=16)]: Done 1328 tasks      | elapsed:    1.9s
[Parallel(n_jobs=16)]: Done 1336 tasks      | elapsed:    2.0s
[Parallel(n_jobs=16)]: Done 1344 tasks      | elapsed:    2.0s
[Parallel(n_jobs=16)]: Done 1352 tasks      | elapsed:    2.0s
[Parallel(n_jobs=16)]: Done 1360 tasks      | elapsed:    2.0s
[Parallel(n_jobs=16)]: Done 1368 tasks      | elapsed:    2.0s
[Parallel(n_jobs=16)]: Done 1376 tasks      | elapsed:    2.1s
[Parallel(n_jobs=16)]: Done 1384 tasks      | elapsed:    2.1s
[Parallel(n_jobs=16)]: Done 1392 tasks      | elapsed:    2.1s
[Parallel(n_jobs=16)]: Done 1400 tasks      | elapsed:    2.1s
[Parallel(n_jobs=16)]: Done 1408 tasks      | elapsed:    2.1s
[Parallel(n_jobs=16)]: Done 1416 tasks      | elapsed:    2.1s
[Parallel(n_jobs=16)]: Done 1424 tasks      | elapsed:    2.1s
[Parallel(n_jobs=16)]: Done 1432 tasks      | elapsed:    2.1s
[Parallel(n_jobs=16)]: Done 1440 tasks      | elapsed:    2.2s
[Parallel(n_jobs=16)]: Done 1448 tasks      | elapsed:    2.2s
[Parallel(n_jobs=16)]: Done 1456 tasks      | elapsed:    2.2s
[Parallel(n_jobs=16)]: Done 1464 tasks      | elapsed:    2.2s
[Parallel(n_jobs=16)]: Done 1472 tasks      | elapsed:    2.2s
[Parallel(n_jobs=16)]: Done 1480 tasks      | elapsed:    2.3s
[Parallel(n_jobs=16)]: Done 1488 tasks      | elapsed:    2.3s
[Parallel(n_jobs=16)]: Done 1496 tasks      | elapsed:    2.3s
[Parallel(n_jobs=16)]: Done 1504 tasks      | elapsed:    2.3s
[Parallel(n_jobs=16)]: Done 1512 tasks      | elapsed:    2.3s
[Parallel(n_jobs=16)]: Done 1520 tasks      | elapsed:    2.3s
[Parallel(n_jobs=16)]: Done 1528 tasks      | elapsed:    2.3s
[Parallel(n_jobs=16)]: Done 1536 tasks      | elapsed:    2.3s
[Parallel(n_jobs=16)]: Done 1544 tasks      | elapsed:    2.3s
[Parallel(n_jobs=16)]: Done 1552 tasks      | elapsed:    2.3s
[Parallel(n_jobs=16)]: Done 1560 tasks      | elapsed:    2.4s
[Parallel(n_jobs=16)]: Done 1568 tasks      | elapsed:    2.4s
[Parallel(n_jobs=16)]: Done 1576 tasks      | elapsed:    2.4s
[Parallel(n_jobs=16)]: Done 1584 tasks      | elapsed:    2.4s
[Parallel(n_jobs=16)]: Done 1592 tasks      | elapsed:    2.4s
[Parallel(n_jobs=16)]: Done 1600 tasks      | elapsed:    2.4s
[Parallel(n_jobs=16)]: Done 1608 tasks      | elapsed:    2.5s
[Parallel(n_jobs=16)]: Done 1616 tasks      | elapsed:    2.5s
[Parallel(n_jobs=16)]: Done 1624 tasks      | elapsed:    2.5s
[Parallel(n_jobs=16)]: Done 1632 tasks      | elapsed:    2.5s
[Parallel(n_jobs=16)]: Done 1640 tasks      | elapsed:    2.5s
[Parallel(n_jobs=16)]: Done 1648 tasks      | elapsed:    2.5s
[Parallel(n_jobs=16)]: Done 1656 tasks      | elapsed:    2.5s
[Parallel(n_jobs=16)]: Done 1664 tasks      | elapsed:    2.5s
[Parallel(n_jobs=16)]: Done 1672 tasks      | elapsed:    2.5s
[Parallel(n_jobs=16)]: Done 1680 tasks      | elapsed:    2.5s
[Parallel(n_jobs=16)]: Done 1688 tasks      | elapsed:    2.5s
[Parallel(n_jobs=16)]: Done 1696 tasks      | elapsed:    2.6s
[Parallel(n_jobs=16)]: Done 1704 tasks      | elapsed:    2.6s
[Parallel(n_jobs=16)]: Done 1712 tasks      | elapsed:    2.6s
[Parallel(n_jobs=16)]: Done 1720 tasks      | elapsed:    2.6s
[Parallel(n_jobs=16)]: Done 1728 tasks      | elapsed:    2.6s
[Parallel(n_jobs=16)]: Done 1736 tasks      | elapsed:    2.7s
[Parallel(n_jobs=16)]: Done 1744 tasks      | elapsed:    2.7s
[Parallel(n_jobs=16)]: Done 1752 tasks      | elapsed:    2.7s
[Parallel(n_jobs=16)]: Done 1760 tasks      | elapsed:    2.7s
[Parallel(n_jobs=16)]: Done 1768 tasks      | elapsed:    2.7s
[Parallel(n_jobs=16)]: Done 1776 tasks      | elapsed:    2.7s
[Parallel(n_jobs=16)]: Done 1784 tasks      | elapsed:    2.7s
[Parallel(n_jobs=16)]: Done 1792 tasks      | elapsed:    2.7s
[Parallel(n_jobs=16)]: Done 1800 tasks      | elapsed:    2.8s
[Parallel(n_jobs=16)]: Done 1808 tasks      | elapsed:    2.8s
[Parallel(n_jobs=16)]: Done 1816 tasks      | elapsed:    2.8s
[Parallel(n_jobs=16)]: Done 1824 tasks      | elapsed:    2.8s
[Parallel(n_jobs=16)]: Done 1832 tasks      | elapsed:    2.8s
[Parallel(n_jobs=16)]: Done 1840 tasks      | elapsed:    2.8s
[Parallel(n_jobs=16)]: Done 1848 tasks      | elapsed:    2.8s
[Parallel(n_jobs=16)]: Done 1856 tasks      | elapsed:    2.8s
[Parallel(n_jobs=16)]: Done 1864 tasks      | elapsed:    2.8s
[Parallel(n_jobs=16)]: Done 1872 tasks      | elapsed:    2.9s
[Parallel(n_jobs=16)]: Done 1880 tasks      | elapsed:    2.9s
[Parallel(n_jobs=16)]: Done 1888 tasks      | elapsed:    2.9s
[Parallel(n_jobs=16)]: Done 1896 tasks      | elapsed:    2.9s
[Parallel(n_jobs=16)]: Done 1904 tasks      | elapsed:    2.9s
[Parallel(n_jobs=16)]: Done 1912 tasks      | elapsed:    2.9s
[Parallel(n_jobs=16)]: Done 1920 tasks      | elapsed:    2.9s
[Parallel(n_jobs=16)]: Done 1928 tasks      | elapsed:    2.9s
[Parallel(n_jobs=16)]: Done 1936 tasks      | elapsed:    2.9s
[Parallel(n_jobs=16)]: Done 1944 tasks      | elapsed:    2.9s
[Parallel(n_jobs=16)]: Done 1952 tasks      | elapsed:    3.0s
[Parallel(n_jobs=16)]: Done 1960 tasks      | elapsed:    3.0s
[Parallel(n_jobs=16)]: Done 1968 tasks      | elapsed:    3.0s
[Parallel(n_jobs=16)]: Done 1976 tasks      | elapsed:    3.0s
[Parallel(n_jobs=16)]: Done 1984 tasks      | elapsed:    3.0s
[Parallel(n_jobs=16)]: Done 1992 tasks      | elapsed:    3.0s
[Parallel(n_jobs=16)]: Done 2000 tasks      | elapsed:    3.1s
[Parallel(n_jobs=16)]: Done 2008 tasks      | elapsed:    3.1s
[Parallel(n_jobs=16)]: Done 2016 tasks      | elapsed:    3.1s
[Parallel(n_jobs=16)]: Done 2024 tasks      | elapsed:    3.1s
[Parallel(n_jobs=16)]: Done 2032 tasks      | elapsed:    3.1s
[Parallel(n_jobs=16)]: Done 2040 tasks      | elapsed:    3.1s
[Parallel(n_jobs=16)]: Done 2048 tasks      | elapsed:    3.1s
[Parallel(n_jobs=16)]: Done 2056 tasks      | elapsed:    3.1s
[Parallel(n_jobs=16)]: Done 2064 tasks      | elapsed:    3.1s
[Parallel(n_jobs=16)]: Done 2072 tasks      | elapsed:    3.2s
[Parallel(n_jobs=16)]: Done 2080 tasks      | elapsed:    3.2s
[Parallel(n_jobs=16)]: Done 2088 tasks      | elapsed:    3.2s
[Parallel(n_jobs=16)]: Done 2096 tasks      | elapsed:    3.2s
[Parallel(n_jobs=16)]: Done 2104 tasks      | elapsed:    3.2s
[Parallel(n_jobs=16)]: Done 2112 tasks      | elapsed:    3.2s
[Parallel(n_jobs=16)]: Done 2120 tasks      | elapsed:    3.3s
[Parallel(n_jobs=16)]: Done 2128 tasks      | elapsed:    3.3s
[Parallel(n_jobs=16)]: Done 2136 tasks      | elapsed:    3.3s
[Parallel(n_jobs=16)]: Done 2144 tasks      | elapsed:    3.3s
[Parallel(n_jobs=16)]: Done 2152 tasks      | elapsed:    3.3s
[Parallel(n_jobs=16)]: Done 2160 tasks      | elapsed:    3.3s
[Parallel(n_jobs=16)]: Done 2168 tasks      | elapsed:    3.3s
[Parallel(n_jobs=16)]: Done 2176 tasks      | elapsed:    3.3s
[Parallel(n_jobs=16)]: Done 2184 tasks      | elapsed:    3.3s
[Parallel(n_jobs=16)]: Done 2192 tasks      | elapsed:    3.3s
[Parallel(n_jobs=16)]: Done 2200 tasks      | elapsed:    3.4s
[Parallel(n_jobs=16)]: Done 2208 tasks      | elapsed:    3.4s
[Parallel(n_jobs=16)]: Done 2216 tasks      | elapsed:    3.4s
[Parallel(n_jobs=16)]: Done 2224 tasks      | elapsed:    3.4s
[Parallel(n_jobs=16)]: Done 2232 tasks      | elapsed:    3.4s
[Parallel(n_jobs=16)]: Done 2240 tasks      | elapsed:    3.4s
[Parallel(n_jobs=16)]: Done 2248 tasks      | elapsed:    3.5s
[Parallel(n_jobs=16)]: Done 2256 tasks      | elapsed:    3.5s
[Parallel(n_jobs=16)]: Done 2264 tasks      | elapsed:    3.5s
[Parallel(n_jobs=16)]: Done 2272 tasks      | elapsed:    3.5s
[Parallel(n_jobs=16)]: Done 2280 tasks      | elapsed:    3.5s
[Parallel(n_jobs=16)]: Done 2288 tasks      | elapsed:    3.5s
[Parallel(n_jobs=16)]: Done 2296 tasks      | elapsed:    3.5s
[Parallel(n_jobs=16)]: Done 2304 tasks      | elapsed:    3.6s
[Parallel(n_jobs=16)]: Done 2312 tasks      | elapsed:    3.6s
[Parallel(n_jobs=16)]: Done 2320 tasks      | elapsed:    3.6s
[Parallel(n_jobs=16)]: Done 2328 tasks      | elapsed:    3.6s
[Parallel(n_jobs=16)]: Done 2336 tasks      | elapsed:    3.6s
[Parallel(n_jobs=16)]: Done 2344 tasks      | elapsed:    3.6s
[Parallel(n_jobs=16)]: Done 2352 tasks      | elapsed:    3.6s
[Parallel(n_jobs=16)]: Done 2360 tasks      | elapsed:    3.6s
[Parallel(n_jobs=16)]: Done 2368 tasks      | elapsed:    3.7s
[Parallel(n_jobs=16)]: Done 2376 tasks      | elapsed:    3.7s
[Parallel(n_jobs=16)]: Done 2384 tasks      | elapsed:    3.7s
[Parallel(n_jobs=16)]: Done 2392 tasks      | elapsed:    3.7s
[Parallel(n_jobs=16)]: Done 2400 tasks      | elapsed:    3.7s
[Parallel(n_jobs=16)]: Done 2408 tasks      | elapsed:    3.7s
[Parallel(n_jobs=16)]: Done 2416 tasks      | elapsed:    3.7s
[Parallel(n_jobs=16)]: Done 2424 tasks      | elapsed:    3.7s
[Parallel(n_jobs=16)]: Done 2432 tasks      | elapsed:    3.8s
[Parallel(n_jobs=16)]: Done 2440 tasks      | elapsed:    3.8s
[Parallel(n_jobs=16)]: Done 2448 tasks      | elapsed:    3.8s
[Parallel(n_jobs=16)]: Done 2456 tasks      | elapsed:    3.8s
[Parallel(n_jobs=16)]: Done 2464 tasks      | elapsed:    3.8s
[Parallel(n_jobs=16)]: Done 2472 tasks      | elapsed:    3.8s
[Parallel(n_jobs=16)]: Done 2480 tasks      | elapsed:    3.8s
[Parallel(n_jobs=16)]: Done 2488 tasks      | elapsed:    3.8s
[Parallel(n_jobs=16)]: Done 2496 tasks      | elapsed:    3.9s
[Parallel(n_jobs=16)]: Done 2504 tasks      | elapsed:    3.9s
[Parallel(n_jobs=16)]: Done 2512 tasks      | elapsed:    3.9s
[Parallel(n_jobs=16)]: Done 2520 tasks      | elapsed:    3.9s
[Parallel(n_jobs=16)]: Done 2528 tasks      | elapsed:    3.9s
[Parallel(n_jobs=16)]: Done 2536 tasks      | elapsed:    3.9s
[Parallel(n_jobs=16)]: Done 2544 tasks      | elapsed:    3.9s
[Parallel(n_jobs=16)]: Done 2552 tasks      | elapsed:    3.9s
[Parallel(n_jobs=16)]: Done 2560 tasks      | elapsed:    4.0s
[Parallel(n_jobs=16)]: Done 2568 tasks      | elapsed:    4.0s
[Parallel(n_jobs=16)]: Done 2576 tasks      | elapsed:    4.0s
[Parallel(n_jobs=16)]: Done 2584 tasks      | elapsed:    4.0s
[Parallel(n_jobs=16)]: Done 2592 tasks      | elapsed:    4.0s
[Parallel(n_jobs=16)]: Done 2600 tasks      | elapsed:    4.0s
[Parallel(n_jobs=16)]: Done 2608 tasks      | elapsed:    4.0s
[Parallel(n_jobs=16)]: Done 2616 tasks      | elapsed:    4.0s
[Parallel(n_jobs=16)]: Done 2624 tasks      | elapsed:    4.1s
[Parallel(n_jobs=16)]: Done 2632 tasks      | elapsed:    4.1s
[Parallel(n_jobs=16)]: Done 2640 tasks      | elapsed:    4.1s
[Parallel(n_jobs=16)]: Done 2648 tasks      | elapsed:    4.1s
[Parallel(n_jobs=16)]: Done 2656 tasks      | elapsed:    4.1s
[Parallel(n_jobs=16)]: Done 2664 tasks      | elapsed:    4.1s
[Parallel(n_jobs=16)]: Done 2672 tasks      | elapsed:    4.1s
[Parallel(n_jobs=16)]: Done 2680 tasks      | elapsed:    4.1s
[Parallel(n_jobs=16)]: Done 2688 tasks      | elapsed:    4.1s
[Parallel(n_jobs=16)]: Done 2696 tasks      | elapsed:    4.1s
[Parallel(n_jobs=16)]: Done 2704 tasks      | elapsed:    4.2s
[Parallel(n_jobs=16)]: Done 2712 tasks      | elapsed:    4.2s
[Parallel(n_jobs=16)]: Done 2720 tasks      | elapsed:    4.2s
[Parallel(n_jobs=16)]: Done 2728 tasks      | elapsed:    4.2s
[Parallel(n_jobs=16)]: Done 2736 tasks      | elapsed:    4.2s
[Parallel(n_jobs=16)]: Done 2744 tasks      | elapsed:    4.2s
[Parallel(n_jobs=16)]: Done 2752 tasks      | elapsed:    4.3s
[Parallel(n_jobs=16)]: Done 2760 tasks      | elapsed:    4.3s
[Parallel(n_jobs=16)]: Done 2768 tasks      | elapsed:    4.3s
[Parallel(n_jobs=16)]: Done 2776 tasks      | elapsed:    4.3s
[Parallel(n_jobs=16)]: Done 2784 tasks      | elapsed:    4.3s
[Parallel(n_jobs=16)]: Done 2792 tasks      | elapsed:    4.3s
[Parallel(n_jobs=16)]: Done 2800 tasks      | elapsed:    4.3s
[Parallel(n_jobs=16)]: Done 2808 tasks      | elapsed:    4.3s
[Parallel(n_jobs=16)]: Done 2816 tasks      | elapsed:    4.3s
[Parallel(n_jobs=16)]: Done 2824 tasks      | elapsed:    4.4s
[Parallel(n_jobs=16)]: Done 2832 tasks      | elapsed:    4.4s
[Parallel(n_jobs=16)]: Done 2840 tasks      | elapsed:    4.4s
[Parallel(n_jobs=16)]: Done 2848 tasks      | elapsed:    4.4s
[Parallel(n_jobs=16)]: Done 2856 tasks      | elapsed:    4.4s
[Parallel(n_jobs=16)]: Done 2864 tasks      | elapsed:    4.4s
[Parallel(n_jobs=16)]: Done 2872 tasks      | elapsed:    4.4s
[Parallel(n_jobs=16)]: Done 2880 tasks      | elapsed:    4.4s
[Parallel(n_jobs=16)]: Done 2888 tasks      | elapsed:    4.4s
[Parallel(n_jobs=16)]: Done 2896 tasks      | elapsed:    4.5s
[Parallel(n_jobs=16)]: Done 2904 tasks      | elapsed:    4.5s
[Parallel(n_jobs=16)]: Done 2912 tasks      | elapsed:    4.5s
[Parallel(n_jobs=16)]: Done 2920 tasks      | elapsed:    4.5s
[Parallel(n_jobs=16)]: Done 2928 tasks      | elapsed:    4.5s
[Parallel(n_jobs=16)]: Done 2936 tasks      | elapsed:    4.5s
[Parallel(n_jobs=16)]: Done 2944 tasks      | elapsed:    4.5s
[Parallel(n_jobs=16)]: Done 2952 tasks      | elapsed:    4.5s
[Parallel(n_jobs=16)]: Done 2960 tasks      | elapsed:    4.5s
[Parallel(n_jobs=16)]: Done 2968 tasks      | elapsed:    4.5s
[Parallel(n_jobs=16)]: Done 2976 tasks      | elapsed:    4.5s
[Parallel(n_jobs=16)]: Done 2984 tasks      | elapsed:    4.6s
[Parallel(n_jobs=16)]: Done 2992 tasks      | elapsed:    4.6s
[Parallel(n_jobs=16)]: Done 3000 tasks      | elapsed:    4.6s
[Parallel(n_jobs=16)]: Done 3008 tasks      | elapsed:    4.6s
[Parallel(n_jobs=16)]: Done 3016 tasks      | elapsed:    4.6s
[Parallel(n_jobs=16)]: Done 3024 tasks      | elapsed:    4.6s
[Parallel(n_jobs=16)]: Done 3032 tasks      | elapsed:    4.6s
[Parallel(n_jobs=16)]: Done 3040 tasks      | elapsed:    4.6s
[Parallel(n_jobs=16)]: Done 3048 tasks      | elapsed:    4.6s
[Parallel(n_jobs=16)]: Done 3056 tasks      | elapsed:    4.6s
[Parallel(n_jobs=16)]: Done 3064 tasks      | elapsed:    4.6s
[Parallel(n_jobs=16)]: Done 3072 tasks      | elapsed:    4.7s
[Parallel(n_jobs=16)]: Done 3080 tasks      | elapsed:    4.7s
[Parallel(n_jobs=16)]: Done 3088 tasks      | elapsed:    4.7s
[Parallel(n_jobs=16)]: Done 3096 tasks      | elapsed:    4.7s
[Parallel(n_jobs=16)]: Done 3104 tasks      | elapsed:    4.7s
[Parallel(n_jobs=16)]: Done 3112 tasks      | elapsed:    4.7s
[Parallel(n_jobs=16)]: Done 3120 tasks      | elapsed:    4.7s
[Parallel(n_jobs=16)]: Done 3128 tasks      | elapsed:    4.7s
[Parallel(n_jobs=16)]: Done 3136 tasks      | elapsed:    4.7s
[Parallel(n_jobs=16)]: Done 3144 tasks      | elapsed:    4.7s
[Parallel(n_jobs=16)]: Done 3152 tasks      | elapsed:    4.8s
[Parallel(n_jobs=16)]: Done 3160 tasks      | elapsed:    4.8s
[Parallel(n_jobs=16)]: Done 3168 tasks      | elapsed:    4.8s
[Parallel(n_jobs=16)]: Done 3176 tasks      | elapsed:    4.8s
[Parallel(n_jobs=16)]: Done 3184 tasks      | elapsed:    4.8s
[Parallel(n_jobs=16)]: Done 3192 tasks      | elapsed:    4.8s
[Parallel(n_jobs=16)]: Done 3200 tasks      | elapsed:    4.8s
[Parallel(n_jobs=16)]: Done 3208 tasks      | elapsed:    4.8s
[Parallel(n_jobs=16)]: Done 3216 tasks      | elapsed:    4.8s
[Parallel(n_jobs=16)]: Done 3224 tasks      | elapsed:    4.8s
[Parallel(n_jobs=16)]: Done 3232 tasks      | elapsed:    4.8s
[Parallel(n_jobs=16)]: Done 3240 tasks      | elapsed:    4.9s
[Parallel(n_jobs=16)]: Done 3248 tasks      | elapsed:    4.9s
[Parallel(n_jobs=16)]: Done 3256 tasks      | elapsed:    4.9s
[Parallel(n_jobs=16)]: Done 3264 tasks      | elapsed:    4.9s
[Parallel(n_jobs=16)]: Done 3272 tasks      | elapsed:    4.9s
[Parallel(n_jobs=16)]: Done 3280 tasks      | elapsed:    4.9s
[Parallel(n_jobs=16)]: Done 3288 tasks      | elapsed:    5.0s
[Parallel(n_jobs=16)]: Done 3296 tasks      | elapsed:    5.0s
[Parallel(n_jobs=16)]: Done 3304 tasks      | elapsed:    5.0s
[Parallel(n_jobs=16)]: Done 3312 tasks      | elapsed:    5.0s
[Parallel(n_jobs=16)]: Done 3320 tasks      | elapsed:    5.0s
[Parallel(n_jobs=16)]: Done 3328 tasks      | elapsed:    5.0s
[Parallel(n_jobs=16)]: Done 3336 tasks      | elapsed:    5.0s
[Parallel(n_jobs=16)]: Done 3344 tasks      | elapsed:    5.0s
[Parallel(n_jobs=16)]: Done 3352 tasks      | elapsed:    5.1s
[Parallel(n_jobs=16)]: Done 3360 tasks      | elapsed:    5.1s
[Parallel(n_jobs=16)]: Done 3368 tasks      | elapsed:    5.1s
[Parallel(n_jobs=16)]: Done 3376 tasks      | elapsed:    5.1s
[Parallel(n_jobs=16)]: Done 3384 tasks      | elapsed:    5.1s
[Parallel(n_jobs=16)]: Done 3392 tasks      | elapsed:    5.1s
[Parallel(n_jobs=16)]: Done 3400 tasks      | elapsed:    5.1s
[Parallel(n_jobs=16)]: Done 3408 tasks      | elapsed:    5.2s
[Parallel(n_jobs=16)]: Done 3416 tasks      | elapsed:    5.2s
[Parallel(n_jobs=16)]: Done 3424 tasks      | elapsed:    5.2s
[Parallel(n_jobs=16)]: Done 3432 tasks      | elapsed:    5.2s
[Parallel(n_jobs=16)]: Done 3440 tasks      | elapsed:    5.2s
[Parallel(n_jobs=16)]: Done 3448 tasks      | elapsed:    5.2s
[Parallel(n_jobs=16)]: Done 3456 tasks      | elapsed:    5.2s
[Parallel(n_jobs=16)]: Done 3464 tasks      | elapsed:    5.2s
[Parallel(n_jobs=16)]: Done 3472 tasks      | elapsed:    5.2s
[Parallel(n_jobs=16)]: Done 3480 tasks      | elapsed:    5.3s
[Parallel(n_jobs=16)]: Done 3488 tasks      | elapsed:    5.3s
[Parallel(n_jobs=16)]: Done 3496 tasks      | elapsed:    5.3s
[Parallel(n_jobs=16)]: Done 3504 tasks      | elapsed:    5.3s
[Parallel(n_jobs=16)]: Done 3512 tasks      | elapsed:    5.3s
[Parallel(n_jobs=16)]: Done 3520 tasks      | elapsed:    5.3s
[Parallel(n_jobs=16)]: Done 3528 tasks      | elapsed:    5.4s
[Parallel(n_jobs=16)]: Done 3536 tasks      | elapsed:    5.4s
[Parallel(n_jobs=16)]: Done 3544 tasks      | elapsed:    5.4s
[Parallel(n_jobs=16)]: Done 3552 tasks      | elapsed:    5.4s
[Parallel(n_jobs=16)]: Done 3560 tasks      | elapsed:    5.4s
[Parallel(n_jobs=16)]: Done 3568 tasks      | elapsed:    5.4s
[Parallel(n_jobs=16)]: Done 3576 tasks      | elapsed:    5.4s
[Parallel(n_jobs=16)]: Done 3584 tasks      | elapsed:    5.4s
[Parallel(n_jobs=16)]: Done 3592 tasks      | elapsed:    5.4s
[Parallel(n_jobs=16)]: Done 3600 tasks      | elapsed:    5.4s
[Parallel(n_jobs=16)]: Done 3608 tasks      | elapsed:    5.4s
[Parallel(n_jobs=16)]: Done 3616 tasks      | elapsed:    5.5s
[Parallel(n_jobs=16)]: Done 3624 tasks      | elapsed:    5.5s
[Parallel(n_jobs=16)]: Done 3632 tasks      | elapsed:    5.5s
[Parallel(n_jobs=16)]: Done 3640 tasks      | elapsed:    5.5s
[Parallel(n_jobs=16)]: Done 3648 tasks      | elapsed:    5.5s
[Parallel(n_jobs=16)]: Done 3656 tasks      | elapsed:    5.5s
[Parallel(n_jobs=16)]: Done 3664 tasks      | elapsed:    5.6s
[Parallel(n_jobs=16)]: Done 3672 tasks      | elapsed:    5.6s
[Parallel(n_jobs=16)]: Done 3680 tasks      | elapsed:    5.6s
[Parallel(n_jobs=16)]: Done 3688 tasks      | elapsed:    5.6s
[Parallel(n_jobs=16)]: Done 3696 tasks      | elapsed:    5.6s
[Parallel(n_jobs=16)]: Done 3704 tasks      | elapsed:    5.6s
[Parallel(n_jobs=16)]: Done 3712 tasks      | elapsed:    5.6s
[Parallel(n_jobs=16)]: Done 3720 tasks      | elapsed:    5.6s
[Parallel(n_jobs=16)]: Done 3728 tasks      | elapsed:    5.6s
[Parallel(n_jobs=16)]: Done 3736 tasks      | elapsed:    5.7s
[Parallel(n_jobs=16)]: Done 3744 tasks      | elapsed:    5.7s
[Parallel(n_jobs=16)]: Done 3752 tasks      | elapsed:    5.7s
[Parallel(n_jobs=16)]: Done 3760 tasks      | elapsed:    5.7s
[Parallel(n_jobs=16)]: Done 3768 tasks      | elapsed:    5.7s
[Parallel(n_jobs=16)]: Done 3776 tasks      | elapsed:    5.7s
[Parallel(n_jobs=16)]: Done 3784 tasks      | elapsed:    5.7s
[Parallel(n_jobs=16)]: Done 3792 tasks      | elapsed:    5.7s
[Parallel(n_jobs=16)]: Done 3800 tasks      | elapsed:    5.7s
[Parallel(n_jobs=16)]: Done 3808 tasks      | elapsed:    5.8s
[Parallel(n_jobs=16)]: Done 3816 tasks      | elapsed:    5.8s
[Parallel(n_jobs=16)]: Done 3824 tasks      | elapsed:    5.8s
[Parallel(n_jobs=16)]: Done 3832 tasks      | elapsed:    5.8s
[Parallel(n_jobs=16)]: Done 3840 tasks      | elapsed:    5.8s
[Parallel(n_jobs=16)]: Done 3848 tasks      | elapsed:    5.8s
[Parallel(n_jobs=16)]: Done 3856 tasks      | elapsed:    5.8s
[Parallel(n_jobs=16)]: Done 3864 tasks      | elapsed:    5.9s
[Parallel(n_jobs=16)]: Done 3872 tasks      | elapsed:    5.9s
[Parallel(n_jobs=16)]: Done 3880 tasks      | elapsed:    5.9s
[Parallel(n_jobs=16)]: Done 3888 tasks      | elapsed:    5.9s
[Parallel(n_jobs=16)]: Done 3896 tasks      | elapsed:    5.9s
[Parallel(n_jobs=16)]: Done 3904 tasks      | elapsed:    5.9s
[Parallel(n_jobs=16)]: Done 3912 tasks      | elapsed:    5.9s
[Parallel(n_jobs=16)]: Done 3920 tasks      | elapsed:    6.0s
[Parallel(n_jobs=16)]: Done 3928 tasks      | elapsed:    6.0s
[Parallel(n_jobs=16)]: Done 3936 tasks      | elapsed:    6.0s
[Parallel(n_jobs=16)]: Done 3944 tasks      | elapsed:    6.0s
[Parallel(n_jobs=16)]: Done 3952 tasks      | elapsed:    6.0s
[Parallel(n_jobs=16)]: Done 3960 tasks      | elapsed:    6.0s
[Parallel(n_jobs=16)]: Done 3968 tasks      | elapsed:    6.0s
[Parallel(n_jobs=16)]: Done 3976 tasks      | elapsed:    6.0s
[Parallel(n_jobs=16)]: Done 3984 tasks      | elapsed:    6.0s
[Parallel(n_jobs=16)]: Done 3992 tasks      | elapsed:    6.0s
[Parallel(n_jobs=16)]: Done 4000 tasks      | elapsed:    6.1s
[Parallel(n_jobs=16)]: Done 4008 tasks      | elapsed:    6.1s
[Parallel(n_jobs=16)]: Done 4016 tasks      | elapsed:    6.1s
[Parallel(n_jobs=16)]: Done 4024 tasks      | elapsed:    6.1s
[Parallel(n_jobs=16)]: Done 4032 tasks      | elapsed:    6.1s
[Parallel(n_jobs=16)]: Done 4040 tasks      | elapsed:    6.1s
[Parallel(n_jobs=16)]: Done 4048 tasks      | elapsed:    6.1s
[Parallel(n_jobs=16)]: Done 4056 tasks      | elapsed:    6.1s
[Parallel(n_jobs=16)]: Done 4064 tasks      | elapsed:    6.2s
[Parallel(n_jobs=16)]: Done 4072 tasks      | elapsed:    6.2s
[Parallel(n_jobs=16)]: Done 4080 tasks      | elapsed:    6.2s
[Parallel(n_jobs=16)]: Done 4088 tasks      | elapsed:    6.2s
[Parallel(n_jobs=16)]: Done 4096 tasks      | elapsed:    6.2s
[Parallel(n_jobs=16)]: Done 4104 tasks      | elapsed:    6.2s
[Parallel(n_jobs=16)]: Done 4112 tasks      | elapsed:    6.2s
[Parallel(n_jobs=16)]: Done 4120 tasks      | elapsed:    6.2s
[Parallel(n_jobs=16)]: Done 4128 tasks      | elapsed:    6.3s
[Parallel(n_jobs=16)]: Done 4136 tasks      | elapsed:    6.3s
[Parallel(n_jobs=16)]: Done 4144 tasks      | elapsed:    6.3s
[Parallel(n_jobs=16)]: Done 4152 tasks      | elapsed:    6.3s
[Parallel(n_jobs=16)]: Done 4160 tasks      | elapsed:    6.3s
[Parallel(n_jobs=16)]: Done 4168 tasks      | elapsed:    6.3s
[Parallel(n_jobs=16)]: Done 4176 tasks      | elapsed:    6.3s
[Parallel(n_jobs=16)]: Done 4184 tasks      | elapsed:    6.4s
[Parallel(n_jobs=16)]: Done 4192 tasks      | elapsed:    6.4s
[Parallel(n_jobs=16)]: Done 4200 tasks      | elapsed:    6.4s
[Parallel(n_jobs=16)]: Done 4208 tasks      | elapsed:    6.4s
[Parallel(n_jobs=16)]: Done 4216 tasks      | elapsed:    6.4s
[Parallel(n_jobs=16)]: Done 4224 tasks      | elapsed:    6.4s
[Parallel(n_jobs=16)]: Done 4232 tasks      | elapsed:    6.4s
[Parallel(n_jobs=16)]: Done 4240 tasks      | elapsed:    6.4s
[Parallel(n_jobs=16)]: Done 4248 tasks      | elapsed:    6.4s
[Parallel(n_jobs=16)]: Done 4256 tasks      | elapsed:    6.4s
[Parallel(n_jobs=16)]: Done 4264 tasks      | elapsed:    6.4s
[Parallel(n_jobs=16)]: Done 4272 tasks      | elapsed:    6.5s
[Parallel(n_jobs=16)]: Done 4280 tasks      | elapsed:    6.5s
[Parallel(n_jobs=16)]: Done 4288 tasks      | elapsed:    6.5s
[Parallel(n_jobs=16)]: Done 4296 tasks      | elapsed:    6.5s
[Parallel(n_jobs=16)]: Done 4304 tasks      | elapsed:    6.5s
[Parallel(n_jobs=16)]: Done 4312 tasks      | elapsed:    6.5s
[Parallel(n_jobs=16)]: Done 4320 tasks      | elapsed:    6.5s
[Parallel(n_jobs=16)]: Done 4328 tasks      | elapsed:    6.6s
[Parallel(n_jobs=16)]: Done 4336 tasks      | elapsed:    6.6s
[Parallel(n_jobs=16)]: Done 4344 tasks      | elapsed:    6.6s
[Parallel(n_jobs=16)]: Done 4352 tasks      | elapsed:    6.6s
[Parallel(n_jobs=16)]: Done 4360 tasks      | elapsed:    6.6s
[Parallel(n_jobs=16)]: Done 4368 tasks      | elapsed:    6.6s
[Parallel(n_jobs=16)]: Done 4376 tasks      | elapsed:    6.6s
[Parallel(n_jobs=16)]: Done 4384 tasks      | elapsed:    6.6s
[Parallel(n_jobs=16)]: Done 4392 tasks      | elapsed:    6.6s
[Parallel(n_jobs=16)]: Done 4400 tasks      | elapsed:    6.7s
[Parallel(n_jobs=16)]: Done 4408 tasks      | elapsed:    6.7s
[Parallel(n_jobs=16)]: Done 4416 tasks      | elapsed:    6.7s
[Parallel(n_jobs=16)]: Done 4424 tasks      | elapsed:    6.7s
[Parallel(n_jobs=16)]: Done 4432 tasks      | elapsed:    6.7s
[Parallel(n_jobs=16)]: Done 4440 tasks      | elapsed:    6.7s
[Parallel(n_jobs=16)]: Done 4448 tasks      | elapsed:    6.7s
[Parallel(n_jobs=16)]: Done 4456 tasks      | elapsed:    6.8s
[Parallel(n_jobs=16)]: Done 4464 tasks      | elapsed:    6.8s
[Parallel(n_jobs=16)]: Done 4472 tasks      | elapsed:    6.8s
[Parallel(n_jobs=16)]: Done 4480 tasks      | elapsed:    6.8s
[Parallel(n_jobs=16)]: Done 4488 tasks      | elapsed:    6.8s
[Parallel(n_jobs=16)]: Done 4496 tasks      | elapsed:    6.8s
[Parallel(n_jobs=16)]: Done 4504 tasks      | elapsed:    6.8s
[Parallel(n_jobs=16)]: Done 4512 tasks      | elapsed:    6.9s
[Parallel(n_jobs=16)]: Done 4520 tasks      | elapsed:    6.9s
[Parallel(n_jobs=16)]: Done 4528 tasks      | elapsed:    6.9s
[Parallel(n_jobs=16)]: Done 4536 tasks      | elapsed:    6.9s
[Parallel(n_jobs=16)]: Done 4544 tasks      | elapsed:    6.9s
[Parallel(n_jobs=16)]: Done 4552 tasks      | elapsed:    6.9s
[Parallel(n_jobs=16)]: Done 4560 tasks      | elapsed:    6.9s
[Parallel(n_jobs=16)]: Done 4568 tasks      | elapsed:    6.9s
[Parallel(n_jobs=16)]: Done 4576 tasks      | elapsed:    6.9s
[Parallel(n_jobs=16)]: Done 4584 tasks      | elapsed:    6.9s
[Parallel(n_jobs=16)]: Done 4592 tasks      | elapsed:    7.0s
[Parallel(n_jobs=16)]: Done 4600 tasks      | elapsed:    7.0s
[Parallel(n_jobs=16)]: Done 4608 tasks      | elapsed:    7.0s
[Parallel(n_jobs=16)]: Done 4616 tasks      | elapsed:    7.0s
[Parallel(n_jobs=16)]: Done 4624 tasks      | elapsed:    7.0s
[Parallel(n_jobs=16)]: Done 4632 tasks      | elapsed:    7.0s
[Parallel(n_jobs=16)]: Done 4640 tasks      | elapsed:    7.0s
[Parallel(n_jobs=16)]: Done 4648 tasks      | elapsed:    7.0s
[Parallel(n_jobs=16)]: Done 4656 tasks      | elapsed:    7.0s
[Parallel(n_jobs=16)]: Done 4664 tasks      | elapsed:    7.1s
[Parallel(n_jobs=16)]: Done 4672 tasks      | elapsed:    7.1s
[Parallel(n_jobs=16)]: Done 4680 tasks      | elapsed:    7.1s
[Parallel(n_jobs=16)]: Done 4688 tasks      | elapsed:    7.1s
[Parallel(n_jobs=16)]: Done 4696 tasks      | elapsed:    7.1s
[Parallel(n_jobs=16)]: Done 4704 tasks      | elapsed:    7.1s
[Parallel(n_jobs=16)]: Done 4712 tasks      | elapsed:    7.1s
[Parallel(n_jobs=16)]: Done 4720 tasks      | elapsed:    7.1s
[Parallel(n_jobs=16)]: Done 4728 tasks      | elapsed:    7.1s
[Parallel(n_jobs=16)]: Done 4736 tasks      | elapsed:    7.2s
[Parallel(n_jobs=16)]: Done 4744 tasks      | elapsed:    7.2s
[Parallel(n_jobs=16)]: Done 4752 tasks      | elapsed:    7.2s
[Parallel(n_jobs=16)]: Done 4760 tasks      | elapsed:    7.2s
[Parallel(n_jobs=16)]: Done 4768 tasks      | elapsed:    7.2s
[Parallel(n_jobs=16)]: Done 4776 tasks      | elapsed:    7.2s
[Parallel(n_jobs=16)]: Done 4784 tasks      | elapsed:    7.3s
[Parallel(n_jobs=16)]: Done 4792 tasks      | elapsed:    7.3s
[Parallel(n_jobs=16)]: Done 4800 tasks      | elapsed:    7.3s
[Parallel(n_jobs=16)]: Done 4808 tasks      | elapsed:    7.3s
[Parallel(n_jobs=16)]: Done 4816 tasks      | elapsed:    7.3s
[Parallel(n_jobs=16)]: Done 4824 tasks      | elapsed:    7.3s
[Parallel(n_jobs=16)]: Done 4832 tasks      | elapsed:    7.3s
[Parallel(n_jobs=16)]: Done 4840 tasks      | elapsed:    7.3s
[Parallel(n_jobs=16)]: Done 4848 tasks      | elapsed:    7.3s
[Parallel(n_jobs=16)]: Done 4856 tasks      | elapsed:    7.4s
[Parallel(n_jobs=16)]: Done 4864 tasks      | elapsed:    7.4s
[Parallel(n_jobs=16)]: Done 4872 tasks      | elapsed:    7.4s
[Parallel(n_jobs=16)]: Done 4880 tasks      | elapsed:    7.4s
[Parallel(n_jobs=16)]: Done 4888 tasks      | elapsed:    7.4s
[Parallel(n_jobs=16)]: Done 4896 tasks      | elapsed:    7.4s
[Parallel(n_jobs=16)]: Done 4904 tasks      | elapsed:    7.4s
[Parallel(n_jobs=16)]: Done 4912 tasks      | elapsed:    7.5s
[Parallel(n_jobs=16)]: Done 4920 tasks      | elapsed:    7.5s
[Parallel(n_jobs=16)]: Done 4928 tasks      | elapsed:    7.5s
[Parallel(n_jobs=16)]: Done 4936 tasks      | elapsed:    7.5s
[Parallel(n_jobs=16)]: Done 4944 tasks      | elapsed:    7.5s
[Parallel(n_jobs=16)]: Done 4952 tasks      | elapsed:    7.5s
[Parallel(n_jobs=16)]: Done 4960 tasks      | elapsed:    7.5s
[Parallel(n_jobs=16)]: Done 4968 tasks      | elapsed:    7.6s
[Parallel(n_jobs=16)]: Done 4976 tasks      | elapsed:    7.6s
[Parallel(n_jobs=16)]: Done 4984 tasks      | elapsed:    7.6s
[Parallel(n_jobs=16)]: Done 4992 tasks      | elapsed:    7.6s
[Parallel(n_jobs=16)]: Done 5000 tasks      | elapsed:    7.6s
[Parallel(n_jobs=16)]: Done 5008 tasks      | elapsed:    7.6s
[Parallel(n_jobs=16)]: Done 5016 tasks      | elapsed:    7.6s
[Parallel(n_jobs=16)]: Done 5024 tasks      | elapsed:    7.6s
[Parallel(n_jobs=16)]: Done 5032 tasks      | elapsed:    7.6s
[Parallel(n_jobs=16)]: Done 5040 tasks      | elapsed:    7.7s
[Parallel(n_jobs=16)]: Done 5048 tasks      | elapsed:    7.7s
[Parallel(n_jobs=16)]: Done 5056 tasks      | elapsed:    7.7s
[Parallel(n_jobs=16)]: Done 5064 tasks      | elapsed:    7.7s
[Parallel(n_jobs=16)]: Done 5072 tasks      | elapsed:    7.7s
[Parallel(n_jobs=16)]: Done 5080 tasks      | elapsed:    7.7s
[Parallel(n_jobs=16)]: Done 5088 tasks      | elapsed:    7.7s
[Parallel(n_jobs=16)]: Done 5096 tasks      | elapsed:    7.7s
[Parallel(n_jobs=16)]: Done 5104 tasks      | elapsed:    7.8s
[Parallel(n_jobs=16)]: Done 5112 tasks      | elapsed:    7.8s
[Parallel(n_jobs=16)]: Done 5120 tasks      | elapsed:    7.8s
[Parallel(n_jobs=16)]: Done 5128 tasks      | elapsed:    7.8s
[Parallel(n_jobs=16)]: Done 5136 tasks      | elapsed:    7.8s
[Parallel(n_jobs=16)]: Done 5144 tasks      | elapsed:    7.8s
[Parallel(n_jobs=16)]: Done 5152 tasks      | elapsed:    7.8s
[Parallel(n_jobs=16)]: Done 5160 tasks      | elapsed:    7.8s
[Parallel(n_jobs=16)]: Done 5168 tasks      | elapsed:    7.9s
[Parallel(n_jobs=16)]: Done 5176 tasks      | elapsed:    7.9s
[Parallel(n_jobs=16)]: Done 5184 tasks      | elapsed:    7.9s
[Parallel(n_jobs=16)]: Done 5192 tasks      | elapsed:    7.9s
[Parallel(n_jobs=16)]: Done 5200 tasks      | elapsed:    7.9s
[Parallel(n_jobs=16)]: Done 5208 tasks      | elapsed:    7.9s
[Parallel(n_jobs=16)]: Done 5216 tasks      | elapsed:    7.9s
[Parallel(n_jobs=16)]: Done 5224 tasks      | elapsed:    7.9s
[Parallel(n_jobs=16)]: Done 5232 tasks      | elapsed:    7.9s
[Parallel(n_jobs=16)]: Done 5240 tasks      | elapsed:    8.0s
[Parallel(n_jobs=16)]: Done 5248 tasks      | elapsed:    8.0s
[Parallel(n_jobs=16)]: Done 5256 tasks      | elapsed:    8.0s
[Parallel(n_jobs=16)]: Done 5264 tasks      | elapsed:    8.0s
[Parallel(n_jobs=16)]: Done 5272 tasks      | elapsed:    8.0s
[Parallel(n_jobs=16)]: Done 5280 tasks      | elapsed:    8.0s
[Parallel(n_jobs=16)]: Done 5288 tasks      | elapsed:    8.0s
[Parallel(n_jobs=16)]: Done 5296 tasks      | elapsed:    8.1s
[Parallel(n_jobs=16)]: Done 5304 tasks      | elapsed:    8.1s
[Parallel(n_jobs=16)]: Done 5312 tasks      | elapsed:    8.1s
[Parallel(n_jobs=16)]: Done 5320 tasks      | elapsed:    8.1s
[Parallel(n_jobs=16)]: Done 5328 tasks      | elapsed:    8.1s
[Parallel(n_jobs=16)]: Done 5336 tasks      | elapsed:    8.1s
[Parallel(n_jobs=16)]: Done 5344 tasks      | elapsed:    8.1s
[Parallel(n_jobs=16)]: Done 5352 tasks      | elapsed:    8.1s
[Parallel(n_jobs=16)]: Done 5360 tasks      | elapsed:    8.1s
[Parallel(n_jobs=16)]: Done 5368 tasks      | elapsed:    8.2s
[Parallel(n_jobs=16)]: Done 5376 tasks      | elapsed:    8.2s
[Parallel(n_jobs=16)]: Done 5384 tasks      | elapsed:    8.2s
[Parallel(n_jobs=16)]: Done 5392 tasks      | elapsed:    8.2s
[Parallel(n_jobs=16)]: Done 5400 tasks      | elapsed:    8.2s
[Parallel(n_jobs=16)]: Done 5408 tasks      | elapsed:    8.2s
[Parallel(n_jobs=16)]: Done 5416 tasks      | elapsed:    8.2s
[Parallel(n_jobs=16)]: Done 5424 tasks      | elapsed:    8.3s
[Parallel(n_jobs=16)]: Done 5432 tasks      | elapsed:    8.3s
[Parallel(n_jobs=16)]: Done 5440 tasks      | elapsed:    8.3s
[Parallel(n_jobs=16)]: Done 5448 tasks      | elapsed:    8.3s
[Parallel(n_jobs=16)]: Done 5456 tasks      | elapsed:    8.3s
[Parallel(n_jobs=16)]: Done 5464 tasks      | elapsed:    8.3s
[Parallel(n_jobs=16)]: Done 5472 tasks      | elapsed:    8.3s
[Parallel(n_jobs=16)]: Done 5480 tasks      | elapsed:    8.4s
[Parallel(n_jobs=16)]: Done 5488 tasks      | elapsed:    8.4s
[Parallel(n_jobs=16)]: Done 5496 tasks      | elapsed:    8.4s
[Parallel(n_jobs=16)]: Done 5504 tasks      | elapsed:    8.4s
[Parallel(n_jobs=16)]: Done 5512 tasks      | elapsed:    8.4s
[Parallel(n_jobs=16)]: Done 5520 tasks      | elapsed:    8.4s
[Parallel(n_jobs=16)]: Done 5528 tasks      | elapsed:    8.4s
[Parallel(n_jobs=16)]: Done 5536 tasks      | elapsed:    8.4s
[Parallel(n_jobs=16)]: Done 5544 tasks      | elapsed:    8.4s
[Parallel(n_jobs=16)]: Done 5552 tasks      | elapsed:    8.4s
[Parallel(n_jobs=16)]: Done 5560 tasks      | elapsed:    8.5s
[Parallel(n_jobs=16)]: Done 5568 tasks      | elapsed:    8.5s
[Parallel(n_jobs=16)]: Done 5576 tasks      | elapsed:    8.5s
[Parallel(n_jobs=16)]: Done 5584 tasks      | elapsed:    8.5s
[Parallel(n_jobs=16)]: Done 5592 tasks      | elapsed:    8.5s
[Parallel(n_jobs=16)]: Done 5600 tasks      | elapsed:    8.5s
[Parallel(n_jobs=16)]: Done 5608 tasks      | elapsed:    8.5s
[Parallel(n_jobs=16)]: Done 5616 tasks      | elapsed:    8.5s
[Parallel(n_jobs=16)]: Done 5624 tasks      | elapsed:    8.5s
[Parallel(n_jobs=16)]: Done 5632 tasks      | elapsed:    8.5s
[Parallel(n_jobs=16)]: Done 5640 tasks      | elapsed:    8.6s
[Parallel(n_jobs=16)]: Done 5648 tasks      | elapsed:    8.6s
[Parallel(n_jobs=16)]: Done 5656 tasks      | elapsed:    8.6s
[Parallel(n_jobs=16)]: Done 5664 tasks      | elapsed:    8.6s
[Parallel(n_jobs=16)]: Done 5672 tasks      | elapsed:    8.6s
[Parallel(n_jobs=16)]: Done 5680 tasks      | elapsed:    8.6s
[Parallel(n_jobs=16)]: Done 5688 tasks      | elapsed:    8.7s
[Parallel(n_jobs=16)]: Done 5696 tasks      | elapsed:    8.7s
[Parallel(n_jobs=16)]: Done 5704 tasks      | elapsed:    8.7s
[Parallel(n_jobs=16)]: Done 5712 tasks      | elapsed:    8.7s
[Parallel(n_jobs=16)]: Done 5720 tasks      | elapsed:    8.7s
[Parallel(n_jobs=16)]: Done 5728 tasks      | elapsed:    8.7s
[Parallel(n_jobs=16)]: Done 5736 tasks      | elapsed:    8.7s
[Parallel(n_jobs=16)]: Done 5744 tasks      | elapsed:    8.8s
[Parallel(n_jobs=16)]: Done 5752 tasks      | elapsed:    8.8s
[Parallel(n_jobs=16)]: Done 5760 tasks      | elapsed:    8.8s
[Parallel(n_jobs=16)]: Done 5768 tasks      | elapsed:    8.8s
[Parallel(n_jobs=16)]: Done 5776 tasks      | elapsed:    8.8s
[Parallel(n_jobs=16)]: Done 5784 tasks      | elapsed:    8.8s
[Parallel(n_jobs=16)]: Done 5792 tasks      | elapsed:    8.8s
[Parallel(n_jobs=16)]: Done 5800 tasks      | elapsed:    8.8s
[Parallel(n_jobs=16)]: Done 5808 tasks      | elapsed:    8.9s
[Parallel(n_jobs=16)]: Done 5816 tasks      | elapsed:    8.9s
[Parallel(n_jobs=16)]: Done 5824 tasks      | elapsed:    8.9s
[Parallel(n_jobs=16)]: Done 5832 tasks      | elapsed:    8.9s
[Parallel(n_jobs=16)]: Done 5840 tasks      | elapsed:    8.9s
[Parallel(n_jobs=16)]: Done 5848 tasks      | elapsed:    8.9s
[Parallel(n_jobs=16)]: Done 5856 tasks      | elapsed:    8.9s
[Parallel(n_jobs=16)]: Done 5864 tasks      | elapsed:    8.9s
[Parallel(n_jobs=16)]: Done 5872 tasks      | elapsed:    8.9s
[Parallel(n_jobs=16)]: Done 5880 tasks      | elapsed:    8.9s
[Parallel(n_jobs=16)]: Done 5888 tasks      | elapsed:    8.9s
[Parallel(n_jobs=16)]: Done 5896 tasks      | elapsed:    9.0s
[Parallel(n_jobs=16)]: Done 5904 tasks      | elapsed:    9.0s
[Parallel(n_jobs=16)]: Done 5912 tasks      | elapsed:    9.0s
[Parallel(n_jobs=16)]: Done 5920 tasks      | elapsed:    9.0s
[Parallel(n_jobs=16)]: Done 5928 tasks      | elapsed:    9.0s
[Parallel(n_jobs=16)]: Done 5936 tasks      | elapsed:    9.1s
[Parallel(n_jobs=16)]: Done 5944 tasks      | elapsed:    9.1s
[Parallel(n_jobs=16)]: Done 5952 tasks      | elapsed:    9.1s
[Parallel(n_jobs=16)]: Done 5960 tasks      | elapsed:    9.1s
[Parallel(n_jobs=16)]: Done 5968 tasks      | elapsed:    9.1s
[Parallel(n_jobs=16)]: Done 5976 tasks      | elapsed:    9.1s
[Parallel(n_jobs=16)]: Done 5984 tasks      | elapsed:    9.1s
[Parallel(n_jobs=16)]: Done 5992 tasks      | elapsed:    9.1s
[Parallel(n_jobs=16)]: Done 6000 tasks      | elapsed:    9.1s
[Parallel(n_jobs=16)]: Done 6008 tasks      | elapsed:    9.1s
[Parallel(n_jobs=16)]: Done 6016 tasks      | elapsed:    9.1s
[Parallel(n_jobs=16)]: Done 6024 tasks      | elapsed:    9.1s
[Parallel(n_jobs=16)]: Done 6025 tasks      | elapsed:    9.1s
[Parallel(n_jobs=16)]: Done 6026 tasks      | elapsed:    9.2s
[Parallel(n_jobs=16)]: Done 6027 tasks      | elapsed:    9.2s
[Parallel(n_jobs=16)]: Done 6028 tasks      | elapsed:    9.2s
[Parallel(n_jobs=16)]: Done 6036 tasks      | elapsed:    9.2s
[Parallel(n_jobs=16)]: Done 6037 tasks      | elapsed:    9.2s
[Parallel(n_jobs=16)]: Done 6138 out of 6138 | elapsed:    9.3s finished
free: fitted 6138 voxels on 344 frames in 10 s
[Parallel(n_jobs=16)]: Using backend LokyBackend with 16 concurrent workers.
[Parallel(n_jobs=16)]: Done   1 tasks      | elapsed:    0.0s
[Parallel(n_jobs=16)]: Batch computation too fast (0.030019044876098633s.) Setting batch_size=2.
[Parallel(n_jobs=16)]: Done   2 tasks      | elapsed:    0.0s
[Parallel(n_jobs=16)]: Done   3 tasks      | elapsed:    0.0s
[Parallel(n_jobs=16)]: Done   4 tasks      | elapsed:    0.0s
[Parallel(n_jobs=16)]: Done   5 tasks      | elapsed:    0.0s
[Parallel(n_jobs=16)]: Done   6 tasks      | elapsed:    0.0s
[Parallel(n_jobs=16)]: Done   7 tasks      | elapsed:    0.0s
[Parallel(n_jobs=16)]: Done   8 tasks      | elapsed:    0.0s
[Parallel(n_jobs=16)]: Done   9 tasks      | elapsed:    0.0s
[Parallel(n_jobs=16)]: Done  10 tasks      | elapsed:    0.0s
[Parallel(n_jobs=16)]: Done  11 tasks      | elapsed:    0.0s
[Parallel(n_jobs=16)]: Done  12 tasks      | elapsed:    0.0s
[Parallel(n_jobs=16)]: Done  13 tasks      | elapsed:    0.0s
[Parallel(n_jobs=16)]: Done  14 tasks      | elapsed:    0.0s
[Parallel(n_jobs=16)]: Done  15 tasks      | elapsed:    0.0s
[Parallel(n_jobs=16)]: Done  16 tasks      | elapsed:    0.0s
[Parallel(n_jobs=16)]: Done  17 tasks      | elapsed:    0.1s
[Parallel(n_jobs=16)]: Done  18 tasks      | elapsed:    0.1s
[Parallel(n_jobs=16)]: Done  19 tasks      | elapsed:    0.1s
[Parallel(n_jobs=16)]: Done  20 tasks      | elapsed:    0.1s
[Parallel(n_jobs=16)]: Done  21 tasks      | elapsed:    0.1s
[Parallel(n_jobs=16)]: Done  22 tasks      | elapsed:    0.1s
[Parallel(n_jobs=16)]: Done  23 tasks      | elapsed:    0.1s
[Parallel(n_jobs=16)]: Done  24 tasks      | elapsed:    0.1s
[Parallel(n_jobs=16)]: Done  25 tasks      | elapsed:    0.1s
[Parallel(n_jobs=16)]: Done  26 tasks      | elapsed:    0.1s
[Parallel(n_jobs=16)]: Done  27 tasks      | elapsed:    0.1s
[Parallel(n_jobs=16)]: Done  28 tasks      | elapsed:    0.1s
[Parallel(n_jobs=16)]: Done  29 tasks      | elapsed:    0.1s
[Parallel(n_jobs=16)]: Done  30 tasks      | elapsed:    0.1s
[Parallel(n_jobs=16)]: Done  31 tasks      | elapsed:    0.1s
[Parallel(n_jobs=16)]: Done  32 tasks      | elapsed:    0.1s
[Parallel(n_jobs=16)]: Done  34 tasks      | elapsed:    0.2s
[Parallel(n_jobs=16)]: Batch computation too fast (0.1219639778137207s.) Setting batch_size=4.
[Parallel(n_jobs=16)]: Done  36 tasks      | elapsed:    0.2s
[Parallel(n_jobs=16)]: Done  38 tasks      | elapsed:    0.2s
[Parallel(n_jobs=16)]: Done  40 tasks      | elapsed:    0.2s
[Parallel(n_jobs=16)]: Done  42 tasks      | elapsed:    0.2s
[Parallel(n_jobs=16)]: Done  44 tasks      | elapsed:    0.2s
[Parallel(n_jobs=16)]: Done  46 tasks      | elapsed:    0.2s
[Parallel(n_jobs=16)]: Done  48 tasks      | elapsed:    0.2s
[Parallel(n_jobs=16)]: Done  50 tasks      | elapsed:    0.2s
[Parallel(n_jobs=16)]: Done  52 tasks      | elapsed:    0.2s
[Parallel(n_jobs=16)]: Done  54 tasks      | elapsed:    0.2s
[Parallel(n_jobs=16)]: Done  56 tasks      | elapsed:    0.2s
[Parallel(n_jobs=16)]: Done  58 tasks      | elapsed:    0.2s
[Parallel(n_jobs=16)]: Done  60 tasks      | elapsed:    0.2s
[Parallel(n_jobs=16)]: Done  62 tasks      | elapsed:    0.2s
[Parallel(n_jobs=16)]: Done  64 tasks      | elapsed:    0.2s
[Parallel(n_jobs=16)]: Done  66 tasks      | elapsed:    0.2s
[Parallel(n_jobs=16)]: Done  68 tasks      | elapsed:    0.3s
[Parallel(n_jobs=16)]: Done  70 tasks      | elapsed:    0.3s
[Parallel(n_jobs=16)]: Done  72 tasks      | elapsed:    0.3s
[Parallel(n_jobs=16)]: Done  74 tasks      | elapsed:    0.3s
[Parallel(n_jobs=16)]: Done  76 tasks      | elapsed:    0.3s
[Parallel(n_jobs=16)]: Done  78 tasks      | elapsed:    0.3s
[Parallel(n_jobs=16)]: Done  80 tasks      | elapsed:    0.3s
[Parallel(n_jobs=16)]: Done  82 tasks      | elapsed:    0.3s
[Parallel(n_jobs=16)]: Done  84 tasks      | elapsed:    0.3s
[Parallel(n_jobs=16)]: Done  86 tasks      | elapsed:    0.4s
[Parallel(n_jobs=16)]: Done  88 tasks      | elapsed:    0.4s
[Parallel(n_jobs=16)]: Done  90 tasks      | elapsed:    0.4s
[Parallel(n_jobs=16)]: Done  92 tasks      | elapsed:    0.4s
[Parallel(n_jobs=16)]: Done  94 tasks      | elapsed:    0.4s
[Parallel(n_jobs=16)]: Done  96 tasks      | elapsed:    0.4s
[Parallel(n_jobs=16)]: Done 100 tasks      | elapsed:    0.4s
[Parallel(n_jobs=16)]: Done 104 tasks      | elapsed:    0.5s
[Parallel(n_jobs=16)]: Done 108 tasks      | elapsed:    0.5s
[Parallel(n_jobs=16)]: Done 112 tasks      | elapsed:    0.5s
[Parallel(n_jobs=16)]: Done 116 tasks      | elapsed:    0.5s
[Parallel(n_jobs=16)]: Done 120 tasks      | elapsed:    0.5s
[Parallel(n_jobs=16)]: Done 124 tasks      | elapsed:    0.5s
[Parallel(n_jobs=16)]: Done 128 tasks      | elapsed:    0.5s
[Parallel(n_jobs=16)]: Done 132 tasks      | elapsed:    0.5s
[Parallel(n_jobs=16)]: Done 136 tasks      | elapsed:    0.6s
[Parallel(n_jobs=16)]: Done 140 tasks      | elapsed:    0.6s
[Parallel(n_jobs=16)]: Done 144 tasks      | elapsed:    0.6s
[Parallel(n_jobs=16)]: Done 148 tasks      | elapsed:    0.6s
[Parallel(n_jobs=16)]: Done 152 tasks      | elapsed:    0.6s
[Parallel(n_jobs=16)]: Done 156 tasks      | elapsed:    0.6s
[Parallel(n_jobs=16)]: Done 160 tasks      | elapsed:    0.6s
[Parallel(n_jobs=16)]: Done 164 tasks      | elapsed:    0.7s
[Parallel(n_jobs=16)]: Done 168 tasks      | elapsed:    0.7s
[Parallel(n_jobs=16)]: Done 172 tasks      | elapsed:    0.7s
[Parallel(n_jobs=16)]: Done 176 tasks      | elapsed:    0.7s
[Parallel(n_jobs=16)]: Done 180 tasks      | elapsed:    0.7s
[Parallel(n_jobs=16)]: Done 184 tasks      | elapsed:    0.7s
[Parallel(n_jobs=16)]: Done 188 tasks      | elapsed:    0.8s
[Parallel(n_jobs=16)]: Done 192 tasks      | elapsed:    0.8s
[Parallel(n_jobs=16)]: Done 196 tasks      | elapsed:    0.8s
[Parallel(n_jobs=16)]: Done 200 tasks      | elapsed:    0.8s
[Parallel(n_jobs=16)]: Done 204 tasks      | elapsed:    0.8s
[Parallel(n_jobs=16)]: Done 208 tasks      | elapsed:    0.8s
[Parallel(n_jobs=16)]: Done 212 tasks      | elapsed:    0.8s
[Parallel(n_jobs=16)]: Done 216 tasks      | elapsed:    0.8s
[Parallel(n_jobs=16)]: Done 220 tasks      | elapsed:    0.8s
[Parallel(n_jobs=16)]: Done 224 tasks      | elapsed:    0.9s
[Parallel(n_jobs=16)]: Done 228 tasks      | elapsed:    0.9s
[Parallel(n_jobs=16)]: Done 232 tasks      | elapsed:    0.9s
[Parallel(n_jobs=16)]: Done 236 tasks      | elapsed:    0.9s
[Parallel(n_jobs=16)]: Done 240 tasks      | elapsed:    1.0s
[Parallel(n_jobs=16)]: Done 244 tasks      | elapsed:    1.0s
[Parallel(n_jobs=16)]: Done 248 tasks      | elapsed:    1.0s
[Parallel(n_jobs=16)]: Done 252 tasks      | elapsed:    1.0s
[Parallel(n_jobs=16)]: Done 256 tasks      | elapsed:    1.0s
[Parallel(n_jobs=16)]: Done 260 tasks      | elapsed:    1.0s
[Parallel(n_jobs=16)]: Done 264 tasks      | elapsed:    1.0s
[Parallel(n_jobs=16)]: Done 268 tasks      | elapsed:    1.0s
[Parallel(n_jobs=16)]: Done 272 tasks      | elapsed:    1.0s
[Parallel(n_jobs=16)]: Done 276 tasks      | elapsed:    1.1s
[Parallel(n_jobs=16)]: Done 280 tasks      | elapsed:    1.1s
[Parallel(n_jobs=16)]: Done 284 tasks      | elapsed:    1.1s
[Parallel(n_jobs=16)]: Done 288 tasks      | elapsed:    1.1s
[Parallel(n_jobs=16)]: Done 292 tasks      | elapsed:    1.2s
[Parallel(n_jobs=16)]: Done 296 tasks      | elapsed:    1.2s
[Parallel(n_jobs=16)]: Done 300 tasks      | elapsed:    1.2s
[Parallel(n_jobs=16)]: Done 304 tasks      | elapsed:    1.2s
[Parallel(n_jobs=16)]: Done 308 tasks      | elapsed:    1.2s
[Parallel(n_jobs=16)]: Done 312 tasks      | elapsed:    1.2s
[Parallel(n_jobs=16)]: Done 316 tasks      | elapsed:    1.2s
[Parallel(n_jobs=16)]: Done 320 tasks      | elapsed:    1.2s
[Parallel(n_jobs=16)]: Done 324 tasks      | elapsed:    1.2s
[Parallel(n_jobs=16)]: Done 328 tasks      | elapsed:    1.3s
[Parallel(n_jobs=16)]: Done 332 tasks      | elapsed:    1.3s
[Parallel(n_jobs=16)]: Done 336 tasks      | elapsed:    1.3s
[Parallel(n_jobs=16)]: Done 340 tasks      | elapsed:    1.3s
[Parallel(n_jobs=16)]: Done 344 tasks      | elapsed:    1.3s
[Parallel(n_jobs=16)]: Done 348 tasks      | elapsed:    1.3s
[Parallel(n_jobs=16)]: Done 352 tasks      | elapsed:    1.4s
[Parallel(n_jobs=16)]: Done 356 tasks      | elapsed:    1.4s
[Parallel(n_jobs=16)]: Done 360 tasks      | elapsed:    1.4s
[Parallel(n_jobs=16)]: Done 364 tasks      | elapsed:    1.4s
[Parallel(n_jobs=16)]: Done 368 tasks      | elapsed:    1.4s
[Parallel(n_jobs=16)]: Done 372 tasks      | elapsed:    1.4s
[Parallel(n_jobs=16)]: Done 376 tasks      | elapsed:    1.4s
[Parallel(n_jobs=16)]: Done 380 tasks      | elapsed:    1.4s
[Parallel(n_jobs=16)]: Done 384 tasks      | elapsed:    1.5s
[Parallel(n_jobs=16)]: Done 388 tasks      | elapsed:    1.5s
[Parallel(n_jobs=16)]: Done 392 tasks      | elapsed:    1.5s
[Parallel(n_jobs=16)]: Done 396 tasks      | elapsed:    1.5s
[Parallel(n_jobs=16)]: Done 400 tasks      | elapsed:    1.5s
[Parallel(n_jobs=16)]: Done 404 tasks      | elapsed:    1.5s
[Parallel(n_jobs=16)]: Done 408 tasks      | elapsed:    1.6s
[Parallel(n_jobs=16)]: Done 412 tasks      | elapsed:    1.6s
[Parallel(n_jobs=16)]: Done 416 tasks      | elapsed:    1.6s
[Parallel(n_jobs=16)]: Done 420 tasks      | elapsed:    1.6s
[Parallel(n_jobs=16)]: Done 424 tasks      | elapsed:    1.6s
[Parallel(n_jobs=16)]: Done 428 tasks      | elapsed:    1.6s
[Parallel(n_jobs=16)]: Done 432 tasks      | elapsed:    1.6s
[Parallel(n_jobs=16)]: Done 436 tasks      | elapsed:    1.6s
[Parallel(n_jobs=16)]: Done 440 tasks      | elapsed:    1.7s
[Parallel(n_jobs=16)]: Done 444 tasks      | elapsed:    1.7s
[Parallel(n_jobs=16)]: Done 448 tasks      | elapsed:    1.7s
[Parallel(n_jobs=16)]: Done 452 tasks      | elapsed:    1.7s
[Parallel(n_jobs=16)]: Done 456 tasks      | elapsed:    1.7s
[Parallel(n_jobs=16)]: Done 460 tasks      | elapsed:    1.7s
[Parallel(n_jobs=16)]: Done 464 tasks      | elapsed:    1.8s
[Parallel(n_jobs=16)]: Done 468 tasks      | elapsed:    1.8s
[Parallel(n_jobs=16)]: Done 472 tasks      | elapsed:    1.8s
[Parallel(n_jobs=16)]: Done 476 tasks      | elapsed:    1.8s
[Parallel(n_jobs=16)]: Done 480 tasks      | elapsed:    1.8s
[Parallel(n_jobs=16)]: Done 484 tasks      | elapsed:    1.9s
[Parallel(n_jobs=16)]: Done 488 tasks      | elapsed:    1.9s
[Parallel(n_jobs=16)]: Done 492 tasks      | elapsed:    1.9s
[Parallel(n_jobs=16)]: Done 496 tasks      | elapsed:    1.9s
[Parallel(n_jobs=16)]: Done 500 tasks      | elapsed:    1.9s
[Parallel(n_jobs=16)]: Done 504 tasks      | elapsed:    1.9s
[Parallel(n_jobs=16)]: Done 508 tasks      | elapsed:    1.9s
[Parallel(n_jobs=16)]: Done 512 tasks      | elapsed:    1.9s
[Parallel(n_jobs=16)]: Done 516 tasks      | elapsed:    2.0s
[Parallel(n_jobs=16)]: Done 520 tasks      | elapsed:    2.0s
[Parallel(n_jobs=16)]: Done 524 tasks      | elapsed:    2.0s
[Parallel(n_jobs=16)]: Done 528 tasks      | elapsed:    2.0s
[Parallel(n_jobs=16)]: Done 532 tasks      | elapsed:    2.0s
[Parallel(n_jobs=16)]: Done 536 tasks      | elapsed:    2.0s
[Parallel(n_jobs=16)]: Done 540 tasks      | elapsed:    2.0s
[Parallel(n_jobs=16)]: Done 544 tasks      | elapsed:    2.1s
[Parallel(n_jobs=16)]: Done 548 tasks      | elapsed:    2.1s
[Parallel(n_jobs=16)]: Done 552 tasks      | elapsed:    2.1s
[Parallel(n_jobs=16)]: Done 556 tasks      | elapsed:    2.1s
[Parallel(n_jobs=16)]: Done 560 tasks      | elapsed:    2.1s
[Parallel(n_jobs=16)]: Done 564 tasks      | elapsed:    2.1s
[Parallel(n_jobs=16)]: Done 568 tasks      | elapsed:    2.1s
[Parallel(n_jobs=16)]: Done 572 tasks      | elapsed:    2.2s
[Parallel(n_jobs=16)]: Done 576 tasks      | elapsed:    2.2s
[Parallel(n_jobs=16)]: Done 580 tasks      | elapsed:    2.2s
[Parallel(n_jobs=16)]: Done 584 tasks      | elapsed:    2.2s
[Parallel(n_jobs=16)]: Done 588 tasks      | elapsed:    2.2s
[Parallel(n_jobs=16)]: Done 592 tasks      | elapsed:    2.3s
[Parallel(n_jobs=16)]: Done 596 tasks      | elapsed:    2.3s
[Parallel(n_jobs=16)]: Done 600 tasks      | elapsed:    2.3s
[Parallel(n_jobs=16)]: Done 604 tasks      | elapsed:    2.3s
[Parallel(n_jobs=16)]: Done 608 tasks      | elapsed:    2.3s
[Parallel(n_jobs=16)]: Done 612 tasks      | elapsed:    2.3s
[Parallel(n_jobs=16)]: Done 616 tasks      | elapsed:    2.3s
[Parallel(n_jobs=16)]: Done 620 tasks      | elapsed:    2.4s
[Parallel(n_jobs=16)]: Done 624 tasks      | elapsed:    2.4s
[Parallel(n_jobs=16)]: Done 628 tasks      | elapsed:    2.4s
[Parallel(n_jobs=16)]: Done 632 tasks      | elapsed:    2.4s
[Parallel(n_jobs=16)]: Done 636 tasks      | elapsed:    2.4s
[Parallel(n_jobs=16)]: Done 640 tasks      | elapsed:    2.5s
[Parallel(n_jobs=16)]: Done 644 tasks      | elapsed:    2.5s
[Parallel(n_jobs=16)]: Done 648 tasks      | elapsed:    2.5s
[Parallel(n_jobs=16)]: Done 652 tasks      | elapsed:    2.5s
[Parallel(n_jobs=16)]: Done 656 tasks      | elapsed:    2.5s
[Parallel(n_jobs=16)]: Done 660 tasks      | elapsed:    2.5s
[Parallel(n_jobs=16)]: Done 664 tasks      | elapsed:    2.5s
[Parallel(n_jobs=16)]: Done 668 tasks      | elapsed:    2.5s
[Parallel(n_jobs=16)]: Done 672 tasks      | elapsed:    2.6s
[Parallel(n_jobs=16)]: Done 676 tasks      | elapsed:    2.6s
[Parallel(n_jobs=16)]: Done 680 tasks      | elapsed:    2.6s
[Parallel(n_jobs=16)]: Done 684 tasks      | elapsed:    2.6s
[Parallel(n_jobs=16)]: Done 688 tasks      | elapsed:    2.7s
[Parallel(n_jobs=16)]: Done 692 tasks      | elapsed:    2.7s
[Parallel(n_jobs=16)]: Done 696 tasks      | elapsed:    2.7s
[Parallel(n_jobs=16)]: Done 700 tasks      | elapsed:    2.7s
[Parallel(n_jobs=16)]: Done 704 tasks      | elapsed:    2.7s
[Parallel(n_jobs=16)]: Done 708 tasks      | elapsed:    2.7s
[Parallel(n_jobs=16)]: Done 712 tasks      | elapsed:    2.7s
[Parallel(n_jobs=16)]: Done 716 tasks      | elapsed:    2.7s
[Parallel(n_jobs=16)]: Done 720 tasks      | elapsed:    2.7s
[Parallel(n_jobs=16)]: Done 724 tasks      | elapsed:    2.8s
[Parallel(n_jobs=16)]: Done 728 tasks      | elapsed:    2.8s
[Parallel(n_jobs=16)]: Done 732 tasks      | elapsed:    2.8s
[Parallel(n_jobs=16)]: Done 736 tasks      | elapsed:    2.8s
[Parallel(n_jobs=16)]: Done 740 tasks      | elapsed:    2.8s
[Parallel(n_jobs=16)]: Done 744 tasks      | elapsed:    2.9s
[Parallel(n_jobs=16)]: Done 748 tasks      | elapsed:    2.9s
[Parallel(n_jobs=16)]: Done 752 tasks      | elapsed:    2.9s
[Parallel(n_jobs=16)]: Done 756 tasks      | elapsed:    2.9s
[Parallel(n_jobs=16)]: Done 760 tasks      | elapsed:    2.9s
[Parallel(n_jobs=16)]: Done 764 tasks      | elapsed:    2.9s
[Parallel(n_jobs=16)]: Done 768 tasks      | elapsed:    2.9s
[Parallel(n_jobs=16)]: Done 772 tasks      | elapsed:    3.0s
[Parallel(n_jobs=16)]: Done 776 tasks      | elapsed:    3.0s
[Parallel(n_jobs=16)]: Done 780 tasks      | elapsed:    3.0s
[Parallel(n_jobs=16)]: Done 784 tasks      | elapsed:    3.0s
[Parallel(n_jobs=16)]: Done 788 tasks      | elapsed:    3.0s
[Parallel(n_jobs=16)]: Done 792 tasks      | elapsed:    3.0s
[Parallel(n_jobs=16)]: Done 796 tasks      | elapsed:    3.0s
[Parallel(n_jobs=16)]: Done 800 tasks      | elapsed:    3.0s
[Parallel(n_jobs=16)]: Done 804 tasks      | elapsed:    3.1s
[Parallel(n_jobs=16)]: Done 808 tasks      | elapsed:    3.1s
[Parallel(n_jobs=16)]: Done 812 tasks      | elapsed:    3.1s
[Parallel(n_jobs=16)]: Done 816 tasks      | elapsed:    3.1s
[Parallel(n_jobs=16)]: Done 820 tasks      | elapsed:    3.1s
[Parallel(n_jobs=16)]: Done 824 tasks      | elapsed:    3.2s
[Parallel(n_jobs=16)]: Done 828 tasks      | elapsed:    3.2s
[Parallel(n_jobs=16)]: Done 832 tasks      | elapsed:    3.2s
[Parallel(n_jobs=16)]: Done 836 tasks      | elapsed:    3.2s
[Parallel(n_jobs=16)]: Done 840 tasks      | elapsed:    3.2s
[Parallel(n_jobs=16)]: Done 844 tasks      | elapsed:    3.2s
[Parallel(n_jobs=16)]: Done 848 tasks      | elapsed:    3.2s
[Parallel(n_jobs=16)]: Done 852 tasks      | elapsed:    3.2s
[Parallel(n_jobs=16)]: Done 856 tasks      | elapsed:    3.3s
[Parallel(n_jobs=16)]: Done 860 tasks      | elapsed:    3.3s
[Parallel(n_jobs=16)]: Done 864 tasks      | elapsed:    3.3s
[Parallel(n_jobs=16)]: Done 868 tasks      | elapsed:    3.3s
[Parallel(n_jobs=16)]: Done 872 tasks      | elapsed:    3.3s
[Parallel(n_jobs=16)]: Done 876 tasks      | elapsed:    3.3s
[Parallel(n_jobs=16)]: Done 880 tasks      | elapsed:    3.3s
[Parallel(n_jobs=16)]: Done 884 tasks      | elapsed:    3.3s
[Parallel(n_jobs=16)]: Done 888 tasks      | elapsed:    3.4s
[Parallel(n_jobs=16)]: Done 892 tasks      | elapsed:    3.4s
[Parallel(n_jobs=16)]: Done 896 tasks      | elapsed:    3.4s
[Parallel(n_jobs=16)]: Done 900 tasks      | elapsed:    3.4s
[Parallel(n_jobs=16)]: Done 904 tasks      | elapsed:    3.5s
[Parallel(n_jobs=16)]: Done 908 tasks      | elapsed:    3.5s
[Parallel(n_jobs=16)]: Done 912 tasks      | elapsed:    3.5s
[Parallel(n_jobs=16)]: Done 916 tasks      | elapsed:    3.5s
[Parallel(n_jobs=16)]: Done 920 tasks      | elapsed:    3.5s
[Parallel(n_jobs=16)]: Done 924 tasks      | elapsed:    3.5s
[Parallel(n_jobs=16)]: Done 928 tasks      | elapsed:    3.5s
[Parallel(n_jobs=16)]: Done 932 tasks      | elapsed:    3.5s
[Parallel(n_jobs=16)]: Done 936 tasks      | elapsed:    3.5s
[Parallel(n_jobs=16)]: Done 940 tasks      | elapsed:    3.5s
[Parallel(n_jobs=16)]: Done 944 tasks      | elapsed:    3.6s
[Parallel(n_jobs=16)]: Done 948 tasks      | elapsed:    3.6s
[Parallel(n_jobs=16)]: Done 952 tasks      | elapsed:    3.6s
[Parallel(n_jobs=16)]: Done 956 tasks      | elapsed:    3.6s
[Parallel(n_jobs=16)]: Done 960 tasks      | elapsed:    3.6s
[Parallel(n_jobs=16)]: Done 964 tasks      | elapsed:    3.6s
[Parallel(n_jobs=16)]: Done 968 tasks      | elapsed:    3.6s
[Parallel(n_jobs=16)]: Done 972 tasks      | elapsed:    3.7s
[Parallel(n_jobs=16)]: Done 976 tasks      | elapsed:    3.7s
[Parallel(n_jobs=16)]: Done 980 tasks      | elapsed:    3.7s
[Parallel(n_jobs=16)]: Done 984 tasks      | elapsed:    3.7s
[Parallel(n_jobs=16)]: Done 988 tasks      | elapsed:    3.7s
[Parallel(n_jobs=16)]: Done 992 tasks      | elapsed:    3.7s
[Parallel(n_jobs=16)]: Done 996 tasks      | elapsed:    3.8s
[Parallel(n_jobs=16)]: Done 1000 tasks      | elapsed:    3.8s
[Parallel(n_jobs=16)]: Done 1004 tasks      | elapsed:    3.8s
[Parallel(n_jobs=16)]: Done 1008 tasks      | elapsed:    3.8s
[Parallel(n_jobs=16)]: Done 1012 tasks      | elapsed:    3.8s
[Parallel(n_jobs=16)]: Done 1016 tasks      | elapsed:    3.8s
[Parallel(n_jobs=16)]: Done 1020 tasks      | elapsed:    3.8s
[Parallel(n_jobs=16)]: Done 1024 tasks      | elapsed:    3.8s
[Parallel(n_jobs=16)]: Done 1028 tasks      | elapsed:    3.9s
[Parallel(n_jobs=16)]: Done 1032 tasks      | elapsed:    3.9s
[Parallel(n_jobs=16)]: Done 1036 tasks      | elapsed:    3.9s
[Parallel(n_jobs=16)]: Done 1040 tasks      | elapsed:    4.0s
[Parallel(n_jobs=16)]: Done 1044 tasks      | elapsed:    4.0s
[Parallel(n_jobs=16)]: Done 1048 tasks      | elapsed:    4.0s
[Parallel(n_jobs=16)]: Done 1052 tasks      | elapsed:    4.0s
[Parallel(n_jobs=16)]: Done 1056 tasks      | elapsed:    4.0s
[Parallel(n_jobs=16)]: Done 1060 tasks      | elapsed:    4.0s
[Parallel(n_jobs=16)]: Done 1064 tasks      | elapsed:    4.0s
[Parallel(n_jobs=16)]: Done 1068 tasks      | elapsed:    4.0s
[Parallel(n_jobs=16)]: Done 1072 tasks      | elapsed:    4.0s
[Parallel(n_jobs=16)]: Done 1076 tasks      | elapsed:    4.0s
[Parallel(n_jobs=16)]: Done 1080 tasks      | elapsed:    4.0s
[Parallel(n_jobs=16)]: Done 1084 tasks      | elapsed:    4.0s
[Parallel(n_jobs=16)]: Done 1088 tasks      | elapsed:    4.1s
[Parallel(n_jobs=16)]: Done 1092 tasks      | elapsed:    4.1s
[Parallel(n_jobs=16)]: Done 1096 tasks      | elapsed:    4.1s
[Parallel(n_jobs=16)]: Done 1100 tasks      | elapsed:    4.2s
[Parallel(n_jobs=16)]: Done 1104 tasks      | elapsed:    4.2s
[Parallel(n_jobs=16)]: Done 1108 tasks      | elapsed:    4.2s
[Parallel(n_jobs=16)]: Done 1112 tasks      | elapsed:    4.2s
[Parallel(n_jobs=16)]: Done 1116 tasks      | elapsed:    4.2s
[Parallel(n_jobs=16)]: Done 1120 tasks      | elapsed:    4.2s
[Parallel(n_jobs=16)]: Done 1124 tasks      | elapsed:    4.2s
[Parallel(n_jobs=16)]: Done 1128 tasks      | elapsed:    4.2s
[Parallel(n_jobs=16)]: Done 1132 tasks      | elapsed:    4.2s
[Parallel(n_jobs=16)]: Done 1136 tasks      | elapsed:    4.3s
[Parallel(n_jobs=16)]: Done 1140 tasks      | elapsed:    4.3s
[Parallel(n_jobs=16)]: Done 1144 tasks      | elapsed:    4.3s
[Parallel(n_jobs=16)]: Done 1148 tasks      | elapsed:    4.3s
[Parallel(n_jobs=16)]: Done 1152 tasks      | elapsed:    4.3s
[Parallel(n_jobs=16)]: Done 1156 tasks      | elapsed:    4.3s
[Parallel(n_jobs=16)]: Done 1160 tasks      | elapsed:    4.3s
[Parallel(n_jobs=16)]: Done 1164 tasks      | elapsed:    4.3s
[Parallel(n_jobs=16)]: Done 1168 tasks      | elapsed:    4.4s
[Parallel(n_jobs=16)]: Done 1172 tasks      | elapsed:    4.4s
[Parallel(n_jobs=16)]: Done 1176 tasks      | elapsed:    4.4s
[Parallel(n_jobs=16)]: Done 1180 tasks      | elapsed:    4.4s
[Parallel(n_jobs=16)]: Done 1184 tasks      | elapsed:    4.4s
[Parallel(n_jobs=16)]: Done 1188 tasks      | elapsed:    4.4s
[Parallel(n_jobs=16)]: Done 1192 tasks      | elapsed:    4.5s
[Parallel(n_jobs=16)]: Done 1196 tasks      | elapsed:    4.5s
[Parallel(n_jobs=16)]: Done 1200 tasks      | elapsed:    4.5s
[Parallel(n_jobs=16)]: Done 1204 tasks      | elapsed:    4.5s
[Parallel(n_jobs=16)]: Done 1208 tasks      | elapsed:    4.5s
[Parallel(n_jobs=16)]: Done 1212 tasks      | elapsed:    4.5s
[Parallel(n_jobs=16)]: Done 1216 tasks      | elapsed:    4.5s
[Parallel(n_jobs=16)]: Done 1220 tasks      | elapsed:    4.5s
[Parallel(n_jobs=16)]: Done 1224 tasks      | elapsed:    4.6s
[Parallel(n_jobs=16)]: Done 1228 tasks      | elapsed:    4.6s
[Parallel(n_jobs=16)]: Done 1232 tasks      | elapsed:    4.6s
[Parallel(n_jobs=16)]: Done 1236 tasks      | elapsed:    4.6s
[Parallel(n_jobs=16)]: Done 1240 tasks      | elapsed:    4.6s
[Parallel(n_jobs=16)]: Done 1244 tasks      | elapsed:    4.7s
[Parallel(n_jobs=16)]: Done 1248 tasks      | elapsed:    4.7s
[Parallel(n_jobs=16)]: Done 1252 tasks      | elapsed:    4.7s
[Parallel(n_jobs=16)]: Done 1256 tasks      | elapsed:    4.7s
[Parallel(n_jobs=16)]: Done 1260 tasks      | elapsed:    4.7s
[Parallel(n_jobs=16)]: Done 1264 tasks      | elapsed:    4.7s
[Parallel(n_jobs=16)]: Done 1268 tasks      | elapsed:    4.7s
[Parallel(n_jobs=16)]: Done 1272 tasks      | elapsed:    4.7s
[Parallel(n_jobs=16)]: Done 1276 tasks      | elapsed:    4.7s
[Parallel(n_jobs=16)]: Done 1280 tasks      | elapsed:    4.7s
[Parallel(n_jobs=16)]: Done 1284 tasks      | elapsed:    4.7s
[Parallel(n_jobs=16)]: Done 1288 tasks      | elapsed:    4.7s
[Parallel(n_jobs=16)]: Done 1292 tasks      | elapsed:    4.7s
[Parallel(n_jobs=16)]: Done 1296 tasks      | elapsed:    4.7s
[Parallel(n_jobs=16)]: Done 1300 tasks      | elapsed:    4.8s
[Parallel(n_jobs=16)]: Done 1304 tasks      | elapsed:    4.9s
[Parallel(n_jobs=16)]: Done 1308 tasks      | elapsed:    4.9s
[Parallel(n_jobs=16)]: Done 1312 tasks      | elapsed:    4.9s
[Parallel(n_jobs=16)]: Done 1316 tasks      | elapsed:    4.9s
[Parallel(n_jobs=16)]: Done 1320 tasks      | elapsed:    4.9s
[Parallel(n_jobs=16)]: Done 1324 tasks      | elapsed:    4.9s
[Parallel(n_jobs=16)]: Done 1328 tasks      | elapsed:    4.9s
[Parallel(n_jobs=16)]: Done 1332 tasks      | elapsed:    4.9s
[Parallel(n_jobs=16)]: Done 1336 tasks      | elapsed:    4.9s
[Parallel(n_jobs=16)]: Done 1340 tasks      | elapsed:    4.9s
[Parallel(n_jobs=16)]: Done 1344 tasks      | elapsed:    4.9s
[Parallel(n_jobs=16)]: Done 1348 tasks      | elapsed:    4.9s
[Parallel(n_jobs=16)]: Done 1352 tasks      | elapsed:    4.9s
[Parallel(n_jobs=16)]: Done 1356 tasks      | elapsed:    4.9s
[Parallel(n_jobs=16)]: Done 1360 tasks      | elapsed:    4.9s
[Parallel(n_jobs=16)]: Done 1364 tasks      | elapsed:    5.0s
[Parallel(n_jobs=16)]: Done 1368 tasks      | elapsed:    5.0s
[Parallel(n_jobs=16)]: Done 1372 tasks      | elapsed:    5.0s
[Parallel(n_jobs=16)]: Done 1376 tasks      | elapsed:    5.1s
[Parallel(n_jobs=16)]: Done 1380 tasks      | elapsed:    5.1s
[Parallel(n_jobs=16)]: Done 1384 tasks      | elapsed:    5.1s
[Parallel(n_jobs=16)]: Done 1388 tasks      | elapsed:    5.1s
[Parallel(n_jobs=16)]: Done 1392 tasks      | elapsed:    5.1s
[Parallel(n_jobs=16)]: Done 1396 tasks      | elapsed:    5.1s
[Parallel(n_jobs=16)]: Done 1400 tasks      | elapsed:    5.1s
[Parallel(n_jobs=16)]: Done 1404 tasks      | elapsed:    5.1s
[Parallel(n_jobs=16)]: Done 1408 tasks      | elapsed:    5.1s
[Parallel(n_jobs=16)]: Done 1412 tasks      | elapsed:    5.1s
[Parallel(n_jobs=16)]: Done 1416 tasks      | elapsed:    5.1s
[Parallel(n_jobs=16)]: Done 1420 tasks      | elapsed:    5.1s
[Parallel(n_jobs=16)]: Done 1424 tasks      | elapsed:    5.1s
[Parallel(n_jobs=16)]: Done 1428 tasks      | elapsed:    5.2s
[Parallel(n_jobs=16)]: Done 1432 tasks      | elapsed:    5.2s
[Parallel(n_jobs=16)]: Done 1436 tasks      | elapsed:    5.2s
[Parallel(n_jobs=16)]: Done 1440 tasks      | elapsed:    5.2s
[Parallel(n_jobs=16)]: Done 1444 tasks      | elapsed:    5.2s
[Parallel(n_jobs=16)]: Done 1448 tasks      | elapsed:    5.3s
[Parallel(n_jobs=16)]: Done 1452 tasks      | elapsed:    5.3s
[Parallel(n_jobs=16)]: Done 1456 tasks      | elapsed:    5.3s
[Parallel(n_jobs=16)]: Done 1460 tasks      | elapsed:    5.3s
[Parallel(n_jobs=16)]: Done 1464 tasks      | elapsed:    5.3s
[Parallel(n_jobs=16)]: Done 1468 tasks      | elapsed:    5.3s
[Parallel(n_jobs=16)]: Done 1472 tasks      | elapsed:    5.3s
[Parallel(n_jobs=16)]: Done 1476 tasks      | elapsed:    5.3s
[Parallel(n_jobs=16)]: Done 1480 tasks      | elapsed:    5.3s
[Parallel(n_jobs=16)]: Done 1484 tasks      | elapsed:    5.3s
[Parallel(n_jobs=16)]: Done 1488 tasks      | elapsed:    5.3s
[Parallel(n_jobs=16)]: Done 1492 tasks      | elapsed:    5.3s
[Parallel(n_jobs=16)]: Done 1496 tasks      | elapsed:    5.3s
[Parallel(n_jobs=16)]: Done 1500 tasks      | elapsed:    5.3s
[Parallel(n_jobs=16)]: Done 1504 tasks      | elapsed:    5.4s
[Parallel(n_jobs=16)]: Done 1508 tasks      | elapsed:    5.4s
[Parallel(n_jobs=16)]: Done 1512 tasks      | elapsed:    5.4s
[Parallel(n_jobs=16)]: Done 1516 tasks      | elapsed:    5.5s
[Parallel(n_jobs=16)]: Done 1520 tasks      | elapsed:    5.5s
[Parallel(n_jobs=16)]: Done 1524 tasks      | elapsed:    5.5s
[Parallel(n_jobs=16)]: Done 1528 tasks      | elapsed:    5.5s
[Parallel(n_jobs=16)]: Done 1532 tasks      | elapsed:    5.5s
[Parallel(n_jobs=16)]: Done 1536 tasks      | elapsed:    5.5s
[Parallel(n_jobs=16)]: Done 1540 tasks      | elapsed:    5.5s
[Parallel(n_jobs=16)]: Done 1544 tasks      | elapsed:    5.5s
[Parallel(n_jobs=16)]: Done 1548 tasks      | elapsed:    5.5s
[Parallel(n_jobs=16)]: Done 1552 tasks      | elapsed:    5.5s
[Parallel(n_jobs=16)]: Done 1556 tasks      | elapsed:    5.5s
[Parallel(n_jobs=16)]: Done 1560 tasks      | elapsed:    5.5s
[Parallel(n_jobs=16)]: Done 1564 tasks      | elapsed:    5.6s
[Parallel(n_jobs=16)]: Done 1568 tasks      | elapsed:    5.6s
[Parallel(n_jobs=16)]: Done 1572 tasks      | elapsed:    5.6s
[Parallel(n_jobs=16)]: Done 1576 tasks      | elapsed:    5.7s
[Parallel(n_jobs=16)]: Done 1580 tasks      | elapsed:    5.7s
[Parallel(n_jobs=16)]: Done 1584 tasks      | elapsed:    5.7s
[Parallel(n_jobs=16)]: Done 1588 tasks      | elapsed:    5.7s
[Parallel(n_jobs=16)]: Done 1592 tasks      | elapsed:    5.7s
[Parallel(n_jobs=16)]: Done 1596 tasks      | elapsed:    5.7s
[Parallel(n_jobs=16)]: Done 1600 tasks      | elapsed:    5.7s
[Parallel(n_jobs=16)]: Done 1604 tasks      | elapsed:    5.7s
[Parallel(n_jobs=16)]: Done 1608 tasks      | elapsed:    5.7s
[Parallel(n_jobs=16)]: Done 1612 tasks      | elapsed:    5.7s
[Parallel(n_jobs=16)]: Done 1616 tasks      | elapsed:    5.7s
[Parallel(n_jobs=16)]: Done 1620 tasks      | elapsed:    5.7s
[Parallel(n_jobs=16)]: Done 1624 tasks      | elapsed:    5.8s
[Parallel(n_jobs=16)]: Done 1628 tasks      | elapsed:    5.8s
[Parallel(n_jobs=16)]: Done 1632 tasks      | elapsed:    5.8s
[Parallel(n_jobs=16)]: Done 1636 tasks      | elapsed:    5.8s
[Parallel(n_jobs=16)]: Done 1640 tasks      | elapsed:    5.8s
[Parallel(n_jobs=16)]: Done 1644 tasks      | elapsed:    5.8s
[Parallel(n_jobs=16)]: Done 1648 tasks      | elapsed:    5.9s
[Parallel(n_jobs=16)]: Done 1652 tasks      | elapsed:    5.9s
[Parallel(n_jobs=16)]: Done 1656 tasks      | elapsed:    5.9s
[Parallel(n_jobs=16)]: Done 1660 tasks      | elapsed:    5.9s
[Parallel(n_jobs=16)]: Done 1664 tasks      | elapsed:    5.9s
[Parallel(n_jobs=16)]: Done 1668 tasks      | elapsed:    5.9s
[Parallel(n_jobs=16)]: Done 1672 tasks      | elapsed:    5.9s
[Parallel(n_jobs=16)]: Done 1676 tasks      | elapsed:    5.9s
[Parallel(n_jobs=16)]: Done 1680 tasks      | elapsed:    5.9s
[Parallel(n_jobs=16)]: Done 1684 tasks      | elapsed:    5.9s
[Parallel(n_jobs=16)]: Done 1688 tasks      | elapsed:    5.9s
[Parallel(n_jobs=16)]: Done 1692 tasks      | elapsed:    5.9s
[Parallel(n_jobs=16)]: Done 1696 tasks      | elapsed:    6.0s
[Parallel(n_jobs=16)]: Done 1700 tasks      | elapsed:    6.0s
[Parallel(n_jobs=16)]: Done 1704 tasks      | elapsed:    6.0s
[Parallel(n_jobs=16)]: Done 1708 tasks      | elapsed:    6.0s
[Parallel(n_jobs=16)]: Done 1712 tasks      | elapsed:    6.0s
[Parallel(n_jobs=16)]: Done 1716 tasks      | elapsed:    6.1s
[Parallel(n_jobs=16)]: Done 1720 tasks      | elapsed:    6.1s
[Parallel(n_jobs=16)]: Done 1724 tasks      | elapsed:    6.1s
[Parallel(n_jobs=16)]: Done 1728 tasks      | elapsed:    6.1s
[Parallel(n_jobs=16)]: Done 1732 tasks      | elapsed:    6.1s
[Parallel(n_jobs=16)]: Done 1736 tasks      | elapsed:    6.1s
[Parallel(n_jobs=16)]: Done 1740 tasks      | elapsed:    6.1s
[Parallel(n_jobs=16)]: Done 1744 tasks      | elapsed:    6.1s
[Parallel(n_jobs=16)]: Done 1748 tasks      | elapsed:    6.1s
[Parallel(n_jobs=16)]: Done 1752 tasks      | elapsed:    6.1s
[Parallel(n_jobs=16)]: Done 1756 tasks      | elapsed:    6.1s
[Parallel(n_jobs=16)]: Done 1760 tasks      | elapsed:    6.2s
[Parallel(n_jobs=16)]: Done 1764 tasks      | elapsed:    6.2s
[Parallel(n_jobs=16)]: Done 1768 tasks      | elapsed:    6.2s
[Parallel(n_jobs=16)]: Done 1772 tasks      | elapsed:    6.2s
[Parallel(n_jobs=16)]: Done 1776 tasks      | elapsed:    6.2s
[Parallel(n_jobs=16)]: Done 1780 tasks      | elapsed:    6.2s
[Parallel(n_jobs=16)]: Done 1784 tasks      | elapsed:    6.3s
[Parallel(n_jobs=16)]: Done 1788 tasks      | elapsed:    6.3s
[Parallel(n_jobs=16)]: Done 1792 tasks      | elapsed:    6.3s
[Parallel(n_jobs=16)]: Done 1796 tasks      | elapsed:    6.3s
[Parallel(n_jobs=16)]: Done 1800 tasks      | elapsed:    6.3s
[Parallel(n_jobs=16)]: Done 1804 tasks      | elapsed:    6.3s
[Parallel(n_jobs=16)]: Done 1808 tasks      | elapsed:    6.3s
[Parallel(n_jobs=16)]: Done 1812 tasks      | elapsed:    6.3s
[Parallel(n_jobs=16)]: Done 1816 tasks      | elapsed:    6.3s
[Parallel(n_jobs=16)]: Done 1820 tasks      | elapsed:    6.4s
[Parallel(n_jobs=16)]: Done 1824 tasks      | elapsed:    6.4s
[Parallel(n_jobs=16)]: Done 1828 tasks      | elapsed:    6.4s
[Parallel(n_jobs=16)]: Done 1832 tasks      | elapsed:    6.4s
[Parallel(n_jobs=16)]: Done 1836 tasks      | elapsed:    6.4s
[Parallel(n_jobs=16)]: Done 1840 tasks      | elapsed:    6.4s
[Parallel(n_jobs=16)]: Done 1844 tasks      | elapsed:    6.4s
[Parallel(n_jobs=16)]: Done 1848 tasks      | elapsed:    6.5s
[Parallel(n_jobs=16)]: Done 1852 tasks      | elapsed:    6.5s
[Parallel(n_jobs=16)]: Done 1856 tasks      | elapsed:    6.5s
[Parallel(n_jobs=16)]: Done 1860 tasks      | elapsed:    6.5s
[Parallel(n_jobs=16)]: Done 1864 tasks      | elapsed:    6.5s
[Parallel(n_jobs=16)]: Done 1868 tasks      | elapsed:    6.5s
[Parallel(n_jobs=16)]: Done 1872 tasks      | elapsed:    6.5s
[Parallel(n_jobs=16)]: Done 1876 tasks      | elapsed:    6.5s
[Parallel(n_jobs=16)]: Done 1880 tasks      | elapsed:    6.5s
[Parallel(n_jobs=16)]: Done 1884 tasks      | elapsed:    6.5s
[Parallel(n_jobs=16)]: Done 1888 tasks      | elapsed:    6.6s
[Parallel(n_jobs=16)]: Done 1892 tasks      | elapsed:    6.6s
[Parallel(n_jobs=16)]: Done 1896 tasks      | elapsed:    6.6s
[Parallel(n_jobs=16)]: Done 1900 tasks      | elapsed:    6.6s
[Parallel(n_jobs=16)]: Done 1904 tasks      | elapsed:    6.6s
[Parallel(n_jobs=16)]: Done 1908 tasks      | elapsed:    6.6s
[Parallel(n_jobs=16)]: Done 1912 tasks      | elapsed:    6.6s
[Parallel(n_jobs=16)]: Done 1916 tasks      | elapsed:    6.7s
[Parallel(n_jobs=16)]: Done 1920 tasks      | elapsed:    6.7s
[Parallel(n_jobs=16)]: Done 1924 tasks      | elapsed:    6.7s
[Parallel(n_jobs=16)]: Done 1928 tasks      | elapsed:    6.7s
[Parallel(n_jobs=16)]: Done 1932 tasks      | elapsed:    6.7s
[Parallel(n_jobs=16)]: Done 1936 tasks      | elapsed:    6.8s
[Parallel(n_jobs=16)]: Done 1940 tasks      | elapsed:    6.8s
[Parallel(n_jobs=16)]: Done 1944 tasks      | elapsed:    6.8s
[Parallel(n_jobs=16)]: Done 1948 tasks      | elapsed:    6.8s
[Parallel(n_jobs=16)]: Done 1952 tasks      | elapsed:    6.8s
[Parallel(n_jobs=16)]: Done 1956 tasks      | elapsed:    6.8s
[Parallel(n_jobs=16)]: Done 1960 tasks      | elapsed:    6.8s
[Parallel(n_jobs=16)]: Done 1964 tasks      | elapsed:    6.8s
[Parallel(n_jobs=16)]: Done 1968 tasks      | elapsed:    6.8s
[Parallel(n_jobs=16)]: Done 1972 tasks      | elapsed:    6.8s
[Parallel(n_jobs=16)]: Done 1976 tasks      | elapsed:    6.8s
[Parallel(n_jobs=16)]: Done 1980 tasks      | elapsed:    6.8s
[Parallel(n_jobs=16)]: Done 1984 tasks      | elapsed:    6.8s
[Parallel(n_jobs=16)]: Done 1988 tasks      | elapsed:    6.9s
[Parallel(n_jobs=16)]: Done 1992 tasks      | elapsed:    6.9s
[Parallel(n_jobs=16)]: Done 1996 tasks      | elapsed:    6.9s
[Parallel(n_jobs=16)]: Done 2000 tasks      | elapsed:    6.9s
[Parallel(n_jobs=16)]: Done 2004 tasks      | elapsed:    6.9s
[Parallel(n_jobs=16)]: Done 2008 tasks      | elapsed:    7.0s
[Parallel(n_jobs=16)]: Done 2012 tasks      | elapsed:    7.0s
[Parallel(n_jobs=16)]: Done 2016 tasks      | elapsed:    7.0s
[Parallel(n_jobs=16)]: Done 2020 tasks      | elapsed:    7.0s
[Parallel(n_jobs=16)]: Done 2024 tasks      | elapsed:    7.0s
[Parallel(n_jobs=16)]: Done 2028 tasks      | elapsed:    7.0s
[Parallel(n_jobs=16)]: Done 2032 tasks      | elapsed:    7.0s
[Parallel(n_jobs=16)]: Done 2036 tasks      | elapsed:    7.0s
[Parallel(n_jobs=16)]: Done 2040 tasks      | elapsed:    7.0s
[Parallel(n_jobs=16)]: Done 2044 tasks      | elapsed:    7.0s
[Parallel(n_jobs=16)]: Done 2048 tasks      | elapsed:    7.0s
[Parallel(n_jobs=16)]: Done 2052 tasks      | elapsed:    7.1s
[Parallel(n_jobs=16)]: Done 2056 tasks      | elapsed:    7.1s
[Parallel(n_jobs=16)]: Done 2060 tasks      | elapsed:    7.1s
[Parallel(n_jobs=16)]: Done 2064 tasks      | elapsed:    7.1s
[Parallel(n_jobs=16)]: Done 2068 tasks      | elapsed:    7.2s
[Parallel(n_jobs=16)]: Done 2072 tasks      | elapsed:    7.2s
[Parallel(n_jobs=16)]: Done 2076 tasks      | elapsed:    7.2s
[Parallel(n_jobs=16)]: Done 2080 tasks      | elapsed:    7.2s
[Parallel(n_jobs=16)]: Done 2084 tasks      | elapsed:    7.2s
[Parallel(n_jobs=16)]: Done 2088 tasks      | elapsed:    7.2s
[Parallel(n_jobs=16)]: Done 2092 tasks      | elapsed:    7.2s
[Parallel(n_jobs=16)]: Done 2096 tasks      | elapsed:    7.2s
[Parallel(n_jobs=16)]: Done 2100 tasks      | elapsed:    7.2s
[Parallel(n_jobs=16)]: Done 2104 tasks      | elapsed:    7.2s
[Parallel(n_jobs=16)]: Done 2108 tasks      | elapsed:    7.2s
[Parallel(n_jobs=16)]: Done 2112 tasks      | elapsed:    7.3s
[Parallel(n_jobs=16)]: Done 2116 tasks      | elapsed:    7.3s
[Parallel(n_jobs=16)]: Done 2120 tasks      | elapsed:    7.3s
[Parallel(n_jobs=16)]: Done 2124 tasks      | elapsed:    7.3s
[Parallel(n_jobs=16)]: Done 2128 tasks      | elapsed:    7.3s
[Parallel(n_jobs=16)]: Done 2132 tasks      | elapsed:    7.3s
[Parallel(n_jobs=16)]: Done 2136 tasks      | elapsed:    7.3s
[Parallel(n_jobs=16)]: Done 2140 tasks      | elapsed:    7.3s
[Parallel(n_jobs=16)]: Done 2144 tasks      | elapsed:    7.3s
[Parallel(n_jobs=16)]: Done 2148 tasks      | elapsed:    7.4s
[Parallel(n_jobs=16)]: Done 2152 tasks      | elapsed:    7.4s
[Parallel(n_jobs=16)]: Done 2156 tasks      | elapsed:    7.4s
[Parallel(n_jobs=16)]: Done 2160 tasks      | elapsed:    7.4s
[Parallel(n_jobs=16)]: Done 2164 tasks      | elapsed:    7.4s
[Parallel(n_jobs=16)]: Done 2168 tasks      | elapsed:    7.5s
[Parallel(n_jobs=16)]: Done 2172 tasks      | elapsed:    7.5s
[Parallel(n_jobs=16)]: Done 2176 tasks      | elapsed:    7.5s
[Parallel(n_jobs=16)]: Done 2180 tasks      | elapsed:    7.5s
[Parallel(n_jobs=16)]: Done 2184 tasks      | elapsed:    7.5s
[Parallel(n_jobs=16)]: Done 2188 tasks      | elapsed:    7.5s
[Parallel(n_jobs=16)]: Done 2192 tasks      | elapsed:    7.5s
[Parallel(n_jobs=16)]: Done 2196 tasks      | elapsed:    7.5s
[Parallel(n_jobs=16)]: Done 2200 tasks      | elapsed:    7.5s
[Parallel(n_jobs=16)]: Done 2204 tasks      | elapsed:    7.6s
[Parallel(n_jobs=16)]: Done 2208 tasks      | elapsed:    7.6s
[Parallel(n_jobs=16)]: Done 2212 tasks      | elapsed:    7.6s
[Parallel(n_jobs=16)]: Done 2216 tasks      | elapsed:    7.6s
[Parallel(n_jobs=16)]: Done 2220 tasks      | elapsed:    7.6s
[Parallel(n_jobs=16)]: Done 2224 tasks      | elapsed:    7.6s
[Parallel(n_jobs=16)]: Done 2228 tasks      | elapsed:    7.6s
[Parallel(n_jobs=16)]: Done 2232 tasks      | elapsed:    7.6s
[Parallel(n_jobs=16)]: Done 2236 tasks      | elapsed:    7.6s
[Parallel(n_jobs=16)]: Done 2240 tasks      | elapsed:    7.7s
[Parallel(n_jobs=16)]: Done 2244 tasks      | elapsed:    7.7s
[Parallel(n_jobs=16)]: Done 2248 tasks      | elapsed:    7.7s
[Parallel(n_jobs=16)]: Done 2252 tasks      | elapsed:    7.7s
[Parallel(n_jobs=16)]: Done 2256 tasks      | elapsed:    7.7s
[Parallel(n_jobs=16)]: Done 2260 tasks      | elapsed:    7.7s
[Parallel(n_jobs=16)]: Done 2264 tasks      | elapsed:    7.7s
[Parallel(n_jobs=16)]: Done 2268 tasks      | elapsed:    7.7s
[Parallel(n_jobs=16)]: Done 2272 tasks      | elapsed:    7.8s
[Parallel(n_jobs=16)]: Done 2276 tasks      | elapsed:    7.8s
[Parallel(n_jobs=16)]: Done 2280 tasks      | elapsed:    7.8s
[Parallel(n_jobs=16)]: Done 2284 tasks      | elapsed:    7.8s
[Parallel(n_jobs=16)]: Done 2288 tasks      | elapsed:    7.8s
[Parallel(n_jobs=16)]: Done 2292 tasks      | elapsed:    7.8s
[Parallel(n_jobs=16)]: Done 2296 tasks      | elapsed:    7.9s
[Parallel(n_jobs=16)]: Done 2300 tasks      | elapsed:    7.9s
[Parallel(n_jobs=16)]: Done 2304 tasks      | elapsed:    7.9s
[Parallel(n_jobs=16)]: Done 2308 tasks      | elapsed:    7.9s
[Parallel(n_jobs=16)]: Done 2312 tasks      | elapsed:    7.9s
[Parallel(n_jobs=16)]: Done 2316 tasks      | elapsed:    7.9s
[Parallel(n_jobs=16)]: Done 2320 tasks      | elapsed:    7.9s
[Parallel(n_jobs=16)]: Done 2324 tasks      | elapsed:    7.9s
[Parallel(n_jobs=16)]: Done 2328 tasks      | elapsed:    7.9s
[Parallel(n_jobs=16)]: Done 2332 tasks      | elapsed:    7.9s
[Parallel(n_jobs=16)]: Done 2336 tasks      | elapsed:    8.0s
[Parallel(n_jobs=16)]: Done 2340 tasks      | elapsed:    8.0s
[Parallel(n_jobs=16)]: Done 2344 tasks      | elapsed:    8.0s
[Parallel(n_jobs=16)]: Done 2348 tasks      | elapsed:    8.0s
[Parallel(n_jobs=16)]: Done 2352 tasks      | elapsed:    8.0s
[Parallel(n_jobs=16)]: Done 2356 tasks      | elapsed:    8.0s
[Parallel(n_jobs=16)]: Done 2360 tasks      | elapsed:    8.0s
[Parallel(n_jobs=16)]: Done 2364 tasks      | elapsed:    8.1s
[Parallel(n_jobs=16)]: Done 2368 tasks      | elapsed:    8.1s
[Parallel(n_jobs=16)]: Done 2372 tasks      | elapsed:    8.1s
[Parallel(n_jobs=16)]: Done 2376 tasks      | elapsed:    8.1s
[Parallel(n_jobs=16)]: Done 2380 tasks      | elapsed:    8.1s
[Parallel(n_jobs=16)]: Done 2384 tasks      | elapsed:    8.1s
[Parallel(n_jobs=16)]: Done 2388 tasks      | elapsed:    8.2s
[Parallel(n_jobs=16)]: Done 2392 tasks      | elapsed:    8.2s
[Parallel(n_jobs=16)]: Done 2396 tasks      | elapsed:    8.2s
[Parallel(n_jobs=16)]: Done 2400 tasks      | elapsed:    8.2s
[Parallel(n_jobs=16)]: Done 2404 tasks      | elapsed:    8.2s
[Parallel(n_jobs=16)]: Done 2408 tasks      | elapsed:    8.2s
[Parallel(n_jobs=16)]: Done 2412 tasks      | elapsed:    8.2s
[Parallel(n_jobs=16)]: Done 2416 tasks      | elapsed:    8.2s
[Parallel(n_jobs=16)]: Done 2420 tasks      | elapsed:    8.3s
[Parallel(n_jobs=16)]: Done 2424 tasks      | elapsed:    8.3s
[Parallel(n_jobs=16)]: Done 2428 tasks      | elapsed:    8.3s
[Parallel(n_jobs=16)]: Done 2432 tasks      | elapsed:    8.3s
[Parallel(n_jobs=16)]: Done 2436 tasks      | elapsed:    8.3s
[Parallel(n_jobs=16)]: Done 2440 tasks      | elapsed:    8.3s
[Parallel(n_jobs=16)]: Done 2444 tasks      | elapsed:    8.3s
[Parallel(n_jobs=16)]: Done 2448 tasks      | elapsed:    8.3s
[Parallel(n_jobs=16)]: Done 2452 tasks      | elapsed:    8.3s
[Parallel(n_jobs=16)]: Done 2456 tasks      | elapsed:    8.3s
[Parallel(n_jobs=16)]: Done 2460 tasks      | elapsed:    8.4s
[Parallel(n_jobs=16)]: Done 2464 tasks      | elapsed:    8.4s
[Parallel(n_jobs=16)]: Done 2468 tasks      | elapsed:    8.4s
[Parallel(n_jobs=16)]: Done 2472 tasks      | elapsed:    8.4s
[Parallel(n_jobs=16)]: Done 2476 tasks      | elapsed:    8.4s
[Parallel(n_jobs=16)]: Done 2480 tasks      | elapsed:    8.4s
[Parallel(n_jobs=16)]: Done 2484 tasks      | elapsed:    8.4s
[Parallel(n_jobs=16)]: Done 2488 tasks      | elapsed:    8.4s
[Parallel(n_jobs=16)]: Done 2492 tasks      | elapsed:    8.5s
[Parallel(n_jobs=16)]: Done 2496 tasks      | elapsed:    8.5s
[Parallel(n_jobs=16)]: Done 2500 tasks      | elapsed:    8.5s
[Parallel(n_jobs=16)]: Done 2504 tasks      | elapsed:    8.5s
[Parallel(n_jobs=16)]: Done 2508 tasks      | elapsed:    8.5s
[Parallel(n_jobs=16)]: Done 2512 tasks      | elapsed:    8.5s
[Parallel(n_jobs=16)]: Done 2516 tasks      | elapsed:    8.5s
[Parallel(n_jobs=16)]: Done 2520 tasks      | elapsed:    8.5s
[Parallel(n_jobs=16)]: Done 2524 tasks      | elapsed:    8.5s
[Parallel(n_jobs=16)]: Done 2528 tasks      | elapsed:    8.5s
[Parallel(n_jobs=16)]: Done 2532 tasks      | elapsed:    8.6s
[Parallel(n_jobs=16)]: Done 2536 tasks      | elapsed:    8.6s
[Parallel(n_jobs=16)]: Done 2540 tasks      | elapsed:    8.6s
[Parallel(n_jobs=16)]: Done 2544 tasks      | elapsed:    8.6s
[Parallel(n_jobs=16)]: Done 2548 tasks      | elapsed:    8.6s
[Parallel(n_jobs=16)]: Done 2552 tasks      | elapsed:    8.6s
[Parallel(n_jobs=16)]: Done 2556 tasks      | elapsed:    8.6s
[Parallel(n_jobs=16)]: Done 2560 tasks      | elapsed:    8.6s
[Parallel(n_jobs=16)]: Done 2564 tasks      | elapsed:    8.6s
[Parallel(n_jobs=16)]: Done 2568 tasks      | elapsed:    8.7s
[Parallel(n_jobs=16)]: Done 2572 tasks      | elapsed:    8.7s
[Parallel(n_jobs=16)]: Done 2576 tasks      | elapsed:    8.7s
[Parallel(n_jobs=16)]: Done 2580 tasks      | elapsed:    8.7s
[Parallel(n_jobs=16)]: Done 2584 tasks      | elapsed:    8.7s
[Parallel(n_jobs=16)]: Done 2588 tasks      | elapsed:    8.7s
[Parallel(n_jobs=16)]: Done 2592 tasks      | elapsed:    8.7s
[Parallel(n_jobs=16)]: Done 2596 tasks      | elapsed:    8.8s
[Parallel(n_jobs=16)]: Done 2600 tasks      | elapsed:    8.8s
[Parallel(n_jobs=16)]: Done 2604 tasks      | elapsed:    8.8s
[Parallel(n_jobs=16)]: Done 2608 tasks      | elapsed:    8.8s
[Parallel(n_jobs=16)]: Done 2612 tasks      | elapsed:    8.8s
[Parallel(n_jobs=16)]: Done 2616 tasks      | elapsed:    8.8s
[Parallel(n_jobs=16)]: Done 2620 tasks      | elapsed:    8.8s
[Parallel(n_jobs=16)]: Done 2624 tasks      | elapsed:    8.8s
[Parallel(n_jobs=16)]: Done 2628 tasks      | elapsed:    8.9s
[Parallel(n_jobs=16)]: Done 2632 tasks      | elapsed:    8.9s
[Parallel(n_jobs=16)]: Done 2636 tasks      | elapsed:    8.9s
[Parallel(n_jobs=16)]: Done 2640 tasks      | elapsed:    8.9s
[Parallel(n_jobs=16)]: Done 2644 tasks      | elapsed:    8.9s
[Parallel(n_jobs=16)]: Done 2648 tasks      | elapsed:    8.9s
[Parallel(n_jobs=16)]: Done 2652 tasks      | elapsed:    8.9s
[Parallel(n_jobs=16)]: Done 2656 tasks      | elapsed:    8.9s
[Parallel(n_jobs=16)]: Done 2660 tasks      | elapsed:    8.9s
[Parallel(n_jobs=16)]: Done 2664 tasks      | elapsed:    9.0s
[Parallel(n_jobs=16)]: Done 2668 tasks      | elapsed:    9.0s
[Parallel(n_jobs=16)]: Done 2672 tasks      | elapsed:    9.0s
[Parallel(n_jobs=16)]: Done 2676 tasks      | elapsed:    9.0s
[Parallel(n_jobs=16)]: Done 2680 tasks      | elapsed:    9.0s
[Parallel(n_jobs=16)]: Done 2684 tasks      | elapsed:    9.0s
[Parallel(n_jobs=16)]: Done 2688 tasks      | elapsed:    9.0s
[Parallel(n_jobs=16)]: Done 2692 tasks      | elapsed:    9.0s
[Parallel(n_jobs=16)]: Done 2696 tasks      | elapsed:    9.0s
[Parallel(n_jobs=16)]: Done 2700 tasks      | elapsed:    9.1s
[Parallel(n_jobs=16)]: Done 2704 tasks      | elapsed:    9.1s
[Parallel(n_jobs=16)]: Done 2708 tasks      | elapsed:    9.1s
[Parallel(n_jobs=16)]: Done 2712 tasks      | elapsed:    9.1s
[Parallel(n_jobs=16)]: Done 2716 tasks      | elapsed:    9.1s
[Parallel(n_jobs=16)]: Done 2720 tasks      | elapsed:    9.1s
[Parallel(n_jobs=16)]: Done 2724 tasks      | elapsed:    9.1s
[Parallel(n_jobs=16)]: Done 2728 tasks      | elapsed:    9.1s
[Parallel(n_jobs=16)]: Done 2732 tasks      | elapsed:    9.2s
[Parallel(n_jobs=16)]: Done 2736 tasks      | elapsed:    9.2s
[Parallel(n_jobs=16)]: Done 2740 tasks      | elapsed:    9.2s
[Parallel(n_jobs=16)]: Done 2744 tasks      | elapsed:    9.2s
[Parallel(n_jobs=16)]: Done 2748 tasks      | elapsed:    9.2s
[Parallel(n_jobs=16)]: Done 2752 tasks      | elapsed:    9.2s
[Parallel(n_jobs=16)]: Done 2756 tasks      | elapsed:    9.2s
[Parallel(n_jobs=16)]: Done 2760 tasks      | elapsed:    9.3s
[Parallel(n_jobs=16)]: Done 2764 tasks      | elapsed:    9.3s
[Parallel(n_jobs=16)]: Done 2768 tasks      | elapsed:    9.3s
[Parallel(n_jobs=16)]: Done 2772 tasks      | elapsed:    9.3s
[Parallel(n_jobs=16)]: Done 2776 tasks      | elapsed:    9.3s
[Parallel(n_jobs=16)]: Done 2780 tasks      | elapsed:    9.3s
[Parallel(n_jobs=16)]: Done 2784 tasks      | elapsed:    9.3s
[Parallel(n_jobs=16)]: Done 2788 tasks      | elapsed:    9.3s
[Parallel(n_jobs=16)]: Done 2792 tasks      | elapsed:    9.3s
[Parallel(n_jobs=16)]: Done 2796 tasks      | elapsed:    9.4s
[Parallel(n_jobs=16)]: Done 2800 tasks      | elapsed:    9.4s
[Parallel(n_jobs=16)]: Done 2804 tasks      | elapsed:    9.4s
[Parallel(n_jobs=16)]: Done 2808 tasks      | elapsed:    9.4s
[Parallel(n_jobs=16)]: Done 2812 tasks      | elapsed:    9.4s
[Parallel(n_jobs=16)]: Done 2816 tasks      | elapsed:    9.4s
[Parallel(n_jobs=16)]: Done 2820 tasks      | elapsed:    9.5s
[Parallel(n_jobs=16)]: Done 2824 tasks      | elapsed:    9.5s
[Parallel(n_jobs=16)]: Done 2828 tasks      | elapsed:    9.5s
[Parallel(n_jobs=16)]: Done 2832 tasks      | elapsed:    9.5s
[Parallel(n_jobs=16)]: Done 2836 tasks      | elapsed:    9.5s
[Parallel(n_jobs=16)]: Done 2840 tasks      | elapsed:    9.5s
[Parallel(n_jobs=16)]: Done 2844 tasks      | elapsed:    9.5s
[Parallel(n_jobs=16)]: Done 2848 tasks      | elapsed:    9.5s
[Parallel(n_jobs=16)]: Done 2852 tasks      | elapsed:    9.6s
[Parallel(n_jobs=16)]: Done 2856 tasks      | elapsed:    9.6s
[Parallel(n_jobs=16)]: Done 2860 tasks      | elapsed:    9.6s
[Parallel(n_jobs=16)]: Done 2864 tasks      | elapsed:    9.6s
[Parallel(n_jobs=16)]: Done 2868 tasks      | elapsed:    9.6s
[Parallel(n_jobs=16)]: Done 2872 tasks      | elapsed:    9.6s
[Parallel(n_jobs=16)]: Done 2876 tasks      | elapsed:    9.6s
[Parallel(n_jobs=16)]: Done 2880 tasks      | elapsed:    9.6s
[Parallel(n_jobs=16)]: Done 2884 tasks      | elapsed:    9.7s
[Parallel(n_jobs=16)]: Done 2888 tasks      | elapsed:    9.7s
[Parallel(n_jobs=16)]: Done 2892 tasks      | elapsed:    9.7s
[Parallel(n_jobs=16)]: Done 2896 tasks      | elapsed:    9.7s
[Parallel(n_jobs=16)]: Done 2900 tasks      | elapsed:    9.7s
[Parallel(n_jobs=16)]: Done 2904 tasks      | elapsed:    9.7s
[Parallel(n_jobs=16)]: Done 2908 tasks      | elapsed:    9.8s
[Parallel(n_jobs=16)]: Done 2912 tasks      | elapsed:    9.8s
[Parallel(n_jobs=16)]: Done 2916 tasks      | elapsed:    9.8s
[Parallel(n_jobs=16)]: Done 2920 tasks      | elapsed:    9.8s
[Parallel(n_jobs=16)]: Done 2924 tasks      | elapsed:    9.8s
[Parallel(n_jobs=16)]: Done 2928 tasks      | elapsed:    9.8s
[Parallel(n_jobs=16)]: Done 2932 tasks      | elapsed:    9.9s
[Parallel(n_jobs=16)]: Done 2936 tasks      | elapsed:    9.9s
[Parallel(n_jobs=16)]: Done 2940 tasks      | elapsed:    9.9s
[Parallel(n_jobs=16)]: Done 2944 tasks      | elapsed:    9.9s
[Parallel(n_jobs=16)]: Done 2948 tasks      | elapsed:    9.9s
[Parallel(n_jobs=16)]: Done 2952 tasks      | elapsed:    9.9s
[Parallel(n_jobs=16)]: Done 2956 tasks      | elapsed:    9.9s
[Parallel(n_jobs=16)]: Done 2960 tasks      | elapsed:    9.9s
[Parallel(n_jobs=16)]: Done 2964 tasks      | elapsed:    9.9s
[Parallel(n_jobs=16)]: Done 2968 tasks      | elapsed:   10.0s
[Parallel(n_jobs=16)]: Done 2972 tasks      | elapsed:   10.0s
[Parallel(n_jobs=16)]: Done 2976 tasks      | elapsed:   10.0s
[Parallel(n_jobs=16)]: Done 2980 tasks      | elapsed:   10.0s
[Parallel(n_jobs=16)]: Done 2984 tasks      | elapsed:   10.0s
[Parallel(n_jobs=16)]: Done 2988 tasks      | elapsed:   10.0s
[Parallel(n_jobs=16)]: Done 2992 tasks      | elapsed:   10.0s
[Parallel(n_jobs=16)]: Done 2996 tasks      | elapsed:   10.1s
[Parallel(n_jobs=16)]: Done 3000 tasks      | elapsed:   10.1s
[Parallel(n_jobs=16)]: Done 3004 tasks      | elapsed:   10.1s
[Parallel(n_jobs=16)]: Done 3008 tasks      | elapsed:   10.1s
[Parallel(n_jobs=16)]: Done 3012 tasks      | elapsed:   10.1s
[Parallel(n_jobs=16)]: Done 3016 tasks      | elapsed:   10.1s
[Parallel(n_jobs=16)]: Done 3020 tasks      | elapsed:   10.1s
[Parallel(n_jobs=16)]: Done 3024 tasks      | elapsed:   10.1s
[Parallel(n_jobs=16)]: Done 3028 tasks      | elapsed:   10.1s
[Parallel(n_jobs=16)]: Done 3032 tasks      | elapsed:   10.2s
[Parallel(n_jobs=16)]: Done 3036 tasks      | elapsed:   10.2s
[Parallel(n_jobs=16)]: Done 3040 tasks      | elapsed:   10.2s
[Parallel(n_jobs=16)]: Done 3044 tasks      | elapsed:   10.2s
[Parallel(n_jobs=16)]: Done 3048 tasks      | elapsed:   10.2s
[Parallel(n_jobs=16)]: Done 3052 tasks      | elapsed:   10.3s
[Parallel(n_jobs=16)]: Done 3056 tasks      | elapsed:   10.3s
[Parallel(n_jobs=16)]: Done 3060 tasks      | elapsed:   10.3s
[Parallel(n_jobs=16)]: Done 3064 tasks      | elapsed:   10.3s
[Parallel(n_jobs=16)]: Done 3068 tasks      | elapsed:   10.3s
[Parallel(n_jobs=16)]: Done 3072 tasks      | elapsed:   10.3s
[Parallel(n_jobs=16)]: Done 3076 tasks      | elapsed:   10.3s
[Parallel(n_jobs=16)]: Done 3080 tasks      | elapsed:   10.3s
[Parallel(n_jobs=16)]: Done 3084 tasks      | elapsed:   10.3s
[Parallel(n_jobs=16)]: Done 3088 tasks      | elapsed:   10.3s
[Parallel(n_jobs=16)]: Done 3092 tasks      | elapsed:   10.3s
[Parallel(n_jobs=16)]: Done 3096 tasks      | elapsed:   10.4s
[Parallel(n_jobs=16)]: Done 3100 tasks      | elapsed:   10.4s
[Parallel(n_jobs=16)]: Done 3104 tasks      | elapsed:   10.4s
[Parallel(n_jobs=16)]: Done 3108 tasks      | elapsed:   10.4s
[Parallel(n_jobs=16)]: Done 3112 tasks      | elapsed:   10.4s
[Parallel(n_jobs=16)]: Done 3116 tasks      | elapsed:   10.4s
[Parallel(n_jobs=16)]: Done 3120 tasks      | elapsed:   10.4s
[Parallel(n_jobs=16)]: Done 3124 tasks      | elapsed:   10.5s
[Parallel(n_jobs=16)]: Done 3128 tasks      | elapsed:   10.5s
[Parallel(n_jobs=16)]: Done 3132 tasks      | elapsed:   10.5s
[Parallel(n_jobs=16)]: Done 3136 tasks      | elapsed:   10.5s
[Parallel(n_jobs=16)]: Done 3140 tasks      | elapsed:   10.5s
[Parallel(n_jobs=16)]: Done 3144 tasks      | elapsed:   10.5s
[Parallel(n_jobs=16)]: Done 3148 tasks      | elapsed:   10.5s
[Parallel(n_jobs=16)]: Done 3152 tasks      | elapsed:   10.5s
[Parallel(n_jobs=16)]: Done 3156 tasks      | elapsed:   10.6s
[Parallel(n_jobs=16)]: Done 3160 tasks      | elapsed:   10.6s
[Parallel(n_jobs=16)]: Done 3164 tasks      | elapsed:   10.6s
[Parallel(n_jobs=16)]: Done 3168 tasks      | elapsed:   10.6s
[Parallel(n_jobs=16)]: Done 3172 tasks      | elapsed:   10.6s
[Parallel(n_jobs=16)]: Done 3176 tasks      | elapsed:   10.6s
[Parallel(n_jobs=16)]: Done 3180 tasks      | elapsed:   10.6s
[Parallel(n_jobs=16)]: Done 3184 tasks      | elapsed:   10.6s
[Parallel(n_jobs=16)]: Done 3188 tasks      | elapsed:   10.6s
[Parallel(n_jobs=16)]: Done 3192 tasks      | elapsed:   10.7s
[Parallel(n_jobs=16)]: Done 3196 tasks      | elapsed:   10.7s
[Parallel(n_jobs=16)]: Done 3200 tasks      | elapsed:   10.7s
[Parallel(n_jobs=16)]: Done 3204 tasks      | elapsed:   10.7s
[Parallel(n_jobs=16)]: Done 3208 tasks      | elapsed:   10.7s
[Parallel(n_jobs=16)]: Done 3212 tasks      | elapsed:   10.7s
[Parallel(n_jobs=16)]: Done 3216 tasks      | elapsed:   10.8s
[Parallel(n_jobs=16)]: Done 3220 tasks      | elapsed:   10.8s
[Parallel(n_jobs=16)]: Done 3224 tasks      | elapsed:   10.8s
[Parallel(n_jobs=16)]: Done 3228 tasks      | elapsed:   10.8s
[Parallel(n_jobs=16)]: Done 3232 tasks      | elapsed:   10.9s
[Parallel(n_jobs=16)]: Done 3236 tasks      | elapsed:   10.9s
[Parallel(n_jobs=16)]: Done 3240 tasks      | elapsed:   10.9s
[Parallel(n_jobs=16)]: Done 3244 tasks      | elapsed:   10.9s
[Parallel(n_jobs=16)]: Done 3248 tasks      | elapsed:   10.9s
[Parallel(n_jobs=16)]: Done 3252 tasks      | elapsed:   10.9s
[Parallel(n_jobs=16)]: Done 3256 tasks      | elapsed:   10.9s
[Parallel(n_jobs=16)]: Done 3260 tasks      | elapsed:   10.9s
[Parallel(n_jobs=16)]: Done 3264 tasks      | elapsed:   11.0s
[Parallel(n_jobs=16)]: Done 3268 tasks      | elapsed:   11.0s
[Parallel(n_jobs=16)]: Done 3272 tasks      | elapsed:   11.0s
[Parallel(n_jobs=16)]: Done 3276 tasks      | elapsed:   11.0s
[Parallel(n_jobs=16)]: Done 3280 tasks      | elapsed:   11.0s
[Parallel(n_jobs=16)]: Done 3284 tasks      | elapsed:   11.0s
[Parallel(n_jobs=16)]: Done 3288 tasks      | elapsed:   11.1s
[Parallel(n_jobs=16)]: Done 3292 tasks      | elapsed:   11.1s
[Parallel(n_jobs=16)]: Done 3296 tasks      | elapsed:   11.1s
[Parallel(n_jobs=16)]: Done 3300 tasks      | elapsed:   11.1s
[Parallel(n_jobs=16)]: Done 3304 tasks      | elapsed:   11.1s
[Parallel(n_jobs=16)]: Done 3308 tasks      | elapsed:   11.1s
[Parallel(n_jobs=16)]: Done 3312 tasks      | elapsed:   11.2s
[Parallel(n_jobs=16)]: Done 3316 tasks      | elapsed:   11.2s
[Parallel(n_jobs=16)]: Done 3320 tasks      | elapsed:   11.2s
[Parallel(n_jobs=16)]: Done 3324 tasks      | elapsed:   11.2s
[Parallel(n_jobs=16)]: Done 3328 tasks      | elapsed:   11.2s
[Parallel(n_jobs=16)]: Done 3332 tasks      | elapsed:   11.2s
[Parallel(n_jobs=16)]: Done 3336 tasks      | elapsed:   11.2s
[Parallel(n_jobs=16)]: Done 3340 tasks      | elapsed:   11.3s
[Parallel(n_jobs=16)]: Done 3344 tasks      | elapsed:   11.3s
[Parallel(n_jobs=16)]: Done 3348 tasks      | elapsed:   11.3s
[Parallel(n_jobs=16)]: Done 3352 tasks      | elapsed:   11.3s
[Parallel(n_jobs=16)]: Done 3356 tasks      | elapsed:   11.3s
[Parallel(n_jobs=16)]: Done 3360 tasks      | elapsed:   11.3s
[Parallel(n_jobs=16)]: Done 3364 tasks      | elapsed:   11.4s
[Parallel(n_jobs=16)]: Done 3368 tasks      | elapsed:   11.4s
[Parallel(n_jobs=16)]: Done 3372 tasks      | elapsed:   11.4s
[Parallel(n_jobs=16)]: Done 3376 tasks      | elapsed:   11.4s
[Parallel(n_jobs=16)]: Done 3380 tasks      | elapsed:   11.4s
[Parallel(n_jobs=16)]: Done 3384 tasks      | elapsed:   11.4s
[Parallel(n_jobs=16)]: Done 3388 tasks      | elapsed:   11.4s
[Parallel(n_jobs=16)]: Done 3392 tasks      | elapsed:   11.4s
[Parallel(n_jobs=16)]: Done 3396 tasks      | elapsed:   11.5s
[Parallel(n_jobs=16)]: Done 3400 tasks      | elapsed:   11.5s
[Parallel(n_jobs=16)]: Done 3404 tasks      | elapsed:   11.5s
[Parallel(n_jobs=16)]: Done 3408 tasks      | elapsed:   11.6s
[Parallel(n_jobs=16)]: Done 3412 tasks      | elapsed:   11.6s
[Parallel(n_jobs=16)]: Done 3416 tasks      | elapsed:   11.6s
[Parallel(n_jobs=16)]: Done 3420 tasks      | elapsed:   11.6s
[Parallel(n_jobs=16)]: Done 3424 tasks      | elapsed:   11.6s
[Parallel(n_jobs=16)]: Done 3428 tasks      | elapsed:   11.6s
[Parallel(n_jobs=16)]: Done 3432 tasks      | elapsed:   11.7s
[Parallel(n_jobs=16)]: Done 3436 tasks      | elapsed:   11.7s
[Parallel(n_jobs=16)]: Done 3440 tasks      | elapsed:   11.7s
[Parallel(n_jobs=16)]: Done 3444 tasks      | elapsed:   11.7s
[Parallel(n_jobs=16)]: Done 3448 tasks      | elapsed:   11.7s
[Parallel(n_jobs=16)]: Done 3452 tasks      | elapsed:   11.7s
[Parallel(n_jobs=16)]: Done 3456 tasks      | elapsed:   11.8s
[Parallel(n_jobs=16)]: Done 3460 tasks      | elapsed:   11.8s
[Parallel(n_jobs=16)]: Done 3464 tasks      | elapsed:   11.8s
[Parallel(n_jobs=16)]: Done 3468 tasks      | elapsed:   11.9s
[Parallel(n_jobs=16)]: Done 3472 tasks      | elapsed:   11.9s
[Parallel(n_jobs=16)]: Done 3476 tasks      | elapsed:   11.9s
[Parallel(n_jobs=16)]: Done 3480 tasks      | elapsed:   11.9s
[Parallel(n_jobs=16)]: Done 3484 tasks      | elapsed:   11.9s
[Parallel(n_jobs=16)]: Done 3488 tasks      | elapsed:   11.9s
[Parallel(n_jobs=16)]: Done 3492 tasks      | elapsed:   12.0s
[Parallel(n_jobs=16)]: Done 3496 tasks      | elapsed:   12.0s
[Parallel(n_jobs=16)]: Done 3500 tasks      | elapsed:   12.0s
[Parallel(n_jobs=16)]: Done 3504 tasks      | elapsed:   12.0s
[Parallel(n_jobs=16)]: Done 3508 tasks      | elapsed:   12.1s
[Parallel(n_jobs=16)]: Done 3512 tasks      | elapsed:   12.1s
[Parallel(n_jobs=16)]: Done 3516 tasks      | elapsed:   12.1s
[Parallel(n_jobs=16)]: Done 3520 tasks      | elapsed:   12.1s
[Parallel(n_jobs=16)]: Done 3524 tasks      | elapsed:   12.2s
[Parallel(n_jobs=16)]: Done 3528 tasks      | elapsed:   12.2s
[Parallel(n_jobs=16)]: Done 3532 tasks      | elapsed:   12.2s
[Parallel(n_jobs=16)]: Done 3536 tasks      | elapsed:   12.2s
[Parallel(n_jobs=16)]: Done 3540 tasks      | elapsed:   12.3s
[Parallel(n_jobs=16)]: Done 3544 tasks      | elapsed:   12.3s
[Parallel(n_jobs=16)]: Done 3548 tasks      | elapsed:   12.3s
[Parallel(n_jobs=16)]: Done 3552 tasks      | elapsed:   12.3s
[Parallel(n_jobs=16)]: Done 3556 tasks      | elapsed:   12.3s
[Parallel(n_jobs=16)]: Done 3560 tasks      | elapsed:   12.3s
[Parallel(n_jobs=16)]: Done 3564 tasks      | elapsed:   12.4s
[Parallel(n_jobs=16)]: Done 3568 tasks      | elapsed:   12.4s
[Parallel(n_jobs=16)]: Done 3572 tasks      | elapsed:   12.4s
[Parallel(n_jobs=16)]: Done 3576 tasks      | elapsed:   12.5s
[Parallel(n_jobs=16)]: Done 3580 tasks      | elapsed:   12.5s
[Parallel(n_jobs=16)]: Done 3584 tasks      | elapsed:   12.5s
[Parallel(n_jobs=16)]: Done 3588 tasks      | elapsed:   12.5s
[Parallel(n_jobs=16)]: Done 3592 tasks      | elapsed:   12.5s
[Parallel(n_jobs=16)]: Done 3596 tasks      | elapsed:   12.5s
[Parallel(n_jobs=16)]: Done 3600 tasks      | elapsed:   12.5s
[Parallel(n_jobs=16)]: Done 3604 tasks      | elapsed:   12.5s
[Parallel(n_jobs=16)]: Done 3608 tasks      | elapsed:   12.6s
[Parallel(n_jobs=16)]: Done 3612 tasks      | elapsed:   12.6s
[Parallel(n_jobs=16)]: Done 3616 tasks      | elapsed:   12.7s
[Parallel(n_jobs=16)]: Done 3620 tasks      | elapsed:   12.7s
[Parallel(n_jobs=16)]: Done 3624 tasks      | elapsed:   12.7s
[Parallel(n_jobs=16)]: Done 3628 tasks      | elapsed:   12.7s
[Parallel(n_jobs=16)]: Done 3632 tasks      | elapsed:   12.7s
[Parallel(n_jobs=16)]: Done 3636 tasks      | elapsed:   12.7s
[Parallel(n_jobs=16)]: Done 3640 tasks      | elapsed:   12.7s
[Parallel(n_jobs=16)]: Done 3644 tasks      | elapsed:   12.8s
[Parallel(n_jobs=16)]: Done 3648 tasks      | elapsed:   12.8s
[Parallel(n_jobs=16)]: Done 3652 tasks      | elapsed:   12.8s
[Parallel(n_jobs=16)]: Done 3656 tasks      | elapsed:   12.8s
[Parallel(n_jobs=16)]: Done 3660 tasks      | elapsed:   12.8s
[Parallel(n_jobs=16)]: Done 3664 tasks      | elapsed:   12.9s
[Parallel(n_jobs=16)]: Done 3668 tasks      | elapsed:   12.9s
[Parallel(n_jobs=16)]: Done 3672 tasks      | elapsed:   12.9s
[Parallel(n_jobs=16)]: Done 3676 tasks      | elapsed:   12.9s
[Parallel(n_jobs=16)]: Done 3680 tasks      | elapsed:   13.0s
[Parallel(n_jobs=16)]: Done 3684 tasks      | elapsed:   13.0s
[Parallel(n_jobs=16)]: Done 3688 tasks      | elapsed:   13.0s
[Parallel(n_jobs=16)]: Done 3692 tasks      | elapsed:   13.0s
[Parallel(n_jobs=16)]: Done 3696 tasks      | elapsed:   13.0s
[Parallel(n_jobs=16)]: Done 3700 tasks      | elapsed:   13.0s
[Parallel(n_jobs=16)]: Done 3704 tasks      | elapsed:   13.0s
[Parallel(n_jobs=16)]: Done 3708 tasks      | elapsed:   13.1s
[Parallel(n_jobs=16)]: Done 3712 tasks      | elapsed:   13.1s
[Parallel(n_jobs=16)]: Done 3716 tasks      | elapsed:   13.1s
[Parallel(n_jobs=16)]: Done 3720 tasks      | elapsed:   13.1s
[Parallel(n_jobs=16)]: Done 3724 tasks      | elapsed:   13.1s
[Parallel(n_jobs=16)]: Done 3728 tasks      | elapsed:   13.1s
[Parallel(n_jobs=16)]: Done 3732 tasks      | elapsed:   13.1s
[Parallel(n_jobs=16)]: Done 3736 tasks      | elapsed:   13.2s
[Parallel(n_jobs=16)]: Done 3740 tasks      | elapsed:   13.2s
[Parallel(n_jobs=16)]: Done 3744 tasks      | elapsed:   13.2s
[Parallel(n_jobs=16)]: Done 3748 tasks      | elapsed:   13.2s
[Parallel(n_jobs=16)]: Done 3752 tasks      | elapsed:   13.2s
[Parallel(n_jobs=16)]: Done 3756 tasks      | elapsed:   13.3s
[Parallel(n_jobs=16)]: Done 3760 tasks      | elapsed:   13.3s
[Parallel(n_jobs=16)]: Done 3764 tasks      | elapsed:   13.3s
[Parallel(n_jobs=16)]: Done 3768 tasks      | elapsed:   13.3s
[Parallel(n_jobs=16)]: Done 3772 tasks      | elapsed:   13.3s
[Parallel(n_jobs=16)]: Done 3776 tasks      | elapsed:   13.3s
[Parallel(n_jobs=16)]: Done 3780 tasks      | elapsed:   13.3s
[Parallel(n_jobs=16)]: Done 3784 tasks      | elapsed:   13.3s
[Parallel(n_jobs=16)]: Done 3788 tasks      | elapsed:   13.4s
[Parallel(n_jobs=16)]: Done 3792 tasks      | elapsed:   13.4s
[Parallel(n_jobs=16)]: Done 3796 tasks      | elapsed:   13.4s
[Parallel(n_jobs=16)]: Done 3800 tasks      | elapsed:   13.5s
[Parallel(n_jobs=16)]: Done 3804 tasks      | elapsed:   13.5s
[Parallel(n_jobs=16)]: Done 3808 tasks      | elapsed:   13.5s
[Parallel(n_jobs=16)]: Done 3812 tasks      | elapsed:   13.5s
[Parallel(n_jobs=16)]: Done 3816 tasks      | elapsed:   13.5s
[Parallel(n_jobs=16)]: Done 3820 tasks      | elapsed:   13.5s
[Parallel(n_jobs=16)]: Done 3824 tasks      | elapsed:   13.5s
[Parallel(n_jobs=16)]: Done 3828 tasks      | elapsed:   13.5s
[Parallel(n_jobs=16)]: Done 3832 tasks      | elapsed:   13.5s
[Parallel(n_jobs=16)]: Done 3836 tasks      | elapsed:   13.5s
[Parallel(n_jobs=16)]: Done 3840 tasks      | elapsed:   13.6s
[Parallel(n_jobs=16)]: Done 3844 tasks      | elapsed:   13.6s
[Parallel(n_jobs=16)]: Done 3848 tasks      | elapsed:   13.6s
[Parallel(n_jobs=16)]: Done 3852 tasks      | elapsed:   13.6s
[Parallel(n_jobs=16)]: Done 3856 tasks      | elapsed:   13.7s
[Parallel(n_jobs=16)]: Done 3860 tasks      | elapsed:   13.7s
[Parallel(n_jobs=16)]: Done 3864 tasks      | elapsed:   13.7s
[Parallel(n_jobs=16)]: Done 3868 tasks      | elapsed:   13.7s
[Parallel(n_jobs=16)]: Done 3872 tasks      | elapsed:   13.7s
[Parallel(n_jobs=16)]: Done 3876 tasks      | elapsed:   13.7s
[Parallel(n_jobs=16)]: Done 3880 tasks      | elapsed:   13.7s
[Parallel(n_jobs=16)]: Done 3884 tasks      | elapsed:   13.8s
[Parallel(n_jobs=16)]: Done 3888 tasks      | elapsed:   13.8s
[Parallel(n_jobs=16)]: Done 3892 tasks      | elapsed:   13.8s
[Parallel(n_jobs=16)]: Done 3896 tasks      | elapsed:   13.8s
[Parallel(n_jobs=16)]: Done 3900 tasks      | elapsed:   13.9s
[Parallel(n_jobs=16)]: Done 3904 tasks      | elapsed:   13.9s
[Parallel(n_jobs=16)]: Done 3908 tasks      | elapsed:   13.9s
[Parallel(n_jobs=16)]: Done 3912 tasks      | elapsed:   13.9s
[Parallel(n_jobs=16)]: Done 3916 tasks      | elapsed:   13.9s
[Parallel(n_jobs=16)]: Done 3920 tasks      | elapsed:   13.9s
[Parallel(n_jobs=16)]: Done 3924 tasks      | elapsed:   13.9s
[Parallel(n_jobs=16)]: Done 3928 tasks      | elapsed:   14.0s
[Parallel(n_jobs=16)]: Done 3932 tasks      | elapsed:   14.0s
[Parallel(n_jobs=16)]: Done 3936 tasks      | elapsed:   14.0s
[Parallel(n_jobs=16)]: Done 3940 tasks      | elapsed:   14.0s
[Parallel(n_jobs=16)]: Done 3944 tasks      | elapsed:   14.0s
[Parallel(n_jobs=16)]: Done 3948 tasks      | elapsed:   14.0s
[Parallel(n_jobs=16)]: Done 3952 tasks      | elapsed:   14.0s
[Parallel(n_jobs=16)]: Done 3956 tasks      | elapsed:   14.1s
[Parallel(n_jobs=16)]: Done 3960 tasks      | elapsed:   14.1s
[Parallel(n_jobs=16)]: Done 3964 tasks      | elapsed:   14.1s
[Parallel(n_jobs=16)]: Done 3968 tasks      | elapsed:   14.1s
[Parallel(n_jobs=16)]: Done 3972 tasks      | elapsed:   14.1s
[Parallel(n_jobs=16)]: Done 3976 tasks      | elapsed:   14.1s
[Parallel(n_jobs=16)]: Done 3980 tasks      | elapsed:   14.2s
[Parallel(n_jobs=16)]: Done 3984 tasks      | elapsed:   14.2s
[Parallel(n_jobs=16)]: Done 3988 tasks      | elapsed:   14.2s
[Parallel(n_jobs=16)]: Done 3992 tasks      | elapsed:   14.2s
[Parallel(n_jobs=16)]: Done 3996 tasks      | elapsed:   14.2s
[Parallel(n_jobs=16)]: Done 4000 tasks      | elapsed:   14.2s
[Parallel(n_jobs=16)]: Done 4004 tasks      | elapsed:   14.3s
[Parallel(n_jobs=16)]: Done 4008 tasks      | elapsed:   14.3s
[Parallel(n_jobs=16)]: Done 4012 tasks      | elapsed:   14.3s
[Parallel(n_jobs=16)]: Done 4016 tasks      | elapsed:   14.3s
[Parallel(n_jobs=16)]: Done 4020 tasks      | elapsed:   14.3s
[Parallel(n_jobs=16)]: Done 4024 tasks      | elapsed:   14.3s
[Parallel(n_jobs=16)]: Done 4028 tasks      | elapsed:   14.3s
[Parallel(n_jobs=16)]: Done 4032 tasks      | elapsed:   14.3s
[Parallel(n_jobs=16)]: Done 4036 tasks      | elapsed:   14.4s
[Parallel(n_jobs=16)]: Done 4040 tasks      | elapsed:   14.4s
[Parallel(n_jobs=16)]: Done 4044 tasks      | elapsed:   14.4s
[Parallel(n_jobs=16)]: Done 4048 tasks      | elapsed:   14.4s
[Parallel(n_jobs=16)]: Done 4052 tasks      | elapsed:   14.4s
[Parallel(n_jobs=16)]: Done 4056 tasks      | elapsed:   14.4s
[Parallel(n_jobs=16)]: Done 4060 tasks      | elapsed:   14.4s
[Parallel(n_jobs=16)]: Done 4064 tasks      | elapsed:   14.4s
[Parallel(n_jobs=16)]: Done 4068 tasks      | elapsed:   14.4s
[Parallel(n_jobs=16)]: Done 4072 tasks      | elapsed:   14.4s
[Parallel(n_jobs=16)]: Done 4076 tasks      | elapsed:   14.5s
[Parallel(n_jobs=16)]: Done 4080 tasks      | elapsed:   14.5s
[Parallel(n_jobs=16)]: Done 4084 tasks      | elapsed:   14.5s
[Parallel(n_jobs=16)]: Done 4088 tasks      | elapsed:   14.5s
[Parallel(n_jobs=16)]: Done 4092 tasks      | elapsed:   14.5s
[Parallel(n_jobs=16)]: Done 4096 tasks      | elapsed:   14.5s
[Parallel(n_jobs=16)]: Done 4100 tasks      | elapsed:   14.5s
[Parallel(n_jobs=16)]: Done 4104 tasks      | elapsed:   14.6s
[Parallel(n_jobs=16)]: Done 4108 tasks      | elapsed:   14.6s
[Parallel(n_jobs=16)]: Done 4112 tasks      | elapsed:   14.6s
[Parallel(n_jobs=16)]: Done 4116 tasks      | elapsed:   14.6s
[Parallel(n_jobs=16)]: Done 4120 tasks      | elapsed:   14.6s
[Parallel(n_jobs=16)]: Done 4124 tasks      | elapsed:   14.6s
[Parallel(n_jobs=16)]: Done 4128 tasks      | elapsed:   14.6s
[Parallel(n_jobs=16)]: Done 4132 tasks      | elapsed:   14.6s
[Parallel(n_jobs=16)]: Done 4136 tasks      | elapsed:   14.7s
[Parallel(n_jobs=16)]: Done 4140 tasks      | elapsed:   14.7s
[Parallel(n_jobs=16)]: Done 4144 tasks      | elapsed:   14.7s
[Parallel(n_jobs=16)]: Done 4148 tasks      | elapsed:   14.7s
[Parallel(n_jobs=16)]: Done 4152 tasks      | elapsed:   14.7s
[Parallel(n_jobs=16)]: Done 4156 tasks      | elapsed:   14.7s
[Parallel(n_jobs=16)]: Done 4160 tasks      | elapsed:   14.7s
[Parallel(n_jobs=16)]: Done 4164 tasks      | elapsed:   14.8s
[Parallel(n_jobs=16)]: Done 4168 tasks      | elapsed:   14.8s
[Parallel(n_jobs=16)]: Done 4172 tasks      | elapsed:   14.8s
[Parallel(n_jobs=16)]: Done 4176 tasks      | elapsed:   14.8s
[Parallel(n_jobs=16)]: Done 4180 tasks      | elapsed:   14.8s
[Parallel(n_jobs=16)]: Done 4184 tasks      | elapsed:   14.8s
[Parallel(n_jobs=16)]: Done 4188 tasks      | elapsed:   14.8s
[Parallel(n_jobs=16)]: Done 4192 tasks      | elapsed:   14.8s
[Parallel(n_jobs=16)]: Done 4196 tasks      | elapsed:   14.9s
[Parallel(n_jobs=16)]: Done 4200 tasks      | elapsed:   14.9s
[Parallel(n_jobs=16)]: Done 4204 tasks      | elapsed:   14.9s
[Parallel(n_jobs=16)]: Done 4208 tasks      | elapsed:   14.9s
[Parallel(n_jobs=16)]: Done 4212 tasks      | elapsed:   14.9s
[Parallel(n_jobs=16)]: Done 4216 tasks      | elapsed:   14.9s
[Parallel(n_jobs=16)]: Done 4220 tasks      | elapsed:   14.9s
[Parallel(n_jobs=16)]: Done 4224 tasks      | elapsed:   14.9s
[Parallel(n_jobs=16)]: Done 4228 tasks      | elapsed:   15.0s
[Parallel(n_jobs=16)]: Done 4232 tasks      | elapsed:   15.0s
[Parallel(n_jobs=16)]: Done 4236 tasks      | elapsed:   15.0s
[Parallel(n_jobs=16)]: Done 4240 tasks      | elapsed:   15.0s
[Parallel(n_jobs=16)]: Done 4244 tasks      | elapsed:   15.0s
[Parallel(n_jobs=16)]: Done 4248 tasks      | elapsed:   15.0s
[Parallel(n_jobs=16)]: Done 4252 tasks      | elapsed:   15.0s
[Parallel(n_jobs=16)]: Done 4256 tasks      | elapsed:   15.1s
[Parallel(n_jobs=16)]: Done 4260 tasks      | elapsed:   15.1s
[Parallel(n_jobs=16)]: Done 4264 tasks      | elapsed:   15.1s
[Parallel(n_jobs=16)]: Done 4268 tasks      | elapsed:   15.1s
[Parallel(n_jobs=16)]: Done 4272 tasks      | elapsed:   15.1s
[Parallel(n_jobs=16)]: Done 4276 tasks      | elapsed:   15.1s
[Parallel(n_jobs=16)]: Done 4280 tasks      | elapsed:   15.1s
[Parallel(n_jobs=16)]: Done 4284 tasks      | elapsed:   15.2s
[Parallel(n_jobs=16)]: Done 4288 tasks      | elapsed:   15.2s
[Parallel(n_jobs=16)]: Done 4292 tasks      | elapsed:   15.2s
[Parallel(n_jobs=16)]: Done 4296 tasks      | elapsed:   15.2s
[Parallel(n_jobs=16)]: Done 4300 tasks      | elapsed:   15.2s
[Parallel(n_jobs=16)]: Done 4304 tasks      | elapsed:   15.2s
[Parallel(n_jobs=16)]: Done 4308 tasks      | elapsed:   15.2s
[Parallel(n_jobs=16)]: Done 4312 tasks      | elapsed:   15.2s
[Parallel(n_jobs=16)]: Done 4316 tasks      | elapsed:   15.2s
[Parallel(n_jobs=16)]: Done 4320 tasks      | elapsed:   15.3s
[Parallel(n_jobs=16)]: Done 4324 tasks      | elapsed:   15.3s
[Parallel(n_jobs=16)]: Done 4328 tasks      | elapsed:   15.3s
[Parallel(n_jobs=16)]: Done 4332 tasks      | elapsed:   15.3s
[Parallel(n_jobs=16)]: Done 4336 tasks      | elapsed:   15.3s
[Parallel(n_jobs=16)]: Done 4340 tasks      | elapsed:   15.3s
[Parallel(n_jobs=16)]: Done 4344 tasks      | elapsed:   15.3s
[Parallel(n_jobs=16)]: Done 4348 tasks      | elapsed:   15.3s
[Parallel(n_jobs=16)]: Done 4352 tasks      | elapsed:   15.3s
[Parallel(n_jobs=16)]: Done 4356 tasks      | elapsed:   15.4s
[Parallel(n_jobs=16)]: Done 4360 tasks      | elapsed:   15.4s
[Parallel(n_jobs=16)]: Done 4364 tasks      | elapsed:   15.4s
[Parallel(n_jobs=16)]: Done 4368 tasks      | elapsed:   15.4s
[Parallel(n_jobs=16)]: Done 4372 tasks      | elapsed:   15.4s
[Parallel(n_jobs=16)]: Done 4376 tasks      | elapsed:   15.5s
[Parallel(n_jobs=16)]: Done 4380 tasks      | elapsed:   15.5s
[Parallel(n_jobs=16)]: Done 4384 tasks      | elapsed:   15.5s
[Parallel(n_jobs=16)]: Done 4388 tasks      | elapsed:   15.5s
[Parallel(n_jobs=16)]: Done 4392 tasks      | elapsed:   15.5s
[Parallel(n_jobs=16)]: Done 4396 tasks      | elapsed:   15.5s
[Parallel(n_jobs=16)]: Done 4400 tasks      | elapsed:   15.5s
[Parallel(n_jobs=16)]: Done 4404 tasks      | elapsed:   15.5s
[Parallel(n_jobs=16)]: Done 4408 tasks      | elapsed:   15.5s
[Parallel(n_jobs=16)]: Done 4412 tasks      | elapsed:   15.5s
[Parallel(n_jobs=16)]: Done 4416 tasks      | elapsed:   15.5s
[Parallel(n_jobs=16)]: Done 4420 tasks      | elapsed:   15.5s
[Parallel(n_jobs=16)]: Done 4424 tasks      | elapsed:   15.6s
[Parallel(n_jobs=16)]: Done 4428 tasks      | elapsed:   15.6s
[Parallel(n_jobs=16)]: Done 4432 tasks      | elapsed:   15.6s
[Parallel(n_jobs=16)]: Done 4436 tasks      | elapsed:   15.6s
[Parallel(n_jobs=16)]: Done 4440 tasks      | elapsed:   15.7s
[Parallel(n_jobs=16)]: Done 4444 tasks      | elapsed:   15.7s
[Parallel(n_jobs=16)]: Done 4448 tasks      | elapsed:   15.7s
[Parallel(n_jobs=16)]: Done 4452 tasks      | elapsed:   15.7s
[Parallel(n_jobs=16)]: Done 4456 tasks      | elapsed:   15.7s
[Parallel(n_jobs=16)]: Done 4460 tasks      | elapsed:   15.7s
[Parallel(n_jobs=16)]: Done 4464 tasks      | elapsed:   15.7s
[Parallel(n_jobs=16)]: Done 4468 tasks      | elapsed:   15.7s
[Parallel(n_jobs=16)]: Done 4472 tasks      | elapsed:   15.7s
[Parallel(n_jobs=16)]: Done 4476 tasks      | elapsed:   15.7s
[Parallel(n_jobs=16)]: Done 4480 tasks      | elapsed:   15.7s
[Parallel(n_jobs=16)]: Done 4484 tasks      | elapsed:   15.7s
[Parallel(n_jobs=16)]: Done 4488 tasks      | elapsed:   15.8s
[Parallel(n_jobs=16)]: Done 4492 tasks      | elapsed:   15.8s
[Parallel(n_jobs=16)]: Done 4496 tasks      | elapsed:   15.8s
[Parallel(n_jobs=16)]: Done 4500 tasks      | elapsed:   15.9s
[Parallel(n_jobs=16)]: Done 4504 tasks      | elapsed:   15.9s
[Parallel(n_jobs=16)]: Done 4508 tasks      | elapsed:   15.9s
[Parallel(n_jobs=16)]: Done 4512 tasks      | elapsed:   15.9s
[Parallel(n_jobs=16)]: Done 4516 tasks      | elapsed:   15.9s
[Parallel(n_jobs=16)]: Done 4520 tasks      | elapsed:   15.9s
[Parallel(n_jobs=16)]: Done 4524 tasks      | elapsed:   15.9s
[Parallel(n_jobs=16)]: Done 4528 tasks      | elapsed:   15.9s
[Parallel(n_jobs=16)]: Done 4532 tasks      | elapsed:   15.9s
[Parallel(n_jobs=16)]: Done 4536 tasks      | elapsed:   15.9s
[Parallel(n_jobs=16)]: Done 4540 tasks      | elapsed:   15.9s
[Parallel(n_jobs=16)]: Done 4544 tasks      | elapsed:   15.9s
[Parallel(n_jobs=16)]: Done 4548 tasks      | elapsed:   16.0s
[Parallel(n_jobs=16)]: Done 4552 tasks      | elapsed:   16.0s
[Parallel(n_jobs=16)]: Done 4556 tasks      | elapsed:   16.1s
[Parallel(n_jobs=16)]: Done 4560 tasks      | elapsed:   16.1s
[Parallel(n_jobs=16)]: Done 4564 tasks      | elapsed:   16.1s
[Parallel(n_jobs=16)]: Done 4568 tasks      | elapsed:   16.1s
[Parallel(n_jobs=16)]: Done 4572 tasks      | elapsed:   16.1s
[Parallel(n_jobs=16)]: Done 4576 tasks      | elapsed:   16.1s
[Parallel(n_jobs=16)]: Done 4580 tasks      | elapsed:   16.1s
[Parallel(n_jobs=16)]: Done 4584 tasks      | elapsed:   16.1s
[Parallel(n_jobs=16)]: Done 4588 tasks      | elapsed:   16.1s
[Parallel(n_jobs=16)]: Done 4592 tasks      | elapsed:   16.1s
[Parallel(n_jobs=16)]: Done 4596 tasks      | elapsed:   16.1s
[Parallel(n_jobs=16)]: Done 4600 tasks      | elapsed:   16.1s
[Parallel(n_jobs=16)]: Done 4604 tasks      | elapsed:   16.1s
[Parallel(n_jobs=16)]: Done 4608 tasks      | elapsed:   16.1s
[Parallel(n_jobs=16)]: Done 4612 tasks      | elapsed:   16.1s
[Parallel(n_jobs=16)]: Done 4616 tasks      | elapsed:   16.2s
[Parallel(n_jobs=16)]: Done 4620 tasks      | elapsed:   16.2s
[Parallel(n_jobs=16)]: Done 4624 tasks      | elapsed:   16.3s
[Parallel(n_jobs=16)]: Done 4628 tasks      | elapsed:   16.3s
[Parallel(n_jobs=16)]: Done 4632 tasks      | elapsed:   16.3s
[Parallel(n_jobs=16)]: Done 4636 tasks      | elapsed:   16.3s
[Parallel(n_jobs=16)]: Done 4640 tasks      | elapsed:   16.3s
[Parallel(n_jobs=16)]: Done 4644 tasks      | elapsed:   16.3s
[Parallel(n_jobs=16)]: Done 4648 tasks      | elapsed:   16.3s
[Parallel(n_jobs=16)]: Done 4652 tasks      | elapsed:   16.3s
[Parallel(n_jobs=16)]: Done 4656 tasks      | elapsed:   16.3s
[Parallel(n_jobs=16)]: Done 4660 tasks      | elapsed:   16.3s
[Parallel(n_jobs=16)]: Done 4664 tasks      | elapsed:   16.3s
[Parallel(n_jobs=16)]: Done 4668 tasks      | elapsed:   16.3s
[Parallel(n_jobs=16)]: Done 4672 tasks      | elapsed:   16.4s
[Parallel(n_jobs=16)]: Done 4676 tasks      | elapsed:   16.4s
[Parallel(n_jobs=16)]: Done 4680 tasks      | elapsed:   16.4s
[Parallel(n_jobs=16)]: Done 4684 tasks      | elapsed:   16.4s
[Parallel(n_jobs=16)]: Done 4688 tasks      | elapsed:   16.5s
[Parallel(n_jobs=16)]: Done 4692 tasks      | elapsed:   16.5s
[Parallel(n_jobs=16)]: Done 4696 tasks      | elapsed:   16.5s
[Parallel(n_jobs=16)]: Done 4700 tasks      | elapsed:   16.5s
[Parallel(n_jobs=16)]: Done 4704 tasks      | elapsed:   16.5s
[Parallel(n_jobs=16)]: Done 4708 tasks      | elapsed:   16.5s
[Parallel(n_jobs=16)]: Done 4712 tasks      | elapsed:   16.5s
[Parallel(n_jobs=16)]: Done 4716 tasks      | elapsed:   16.5s
[Parallel(n_jobs=16)]: Done 4720 tasks      | elapsed:   16.5s
[Parallel(n_jobs=16)]: Done 4724 tasks      | elapsed:   16.5s
[Parallel(n_jobs=16)]: Done 4728 tasks      | elapsed:   16.5s
[Parallel(n_jobs=16)]: Done 4732 tasks      | elapsed:   16.5s
[Parallel(n_jobs=16)]: Done 4736 tasks      | elapsed:   16.5s
[Parallel(n_jobs=16)]: Done 4740 tasks      | elapsed:   16.6s
[Parallel(n_jobs=16)]: Done 4744 tasks      | elapsed:   16.6s
[Parallel(n_jobs=16)]: Done 4748 tasks      | elapsed:   16.6s
[Parallel(n_jobs=16)]: Done 4752 tasks      | elapsed:   16.7s
[Parallel(n_jobs=16)]: Done 4756 tasks      | elapsed:   16.7s
[Parallel(n_jobs=16)]: Done 4760 tasks      | elapsed:   16.7s
[Parallel(n_jobs=16)]: Done 4764 tasks      | elapsed:   16.7s
[Parallel(n_jobs=16)]: Done 4768 tasks      | elapsed:   16.7s
[Parallel(n_jobs=16)]: Done 4772 tasks      | elapsed:   16.7s
[Parallel(n_jobs=16)]: Done 4776 tasks      | elapsed:   16.7s
[Parallel(n_jobs=16)]: Done 4780 tasks      | elapsed:   16.7s
[Parallel(n_jobs=16)]: Done 4784 tasks      | elapsed:   16.7s
[Parallel(n_jobs=16)]: Done 4788 tasks      | elapsed:   16.7s
[Parallel(n_jobs=16)]: Done 4792 tasks      | elapsed:   16.7s
[Parallel(n_jobs=16)]: Done 4796 tasks      | elapsed:   16.8s
[Parallel(n_jobs=16)]: Done 4800 tasks      | elapsed:   16.8s
[Parallel(n_jobs=16)]: Done 4804 tasks      | elapsed:   16.8s
[Parallel(n_jobs=16)]: Done 4808 tasks      | elapsed:   16.8s
[Parallel(n_jobs=16)]: Done 4812 tasks      | elapsed:   16.9s
[Parallel(n_jobs=16)]: Done 4816 tasks      | elapsed:   16.9s
[Parallel(n_jobs=16)]: Done 4820 tasks      | elapsed:   16.9s
[Parallel(n_jobs=16)]: Done 4824 tasks      | elapsed:   16.9s
[Parallel(n_jobs=16)]: Done 4828 tasks      | elapsed:   16.9s
[Parallel(n_jobs=16)]: Done 4832 tasks      | elapsed:   16.9s
[Parallel(n_jobs=16)]: Done 4836 tasks      | elapsed:   16.9s
[Parallel(n_jobs=16)]: Done 4840 tasks      | elapsed:   16.9s
[Parallel(n_jobs=16)]: Done 4844 tasks      | elapsed:   16.9s
[Parallel(n_jobs=16)]: Done 4848 tasks      | elapsed:   16.9s
[Parallel(n_jobs=16)]: Done 4852 tasks      | elapsed:   16.9s
[Parallel(n_jobs=16)]: Done 4856 tasks      | elapsed:   16.9s
[Parallel(n_jobs=16)]: Done 4860 tasks      | elapsed:   16.9s
[Parallel(n_jobs=16)]: Done 4864 tasks      | elapsed:   17.0s
[Parallel(n_jobs=16)]: Done 4868 tasks      | elapsed:   17.0s
[Parallel(n_jobs=16)]: Done 4872 tasks      | elapsed:   17.0s
[Parallel(n_jobs=16)]: Done 4876 tasks      | elapsed:   17.0s
[Parallel(n_jobs=16)]: Done 4880 tasks      | elapsed:   17.1s
[Parallel(n_jobs=16)]: Done 4884 tasks      | elapsed:   17.1s
[Parallel(n_jobs=16)]: Done 4888 tasks      | elapsed:   17.1s
[Parallel(n_jobs=16)]: Done 4892 tasks      | elapsed:   17.1s
[Parallel(n_jobs=16)]: Done 4896 tasks      | elapsed:   17.1s
[Parallel(n_jobs=16)]: Done 4900 tasks      | elapsed:   17.1s
[Parallel(n_jobs=16)]: Done 4904 tasks      | elapsed:   17.1s
[Parallel(n_jobs=16)]: Done 4908 tasks      | elapsed:   17.1s
[Parallel(n_jobs=16)]: Done 4912 tasks      | elapsed:   17.1s
[Parallel(n_jobs=16)]: Done 4916 tasks      | elapsed:   17.1s
[Parallel(n_jobs=16)]: Done 4920 tasks      | elapsed:   17.1s
[Parallel(n_jobs=16)]: Done 4924 tasks      | elapsed:   17.1s
[Parallel(n_jobs=16)]: Done 4928 tasks      | elapsed:   17.1s
[Parallel(n_jobs=16)]: Done 4932 tasks      | elapsed:   17.2s
[Parallel(n_jobs=16)]: Done 4936 tasks      | elapsed:   17.2s
[Parallel(n_jobs=16)]: Done 4940 tasks      | elapsed:   17.2s
[Parallel(n_jobs=16)]: Done 4944 tasks      | elapsed:   17.3s
[Parallel(n_jobs=16)]: Done 4948 tasks      | elapsed:   17.3s
[Parallel(n_jobs=16)]: Done 4952 tasks      | elapsed:   17.3s
[Parallel(n_jobs=16)]: Done 4956 tasks      | elapsed:   17.3s
[Parallel(n_jobs=16)]: Done 4960 tasks      | elapsed:   17.3s
[Parallel(n_jobs=16)]: Done 4964 tasks      | elapsed:   17.3s
[Parallel(n_jobs=16)]: Done 4968 tasks      | elapsed:   17.3s
[Parallel(n_jobs=16)]: Done 4972 tasks      | elapsed:   17.3s
[Parallel(n_jobs=16)]: Done 4976 tasks      | elapsed:   17.3s
[Parallel(n_jobs=16)]: Done 4980 tasks      | elapsed:   17.3s
[Parallel(n_jobs=16)]: Done 4984 tasks      | elapsed:   17.3s
[Parallel(n_jobs=16)]: Done 4988 tasks      | elapsed:   17.3s
[Parallel(n_jobs=16)]: Done 4992 tasks      | elapsed:   17.4s
[Parallel(n_jobs=16)]: Done 4996 tasks      | elapsed:   17.4s
[Parallel(n_jobs=16)]: Done 5000 tasks      | elapsed:   17.4s
[Parallel(n_jobs=16)]: Done 5004 tasks      | elapsed:   17.4s
[Parallel(n_jobs=16)]: Done 5008 tasks      | elapsed:   17.4s
[Parallel(n_jobs=16)]: Done 5012 tasks      | elapsed:   17.4s
[Parallel(n_jobs=16)]: Done 5016 tasks      | elapsed:   17.5s
[Parallel(n_jobs=16)]: Done 5020 tasks      | elapsed:   17.5s
[Parallel(n_jobs=16)]: Done 5024 tasks      | elapsed:   17.5s
[Parallel(n_jobs=16)]: Done 5028 tasks      | elapsed:   17.5s
[Parallel(n_jobs=16)]: Done 5032 tasks      | elapsed:   17.5s
[Parallel(n_jobs=16)]: Done 5036 tasks      | elapsed:   17.5s
[Parallel(n_jobs=16)]: Done 5040 tasks      | elapsed:   17.5s
[Parallel(n_jobs=16)]: Done 5044 tasks      | elapsed:   17.5s
[Parallel(n_jobs=16)]: Done 5048 tasks      | elapsed:   17.5s
[Parallel(n_jobs=16)]: Done 5052 tasks      | elapsed:   17.5s
[Parallel(n_jobs=16)]: Done 5056 tasks      | elapsed:   17.5s
[Parallel(n_jobs=16)]: Done 5060 tasks      | elapsed:   17.5s
[Parallel(n_jobs=16)]: Done 5064 tasks      | elapsed:   17.6s
[Parallel(n_jobs=16)]: Done 5068 tasks      | elapsed:   17.6s
[Parallel(n_jobs=16)]: Done 5072 tasks      | elapsed:   17.6s
[Parallel(n_jobs=16)]: Done 5076 tasks      | elapsed:   17.6s
[Parallel(n_jobs=16)]: Done 5080 tasks      | elapsed:   17.6s
[Parallel(n_jobs=16)]: Done 5084 tasks      | elapsed:   17.6s
[Parallel(n_jobs=16)]: Done 5088 tasks      | elapsed:   17.6s
[Parallel(n_jobs=16)]: Done 5092 tasks      | elapsed:   17.7s
[Parallel(n_jobs=16)]: Done 5096 tasks      | elapsed:   17.7s
[Parallel(n_jobs=16)]: Done 5100 tasks      | elapsed:   17.7s
[Parallel(n_jobs=16)]: Done 5104 tasks      | elapsed:   17.7s
[Parallel(n_jobs=16)]: Done 5108 tasks      | elapsed:   17.7s
[Parallel(n_jobs=16)]: Done 5112 tasks      | elapsed:   17.7s
[Parallel(n_jobs=16)]: Done 5116 tasks      | elapsed:   17.7s
[Parallel(n_jobs=16)]: Done 5120 tasks      | elapsed:   17.7s
[Parallel(n_jobs=16)]: Done 5124 tasks      | elapsed:   17.7s
[Parallel(n_jobs=16)]: Done 5128 tasks      | elapsed:   17.8s
[Parallel(n_jobs=16)]: Done 5132 tasks      | elapsed:   17.8s
[Parallel(n_jobs=16)]: Done 5136 tasks      | elapsed:   17.8s
[Parallel(n_jobs=16)]: Done 5140 tasks      | elapsed:   17.8s
[Parallel(n_jobs=16)]: Done 5144 tasks      | elapsed:   17.8s
[Parallel(n_jobs=16)]: Done 5148 tasks      | elapsed:   17.8s
[Parallel(n_jobs=16)]: Done 5152 tasks      | elapsed:   17.8s
[Parallel(n_jobs=16)]: Done 5156 tasks      | elapsed:   17.9s
[Parallel(n_jobs=16)]: Done 5160 tasks      | elapsed:   17.9s
[Parallel(n_jobs=16)]: Done 5164 tasks      | elapsed:   17.9s
[Parallel(n_jobs=16)]: Done 5168 tasks      | elapsed:   17.9s
[Parallel(n_jobs=16)]: Done 5172 tasks      | elapsed:   17.9s
[Parallel(n_jobs=16)]: Done 5176 tasks      | elapsed:   17.9s
[Parallel(n_jobs=16)]: Done 5180 tasks      | elapsed:   17.9s
[Parallel(n_jobs=16)]: Done 5184 tasks      | elapsed:   17.9s
[Parallel(n_jobs=16)]: Done 5188 tasks      | elapsed:   17.9s
[Parallel(n_jobs=16)]: Done 5192 tasks      | elapsed:   17.9s
[Parallel(n_jobs=16)]: Done 5196 tasks      | elapsed:   17.9s
[Parallel(n_jobs=16)]: Done 5200 tasks      | elapsed:   18.0s
[Parallel(n_jobs=16)]: Done 5204 tasks      | elapsed:   18.0s
[Parallel(n_jobs=16)]: Done 5208 tasks      | elapsed:   18.0s
[Parallel(n_jobs=16)]: Done 5212 tasks      | elapsed:   18.0s
[Parallel(n_jobs=16)]: Done 5216 tasks      | elapsed:   18.0s
[Parallel(n_jobs=16)]: Done 5220 tasks      | elapsed:   18.0s
[Parallel(n_jobs=16)]: Done 5224 tasks      | elapsed:   18.0s
[Parallel(n_jobs=16)]: Done 5228 tasks      | elapsed:   18.0s
[Parallel(n_jobs=16)]: Done 5232 tasks      | elapsed:   18.0s
[Parallel(n_jobs=16)]: Done 5236 tasks      | elapsed:   18.0s
[Parallel(n_jobs=16)]: Done 5240 tasks      | elapsed:   18.0s
[Parallel(n_jobs=16)]: Done 5244 tasks      | elapsed:   18.1s
[Parallel(n_jobs=16)]: Done 5248 tasks      | elapsed:   18.1s
[Parallel(n_jobs=16)]: Done 5252 tasks      | elapsed:   18.1s
[Parallel(n_jobs=16)]: Done 5256 tasks      | elapsed:   18.1s
[Parallel(n_jobs=16)]: Done 5260 tasks      | elapsed:   18.1s
[Parallel(n_jobs=16)]: Done 5264 tasks      | elapsed:   18.1s
[Parallel(n_jobs=16)]: Done 5268 tasks      | elapsed:   18.1s
[Parallel(n_jobs=16)]: Done 5272 tasks      | elapsed:   18.1s
[Parallel(n_jobs=16)]: Done 5276 tasks      | elapsed:   18.1s
[Parallel(n_jobs=16)]: Done 5280 tasks      | elapsed:   18.2s
[Parallel(n_jobs=16)]: Done 5284 tasks      | elapsed:   18.2s
[Parallel(n_jobs=16)]: Done 5288 tasks      | elapsed:   18.2s
[Parallel(n_jobs=16)]: Done 5292 tasks      | elapsed:   18.2s
[Parallel(n_jobs=16)]: Done 5296 tasks      | elapsed:   18.2s
[Parallel(n_jobs=16)]: Done 5300 tasks      | elapsed:   18.2s
[Parallel(n_jobs=16)]: Done 5304 tasks      | elapsed:   18.3s
[Parallel(n_jobs=16)]: Done 5308 tasks      | elapsed:   18.3s
[Parallel(n_jobs=16)]: Done 5312 tasks      | elapsed:   18.3s
[Parallel(n_jobs=16)]: Done 5316 tasks      | elapsed:   18.3s
[Parallel(n_jobs=16)]: Done 5320 tasks      | elapsed:   18.3s
[Parallel(n_jobs=16)]: Done 5324 tasks      | elapsed:   18.3s
[Parallel(n_jobs=16)]: Done 5328 tasks      | elapsed:   18.3s
[Parallel(n_jobs=16)]: Done 5332 tasks      | elapsed:   18.3s
[Parallel(n_jobs=16)]: Done 5336 tasks      | elapsed:   18.3s
[Parallel(n_jobs=16)]: Done 5340 tasks      | elapsed:   18.4s
[Parallel(n_jobs=16)]: Done 5344 tasks      | elapsed:   18.4s
[Parallel(n_jobs=16)]: Done 5348 tasks      | elapsed:   18.4s
[Parallel(n_jobs=16)]: Done 5352 tasks      | elapsed:   18.4s
[Parallel(n_jobs=16)]: Done 5356 tasks      | elapsed:   18.4s
[Parallel(n_jobs=16)]: Done 5360 tasks      | elapsed:   18.4s
[Parallel(n_jobs=16)]: Done 5364 tasks      | elapsed:   18.5s
[Parallel(n_jobs=16)]: Done 5368 tasks      | elapsed:   18.5s
[Parallel(n_jobs=16)]: Done 5372 tasks      | elapsed:   18.5s
[Parallel(n_jobs=16)]: Done 5376 tasks      | elapsed:   18.5s
[Parallel(n_jobs=16)]: Done 5380 tasks      | elapsed:   18.5s
[Parallel(n_jobs=16)]: Done 5384 tasks      | elapsed:   18.5s
[Parallel(n_jobs=16)]: Done 5388 tasks      | elapsed:   18.5s
[Parallel(n_jobs=16)]: Done 5392 tasks      | elapsed:   18.5s
[Parallel(n_jobs=16)]: Done 5396 tasks      | elapsed:   18.5s
[Parallel(n_jobs=16)]: Done 5400 tasks      | elapsed:   18.5s
[Parallel(n_jobs=16)]: Done 5404 tasks      | elapsed:   18.5s
[Parallel(n_jobs=16)]: Done 5408 tasks      | elapsed:   18.5s
[Parallel(n_jobs=16)]: Done 5412 tasks      | elapsed:   18.5s
[Parallel(n_jobs=16)]: Done 5416 tasks      | elapsed:   18.6s
[Parallel(n_jobs=16)]: Done 5420 tasks      | elapsed:   18.6s
[Parallel(n_jobs=16)]: Done 5424 tasks      | elapsed:   18.6s
[Parallel(n_jobs=16)]: Done 5428 tasks      | elapsed:   18.6s
[Parallel(n_jobs=16)]: Done 5432 tasks      | elapsed:   18.6s
[Parallel(n_jobs=16)]: Done 5436 tasks      | elapsed:   18.7s
[Parallel(n_jobs=16)]: Done 5440 tasks      | elapsed:   18.7s
[Parallel(n_jobs=16)]: Done 5444 tasks      | elapsed:   18.7s
[Parallel(n_jobs=16)]: Done 5448 tasks      | elapsed:   18.7s
[Parallel(n_jobs=16)]: Done 5452 tasks      | elapsed:   18.7s
[Parallel(n_jobs=16)]: Done 5456 tasks      | elapsed:   18.7s
[Parallel(n_jobs=16)]: Done 5460 tasks      | elapsed:   18.7s
[Parallel(n_jobs=16)]: Done 5464 tasks      | elapsed:   18.7s
[Parallel(n_jobs=16)]: Done 5468 tasks      | elapsed:   18.7s
[Parallel(n_jobs=16)]: Done 5472 tasks      | elapsed:   18.7s
[Parallel(n_jobs=16)]: Done 5476 tasks      | elapsed:   18.7s
[Parallel(n_jobs=16)]: Done 5480 tasks      | elapsed:   18.8s
[Parallel(n_jobs=16)]: Done 5484 tasks      | elapsed:   18.8s
[Parallel(n_jobs=16)]: Done 5488 tasks      | elapsed:   18.8s
[Parallel(n_jobs=16)]: Done 5492 tasks      | elapsed:   18.8s
[Parallel(n_jobs=16)]: Done 5496 tasks      | elapsed:   18.9s
[Parallel(n_jobs=16)]: Done 5500 tasks      | elapsed:   18.9s
[Parallel(n_jobs=16)]: Done 5504 tasks      | elapsed:   18.9s
[Parallel(n_jobs=16)]: Done 5508 tasks      | elapsed:   18.9s
[Parallel(n_jobs=16)]: Done 5512 tasks      | elapsed:   18.9s
[Parallel(n_jobs=16)]: Done 5516 tasks      | elapsed:   18.9s
[Parallel(n_jobs=16)]: Done 5520 tasks      | elapsed:   18.9s
[Parallel(n_jobs=16)]: Done 5524 tasks      | elapsed:   18.9s
[Parallel(n_jobs=16)]: Done 5528 tasks      | elapsed:   18.9s
[Parallel(n_jobs=16)]: Done 5532 tasks      | elapsed:   18.9s
[Parallel(n_jobs=16)]: Done 5536 tasks      | elapsed:   19.0s
[Parallel(n_jobs=16)]: Done 5540 tasks      | elapsed:   19.0s
[Parallel(n_jobs=16)]: Done 5544 tasks      | elapsed:   19.0s
[Parallel(n_jobs=16)]: Done 5548 tasks      | elapsed:   19.0s
[Parallel(n_jobs=16)]: Done 5552 tasks      | elapsed:   19.0s
[Parallel(n_jobs=16)]: Done 5556 tasks      | elapsed:   19.0s
[Parallel(n_jobs=16)]: Done 5560 tasks      | elapsed:   19.1s
[Parallel(n_jobs=16)]: Done 5564 tasks      | elapsed:   19.1s
[Parallel(n_jobs=16)]: Done 5568 tasks      | elapsed:   19.1s
[Parallel(n_jobs=16)]: Done 5572 tasks      | elapsed:   19.1s
[Parallel(n_jobs=16)]: Done 5576 tasks      | elapsed:   19.1s
[Parallel(n_jobs=16)]: Done 5580 tasks      | elapsed:   19.1s
[Parallel(n_jobs=16)]: Done 5584 tasks      | elapsed:   19.1s
[Parallel(n_jobs=16)]: Done 5588 tasks      | elapsed:   19.1s
[Parallel(n_jobs=16)]: Done 5592 tasks      | elapsed:   19.1s
[Parallel(n_jobs=16)]: Done 5596 tasks      | elapsed:   19.2s
[Parallel(n_jobs=16)]: Done 5600 tasks      | elapsed:   19.2s
[Parallel(n_jobs=16)]: Done 5604 tasks      | elapsed:   19.2s
[Parallel(n_jobs=16)]: Done 5608 tasks      | elapsed:   19.2s
[Parallel(n_jobs=16)]: Done 5612 tasks      | elapsed:   19.2s
[Parallel(n_jobs=16)]: Done 5616 tasks      | elapsed:   19.2s
[Parallel(n_jobs=16)]: Done 5620 tasks      | elapsed:   19.2s
[Parallel(n_jobs=16)]: Done 5624 tasks      | elapsed:   19.2s
[Parallel(n_jobs=16)]: Done 5628 tasks      | elapsed:   19.2s
[Parallel(n_jobs=16)]: Done 5632 tasks      | elapsed:   19.2s
[Parallel(n_jobs=16)]: Done 5636 tasks      | elapsed:   19.3s
[Parallel(n_jobs=16)]: Done 5640 tasks      | elapsed:   19.3s
[Parallel(n_jobs=16)]: Done 5644 tasks      | elapsed:   19.3s
[Parallel(n_jobs=16)]: Done 5648 tasks      | elapsed:   19.3s
[Parallel(n_jobs=16)]: Done 5652 tasks      | elapsed:   19.3s
[Parallel(n_jobs=16)]: Done 5656 tasks      | elapsed:   19.3s
[Parallel(n_jobs=16)]: Done 5660 tasks      | elapsed:   19.3s
[Parallel(n_jobs=16)]: Done 5664 tasks      | elapsed:   19.4s
[Parallel(n_jobs=16)]: Done 5668 tasks      | elapsed:   19.4s
[Parallel(n_jobs=16)]: Done 5672 tasks      | elapsed:   19.4s
[Parallel(n_jobs=16)]: Done 5676 tasks      | elapsed:   19.4s
[Parallel(n_jobs=16)]: Done 5680 tasks      | elapsed:   19.4s
[Parallel(n_jobs=16)]: Done 5684 tasks      | elapsed:   19.4s
[Parallel(n_jobs=16)]: Done 5688 tasks      | elapsed:   19.5s
[Parallel(n_jobs=16)]: Done 5692 tasks      | elapsed:   19.5s
[Parallel(n_jobs=16)]: Done 5696 tasks      | elapsed:   19.5s
[Parallel(n_jobs=16)]: Done 5700 tasks      | elapsed:   19.5s
[Parallel(n_jobs=16)]: Done 5704 tasks      | elapsed:   19.5s
[Parallel(n_jobs=16)]: Done 5708 tasks      | elapsed:   19.5s
[Parallel(n_jobs=16)]: Done 5712 tasks      | elapsed:   19.5s
[Parallel(n_jobs=16)]: Done 5716 tasks      | elapsed:   19.5s
[Parallel(n_jobs=16)]: Done 5720 tasks      | elapsed:   19.6s
[Parallel(n_jobs=16)]: Done 5724 tasks      | elapsed:   19.6s
[Parallel(n_jobs=16)]: Done 5728 tasks      | elapsed:   19.6s
[Parallel(n_jobs=16)]: Done 5732 tasks      | elapsed:   19.6s
[Parallel(n_jobs=16)]: Done 5736 tasks      | elapsed:   19.6s
[Parallel(n_jobs=16)]: Done 5740 tasks      | elapsed:   19.6s
[Parallel(n_jobs=16)]: Done 5744 tasks      | elapsed:   19.6s
[Parallel(n_jobs=16)]: Done 5748 tasks      | elapsed:   19.7s
[Parallel(n_jobs=16)]: Done 5752 tasks      | elapsed:   19.7s
[Parallel(n_jobs=16)]: Done 5756 tasks      | elapsed:   19.7s
[Parallel(n_jobs=16)]: Done 5760 tasks      | elapsed:   19.7s
[Parallel(n_jobs=16)]: Done 5764 tasks      | elapsed:   19.7s
[Parallel(n_jobs=16)]: Done 5768 tasks      | elapsed:   19.7s
[Parallel(n_jobs=16)]: Done 5772 tasks      | elapsed:   19.7s
[Parallel(n_jobs=16)]: Done 5776 tasks      | elapsed:   19.7s
[Parallel(n_jobs=16)]: Done 5780 tasks      | elapsed:   19.8s
[Parallel(n_jobs=16)]: Done 5784 tasks      | elapsed:   19.8s
[Parallel(n_jobs=16)]: Done 5788 tasks      | elapsed:   19.8s
[Parallel(n_jobs=16)]: Done 5792 tasks      | elapsed:   19.8s
[Parallel(n_jobs=16)]: Done 5796 tasks      | elapsed:   19.8s
[Parallel(n_jobs=16)]: Done 5800 tasks      | elapsed:   19.8s
[Parallel(n_jobs=16)]: Done 5804 tasks      | elapsed:   19.8s
[Parallel(n_jobs=16)]: Done 5808 tasks      | elapsed:   19.8s
[Parallel(n_jobs=16)]: Done 5812 tasks      | elapsed:   19.9s
[Parallel(n_jobs=16)]: Done 5816 tasks      | elapsed:   19.9s
[Parallel(n_jobs=16)]: Done 5820 tasks      | elapsed:   19.9s
[Parallel(n_jobs=16)]: Done 5824 tasks      | elapsed:   19.9s
[Parallel(n_jobs=16)]: Done 5828 tasks      | elapsed:   19.9s
[Parallel(n_jobs=16)]: Done 5832 tasks      | elapsed:   19.9s
[Parallel(n_jobs=16)]: Done 5836 tasks      | elapsed:   19.9s
[Parallel(n_jobs=16)]: Done 5840 tasks      | elapsed:   19.9s
[Parallel(n_jobs=16)]: Done 5844 tasks      | elapsed:   20.0s
[Parallel(n_jobs=16)]: Done 5848 tasks      | elapsed:   20.0s
[Parallel(n_jobs=16)]: Done 5852 tasks      | elapsed:   20.0s
[Parallel(n_jobs=16)]: Done 5856 tasks      | elapsed:   20.0s
[Parallel(n_jobs=16)]: Done 5860 tasks      | elapsed:   20.0s
[Parallel(n_jobs=16)]: Done 5864 tasks      | elapsed:   20.0s
[Parallel(n_jobs=16)]: Done 5868 tasks      | elapsed:   20.0s
[Parallel(n_jobs=16)]: Done 5872 tasks      | elapsed:   20.1s
[Parallel(n_jobs=16)]: Done 5876 tasks      | elapsed:   20.1s
[Parallel(n_jobs=16)]: Done 5880 tasks      | elapsed:   20.1s
[Parallel(n_jobs=16)]: Done 5884 tasks      | elapsed:   20.1s
[Parallel(n_jobs=16)]: Done 5888 tasks      | elapsed:   20.1s
[Parallel(n_jobs=16)]: Done 5892 tasks      | elapsed:   20.1s
[Parallel(n_jobs=16)]: Done 5896 tasks      | elapsed:   20.1s
[Parallel(n_jobs=16)]: Done 5900 tasks      | elapsed:   20.1s
[Parallel(n_jobs=16)]: Done 5904 tasks      | elapsed:   20.1s
[Parallel(n_jobs=16)]: Done 5908 tasks      | elapsed:   20.1s
[Parallel(n_jobs=16)]: Done 5912 tasks      | elapsed:   20.1s
[Parallel(n_jobs=16)]: Done 5916 tasks      | elapsed:   20.2s
[Parallel(n_jobs=16)]: Done 5920 tasks      | elapsed:   20.2s
[Parallel(n_jobs=16)]: Done 5924 tasks      | elapsed:   20.2s
[Parallel(n_jobs=16)]: Done 5928 tasks      | elapsed:   20.2s
[Parallel(n_jobs=16)]: Done 5932 tasks      | elapsed:   20.2s
[Parallel(n_jobs=16)]: Done 5936 tasks      | elapsed:   20.2s
[Parallel(n_jobs=16)]: Done 5940 tasks      | elapsed:   20.2s
[Parallel(n_jobs=16)]: Done 5944 tasks      | elapsed:   20.3s
[Parallel(n_jobs=16)]: Done 5948 tasks      | elapsed:   20.3s
[Parallel(n_jobs=16)]: Done 5952 tasks      | elapsed:   20.3s
[Parallel(n_jobs=16)]: Done 5956 tasks      | elapsed:   20.3s
[Parallel(n_jobs=16)]: Done 5960 tasks      | elapsed:   20.3s
[Parallel(n_jobs=16)]: Done 5964 tasks      | elapsed:   20.3s
[Parallel(n_jobs=16)]: Done 5968 tasks      | elapsed:   20.3s
[Parallel(n_jobs=16)]: Done 5972 tasks      | elapsed:   20.3s
[Parallel(n_jobs=16)]: Done 5976 tasks      | elapsed:   20.3s
[Parallel(n_jobs=16)]: Done 5980 tasks      | elapsed:   20.3s
[Parallel(n_jobs=16)]: Done 5984 tasks      | elapsed:   20.3s
[Parallel(n_jobs=16)]: Done 5988 tasks      | elapsed:   20.4s
[Parallel(n_jobs=16)]: Done 5992 tasks      | elapsed:   20.4s
[Parallel(n_jobs=16)]: Done 5996 tasks      | elapsed:   20.4s
[Parallel(n_jobs=16)]: Done 6000 tasks      | elapsed:   20.4s
[Parallel(n_jobs=16)]: Done 6004 tasks      | elapsed:   20.4s
[Parallel(n_jobs=16)]: Done 6008 tasks      | elapsed:   20.4s
[Parallel(n_jobs=16)]: Done 6012 tasks      | elapsed:   20.4s
[Parallel(n_jobs=16)]: Done 6016 tasks      | elapsed:   20.4s
[Parallel(n_jobs=16)]: Done 6020 tasks      | elapsed:   20.4s
[Parallel(n_jobs=16)]: Done 6024 tasks      | elapsed:   20.5s
[Parallel(n_jobs=16)]: Done 6028 tasks      | elapsed:   20.5s
[Parallel(n_jobs=16)]: Done 6032 tasks      | elapsed:   20.5s
[Parallel(n_jobs=16)]: Done 6036 tasks      | elapsed:   20.5s
[Parallel(n_jobs=16)]: Done 6040 tasks      | elapsed:   20.6s
[Parallel(n_jobs=16)]: Done 6044 tasks      | elapsed:   20.6s
[Parallel(n_jobs=16)]: Done 6048 tasks      | elapsed:   20.6s
[Parallel(n_jobs=16)]: Done 6052 tasks      | elapsed:   20.6s
[Parallel(n_jobs=16)]: Done 6056 tasks      | elapsed:   20.6s
[Parallel(n_jobs=16)]: Done 6060 tasks      | elapsed:   20.6s
[Parallel(n_jobs=16)]: Done 6064 tasks      | elapsed:   20.6s
[Parallel(n_jobs=16)]: Done 6068 tasks      | elapsed:   20.6s
[Parallel(n_jobs=16)]: Done 6069 tasks      | elapsed:   20.6s
[Parallel(n_jobs=16)]: Done 6073 tasks      | elapsed:   20.6s
[Parallel(n_jobs=16)]: Done 6074 tasks      | elapsed:   20.7s
[Parallel(n_jobs=16)]: Done 6078 tasks      | elapsed:   20.7s
[Parallel(n_jobs=16)]: Done 6079 tasks      | elapsed:   20.7s
[Parallel(n_jobs=16)]: Done 6083 tasks      | elapsed:   20.7s
[Parallel(n_jobs=16)]: Done 6107 out of 6138 | elapsed:   20.7s remaining:    0.1s
[Parallel(n_jobs=16)]: Done 6138 out of 6138 | elapsed:   20.8s finished
patlak: fitted 6138 voxels on 344 frames in 22 s
[Parallel(n_jobs=16)]: Using backend LokyBackend with 16 concurrent workers.
[Parallel(n_jobs=16)]: Done   1 tasks      | elapsed:    0.0s
[Parallel(n_jobs=16)]: Batch computation too fast (0.02306532859802246s.) Setting batch_size=2.
[Parallel(n_jobs=16)]: Done   2 tasks      | elapsed:    0.0s
[Parallel(n_jobs=16)]: Done   3 tasks      | elapsed:    0.0s
[Parallel(n_jobs=16)]: Done   4 tasks      | elapsed:    0.0s
[Parallel(n_jobs=16)]: Done   5 tasks      | elapsed:    0.0s
[Parallel(n_jobs=16)]: Done   6 tasks      | elapsed:    0.0s
[Parallel(n_jobs=16)]: Done   7 tasks      | elapsed:    0.0s
[Parallel(n_jobs=16)]: Done   8 tasks      | elapsed:    0.0s
[Parallel(n_jobs=16)]: Done   9 tasks      | elapsed:    0.0s
[Parallel(n_jobs=16)]: Done  10 tasks      | elapsed:    0.0s
[Parallel(n_jobs=16)]: Done  11 tasks      | elapsed:    0.0s
[Parallel(n_jobs=16)]: Done  12 tasks      | elapsed:    0.0s
[Parallel(n_jobs=16)]: Done  13 tasks      | elapsed:    0.0s
[Parallel(n_jobs=16)]: Done  14 tasks      | elapsed:    0.1s
[Parallel(n_jobs=16)]: Done  15 tasks      | elapsed:    0.1s
[Parallel(n_jobs=16)]: Done  16 tasks      | elapsed:    0.1s
[Parallel(n_jobs=16)]: Done  17 tasks      | elapsed:    0.1s
[Parallel(n_jobs=16)]: Done  18 tasks      | elapsed:    0.1s
[Parallel(n_jobs=16)]: Done  19 tasks      | elapsed:    0.1s
[Parallel(n_jobs=16)]: Done  20 tasks      | elapsed:    0.1s
[Parallel(n_jobs=16)]: Done  21 tasks      | elapsed:    0.1s
[Parallel(n_jobs=16)]: Done  22 tasks      | elapsed:    0.1s
[Parallel(n_jobs=16)]: Done  24 tasks      | elapsed:    0.1s
[Parallel(n_jobs=16)]: Batch computation too fast (0.11632633209228516s.) Setting batch_size=4.
[Parallel(n_jobs=16)]: Done  25 tasks      | elapsed:    0.2s
[Parallel(n_jobs=16)]: Done  26 tasks      | elapsed:    0.2s
[Parallel(n_jobs=16)]: Done  28 tasks      | elapsed:    0.2s
[Parallel(n_jobs=16)]: Done  30 tasks      | elapsed:    0.2s
[Parallel(n_jobs=16)]: Done  32 tasks      | elapsed:    0.2s
[Parallel(n_jobs=16)]: Done  34 tasks      | elapsed:    0.2s
[Parallel(n_jobs=16)]: Done  36 tasks      | elapsed:    0.2s
[Parallel(n_jobs=16)]: Done  37 tasks      | elapsed:    0.2s
[Parallel(n_jobs=16)]: Done  39 tasks      | elapsed:    0.2s
[Parallel(n_jobs=16)]: Done  41 tasks      | elapsed:    0.2s
[Parallel(n_jobs=16)]: Done  43 tasks      | elapsed:    0.2s
[Parallel(n_jobs=16)]: Done  45 tasks      | elapsed:    0.2s
[Parallel(n_jobs=16)]: Done  47 tasks      | elapsed:    0.2s
[Parallel(n_jobs=16)]: Done  49 tasks      | elapsed:    0.2s
[Parallel(n_jobs=16)]: Done  51 tasks      | elapsed:    0.2s
[Parallel(n_jobs=16)]: Done  53 tasks      | elapsed:    0.2s
[Parallel(n_jobs=16)]: Done  54 tasks      | elapsed:    0.3s
[Parallel(n_jobs=16)]: Done  55 tasks      | elapsed:    0.3s
[Parallel(n_jobs=16)]: Done  57 tasks      | elapsed:    0.3s
[Parallel(n_jobs=16)]: Done  59 tasks      | elapsed:    0.3s
[Parallel(n_jobs=16)]: Done  61 tasks      | elapsed:    0.3s
[Parallel(n_jobs=16)]: Done  63 tasks      | elapsed:    0.3s
[Parallel(n_jobs=16)]: Done  65 tasks      | elapsed:    0.3s
[Parallel(n_jobs=16)]: Done  66 tasks      | elapsed:    0.3s
[Parallel(n_jobs=16)]: Done  68 tasks      | elapsed:    0.3s
[Parallel(n_jobs=16)]: Done  70 tasks      | elapsed:    0.3s
[Parallel(n_jobs=16)]: Done  72 tasks      | elapsed:    0.3s
[Parallel(n_jobs=16)]: Done  74 tasks      | elapsed:    0.3s
[Parallel(n_jobs=16)]: Done  76 tasks      | elapsed:    0.3s
[Parallel(n_jobs=16)]: Done  78 tasks      | elapsed:    0.3s
[Parallel(n_jobs=16)]: Done  80 tasks      | elapsed:    0.3s
[Parallel(n_jobs=16)]: Done  82 tasks      | elapsed:    0.3s
[Parallel(n_jobs=16)]: Done  84 tasks      | elapsed:    0.4s
[Parallel(n_jobs=16)]: Done  86 tasks      | elapsed:    0.4s
[Parallel(n_jobs=16)]: Done  88 tasks      | elapsed:    0.4s
[Parallel(n_jobs=16)]: Done  90 tasks      | elapsed:    0.4s
[Parallel(n_jobs=16)]: Done  92 tasks      | elapsed:    0.4s
[Parallel(n_jobs=16)]: Done  96 tasks      | elapsed:    0.4s
[Parallel(n_jobs=16)]: Done 100 tasks      | elapsed:    0.4s
[Parallel(n_jobs=16)]: Done 104 tasks      | elapsed:    0.5s
[Parallel(n_jobs=16)]: Done 108 tasks      | elapsed:    0.5s
[Parallel(n_jobs=16)]: Done 112 tasks      | elapsed:    0.5s
[Parallel(n_jobs=16)]: Done 116 tasks      | elapsed:    0.5s
[Parallel(n_jobs=16)]: Done 120 tasks      | elapsed:    0.5s
[Parallel(n_jobs=16)]: Done 124 tasks      | elapsed:    0.5s
[Parallel(n_jobs=16)]: Done 128 tasks      | elapsed:    0.5s
[Parallel(n_jobs=16)]: Done 132 tasks      | elapsed:    0.5s
[Parallel(n_jobs=16)]: Done 136 tasks      | elapsed:    0.5s
[Parallel(n_jobs=16)]: Done 140 tasks      | elapsed:    0.5s
[Parallel(n_jobs=16)]: Done 141 tasks      | elapsed:    0.5s
[Parallel(n_jobs=16)]: Done 142 tasks      | elapsed:    0.5s
[Parallel(n_jobs=16)]: Done 146 tasks      | elapsed:    0.6s
[Parallel(n_jobs=16)]: Done 147 tasks      | elapsed:    0.6s
[Parallel(n_jobs=16)]: Done 151 tasks      | elapsed:    0.6s
[Parallel(n_jobs=16)]: Done 155 tasks      | elapsed:    0.6s
[Parallel(n_jobs=16)]: Done 159 tasks      | elapsed:    0.6s
[Parallel(n_jobs=16)]: Done 160 tasks      | elapsed:    0.6s
[Parallel(n_jobs=16)]: Done 164 tasks      | elapsed:    0.6s
[Parallel(n_jobs=16)]: Done 168 tasks      | elapsed:    0.6s
[Parallel(n_jobs=16)]: Done 172 tasks      | elapsed:    0.6s
[Parallel(n_jobs=16)]: Done 176 tasks      | elapsed:    0.6s
[Parallel(n_jobs=16)]: Done 180 tasks      | elapsed:    0.6s
[Parallel(n_jobs=16)]: Done 184 tasks      | elapsed:    0.6s
[Parallel(n_jobs=16)]: Done 188 tasks      | elapsed:    0.6s
[Parallel(n_jobs=16)]: Done 192 tasks      | elapsed:    0.6s
[Parallel(n_jobs=16)]: Done 196 tasks      | elapsed:    0.7s
[Parallel(n_jobs=16)]: Done 200 tasks      | elapsed:    0.7s
[Parallel(n_jobs=16)]: Done 204 tasks      | elapsed:    0.7s
[Parallel(n_jobs=16)]: Done 208 tasks      | elapsed:    0.7s
[Parallel(n_jobs=16)]: Done 212 tasks      | elapsed:    0.7s
[Parallel(n_jobs=16)]: Done 216 tasks      | elapsed:    0.7s
[Parallel(n_jobs=16)]: Done 220 tasks      | elapsed:    0.7s
[Parallel(n_jobs=16)]: Done 224 tasks      | elapsed:    0.7s
[Parallel(n_jobs=16)]: Done 228 tasks      | elapsed:    0.7s
[Parallel(n_jobs=16)]: Done 232 tasks      | elapsed:    0.7s
[Parallel(n_jobs=16)]: Done 236 tasks      | elapsed:    0.7s
[Parallel(n_jobs=16)]: Done 240 tasks      | elapsed:    0.7s
[Parallel(n_jobs=16)]: Done 244 tasks      | elapsed:    0.7s
[Parallel(n_jobs=16)]: Done 248 tasks      | elapsed:    0.7s
[Parallel(n_jobs=16)]: Done 252 tasks      | elapsed:    0.7s
[Parallel(n_jobs=16)]: Done 256 tasks      | elapsed:    0.8s
[Parallel(n_jobs=16)]: Done 260 tasks      | elapsed:    0.8s
[Parallel(n_jobs=16)]: Done 264 tasks      | elapsed:    0.8s
[Parallel(n_jobs=16)]: Done 268 tasks      | elapsed:    0.8s
[Parallel(n_jobs=16)]: Done 272 tasks      | elapsed:    0.8s
[Parallel(n_jobs=16)]: Done 276 tasks      | elapsed:    0.8s
[Parallel(n_jobs=16)]: Done 280 tasks      | elapsed:    0.8s
[Parallel(n_jobs=16)]: Done 284 tasks      | elapsed:    0.8s
[Parallel(n_jobs=16)]: Done 288 tasks      | elapsed:    0.8s
[Parallel(n_jobs=16)]: Done 292 tasks      | elapsed:    0.8s
[Parallel(n_jobs=16)]: Done 296 tasks      | elapsed:    0.8s
[Parallel(n_jobs=16)]: Done 300 tasks      | elapsed:    0.8s
[Parallel(n_jobs=16)]: Done 304 tasks      | elapsed:    0.8s
[Parallel(n_jobs=16)]: Done 308 tasks      | elapsed:    0.9s
[Parallel(n_jobs=16)]: Done 312 tasks      | elapsed:    0.9s
[Parallel(n_jobs=16)]: Done 316 tasks      | elapsed:    0.9s
[Parallel(n_jobs=16)]: Done 320 tasks      | elapsed:    0.9s
[Parallel(n_jobs=16)]: Done 324 tasks      | elapsed:    0.9s
[Parallel(n_jobs=16)]: Done 328 tasks      | elapsed:    0.9s
[Parallel(n_jobs=16)]: Done 332 tasks      | elapsed:    0.9s
[Parallel(n_jobs=16)]: Done 336 tasks      | elapsed:    0.9s
[Parallel(n_jobs=16)]: Done 340 tasks      | elapsed:    0.9s
[Parallel(n_jobs=16)]: Done 344 tasks      | elapsed:    0.9s
[Parallel(n_jobs=16)]: Done 348 tasks      | elapsed:    0.9s
[Parallel(n_jobs=16)]: Done 352 tasks      | elapsed:    0.9s
[Parallel(n_jobs=16)]: Done 356 tasks      | elapsed:    0.9s
[Parallel(n_jobs=16)]: Done 360 tasks      | elapsed:    0.9s
[Parallel(n_jobs=16)]: Done 364 tasks      | elapsed:    1.0s
[Parallel(n_jobs=16)]: Done 368 tasks      | elapsed:    1.0s
[Parallel(n_jobs=16)]: Done 372 tasks      | elapsed:    1.0s
[Parallel(n_jobs=16)]: Done 376 tasks      | elapsed:    1.0s
[Parallel(n_jobs=16)]: Done 380 tasks      | elapsed:    1.0s
[Parallel(n_jobs=16)]: Done 384 tasks      | elapsed:    1.0s
[Parallel(n_jobs=16)]: Done 388 tasks      | elapsed:    1.0s
[Parallel(n_jobs=16)]: Done 392 tasks      | elapsed:    1.0s
[Parallel(n_jobs=16)]: Done 396 tasks      | elapsed:    1.0s
[Parallel(n_jobs=16)]: Done 400 tasks      | elapsed:    1.0s
[Parallel(n_jobs=16)]: Done 404 tasks      | elapsed:    1.0s
[Parallel(n_jobs=16)]: Done 408 tasks      | elapsed:    1.0s
[Parallel(n_jobs=16)]: Done 412 tasks      | elapsed:    1.0s
[Parallel(n_jobs=16)]: Done 416 tasks      | elapsed:    1.1s
[Parallel(n_jobs=16)]: Done 420 tasks      | elapsed:    1.1s
[Parallel(n_jobs=16)]: Done 424 tasks      | elapsed:    1.1s
[Parallel(n_jobs=16)]: Done 428 tasks      | elapsed:    1.1s
[Parallel(n_jobs=16)]: Done 432 tasks      | elapsed:    1.1s
[Parallel(n_jobs=16)]: Done 436 tasks      | elapsed:    1.1s
[Parallel(n_jobs=16)]: Done 440 tasks      | elapsed:    1.1s
[Parallel(n_jobs=16)]: Done 444 tasks      | elapsed:    1.1s
[Parallel(n_jobs=16)]: Done 448 tasks      | elapsed:    1.1s
[Parallel(n_jobs=16)]: Done 452 tasks      | elapsed:    1.1s
[Parallel(n_jobs=16)]: Done 456 tasks      | elapsed:    1.1s
[Parallel(n_jobs=16)]: Done 460 tasks      | elapsed:    1.2s
[Parallel(n_jobs=16)]: Done 464 tasks      | elapsed:    1.2s
[Parallel(n_jobs=16)]: Done 468 tasks      | elapsed:    1.2s
[Parallel(n_jobs=16)]: Done 472 tasks      | elapsed:    1.2s
[Parallel(n_jobs=16)]: Done 476 tasks      | elapsed:    1.2s
[Parallel(n_jobs=16)]: Done 480 tasks      | elapsed:    1.2s
[Parallel(n_jobs=16)]: Done 484 tasks      | elapsed:    1.2s
[Parallel(n_jobs=16)]: Done 488 tasks      | elapsed:    1.2s
[Parallel(n_jobs=16)]: Done 492 tasks      | elapsed:    1.2s
[Parallel(n_jobs=16)]: Done 496 tasks      | elapsed:    1.2s
[Parallel(n_jobs=16)]: Done 500 tasks      | elapsed:    1.2s
[Parallel(n_jobs=16)]: Done 504 tasks      | elapsed:    1.3s
[Parallel(n_jobs=16)]: Done 508 tasks      | elapsed:    1.3s
[Parallel(n_jobs=16)]: Done 512 tasks      | elapsed:    1.3s
[Parallel(n_jobs=16)]: Done 516 tasks      | elapsed:    1.3s
[Parallel(n_jobs=16)]: Done 520 tasks      | elapsed:    1.3s
[Parallel(n_jobs=16)]: Done 524 tasks      | elapsed:    1.3s
[Parallel(n_jobs=16)]: Done 528 tasks      | elapsed:    1.3s
[Parallel(n_jobs=16)]: Done 532 tasks      | elapsed:    1.3s
[Parallel(n_jobs=16)]: Done 536 tasks      | elapsed:    1.3s
[Parallel(n_jobs=16)]: Done 540 tasks      | elapsed:    1.3s
[Parallel(n_jobs=16)]: Done 544 tasks      | elapsed:    1.3s
[Parallel(n_jobs=16)]: Done 548 tasks      | elapsed:    1.3s
[Parallel(n_jobs=16)]: Done 552 tasks      | elapsed:    1.4s
[Parallel(n_jobs=16)]: Done 556 tasks      | elapsed:    1.4s
[Parallel(n_jobs=16)]: Done 560 tasks      | elapsed:    1.4s
[Parallel(n_jobs=16)]: Done 564 tasks      | elapsed:    1.4s
[Parallel(n_jobs=16)]: Done 568 tasks      | elapsed:    1.4s
[Parallel(n_jobs=16)]: Done 572 tasks      | elapsed:    1.4s
[Parallel(n_jobs=16)]: Done 576 tasks      | elapsed:    1.4s
[Parallel(n_jobs=16)]: Done 580 tasks      | elapsed:    1.4s
[Parallel(n_jobs=16)]: Done 584 tasks      | elapsed:    1.4s
[Parallel(n_jobs=16)]: Done 588 tasks      | elapsed:    1.4s
[Parallel(n_jobs=16)]: Done 592 tasks      | elapsed:    1.4s
[Parallel(n_jobs=16)]: Done 596 tasks      | elapsed:    1.4s
[Parallel(n_jobs=16)]: Done 600 tasks      | elapsed:    1.4s
[Parallel(n_jobs=16)]: Done 604 tasks      | elapsed:    1.5s
[Parallel(n_jobs=16)]: Done 608 tasks      | elapsed:    1.5s
[Parallel(n_jobs=16)]: Done 612 tasks      | elapsed:    1.5s
[Parallel(n_jobs=16)]: Done 616 tasks      | elapsed:    1.5s
[Parallel(n_jobs=16)]: Done 620 tasks      | elapsed:    1.5s
[Parallel(n_jobs=16)]: Done 624 tasks      | elapsed:    1.5s
[Parallel(n_jobs=16)]: Done 628 tasks      | elapsed:    1.5s
[Parallel(n_jobs=16)]: Done 632 tasks      | elapsed:    1.5s
[Parallel(n_jobs=16)]: Done 636 tasks      | elapsed:    1.5s
[Parallel(n_jobs=16)]: Done 640 tasks      | elapsed:    1.5s
[Parallel(n_jobs=16)]: Done 644 tasks      | elapsed:    1.5s
[Parallel(n_jobs=16)]: Done 648 tasks      | elapsed:    1.5s
[Parallel(n_jobs=16)]: Done 652 tasks      | elapsed:    1.6s
[Parallel(n_jobs=16)]: Done 656 tasks      | elapsed:    1.6s
[Parallel(n_jobs=16)]: Done 660 tasks      | elapsed:    1.6s
[Parallel(n_jobs=16)]: Done 664 tasks      | elapsed:    1.6s
[Parallel(n_jobs=16)]: Done 668 tasks      | elapsed:    1.6s
[Parallel(n_jobs=16)]: Done 672 tasks      | elapsed:    1.6s
[Parallel(n_jobs=16)]: Done 676 tasks      | elapsed:    1.6s
[Parallel(n_jobs=16)]: Done 680 tasks      | elapsed:    1.6s
[Parallel(n_jobs=16)]: Done 684 tasks      | elapsed:    1.6s
[Parallel(n_jobs=16)]: Done 688 tasks      | elapsed:    1.6s
[Parallel(n_jobs=16)]: Done 692 tasks      | elapsed:    1.6s
[Parallel(n_jobs=16)]: Done 696 tasks      | elapsed:    1.6s
[Parallel(n_jobs=16)]: Done 700 tasks      | elapsed:    1.7s
[Parallel(n_jobs=16)]: Done 704 tasks      | elapsed:    1.7s
[Parallel(n_jobs=16)]: Done 708 tasks      | elapsed:    1.7s
[Parallel(n_jobs=16)]: Done 712 tasks      | elapsed:    1.7s
[Parallel(n_jobs=16)]: Done 716 tasks      | elapsed:    1.7s
[Parallel(n_jobs=16)]: Done 720 tasks      | elapsed:    1.7s
[Parallel(n_jobs=16)]: Done 724 tasks      | elapsed:    1.7s
[Parallel(n_jobs=16)]: Done 728 tasks      | elapsed:    1.7s
[Parallel(n_jobs=16)]: Done 732 tasks      | elapsed:    1.7s
[Parallel(n_jobs=16)]: Done 736 tasks      | elapsed:    1.7s
[Parallel(n_jobs=16)]: Done 740 tasks      | elapsed:    1.7s
[Parallel(n_jobs=16)]: Done 744 tasks      | elapsed:    1.8s
[Parallel(n_jobs=16)]: Done 748 tasks      | elapsed:    1.8s
[Parallel(n_jobs=16)]: Done 752 tasks      | elapsed:    1.8s
[Parallel(n_jobs=16)]: Done 756 tasks      | elapsed:    1.8s
[Parallel(n_jobs=16)]: Done 760 tasks      | elapsed:    1.8s
[Parallel(n_jobs=16)]: Done 764 tasks      | elapsed:    1.8s
[Parallel(n_jobs=16)]: Done 768 tasks      | elapsed:    1.8s
[Parallel(n_jobs=16)]: Done 772 tasks      | elapsed:    1.8s
[Parallel(n_jobs=16)]: Done 776 tasks      | elapsed:    1.8s
[Parallel(n_jobs=16)]: Done 780 tasks      | elapsed:    1.9s
[Parallel(n_jobs=16)]: Done 784 tasks      | elapsed:    1.9s
[Parallel(n_jobs=16)]: Done 788 tasks      | elapsed:    1.9s
[Parallel(n_jobs=16)]: Done 792 tasks      | elapsed:    1.9s
[Parallel(n_jobs=16)]: Done 796 tasks      | elapsed:    1.9s
[Parallel(n_jobs=16)]: Done 800 tasks      | elapsed:    1.9s
[Parallel(n_jobs=16)]: Done 804 tasks      | elapsed:    1.9s
[Parallel(n_jobs=16)]: Done 808 tasks      | elapsed:    2.0s
[Parallel(n_jobs=16)]: Done 812 tasks      | elapsed:    2.0s
[Parallel(n_jobs=16)]: Done 816 tasks      | elapsed:    2.0s
[Parallel(n_jobs=16)]: Done 820 tasks      | elapsed:    2.0s
[Parallel(n_jobs=16)]: Done 824 tasks      | elapsed:    2.0s
[Parallel(n_jobs=16)]: Done 828 tasks      | elapsed:    2.0s
[Parallel(n_jobs=16)]: Done 832 tasks      | elapsed:    2.0s
[Parallel(n_jobs=16)]: Done 836 tasks      | elapsed:    2.0s
[Parallel(n_jobs=16)]: Done 840 tasks      | elapsed:    2.0s
[Parallel(n_jobs=16)]: Done 844 tasks      | elapsed:    2.0s
[Parallel(n_jobs=16)]: Done 848 tasks      | elapsed:    2.0s
[Parallel(n_jobs=16)]: Done 852 tasks      | elapsed:    2.0s
[Parallel(n_jobs=16)]: Done 856 tasks      | elapsed:    2.1s
[Parallel(n_jobs=16)]: Done 860 tasks      | elapsed:    2.1s
[Parallel(n_jobs=16)]: Done 864 tasks      | elapsed:    2.1s
[Parallel(n_jobs=16)]: Done 868 tasks      | elapsed:    2.1s
[Parallel(n_jobs=16)]: Done 872 tasks      | elapsed:    2.1s
[Parallel(n_jobs=16)]: Done 876 tasks      | elapsed:    2.1s
[Parallel(n_jobs=16)]: Done 880 tasks      | elapsed:    2.1s
[Parallel(n_jobs=16)]: Done 884 tasks      | elapsed:    2.1s
[Parallel(n_jobs=16)]: Done 888 tasks      | elapsed:    2.1s
[Parallel(n_jobs=16)]: Done 892 tasks      | elapsed:    2.1s
[Parallel(n_jobs=16)]: Done 896 tasks      | elapsed:    2.1s
[Parallel(n_jobs=16)]: Done 900 tasks      | elapsed:    2.1s
[Parallel(n_jobs=16)]: Done 904 tasks      | elapsed:    2.2s
[Parallel(n_jobs=16)]: Done 908 tasks      | elapsed:    2.2s
[Parallel(n_jobs=16)]: Done 912 tasks      | elapsed:    2.2s
[Parallel(n_jobs=16)]: Done 916 tasks      | elapsed:    2.2s
[Parallel(n_jobs=16)]: Done 920 tasks      | elapsed:    2.2s
[Parallel(n_jobs=16)]: Done 924 tasks      | elapsed:    2.2s
[Parallel(n_jobs=16)]: Done 928 tasks      | elapsed:    2.2s
[Parallel(n_jobs=16)]: Done 932 tasks      | elapsed:    2.2s
[Parallel(n_jobs=16)]: Done 936 tasks      | elapsed:    2.2s
[Parallel(n_jobs=16)]: Done 940 tasks      | elapsed:    2.2s
[Parallel(n_jobs=16)]: Done 944 tasks      | elapsed:    2.2s
[Parallel(n_jobs=16)]: Done 948 tasks      | elapsed:    2.2s
[Parallel(n_jobs=16)]: Done 952 tasks      | elapsed:    2.3s
[Parallel(n_jobs=16)]: Done 956 tasks      | elapsed:    2.3s
[Parallel(n_jobs=16)]: Done 960 tasks      | elapsed:    2.3s
[Parallel(n_jobs=16)]: Done 964 tasks      | elapsed:    2.3s
[Parallel(n_jobs=16)]: Done 968 tasks      | elapsed:    2.3s
[Parallel(n_jobs=16)]: Done 972 tasks      | elapsed:    2.3s
[Parallel(n_jobs=16)]: Done 976 tasks      | elapsed:    2.3s
[Parallel(n_jobs=16)]: Done 980 tasks      | elapsed:    2.3s
[Parallel(n_jobs=16)]: Done 984 tasks      | elapsed:    2.3s
[Parallel(n_jobs=16)]: Done 988 tasks      | elapsed:    2.3s
[Parallel(n_jobs=16)]: Done 992 tasks      | elapsed:    2.3s
[Parallel(n_jobs=16)]: Done 996 tasks      | elapsed:    2.3s
[Parallel(n_jobs=16)]: Done 1000 tasks      | elapsed:    2.3s
[Parallel(n_jobs=16)]: Done 1004 tasks      | elapsed:    2.4s
[Parallel(n_jobs=16)]: Done 1008 tasks      | elapsed:    2.4s
[Parallel(n_jobs=16)]: Done 1012 tasks      | elapsed:    2.4s
[Parallel(n_jobs=16)]: Done 1016 tasks      | elapsed:    2.4s
[Parallel(n_jobs=16)]: Done 1020 tasks      | elapsed:    2.4s
[Parallel(n_jobs=16)]: Done 1024 tasks      | elapsed:    2.4s
[Parallel(n_jobs=16)]: Done 1028 tasks      | elapsed:    2.4s
[Parallel(n_jobs=16)]: Done 1032 tasks      | elapsed:    2.4s
[Parallel(n_jobs=16)]: Done 1036 tasks      | elapsed:    2.4s
[Parallel(n_jobs=16)]: Done 1040 tasks      | elapsed:    2.4s
[Parallel(n_jobs=16)]: Done 1044 tasks      | elapsed:    2.4s
[Parallel(n_jobs=16)]: Done 1048 tasks      | elapsed:    2.4s
[Parallel(n_jobs=16)]: Done 1052 tasks      | elapsed:    2.4s
[Parallel(n_jobs=16)]: Done 1056 tasks      | elapsed:    2.5s
[Parallel(n_jobs=16)]: Done 1060 tasks      | elapsed:    2.5s
[Parallel(n_jobs=16)]: Done 1064 tasks      | elapsed:    2.5s
[Parallel(n_jobs=16)]: Done 1068 tasks      | elapsed:    2.5s
[Parallel(n_jobs=16)]: Done 1072 tasks      | elapsed:    2.5s
[Parallel(n_jobs=16)]: Done 1076 tasks      | elapsed:    2.5s
[Parallel(n_jobs=16)]: Done 1080 tasks      | elapsed:    2.5s
[Parallel(n_jobs=16)]: Done 1084 tasks      | elapsed:    2.5s
[Parallel(n_jobs=16)]: Done 1088 tasks      | elapsed:    2.5s
[Parallel(n_jobs=16)]: Done 1092 tasks      | elapsed:    2.5s
[Parallel(n_jobs=16)]: Done 1096 tasks      | elapsed:    2.5s
[Parallel(n_jobs=16)]: Done 1100 tasks      | elapsed:    2.5s
[Parallel(n_jobs=16)]: Done 1104 tasks      | elapsed:    2.5s
[Parallel(n_jobs=16)]: Done 1108 tasks      | elapsed:    2.5s
[Parallel(n_jobs=16)]: Done 1112 tasks      | elapsed:    2.6s
[Parallel(n_jobs=16)]: Done 1116 tasks      | elapsed:    2.6s
[Parallel(n_jobs=16)]: Done 1120 tasks      | elapsed:    2.6s
[Parallel(n_jobs=16)]: Done 1124 tasks      | elapsed:    2.6s
[Parallel(n_jobs=16)]: Done 1128 tasks      | elapsed:    2.6s
[Parallel(n_jobs=16)]: Done 1132 tasks      | elapsed:    2.6s
[Parallel(n_jobs=16)]: Done 1136 tasks      | elapsed:    2.6s
[Parallel(n_jobs=16)]: Done 1140 tasks      | elapsed:    2.6s
[Parallel(n_jobs=16)]: Done 1144 tasks      | elapsed:    2.6s
[Parallel(n_jobs=16)]: Done 1148 tasks      | elapsed:    2.6s
[Parallel(n_jobs=16)]: Done 1152 tasks      | elapsed:    2.6s
[Parallel(n_jobs=16)]: Done 1156 tasks      | elapsed:    2.6s
[Parallel(n_jobs=16)]: Done 1160 tasks      | elapsed:    2.6s
[Parallel(n_jobs=16)]: Done 1164 tasks      | elapsed:    2.6s
[Parallel(n_jobs=16)]: Done 1168 tasks      | elapsed:    2.6s
[Parallel(n_jobs=16)]: Done 1172 tasks      | elapsed:    2.6s
[Parallel(n_jobs=16)]: Done 1176 tasks      | elapsed:    2.7s
[Parallel(n_jobs=16)]: Done 1180 tasks      | elapsed:    2.7s
[Parallel(n_jobs=16)]: Done 1184 tasks      | elapsed:    2.7s
[Parallel(n_jobs=16)]: Done 1188 tasks      | elapsed:    2.7s
[Parallel(n_jobs=16)]: Done 1192 tasks      | elapsed:    2.7s
[Parallel(n_jobs=16)]: Done 1196 tasks      | elapsed:    2.7s
[Parallel(n_jobs=16)]: Done 1200 tasks      | elapsed:    2.7s
[Parallel(n_jobs=16)]: Done 1204 tasks      | elapsed:    2.7s
[Parallel(n_jobs=16)]: Done 1208 tasks      | elapsed:    2.7s
[Parallel(n_jobs=16)]: Done 1212 tasks      | elapsed:    2.7s
[Parallel(n_jobs=16)]: Done 1216 tasks      | elapsed:    2.7s
[Parallel(n_jobs=16)]: Done 1220 tasks      | elapsed:    2.7s
[Parallel(n_jobs=16)]: Done 1224 tasks      | elapsed:    2.8s
[Parallel(n_jobs=16)]: Done 1228 tasks      | elapsed:    2.8s
[Parallel(n_jobs=16)]: Done 1232 tasks      | elapsed:    2.8s
[Parallel(n_jobs=16)]: Done 1236 tasks      | elapsed:    2.8s
[Parallel(n_jobs=16)]: Done 1240 tasks      | elapsed:    2.8s
[Parallel(n_jobs=16)]: Done 1244 tasks      | elapsed:    2.8s
[Parallel(n_jobs=16)]: Done 1248 tasks      | elapsed:    2.8s
[Parallel(n_jobs=16)]: Done 1252 tasks      | elapsed:    2.8s
[Parallel(n_jobs=16)]: Done 1256 tasks      | elapsed:    2.8s
[Parallel(n_jobs=16)]: Done 1260 tasks      | elapsed:    2.8s
[Parallel(n_jobs=16)]: Done 1264 tasks      | elapsed:    2.8s
[Parallel(n_jobs=16)]: Done 1268 tasks      | elapsed:    2.9s
[Parallel(n_jobs=16)]: Done 1272 tasks      | elapsed:    2.9s
[Parallel(n_jobs=16)]: Done 1276 tasks      | elapsed:    2.9s
[Parallel(n_jobs=16)]: Done 1280 tasks      | elapsed:    2.9s
[Parallel(n_jobs=16)]: Done 1284 tasks      | elapsed:    2.9s
[Parallel(n_jobs=16)]: Done 1288 tasks      | elapsed:    2.9s
[Parallel(n_jobs=16)]: Done 1292 tasks      | elapsed:    2.9s
[Parallel(n_jobs=16)]: Done 1296 tasks      | elapsed:    2.9s
[Parallel(n_jobs=16)]: Done 1300 tasks      | elapsed:    2.9s
[Parallel(n_jobs=16)]: Done 1304 tasks      | elapsed:    2.9s
[Parallel(n_jobs=16)]: Done 1308 tasks      | elapsed:    3.0s
[Parallel(n_jobs=16)]: Done 1312 tasks      | elapsed:    3.0s
[Parallel(n_jobs=16)]: Done 1316 tasks      | elapsed:    3.0s
[Parallel(n_jobs=16)]: Done 1320 tasks      | elapsed:    3.0s
[Parallel(n_jobs=16)]: Done 1324 tasks      | elapsed:    3.0s
[Parallel(n_jobs=16)]: Done 1328 tasks      | elapsed:    3.0s
[Parallel(n_jobs=16)]: Done 1332 tasks      | elapsed:    3.0s
[Parallel(n_jobs=16)]: Done 1336 tasks      | elapsed:    3.0s
[Parallel(n_jobs=16)]: Done 1340 tasks      | elapsed:    3.0s
[Parallel(n_jobs=16)]: Done 1344 tasks      | elapsed:    3.0s
[Parallel(n_jobs=16)]: Done 1348 tasks      | elapsed:    3.0s
[Parallel(n_jobs=16)]: Done 1352 tasks      | elapsed:    3.0s
[Parallel(n_jobs=16)]: Done 1356 tasks      | elapsed:    3.0s
[Parallel(n_jobs=16)]: Done 1360 tasks      | elapsed:    3.0s
[Parallel(n_jobs=16)]: Done 1364 tasks      | elapsed:    3.0s
[Parallel(n_jobs=16)]: Done 1368 tasks      | elapsed:    3.0s
[Parallel(n_jobs=16)]: Done 1372 tasks      | elapsed:    3.1s
[Parallel(n_jobs=16)]: Done 1376 tasks      | elapsed:    3.1s
[Parallel(n_jobs=16)]: Done 1380 tasks      | elapsed:    3.1s
[Parallel(n_jobs=16)]: Done 1384 tasks      | elapsed:    3.1s
[Parallel(n_jobs=16)]: Done 1388 tasks      | elapsed:    3.1s
[Parallel(n_jobs=16)]: Done 1392 tasks      | elapsed:    3.1s
[Parallel(n_jobs=16)]: Done 1396 tasks      | elapsed:    3.1s
[Parallel(n_jobs=16)]: Done 1400 tasks      | elapsed:    3.1s
[Parallel(n_jobs=16)]: Done 1404 tasks      | elapsed:    3.1s
[Parallel(n_jobs=16)]: Done 1408 tasks      | elapsed:    3.1s
[Parallel(n_jobs=16)]: Done 1412 tasks      | elapsed:    3.1s
[Parallel(n_jobs=16)]: Done 1416 tasks      | elapsed:    3.1s
[Parallel(n_jobs=16)]: Done 1420 tasks      | elapsed:    3.2s
[Parallel(n_jobs=16)]: Done 1424 tasks      | elapsed:    3.2s
[Parallel(n_jobs=16)]: Done 1428 tasks      | elapsed:    3.2s
[Parallel(n_jobs=16)]: Done 1432 tasks      | elapsed:    3.2s
[Parallel(n_jobs=16)]: Done 1436 tasks      | elapsed:    3.2s
[Parallel(n_jobs=16)]: Done 1440 tasks      | elapsed:    3.2s
[Parallel(n_jobs=16)]: Done 1444 tasks      | elapsed:    3.2s
[Parallel(n_jobs=16)]: Done 1448 tasks      | elapsed:    3.2s
[Parallel(n_jobs=16)]: Done 1452 tasks      | elapsed:    3.2s
[Parallel(n_jobs=16)]: Done 1456 tasks      | elapsed:    3.2s
[Parallel(n_jobs=16)]: Done 1460 tasks      | elapsed:    3.2s
[Parallel(n_jobs=16)]: Done 1464 tasks      | elapsed:    3.2s
[Parallel(n_jobs=16)]: Done 1468 tasks      | elapsed:    3.3s
[Parallel(n_jobs=16)]: Done 1472 tasks      | elapsed:    3.3s
[Parallel(n_jobs=16)]: Done 1476 tasks      | elapsed:    3.3s
[Parallel(n_jobs=16)]: Done 1480 tasks      | elapsed:    3.3s
[Parallel(n_jobs=16)]: Done 1484 tasks      | elapsed:    3.3s
[Parallel(n_jobs=16)]: Done 1488 tasks      | elapsed:    3.3s
[Parallel(n_jobs=16)]: Done 1492 tasks      | elapsed:    3.3s
[Parallel(n_jobs=16)]: Done 1496 tasks      | elapsed:    3.3s
[Parallel(n_jobs=16)]: Done 1500 tasks      | elapsed:    3.3s
[Parallel(n_jobs=16)]: Done 1504 tasks      | elapsed:    3.3s
[Parallel(n_jobs=16)]: Done 1508 tasks      | elapsed:    3.3s
[Parallel(n_jobs=16)]: Done 1512 tasks      | elapsed:    3.3s
[Parallel(n_jobs=16)]: Done 1516 tasks      | elapsed:    3.3s
[Parallel(n_jobs=16)]: Done 1520 tasks      | elapsed:    3.4s
[Parallel(n_jobs=16)]: Done 1524 tasks      | elapsed:    3.4s
[Parallel(n_jobs=16)]: Done 1528 tasks      | elapsed:    3.4s
[Parallel(n_jobs=16)]: Done 1532 tasks      | elapsed:    3.4s
[Parallel(n_jobs=16)]: Done 1536 tasks      | elapsed:    3.4s
[Parallel(n_jobs=16)]: Done 1540 tasks      | elapsed:    3.4s
[Parallel(n_jobs=16)]: Done 1544 tasks      | elapsed:    3.4s
[Parallel(n_jobs=16)]: Done 1548 tasks      | elapsed:    3.4s
[Parallel(n_jobs=16)]: Done 1552 tasks      | elapsed:    3.4s
[Parallel(n_jobs=16)]: Done 1556 tasks      | elapsed:    3.5s
[Parallel(n_jobs=16)]: Done 1560 tasks      | elapsed:    3.5s
[Parallel(n_jobs=16)]: Done 1564 tasks      | elapsed:    3.5s
[Parallel(n_jobs=16)]: Done 1568 tasks      | elapsed:    3.5s
[Parallel(n_jobs=16)]: Done 1572 tasks      | elapsed:    3.5s
[Parallel(n_jobs=16)]: Done 1576 tasks      | elapsed:    3.5s
[Parallel(n_jobs=16)]: Done 1580 tasks      | elapsed:    3.5s
[Parallel(n_jobs=16)]: Done 1584 tasks      | elapsed:    3.5s
[Parallel(n_jobs=16)]: Done 1588 tasks      | elapsed:    3.5s
[Parallel(n_jobs=16)]: Done 1592 tasks      | elapsed:    3.5s
[Parallel(n_jobs=16)]: Done 1596 tasks      | elapsed:    3.5s
[Parallel(n_jobs=16)]: Done 1600 tasks      | elapsed:    3.5s
[Parallel(n_jobs=16)]: Done 1604 tasks      | elapsed:    3.5s
[Parallel(n_jobs=16)]: Done 1608 tasks      | elapsed:    3.6s
[Parallel(n_jobs=16)]: Done 1612 tasks      | elapsed:    3.6s
[Parallel(n_jobs=16)]: Done 1616 tasks      | elapsed:    3.6s
[Parallel(n_jobs=16)]: Done 1620 tasks      | elapsed:    3.6s
[Parallel(n_jobs=16)]: Done 1624 tasks      | elapsed:    3.6s
[Parallel(n_jobs=16)]: Done 1628 tasks      | elapsed:    3.6s
[Parallel(n_jobs=16)]: Done 1632 tasks      | elapsed:    3.6s
[Parallel(n_jobs=16)]: Done 1636 tasks      | elapsed:    3.6s
[Parallel(n_jobs=16)]: Done 1640 tasks      | elapsed:    3.6s
[Parallel(n_jobs=16)]: Done 1644 tasks      | elapsed:    3.7s
[Parallel(n_jobs=16)]: Done 1648 tasks      | elapsed:    3.7s
[Parallel(n_jobs=16)]: Done 1652 tasks      | elapsed:    3.7s
[Parallel(n_jobs=16)]: Done 1656 tasks      | elapsed:    3.7s
[Parallel(n_jobs=16)]: Done 1660 tasks      | elapsed:    3.7s
[Parallel(n_jobs=16)]: Done 1664 tasks      | elapsed:    3.7s
[Parallel(n_jobs=16)]: Done 1668 tasks      | elapsed:    3.7s
[Parallel(n_jobs=16)]: Done 1672 tasks      | elapsed:    3.7s
[Parallel(n_jobs=16)]: Done 1676 tasks      | elapsed:    3.7s
[Parallel(n_jobs=16)]: Done 1680 tasks      | elapsed:    3.7s
[Parallel(n_jobs=16)]: Done 1684 tasks      | elapsed:    3.7s
[Parallel(n_jobs=16)]: Done 1688 tasks      | elapsed:    3.7s
[Parallel(n_jobs=16)]: Done 1692 tasks      | elapsed:    3.7s
[Parallel(n_jobs=16)]: Done 1696 tasks      | elapsed:    3.8s
[Parallel(n_jobs=16)]: Done 1700 tasks      | elapsed:    3.8s
[Parallel(n_jobs=16)]: Done 1704 tasks      | elapsed:    3.8s
[Parallel(n_jobs=16)]: Done 1708 tasks      | elapsed:    3.8s
[Parallel(n_jobs=16)]: Done 1712 tasks      | elapsed:    3.8s
[Parallel(n_jobs=16)]: Done 1716 tasks      | elapsed:    3.8s
[Parallel(n_jobs=16)]: Done 1720 tasks      | elapsed:    3.8s
[Parallel(n_jobs=16)]: Done 1724 tasks      | elapsed:    3.8s
[Parallel(n_jobs=16)]: Done 1728 tasks      | elapsed:    3.8s
[Parallel(n_jobs=16)]: Done 1732 tasks      | elapsed:    3.8s
[Parallel(n_jobs=16)]: Done 1736 tasks      | elapsed:    3.8s
[Parallel(n_jobs=16)]: Done 1740 tasks      | elapsed:    3.8s
[Parallel(n_jobs=16)]: Done 1744 tasks      | elapsed:    3.9s
[Parallel(n_jobs=16)]: Done 1748 tasks      | elapsed:    3.9s
[Parallel(n_jobs=16)]: Done 1752 tasks      | elapsed:    3.9s
[Parallel(n_jobs=16)]: Done 1756 tasks      | elapsed:    3.9s
[Parallel(n_jobs=16)]: Done 1760 tasks      | elapsed:    3.9s
[Parallel(n_jobs=16)]: Done 1764 tasks      | elapsed:    3.9s
[Parallel(n_jobs=16)]: Done 1768 tasks      | elapsed:    3.9s
[Parallel(n_jobs=16)]: Done 1772 tasks      | elapsed:    3.9s
[Parallel(n_jobs=16)]: Done 1776 tasks      | elapsed:    3.9s
[Parallel(n_jobs=16)]: Done 1780 tasks      | elapsed:    3.9s
[Parallel(n_jobs=16)]: Done 1784 tasks      | elapsed:    4.0s
[Parallel(n_jobs=16)]: Done 1788 tasks      | elapsed:    4.0s
[Parallel(n_jobs=16)]: Done 1792 tasks      | elapsed:    4.0s
[Parallel(n_jobs=16)]: Done 1796 tasks      | elapsed:    4.0s
[Parallel(n_jobs=16)]: Done 1800 tasks      | elapsed:    4.0s
[Parallel(n_jobs=16)]: Done 1804 tasks      | elapsed:    4.0s
[Parallel(n_jobs=16)]: Done 1808 tasks      | elapsed:    4.0s
[Parallel(n_jobs=16)]: Done 1812 tasks      | elapsed:    4.0s
[Parallel(n_jobs=16)]: Done 1816 tasks      | elapsed:    4.0s
[Parallel(n_jobs=16)]: Done 1820 tasks      | elapsed:    4.0s
[Parallel(n_jobs=16)]: Done 1824 tasks      | elapsed:    4.0s
[Parallel(n_jobs=16)]: Done 1828 tasks      | elapsed:    4.0s
[Parallel(n_jobs=16)]: Done 1832 tasks      | elapsed:    4.0s
[Parallel(n_jobs=16)]: Done 1836 tasks      | elapsed:    4.1s
[Parallel(n_jobs=16)]: Done 1840 tasks      | elapsed:    4.1s
[Parallel(n_jobs=16)]: Done 1844 tasks      | elapsed:    4.1s
[Parallel(n_jobs=16)]: Done 1848 tasks      | elapsed:    4.1s
[Parallel(n_jobs=16)]: Done 1852 tasks      | elapsed:    4.1s
[Parallel(n_jobs=16)]: Done 1856 tasks      | elapsed:    4.1s
[Parallel(n_jobs=16)]: Done 1860 tasks      | elapsed:    4.1s
[Parallel(n_jobs=16)]: Done 1864 tasks      | elapsed:    4.1s
[Parallel(n_jobs=16)]: Done 1868 tasks      | elapsed:    4.1s
[Parallel(n_jobs=16)]: Done 1872 tasks      | elapsed:    4.1s
[Parallel(n_jobs=16)]: Done 1876 tasks      | elapsed:    4.1s
[Parallel(n_jobs=16)]: Done 1880 tasks      | elapsed:    4.2s
[Parallel(n_jobs=16)]: Done 1884 tasks      | elapsed:    4.2s
[Parallel(n_jobs=16)]: Done 1888 tasks      | elapsed:    4.2s
[Parallel(n_jobs=16)]: Done 1892 tasks      | elapsed:    4.2s
[Parallel(n_jobs=16)]: Done 1896 tasks      | elapsed:    4.2s
[Parallel(n_jobs=16)]: Done 1900 tasks      | elapsed:    4.2s
[Parallel(n_jobs=16)]: Done 1904 tasks      | elapsed:    4.2s
[Parallel(n_jobs=16)]: Done 1908 tasks      | elapsed:    4.2s
[Parallel(n_jobs=16)]: Done 1912 tasks      | elapsed:    4.2s
[Parallel(n_jobs=16)]: Done 1916 tasks      | elapsed:    4.2s
[Parallel(n_jobs=16)]: Done 1920 tasks      | elapsed:    4.3s
[Parallel(n_jobs=16)]: Done 1924 tasks      | elapsed:    4.3s
[Parallel(n_jobs=16)]: Done 1928 tasks      | elapsed:    4.3s
[Parallel(n_jobs=16)]: Done 1932 tasks      | elapsed:    4.3s
[Parallel(n_jobs=16)]: Done 1936 tasks      | elapsed:    4.3s
[Parallel(n_jobs=16)]: Done 1940 tasks      | elapsed:    4.3s
[Parallel(n_jobs=16)]: Done 1944 tasks      | elapsed:    4.3s
[Parallel(n_jobs=16)]: Done 1948 tasks      | elapsed:    4.3s
[Parallel(n_jobs=16)]: Done 1952 tasks      | elapsed:    4.3s
[Parallel(n_jobs=16)]: Done 1956 tasks      | elapsed:    4.3s
[Parallel(n_jobs=16)]: Done 1960 tasks      | elapsed:    4.3s
[Parallel(n_jobs=16)]: Done 1964 tasks      | elapsed:    4.3s
[Parallel(n_jobs=16)]: Done 1968 tasks      | elapsed:    4.4s
[Parallel(n_jobs=16)]: Done 1972 tasks      | elapsed:    4.4s
[Parallel(n_jobs=16)]: Done 1976 tasks      | elapsed:    4.4s
[Parallel(n_jobs=16)]: Done 1980 tasks      | elapsed:    4.4s
[Parallel(n_jobs=16)]: Done 1984 tasks      | elapsed:    4.4s
[Parallel(n_jobs=16)]: Done 1988 tasks      | elapsed:    4.4s
[Parallel(n_jobs=16)]: Done 1992 tasks      | elapsed:    4.4s
[Parallel(n_jobs=16)]: Done 1996 tasks      | elapsed:    4.4s
[Parallel(n_jobs=16)]: Done 2000 tasks      | elapsed:    4.4s
[Parallel(n_jobs=16)]: Done 2004 tasks      | elapsed:    4.4s
[Parallel(n_jobs=16)]: Done 2008 tasks      | elapsed:    4.4s
[Parallel(n_jobs=16)]: Done 2012 tasks      | elapsed:    4.4s
[Parallel(n_jobs=16)]: Done 2016 tasks      | elapsed:    4.4s
[Parallel(n_jobs=16)]: Done 2020 tasks      | elapsed:    4.5s
[Parallel(n_jobs=16)]: Done 2024 tasks      | elapsed:    4.5s
[Parallel(n_jobs=16)]: Done 2028 tasks      | elapsed:    4.5s
[Parallel(n_jobs=16)]: Done 2032 tasks      | elapsed:    4.5s
[Parallel(n_jobs=16)]: Done 2036 tasks      | elapsed:    4.5s
[Parallel(n_jobs=16)]: Done 2040 tasks      | elapsed:    4.5s
[Parallel(n_jobs=16)]: Done 2044 tasks      | elapsed:    4.5s
[Parallel(n_jobs=16)]: Done 2048 tasks      | elapsed:    4.5s
[Parallel(n_jobs=16)]: Done 2052 tasks      | elapsed:    4.6s
[Parallel(n_jobs=16)]: Done 2056 tasks      | elapsed:    4.6s
[Parallel(n_jobs=16)]: Done 2060 tasks      | elapsed:    4.6s
[Parallel(n_jobs=16)]: Done 2064 tasks      | elapsed:    4.6s
[Parallel(n_jobs=16)]: Done 2068 tasks      | elapsed:    4.6s
[Parallel(n_jobs=16)]: Done 2072 tasks      | elapsed:    4.6s
[Parallel(n_jobs=16)]: Done 2076 tasks      | elapsed:    4.6s
[Parallel(n_jobs=16)]: Done 2080 tasks      | elapsed:    4.6s
[Parallel(n_jobs=16)]: Done 2084 tasks      | elapsed:    4.6s
[Parallel(n_jobs=16)]: Done 2088 tasks      | elapsed:    4.6s
[Parallel(n_jobs=16)]: Done 2092 tasks      | elapsed:    4.6s
[Parallel(n_jobs=16)]: Done 2096 tasks      | elapsed:    4.7s
[Parallel(n_jobs=16)]: Done 2100 tasks      | elapsed:    4.7s
[Parallel(n_jobs=16)]: Done 2104 tasks      | elapsed:    4.7s
[Parallel(n_jobs=16)]: Done 2108 tasks      | elapsed:    4.7s
[Parallel(n_jobs=16)]: Done 2112 tasks      | elapsed:    4.7s
[Parallel(n_jobs=16)]: Done 2116 tasks      | elapsed:    4.7s
[Parallel(n_jobs=16)]: Done 2120 tasks      | elapsed:    4.7s
[Parallel(n_jobs=16)]: Done 2124 tasks      | elapsed:    4.7s
[Parallel(n_jobs=16)]: Done 2128 tasks      | elapsed:    4.7s
[Parallel(n_jobs=16)]: Done 2132 tasks      | elapsed:    4.7s
[Parallel(n_jobs=16)]: Done 2136 tasks      | elapsed:    4.7s
[Parallel(n_jobs=16)]: Done 2140 tasks      | elapsed:    4.7s
[Parallel(n_jobs=16)]: Done 2144 tasks      | elapsed:    4.7s
[Parallel(n_jobs=16)]: Done 2148 tasks      | elapsed:    4.7s
[Parallel(n_jobs=16)]: Done 2152 tasks      | elapsed:    4.8s
[Parallel(n_jobs=16)]: Done 2156 tasks      | elapsed:    4.8s
[Parallel(n_jobs=16)]: Done 2160 tasks      | elapsed:    4.8s
[Parallel(n_jobs=16)]: Done 2164 tasks      | elapsed:    4.8s
[Parallel(n_jobs=16)]: Done 2168 tasks      | elapsed:    4.8s
[Parallel(n_jobs=16)]: Done 2172 tasks      | elapsed:    4.8s
[Parallel(n_jobs=16)]: Done 2176 tasks      | elapsed:    4.8s
[Parallel(n_jobs=16)]: Done 2180 tasks      | elapsed:    4.8s
[Parallel(n_jobs=16)]: Done 2184 tasks      | elapsed:    4.8s
[Parallel(n_jobs=16)]: Done 2188 tasks      | elapsed:    4.8s
[Parallel(n_jobs=16)]: Done 2192 tasks      | elapsed:    4.8s
[Parallel(n_jobs=16)]: Done 2196 tasks      | elapsed:    4.9s
[Parallel(n_jobs=16)]: Done 2200 tasks      | elapsed:    4.9s
[Parallel(n_jobs=16)]: Done 2204 tasks      | elapsed:    4.9s
[Parallel(n_jobs=16)]: Done 2208 tasks      | elapsed:    4.9s
[Parallel(n_jobs=16)]: Done 2212 tasks      | elapsed:    4.9s
[Parallel(n_jobs=16)]: Done 2216 tasks      | elapsed:    4.9s
[Parallel(n_jobs=16)]: Done 2220 tasks      | elapsed:    4.9s
[Parallel(n_jobs=16)]: Done 2224 tasks      | elapsed:    4.9s
[Parallel(n_jobs=16)]: Done 2228 tasks      | elapsed:    4.9s
[Parallel(n_jobs=16)]: Done 2232 tasks      | elapsed:    5.0s
[Parallel(n_jobs=16)]: Done 2236 tasks      | elapsed:    5.0s
[Parallel(n_jobs=16)]: Done 2240 tasks      | elapsed:    5.0s
[Parallel(n_jobs=16)]: Done 2244 tasks      | elapsed:    5.0s
[Parallel(n_jobs=16)]: Done 2248 tasks      | elapsed:    5.0s
[Parallel(n_jobs=16)]: Done 2252 tasks      | elapsed:    5.0s
[Parallel(n_jobs=16)]: Done 2256 tasks      | elapsed:    5.0s
[Parallel(n_jobs=16)]: Done 2260 tasks      | elapsed:    5.0s
[Parallel(n_jobs=16)]: Done 2264 tasks      | elapsed:    5.0s
[Parallel(n_jobs=16)]: Done 2268 tasks      | elapsed:    5.0s
[Parallel(n_jobs=16)]: Done 2272 tasks      | elapsed:    5.0s
[Parallel(n_jobs=16)]: Done 2276 tasks      | elapsed:    5.0s
[Parallel(n_jobs=16)]: Done 2280 tasks      | elapsed:    5.0s
[Parallel(n_jobs=16)]: Done 2284 tasks      | elapsed:    5.0s
[Parallel(n_jobs=16)]: Done 2288 tasks      | elapsed:    5.1s
[Parallel(n_jobs=16)]: Done 2292 tasks      | elapsed:    5.1s
[Parallel(n_jobs=16)]: Done 2296 tasks      | elapsed:    5.1s
[Parallel(n_jobs=16)]: Done 2300 tasks      | elapsed:    5.1s
[Parallel(n_jobs=16)]: Done 2304 tasks      | elapsed:    5.1s
[Parallel(n_jobs=16)]: Done 2308 tasks      | elapsed:    5.1s
[Parallel(n_jobs=16)]: Done 2312 tasks      | elapsed:    5.1s
[Parallel(n_jobs=16)]: Done 2316 tasks      | elapsed:    5.1s
[Parallel(n_jobs=16)]: Done 2320 tasks      | elapsed:    5.1s
[Parallel(n_jobs=16)]: Done 2324 tasks      | elapsed:    5.1s
[Parallel(n_jobs=16)]: Done 2328 tasks      | elapsed:    5.1s
[Parallel(n_jobs=16)]: Done 2332 tasks      | elapsed:    5.2s
[Parallel(n_jobs=16)]: Done 2336 tasks      | elapsed:    5.2s
[Parallel(n_jobs=16)]: Done 2340 tasks      | elapsed:    5.2s
[Parallel(n_jobs=16)]: Done 2344 tasks      | elapsed:    5.2s
[Parallel(n_jobs=16)]: Done 2348 tasks      | elapsed:    5.2s
[Parallel(n_jobs=16)]: Done 2352 tasks      | elapsed:    5.2s
[Parallel(n_jobs=16)]: Done 2356 tasks      | elapsed:    5.2s
[Parallel(n_jobs=16)]: Done 2360 tasks      | elapsed:    5.2s
[Parallel(n_jobs=16)]: Done 2364 tasks      | elapsed:    5.2s
[Parallel(n_jobs=16)]: Done 2368 tasks      | elapsed:    5.2s
[Parallel(n_jobs=16)]: Done 2372 tasks      | elapsed:    5.2s
[Parallel(n_jobs=16)]: Done 2376 tasks      | elapsed:    5.3s
[Parallel(n_jobs=16)]: Done 2380 tasks      | elapsed:    5.3s
[Parallel(n_jobs=16)]: Done 2384 tasks      | elapsed:    5.3s
[Parallel(n_jobs=16)]: Done 2388 tasks      | elapsed:    5.3s
[Parallel(n_jobs=16)]: Done 2392 tasks      | elapsed:    5.3s
[Parallel(n_jobs=16)]: Done 2396 tasks      | elapsed:    5.3s
[Parallel(n_jobs=16)]: Done 2400 tasks      | elapsed:    5.3s
[Parallel(n_jobs=16)]: Done 2404 tasks      | elapsed:    5.3s
[Parallel(n_jobs=16)]: Done 2408 tasks      | elapsed:    5.3s
[Parallel(n_jobs=16)]: Done 2412 tasks      | elapsed:    5.4s
[Parallel(n_jobs=16)]: Done 2416 tasks      | elapsed:    5.4s
[Parallel(n_jobs=16)]: Done 2420 tasks      | elapsed:    5.4s
[Parallel(n_jobs=16)]: Done 2424 tasks      | elapsed:    5.4s
[Parallel(n_jobs=16)]: Done 2428 tasks      | elapsed:    5.4s
[Parallel(n_jobs=16)]: Done 2432 tasks      | elapsed:    5.4s
[Parallel(n_jobs=16)]: Done 2436 tasks      | elapsed:    5.4s
[Parallel(n_jobs=16)]: Done 2440 tasks      | elapsed:    5.4s
[Parallel(n_jobs=16)]: Done 2444 tasks      | elapsed:    5.4s
[Parallel(n_jobs=16)]: Done 2448 tasks      | elapsed:    5.4s
[Parallel(n_jobs=16)]: Done 2452 tasks      | elapsed:    5.4s
[Parallel(n_jobs=16)]: Done 2456 tasks      | elapsed:    5.4s
[Parallel(n_jobs=16)]: Done 2460 tasks      | elapsed:    5.4s
[Parallel(n_jobs=16)]: Done 2464 tasks      | elapsed:    5.4s
[Parallel(n_jobs=16)]: Done 2468 tasks      | elapsed:    5.5s
[Parallel(n_jobs=16)]: Done 2472 tasks      | elapsed:    5.5s
[Parallel(n_jobs=16)]: Done 2476 tasks      | elapsed:    5.5s
[Parallel(n_jobs=16)]: Done 2480 tasks      | elapsed:    5.5s
[Parallel(n_jobs=16)]: Done 2484 tasks      | elapsed:    5.5s
[Parallel(n_jobs=16)]: Done 2488 tasks      | elapsed:    5.5s
[Parallel(n_jobs=16)]: Done 2492 tasks      | elapsed:    5.5s
[Parallel(n_jobs=16)]: Done 2496 tasks      | elapsed:    5.5s
[Parallel(n_jobs=16)]: Done 2500 tasks      | elapsed:    5.5s
[Parallel(n_jobs=16)]: Done 2504 tasks      | elapsed:    5.5s
[Parallel(n_jobs=16)]: Done 2508 tasks      | elapsed:    5.5s
[Parallel(n_jobs=16)]: Done 2512 tasks      | elapsed:    5.6s
[Parallel(n_jobs=16)]: Done 2516 tasks      | elapsed:    5.6s
[Parallel(n_jobs=16)]: Done 2520 tasks      | elapsed:    5.6s
[Parallel(n_jobs=16)]: Done 2524 tasks      | elapsed:    5.6s
[Parallel(n_jobs=16)]: Done 2528 tasks      | elapsed:    5.6s
[Parallel(n_jobs=16)]: Done 2532 tasks      | elapsed:    5.6s
[Parallel(n_jobs=16)]: Done 2536 tasks      | elapsed:    5.6s
[Parallel(n_jobs=16)]: Done 2540 tasks      | elapsed:    5.6s
[Parallel(n_jobs=16)]: Done 2544 tasks      | elapsed:    5.6s
[Parallel(n_jobs=16)]: Done 2548 tasks      | elapsed:    5.6s
[Parallel(n_jobs=16)]: Done 2552 tasks      | elapsed:    5.6s
[Parallel(n_jobs=16)]: Done 2556 tasks      | elapsed:    5.7s
[Parallel(n_jobs=16)]: Done 2560 tasks      | elapsed:    5.7s
[Parallel(n_jobs=16)]: Done 2564 tasks      | elapsed:    5.7s
[Parallel(n_jobs=16)]: Done 2568 tasks      | elapsed:    5.7s
[Parallel(n_jobs=16)]: Done 2572 tasks      | elapsed:    5.7s
[Parallel(n_jobs=16)]: Done 2576 tasks      | elapsed:    5.7s
[Parallel(n_jobs=16)]: Done 2580 tasks      | elapsed:    5.7s
[Parallel(n_jobs=16)]: Done 2584 tasks      | elapsed:    5.7s
[Parallel(n_jobs=16)]: Done 2588 tasks      | elapsed:    5.7s
[Parallel(n_jobs=16)]: Done 2592 tasks      | elapsed:    5.7s
[Parallel(n_jobs=16)]: Done 2596 tasks      | elapsed:    5.7s
[Parallel(n_jobs=16)]: Done 2600 tasks      | elapsed:    5.8s
[Parallel(n_jobs=16)]: Done 2604 tasks      | elapsed:    5.8s
[Parallel(n_jobs=16)]: Done 2608 tasks      | elapsed:    5.8s
[Parallel(n_jobs=16)]: Done 2612 tasks      | elapsed:    5.8s
[Parallel(n_jobs=16)]: Done 2616 tasks      | elapsed:    5.8s
[Parallel(n_jobs=16)]: Done 2620 tasks      | elapsed:    5.8s
[Parallel(n_jobs=16)]: Done 2624 tasks      | elapsed:    5.8s
[Parallel(n_jobs=16)]: Done 2628 tasks      | elapsed:    5.8s
[Parallel(n_jobs=16)]: Done 2632 tasks      | elapsed:    5.8s
[Parallel(n_jobs=16)]: Done 2636 tasks      | elapsed:    5.8s
[Parallel(n_jobs=16)]: Done 2640 tasks      | elapsed:    5.8s
[Parallel(n_jobs=16)]: Done 2644 tasks      | elapsed:    5.8s
[Parallel(n_jobs=16)]: Done 2648 tasks      | elapsed:    5.8s
[Parallel(n_jobs=16)]: Done 2652 tasks      | elapsed:    5.8s
[Parallel(n_jobs=16)]: Done 2656 tasks      | elapsed:    5.9s
[Parallel(n_jobs=16)]: Done 2660 tasks      | elapsed:    5.9s
[Parallel(n_jobs=16)]: Done 2664 tasks      | elapsed:    5.9s
[Parallel(n_jobs=16)]: Done 2668 tasks      | elapsed:    5.9s
[Parallel(n_jobs=16)]: Done 2672 tasks      | elapsed:    5.9s
[Parallel(n_jobs=16)]: Done 2676 tasks      | elapsed:    5.9s
[Parallel(n_jobs=16)]: Done 2680 tasks      | elapsed:    5.9s
[Parallel(n_jobs=16)]: Done 2684 tasks      | elapsed:    5.9s
[Parallel(n_jobs=16)]: Done 2688 tasks      | elapsed:    5.9s
[Parallel(n_jobs=16)]: Done 2692 tasks      | elapsed:    5.9s
[Parallel(n_jobs=16)]: Done 2696 tasks      | elapsed:    5.9s
[Parallel(n_jobs=16)]: Done 2700 tasks      | elapsed:    5.9s
[Parallel(n_jobs=16)]: Done 2704 tasks      | elapsed:    5.9s
[Parallel(n_jobs=16)]: Done 2708 tasks      | elapsed:    5.9s
[Parallel(n_jobs=16)]: Done 2712 tasks      | elapsed:    6.0s
[Parallel(n_jobs=16)]: Done 2716 tasks      | elapsed:    6.0s
[Parallel(n_jobs=16)]: Done 2720 tasks      | elapsed:    6.0s
[Parallel(n_jobs=16)]: Done 2724 tasks      | elapsed:    6.0s
[Parallel(n_jobs=16)]: Done 2728 tasks      | elapsed:    6.0s
[Parallel(n_jobs=16)]: Done 2732 tasks      | elapsed:    6.0s
[Parallel(n_jobs=16)]: Done 2736 tasks      | elapsed:    6.0s
[Parallel(n_jobs=16)]: Done 2740 tasks      | elapsed:    6.0s
[Parallel(n_jobs=16)]: Done 2744 tasks      | elapsed:    6.1s
[Parallel(n_jobs=16)]: Done 2748 tasks      | elapsed:    6.1s
[Parallel(n_jobs=16)]: Done 2752 tasks      | elapsed:    6.1s
[Parallel(n_jobs=16)]: Done 2756 tasks      | elapsed:    6.1s
[Parallel(n_jobs=16)]: Done 2760 tasks      | elapsed:    6.1s
[Parallel(n_jobs=16)]: Done 2764 tasks      | elapsed:    6.1s
[Parallel(n_jobs=16)]: Done 2768 tasks      | elapsed:    6.1s
[Parallel(n_jobs=16)]: Done 2772 tasks      | elapsed:    6.1s
[Parallel(n_jobs=16)]: Done 2776 tasks      | elapsed:    6.1s
[Parallel(n_jobs=16)]: Done 2780 tasks      | elapsed:    6.1s
[Parallel(n_jobs=16)]: Done 2784 tasks      | elapsed:    6.1s
[Parallel(n_jobs=16)]: Done 2788 tasks      | elapsed:    6.2s
[Parallel(n_jobs=16)]: Done 2792 tasks      | elapsed:    6.2s
[Parallel(n_jobs=16)]: Done 2796 tasks      | elapsed:    6.2s
[Parallel(n_jobs=16)]: Done 2800 tasks      | elapsed:    6.2s
[Parallel(n_jobs=16)]: Done 2804 tasks      | elapsed:    6.2s
[Parallel(n_jobs=16)]: Done 2808 tasks      | elapsed:    6.2s
[Parallel(n_jobs=16)]: Done 2812 tasks      | elapsed:    6.2s
[Parallel(n_jobs=16)]: Done 2816 tasks      | elapsed:    6.2s
[Parallel(n_jobs=16)]: Done 2820 tasks      | elapsed:    6.2s
[Parallel(n_jobs=16)]: Done 2824 tasks      | elapsed:    6.2s
[Parallel(n_jobs=16)]: Done 2828 tasks      | elapsed:    6.2s
[Parallel(n_jobs=16)]: Done 2832 tasks      | elapsed:    6.2s
[Parallel(n_jobs=16)]: Done 2836 tasks      | elapsed:    6.2s
[Parallel(n_jobs=16)]: Done 2840 tasks      | elapsed:    6.3s
[Parallel(n_jobs=16)]: Done 2844 tasks      | elapsed:    6.3s
[Parallel(n_jobs=16)]: Done 2848 tasks      | elapsed:    6.3s
[Parallel(n_jobs=16)]: Done 2852 tasks      | elapsed:    6.3s
[Parallel(n_jobs=16)]: Done 2856 tasks      | elapsed:    6.3s
[Parallel(n_jobs=16)]: Done 2860 tasks      | elapsed:    6.3s
[Parallel(n_jobs=16)]: Done 2864 tasks      | elapsed:    6.3s
[Parallel(n_jobs=16)]: Done 2868 tasks      | elapsed:    6.3s
[Parallel(n_jobs=16)]: Done 2872 tasks      | elapsed:    6.3s
[Parallel(n_jobs=16)]: Done 2876 tasks      | elapsed:    6.4s
[Parallel(n_jobs=16)]: Done 2880 tasks      | elapsed:    6.4s
[Parallel(n_jobs=16)]: Done 2884 tasks      | elapsed:    6.4s
[Parallel(n_jobs=16)]: Done 2888 tasks      | elapsed:    6.4s
[Parallel(n_jobs=16)]: Done 2892 tasks      | elapsed:    6.4s
[Parallel(n_jobs=16)]: Done 2896 tasks      | elapsed:    6.4s
[Parallel(n_jobs=16)]: Done 2900 tasks      | elapsed:    6.4s
[Parallel(n_jobs=16)]: Done 2904 tasks      | elapsed:    6.4s
[Parallel(n_jobs=16)]: Done 2908 tasks      | elapsed:    6.4s
[Parallel(n_jobs=16)]: Done 2912 tasks      | elapsed:    6.5s
[Parallel(n_jobs=16)]: Done 2916 tasks      | elapsed:    6.5s
[Parallel(n_jobs=16)]: Done 2920 tasks      | elapsed:    6.5s
[Parallel(n_jobs=16)]: Done 2924 tasks      | elapsed:    6.5s
[Parallel(n_jobs=16)]: Done 2928 tasks      | elapsed:    6.5s
[Parallel(n_jobs=16)]: Done 2932 tasks      | elapsed:    6.5s
[Parallel(n_jobs=16)]: Done 2936 tasks      | elapsed:    6.5s
[Parallel(n_jobs=16)]: Done 2940 tasks      | elapsed:    6.6s
[Parallel(n_jobs=16)]: Done 2944 tasks      | elapsed:    6.6s
[Parallel(n_jobs=16)]: Done 2948 tasks      | elapsed:    6.6s
[Parallel(n_jobs=16)]: Done 2952 tasks      | elapsed:    6.6s
[Parallel(n_jobs=16)]: Done 2956 tasks      | elapsed:    6.6s
[Parallel(n_jobs=16)]: Done 2960 tasks      | elapsed:    6.6s
[Parallel(n_jobs=16)]: Done 2964 tasks      | elapsed:    6.6s
[Parallel(n_jobs=16)]: Done 2968 tasks      | elapsed:    6.6s
[Parallel(n_jobs=16)]: Done 2972 tasks      | elapsed:    6.7s
[Parallel(n_jobs=16)]: Done 2976 tasks      | elapsed:    6.7s
[Parallel(n_jobs=16)]: Done 2980 tasks      | elapsed:    6.7s
[Parallel(n_jobs=16)]: Done 2984 tasks      | elapsed:    6.7s
[Parallel(n_jobs=16)]: Done 2988 tasks      | elapsed:    6.8s
[Parallel(n_jobs=16)]: Done 2992 tasks      | elapsed:    6.8s
[Parallel(n_jobs=16)]: Done 2996 tasks      | elapsed:    6.8s
[Parallel(n_jobs=16)]: Done 3000 tasks      | elapsed:    6.8s
[Parallel(n_jobs=16)]: Done 3004 tasks      | elapsed:    6.8s
[Parallel(n_jobs=16)]: Done 3008 tasks      | elapsed:    6.8s
[Parallel(n_jobs=16)]: Done 3012 tasks      | elapsed:    7.0s
[Parallel(n_jobs=16)]: Done 3016 tasks      | elapsed:    7.0s
[Parallel(n_jobs=16)]: Done 3020 tasks      | elapsed:    7.0s
[Parallel(n_jobs=16)]: Done 3024 tasks      | elapsed:    7.1s
[Parallel(n_jobs=16)]: Done 3028 tasks      | elapsed:    7.1s
[Parallel(n_jobs=16)]: Done 3032 tasks      | elapsed:    7.1s
[Parallel(n_jobs=16)]: Done 3036 tasks      | elapsed:    7.1s
[Parallel(n_jobs=16)]: Done 3040 tasks      | elapsed:    7.2s
[Parallel(n_jobs=16)]: Done 3044 tasks      | elapsed:    7.3s
[Parallel(n_jobs=16)]: Done 3048 tasks      | elapsed:    7.3s
[Parallel(n_jobs=16)]: Done 3052 tasks      | elapsed:    7.3s
[Parallel(n_jobs=16)]: Done 3056 tasks      | elapsed:    7.4s
[Parallel(n_jobs=16)]: Done 3060 tasks      | elapsed:    7.4s
[Parallel(n_jobs=16)]: Done 3064 tasks      | elapsed:    7.4s
[Parallel(n_jobs=16)]: Done 3068 tasks      | elapsed:    7.4s
[Parallel(n_jobs=16)]: Done 3072 tasks      | elapsed:    7.5s
[Parallel(n_jobs=16)]: Done 3076 tasks      | elapsed:    7.5s
[Parallel(n_jobs=16)]: Done 3080 tasks      | elapsed:    7.5s
[Parallel(n_jobs=16)]: Done 3084 tasks      | elapsed:    7.6s
[Parallel(n_jobs=16)]: Done 3088 tasks      | elapsed:    7.6s
[Parallel(n_jobs=16)]: Done 3092 tasks      | elapsed:    7.6s
[Parallel(n_jobs=16)]: Done 3096 tasks      | elapsed:    7.6s
[Parallel(n_jobs=16)]: Done 3100 tasks      | elapsed:    7.7s
[Parallel(n_jobs=16)]: Done 3104 tasks      | elapsed:    7.7s
[Parallel(n_jobs=16)]: Done 3108 tasks      | elapsed:    7.7s
[Parallel(n_jobs=16)]: Done 3112 tasks      | elapsed:    7.7s
[Parallel(n_jobs=16)]: Done 3116 tasks      | elapsed:    7.7s
[Parallel(n_jobs=16)]: Done 3120 tasks      | elapsed:    7.7s
[Parallel(n_jobs=16)]: Done 3124 tasks      | elapsed:    7.7s
[Parallel(n_jobs=16)]: Done 3128 tasks      | elapsed:    7.7s
[Parallel(n_jobs=16)]: Done 3132 tasks      | elapsed:    7.8s
[Parallel(n_jobs=16)]: Done 3136 tasks      | elapsed:    7.8s
[Parallel(n_jobs=16)]: Done 3140 tasks      | elapsed:    7.8s
[Parallel(n_jobs=16)]: Done 3144 tasks      | elapsed:    7.8s
[Parallel(n_jobs=16)]: Done 3148 tasks      | elapsed:    7.8s
[Parallel(n_jobs=16)]: Done 3152 tasks      | elapsed:    7.8s
[Parallel(n_jobs=16)]: Done 3156 tasks      | elapsed:    7.8s
[Parallel(n_jobs=16)]: Done 3160 tasks      | elapsed:    7.8s
[Parallel(n_jobs=16)]: Done 3164 tasks      | elapsed:    7.9s
[Parallel(n_jobs=16)]: Done 3168 tasks      | elapsed:    7.9s
[Parallel(n_jobs=16)]: Done 3172 tasks      | elapsed:    7.9s
[Parallel(n_jobs=16)]: Done 3176 tasks      | elapsed:    7.9s
[Parallel(n_jobs=16)]: Done 3180 tasks      | elapsed:    8.0s
[Parallel(n_jobs=16)]: Done 3184 tasks      | elapsed:    8.0s
[Parallel(n_jobs=16)]: Done 3188 tasks      | elapsed:    8.0s
[Parallel(n_jobs=16)]: Done 3192 tasks      | elapsed:    8.0s
[Parallel(n_jobs=16)]: Done 3196 tasks      | elapsed:    8.0s
[Parallel(n_jobs=16)]: Done 3200 tasks      | elapsed:    8.1s
[Parallel(n_jobs=16)]: Done 3204 tasks      | elapsed:    8.1s
[Parallel(n_jobs=16)]: Done 3208 tasks      | elapsed:    8.1s
[Parallel(n_jobs=16)]: Done 3212 tasks      | elapsed:    8.1s
[Parallel(n_jobs=16)]: Done 3216 tasks      | elapsed:    8.1s
[Parallel(n_jobs=16)]: Done 3220 tasks      | elapsed:    8.1s
[Parallel(n_jobs=16)]: Done 3224 tasks      | elapsed:    8.2s
[Parallel(n_jobs=16)]: Done 3228 tasks      | elapsed:    8.2s
[Parallel(n_jobs=16)]: Done 3232 tasks      | elapsed:    8.2s
[Parallel(n_jobs=16)]: Done 3236 tasks      | elapsed:    8.2s
[Parallel(n_jobs=16)]: Done 3240 tasks      | elapsed:    8.3s
[Parallel(n_jobs=16)]: Done 3244 tasks      | elapsed:    8.3s
[Parallel(n_jobs=16)]: Done 3248 tasks      | elapsed:    8.3s
[Parallel(n_jobs=16)]: Done 3252 tasks      | elapsed:    8.3s
[Parallel(n_jobs=16)]: Done 3256 tasks      | elapsed:    8.4s
[Parallel(n_jobs=16)]: Done 3260 tasks      | elapsed:    8.4s
[Parallel(n_jobs=16)]: Done 3264 tasks      | elapsed:    8.4s
[Parallel(n_jobs=16)]: Done 3268 tasks      | elapsed:    8.4s
[Parallel(n_jobs=16)]: Done 3272 tasks      | elapsed:    8.4s
[Parallel(n_jobs=16)]: Done 3276 tasks      | elapsed:    8.4s
[Parallel(n_jobs=16)]: Done 3280 tasks      | elapsed:    8.4s
[Parallel(n_jobs=16)]: Done 3284 tasks      | elapsed:    8.5s
[Parallel(n_jobs=16)]: Done 3288 tasks      | elapsed:    8.5s
[Parallel(n_jobs=16)]: Done 3292 tasks      | elapsed:    8.5s
[Parallel(n_jobs=16)]: Done 3296 tasks      | elapsed:    8.5s
[Parallel(n_jobs=16)]: Done 3300 tasks      | elapsed:    8.5s
[Parallel(n_jobs=16)]: Done 3304 tasks      | elapsed:    8.5s
[Parallel(n_jobs=16)]: Done 3308 tasks      | elapsed:    8.5s
[Parallel(n_jobs=16)]: Done 3312 tasks      | elapsed:    8.5s
[Parallel(n_jobs=16)]: Done 3316 tasks      | elapsed:    8.6s
[Parallel(n_jobs=16)]: Done 3320 tasks      | elapsed:    8.6s
[Parallel(n_jobs=16)]: Done 3324 tasks      | elapsed:    8.6s
[Parallel(n_jobs=16)]: Done 3328 tasks      | elapsed:    8.6s
[Parallel(n_jobs=16)]: Done 3332 tasks      | elapsed:    8.6s
[Parallel(n_jobs=16)]: Done 3336 tasks      | elapsed:    8.6s
[Parallel(n_jobs=16)]: Done 3340 tasks      | elapsed:    8.6s
[Parallel(n_jobs=16)]: Done 3344 tasks      | elapsed:    8.6s
[Parallel(n_jobs=16)]: Done 3348 tasks      | elapsed:    8.7s
[Parallel(n_jobs=16)]: Done 3352 tasks      | elapsed:    8.7s
[Parallel(n_jobs=16)]: Done 3356 tasks      | elapsed:    8.7s
[Parallel(n_jobs=16)]: Done 3360 tasks      | elapsed:    8.7s
[Parallel(n_jobs=16)]: Done 3364 tasks      | elapsed:    8.7s
[Parallel(n_jobs=16)]: Done 3368 tasks      | elapsed:    8.7s
[Parallel(n_jobs=16)]: Done 3372 tasks      | elapsed:    8.7s
[Parallel(n_jobs=16)]: Done 3376 tasks      | elapsed:    8.8s
[Parallel(n_jobs=16)]: Done 3380 tasks      | elapsed:    8.8s
[Parallel(n_jobs=16)]: Done 3384 tasks      | elapsed:    8.8s
[Parallel(n_jobs=16)]: Done 3388 tasks      | elapsed:    8.8s
[Parallel(n_jobs=16)]: Done 3392 tasks      | elapsed:    8.8s
[Parallel(n_jobs=16)]: Done 3396 tasks      | elapsed:    8.8s
[Parallel(n_jobs=16)]: Done 3400 tasks      | elapsed:    8.8s
[Parallel(n_jobs=16)]: Done 3404 tasks      | elapsed:    8.8s
[Parallel(n_jobs=16)]: Done 3408 tasks      | elapsed:    8.8s
[Parallel(n_jobs=16)]: Done 3412 tasks      | elapsed:    8.8s
[Parallel(n_jobs=16)]: Done 3416 tasks      | elapsed:    8.9s
[Parallel(n_jobs=16)]: Done 3420 tasks      | elapsed:    8.9s
[Parallel(n_jobs=16)]: Done 3424 tasks      | elapsed:    8.9s
[Parallel(n_jobs=16)]: Done 3428 tasks      | elapsed:    8.9s
[Parallel(n_jobs=16)]: Done 3432 tasks      | elapsed:    8.9s
[Parallel(n_jobs=16)]: Done 3436 tasks      | elapsed:    8.9s
[Parallel(n_jobs=16)]: Done 3440 tasks      | elapsed:    8.9s
[Parallel(n_jobs=16)]: Done 3444 tasks      | elapsed:    8.9s
[Parallel(n_jobs=16)]: Done 3448 tasks      | elapsed:    8.9s
[Parallel(n_jobs=16)]: Done 3452 tasks      | elapsed:    8.9s
[Parallel(n_jobs=16)]: Done 3456 tasks      | elapsed:    8.9s
[Parallel(n_jobs=16)]: Done 3460 tasks      | elapsed:    8.9s
[Parallel(n_jobs=16)]: Done 3464 tasks      | elapsed:    8.9s
[Parallel(n_jobs=16)]: Done 3468 tasks      | elapsed:    9.0s
[Parallel(n_jobs=16)]: Done 3472 tasks      | elapsed:    9.0s
[Parallel(n_jobs=16)]: Done 3476 tasks      | elapsed:    9.0s
[Parallel(n_jobs=16)]: Done 3480 tasks      | elapsed:    9.0s
[Parallel(n_jobs=16)]: Done 3484 tasks      | elapsed:    9.0s
[Parallel(n_jobs=16)]: Done 3488 tasks      | elapsed:    9.0s
[Parallel(n_jobs=16)]: Done 3492 tasks      | elapsed:    9.0s
[Parallel(n_jobs=16)]: Done 3496 tasks      | elapsed:    9.0s
[Parallel(n_jobs=16)]: Done 3500 tasks      | elapsed:    9.0s
[Parallel(n_jobs=16)]: Done 3504 tasks      | elapsed:    9.0s
[Parallel(n_jobs=16)]: Done 3508 tasks      | elapsed:    9.0s
[Parallel(n_jobs=16)]: Done 3512 tasks      | elapsed:    9.0s
[Parallel(n_jobs=16)]: Done 3516 tasks      | elapsed:    9.0s
[Parallel(n_jobs=16)]: Done 3520 tasks      | elapsed:    9.1s
[Parallel(n_jobs=16)]: Done 3524 tasks      | elapsed:    9.1s
[Parallel(n_jobs=16)]: Done 3528 tasks      | elapsed:    9.1s
[Parallel(n_jobs=16)]: Done 3532 tasks      | elapsed:    9.1s
[Parallel(n_jobs=16)]: Done 3536 tasks      | elapsed:    9.1s
[Parallel(n_jobs=16)]: Done 3540 tasks      | elapsed:    9.1s
[Parallel(n_jobs=16)]: Done 3544 tasks      | elapsed:    9.2s
[Parallel(n_jobs=16)]: Done 3548 tasks      | elapsed:    9.2s
[Parallel(n_jobs=16)]: Done 3552 tasks      | elapsed:    9.2s
[Parallel(n_jobs=16)]: Done 3556 tasks      | elapsed:    9.2s
[Parallel(n_jobs=16)]: Done 3560 tasks      | elapsed:    9.2s
[Parallel(n_jobs=16)]: Done 3564 tasks      | elapsed:    9.2s
[Parallel(n_jobs=16)]: Done 3568 tasks      | elapsed:    9.2s
[Parallel(n_jobs=16)]: Done 3572 tasks      | elapsed:    9.2s
[Parallel(n_jobs=16)]: Done 3576 tasks      | elapsed:    9.2s
[Parallel(n_jobs=16)]: Done 3580 tasks      | elapsed:    9.2s
[Parallel(n_jobs=16)]: Done 3584 tasks      | elapsed:    9.2s
[Parallel(n_jobs=16)]: Done 3588 tasks      | elapsed:    9.2s
[Parallel(n_jobs=16)]: Done 3592 tasks      | elapsed:    9.3s
[Parallel(n_jobs=16)]: Done 3596 tasks      | elapsed:    9.3s
[Parallel(n_jobs=16)]: Done 3600 tasks      | elapsed:    9.3s
[Parallel(n_jobs=16)]: Done 3604 tasks      | elapsed:    9.3s
[Parallel(n_jobs=16)]: Done 3608 tasks      | elapsed:    9.3s
[Parallel(n_jobs=16)]: Done 3612 tasks      | elapsed:    9.3s
[Parallel(n_jobs=16)]: Done 3616 tasks      | elapsed:    9.3s
[Parallel(n_jobs=16)]: Done 3620 tasks      | elapsed:    9.3s
[Parallel(n_jobs=16)]: Done 3624 tasks      | elapsed:    9.3s
[Parallel(n_jobs=16)]: Done 3628 tasks      | elapsed:    9.3s
[Parallel(n_jobs=16)]: Done 3632 tasks      | elapsed:    9.4s
[Parallel(n_jobs=16)]: Done 3636 tasks      | elapsed:    9.4s
[Parallel(n_jobs=16)]: Done 3640 tasks      | elapsed:    9.4s
[Parallel(n_jobs=16)]: Done 3644 tasks      | elapsed:    9.4s
[Parallel(n_jobs=16)]: Done 3648 tasks      | elapsed:    9.4s
[Parallel(n_jobs=16)]: Done 3652 tasks      | elapsed:    9.4s
[Parallel(n_jobs=16)]: Done 3656 tasks      | elapsed:    9.4s
[Parallel(n_jobs=16)]: Done 3660 tasks      | elapsed:    9.4s
[Parallel(n_jobs=16)]: Done 3664 tasks      | elapsed:    9.4s
[Parallel(n_jobs=16)]: Done 3668 tasks      | elapsed:    9.5s
[Parallel(n_jobs=16)]: Done 3672 tasks      | elapsed:    9.5s
[Parallel(n_jobs=16)]: Done 3676 tasks      | elapsed:    9.5s
[Parallel(n_jobs=16)]: Done 3680 tasks      | elapsed:    9.5s
[Parallel(n_jobs=16)]: Done 3684 tasks      | elapsed:    9.5s
[Parallel(n_jobs=16)]: Done 3688 tasks      | elapsed:    9.5s
[Parallel(n_jobs=16)]: Done 3692 tasks      | elapsed:    9.5s
[Parallel(n_jobs=16)]: Done 3696 tasks      | elapsed:    9.5s
[Parallel(n_jobs=16)]: Done 3700 tasks      | elapsed:    9.5s
[Parallel(n_jobs=16)]: Done 3704 tasks      | elapsed:    9.5s
[Parallel(n_jobs=16)]: Done 3708 tasks      | elapsed:    9.6s
[Parallel(n_jobs=16)]: Done 3712 tasks      | elapsed:    9.6s
[Parallel(n_jobs=16)]: Done 3716 tasks      | elapsed:    9.6s
[Parallel(n_jobs=16)]: Done 3720 tasks      | elapsed:    9.6s
[Parallel(n_jobs=16)]: Done 3724 tasks      | elapsed:    9.6s
[Parallel(n_jobs=16)]: Done 3728 tasks      | elapsed:    9.6s
[Parallel(n_jobs=16)]: Done 3732 tasks      | elapsed:    9.6s
[Parallel(n_jobs=16)]: Done 3736 tasks      | elapsed:    9.6s
[Parallel(n_jobs=16)]: Done 3740 tasks      | elapsed:    9.6s
[Parallel(n_jobs=16)]: Done 3744 tasks      | elapsed:    9.6s
[Parallel(n_jobs=16)]: Done 3748 tasks      | elapsed:    9.7s
[Parallel(n_jobs=16)]: Done 3752 tasks      | elapsed:    9.7s
[Parallel(n_jobs=16)]: Done 3756 tasks      | elapsed:    9.7s
[Parallel(n_jobs=16)]: Done 3760 tasks      | elapsed:    9.7s
[Parallel(n_jobs=16)]: Done 3764 tasks      | elapsed:    9.7s
[Parallel(n_jobs=16)]: Done 3768 tasks      | elapsed:    9.7s
[Parallel(n_jobs=16)]: Done 3772 tasks      | elapsed:    9.7s
[Parallel(n_jobs=16)]: Done 3776 tasks      | elapsed:    9.7s
[Parallel(n_jobs=16)]: Done 3780 tasks      | elapsed:    9.7s
[Parallel(n_jobs=16)]: Done 3784 tasks      | elapsed:    9.8s
[Parallel(n_jobs=16)]: Done 3788 tasks      | elapsed:    9.8s
[Parallel(n_jobs=16)]: Done 3792 tasks      | elapsed:    9.8s
[Parallel(n_jobs=16)]: Done 3796 tasks      | elapsed:    9.8s
[Parallel(n_jobs=16)]: Done 3800 tasks      | elapsed:    9.8s
[Parallel(n_jobs=16)]: Done 3804 tasks      | elapsed:    9.8s
[Parallel(n_jobs=16)]: Done 3808 tasks      | elapsed:    9.8s
[Parallel(n_jobs=16)]: Done 3812 tasks      | elapsed:    9.8s
[Parallel(n_jobs=16)]: Done 3816 tasks      | elapsed:    9.8s
[Parallel(n_jobs=16)]: Done 3820 tasks      | elapsed:    9.8s
[Parallel(n_jobs=16)]: Done 3824 tasks      | elapsed:    9.8s
[Parallel(n_jobs=16)]: Done 3828 tasks      | elapsed:    9.8s
[Parallel(n_jobs=16)]: Done 3832 tasks      | elapsed:    9.8s
[Parallel(n_jobs=16)]: Done 3836 tasks      | elapsed:    9.9s
[Parallel(n_jobs=16)]: Done 3840 tasks      | elapsed:    9.9s
[Parallel(n_jobs=16)]: Done 3844 tasks      | elapsed:    9.9s
[Parallel(n_jobs=16)]: Done 3848 tasks      | elapsed:    9.9s
[Parallel(n_jobs=16)]: Done 3852 tasks      | elapsed:    9.9s
[Parallel(n_jobs=16)]: Done 3856 tasks      | elapsed:    9.9s
[Parallel(n_jobs=16)]: Done 3860 tasks      | elapsed:    9.9s
[Parallel(n_jobs=16)]: Done 3864 tasks      | elapsed:    9.9s
[Parallel(n_jobs=16)]: Done 3868 tasks      | elapsed:    9.9s
[Parallel(n_jobs=16)]: Done 3872 tasks      | elapsed:   10.0s
[Parallel(n_jobs=16)]: Done 3876 tasks      | elapsed:   10.0s
[Parallel(n_jobs=16)]: Done 3880 tasks      | elapsed:   10.0s
[Parallel(n_jobs=16)]: Done 3884 tasks      | elapsed:   10.0s
[Parallel(n_jobs=16)]: Done 3888 tasks      | elapsed:   10.0s
[Parallel(n_jobs=16)]: Done 3892 tasks      | elapsed:   10.0s
[Parallel(n_jobs=16)]: Done 3896 tasks      | elapsed:   10.0s
[Parallel(n_jobs=16)]: Done 3900 tasks      | elapsed:   10.0s
[Parallel(n_jobs=16)]: Done 3904 tasks      | elapsed:   10.0s
[Parallel(n_jobs=16)]: Done 3908 tasks      | elapsed:   10.1s
[Parallel(n_jobs=16)]: Done 3912 tasks      | elapsed:   10.1s
[Parallel(n_jobs=16)]: Done 3916 tasks      | elapsed:   10.1s
[Parallel(n_jobs=16)]: Done 3920 tasks      | elapsed:   10.1s
[Parallel(n_jobs=16)]: Done 3924 tasks      | elapsed:   10.1s
[Parallel(n_jobs=16)]: Done 3928 tasks      | elapsed:   10.1s
[Parallel(n_jobs=16)]: Done 3932 tasks      | elapsed:   10.1s
[Parallel(n_jobs=16)]: Done 3936 tasks      | elapsed:   10.1s
[Parallel(n_jobs=16)]: Done 3940 tasks      | elapsed:   10.1s
[Parallel(n_jobs=16)]: Done 3944 tasks      | elapsed:   10.1s
[Parallel(n_jobs=16)]: Done 3948 tasks      | elapsed:   10.1s
[Parallel(n_jobs=16)]: Done 3952 tasks      | elapsed:   10.1s
[Parallel(n_jobs=16)]: Done 3956 tasks      | elapsed:   10.2s
[Parallel(n_jobs=16)]: Done 3960 tasks      | elapsed:   10.2s
[Parallel(n_jobs=16)]: Done 3964 tasks      | elapsed:   10.2s
[Parallel(n_jobs=16)]: Done 3968 tasks      | elapsed:   10.2s
[Parallel(n_jobs=16)]: Done 3972 tasks      | elapsed:   10.2s
[Parallel(n_jobs=16)]: Done 3976 tasks      | elapsed:   10.2s
[Parallel(n_jobs=16)]: Done 3980 tasks      | elapsed:   10.2s
[Parallel(n_jobs=16)]: Done 3984 tasks      | elapsed:   10.2s
[Parallel(n_jobs=16)]: Done 3988 tasks      | elapsed:   10.2s
[Parallel(n_jobs=16)]: Done 3992 tasks      | elapsed:   10.2s
[Parallel(n_jobs=16)]: Done 3996 tasks      | elapsed:   10.2s
[Parallel(n_jobs=16)]: Done 4000 tasks      | elapsed:   10.3s
[Parallel(n_jobs=16)]: Done 4004 tasks      | elapsed:   10.3s
[Parallel(n_jobs=16)]: Done 4008 tasks      | elapsed:   10.3s
[Parallel(n_jobs=16)]: Done 4012 tasks      | elapsed:   10.3s
[Parallel(n_jobs=16)]: Done 4016 tasks      | elapsed:   10.3s
[Parallel(n_jobs=16)]: Done 4020 tasks      | elapsed:   10.3s
[Parallel(n_jobs=16)]: Done 4024 tasks      | elapsed:   10.3s
[Parallel(n_jobs=16)]: Done 4028 tasks      | elapsed:   10.3s
[Parallel(n_jobs=16)]: Done 4032 tasks      | elapsed:   10.3s
[Parallel(n_jobs=16)]: Done 4036 tasks      | elapsed:   10.4s
[Parallel(n_jobs=16)]: Done 4040 tasks      | elapsed:   10.4s
[Parallel(n_jobs=16)]: Done 4044 tasks      | elapsed:   10.4s
[Parallel(n_jobs=16)]: Done 4048 tasks      | elapsed:   10.4s
[Parallel(n_jobs=16)]: Done 4052 tasks      | elapsed:   10.4s
[Parallel(n_jobs=16)]: Done 4056 tasks      | elapsed:   10.4s
[Parallel(n_jobs=16)]: Done 4060 tasks      | elapsed:   10.4s
[Parallel(n_jobs=16)]: Done 4064 tasks      | elapsed:   10.4s
[Parallel(n_jobs=16)]: Done 4068 tasks      | elapsed:   10.4s
[Parallel(n_jobs=16)]: Done 4072 tasks      | elapsed:   10.4s
[Parallel(n_jobs=16)]: Done 4076 tasks      | elapsed:   10.5s
[Parallel(n_jobs=16)]: Done 4080 tasks      | elapsed:   10.5s
[Parallel(n_jobs=16)]: Done 4084 tasks      | elapsed:   10.5s
[Parallel(n_jobs=16)]: Done 4088 tasks      | elapsed:   10.5s
[Parallel(n_jobs=16)]: Done 4092 tasks      | elapsed:   10.5s
[Parallel(n_jobs=16)]: Done 4096 tasks      | elapsed:   10.5s
[Parallel(n_jobs=16)]: Done 4100 tasks      | elapsed:   10.5s
[Parallel(n_jobs=16)]: Done 4104 tasks      | elapsed:   10.5s
[Parallel(n_jobs=16)]: Done 4108 tasks      | elapsed:   10.5s
[Parallel(n_jobs=16)]: Done 4112 tasks      | elapsed:   10.5s
[Parallel(n_jobs=16)]: Done 4116 tasks      | elapsed:   10.5s
[Parallel(n_jobs=16)]: Done 4120 tasks      | elapsed:   10.5s
[Parallel(n_jobs=16)]: Done 4124 tasks      | elapsed:   10.5s
[Parallel(n_jobs=16)]: Done 4128 tasks      | elapsed:   10.5s
[Parallel(n_jobs=16)]: Done 4132 tasks      | elapsed:   10.5s
[Parallel(n_jobs=16)]: Done 4136 tasks      | elapsed:   10.6s
[Parallel(n_jobs=16)]: Done 4140 tasks      | elapsed:   10.6s
[Parallel(n_jobs=16)]: Done 4144 tasks      | elapsed:   10.6s
[Parallel(n_jobs=16)]: Done 4148 tasks      | elapsed:   10.6s
[Parallel(n_jobs=16)]: Done 4152 tasks      | elapsed:   10.6s
[Parallel(n_jobs=16)]: Done 4156 tasks      | elapsed:   10.6s
[Parallel(n_jobs=16)]: Done 4160 tasks      | elapsed:   10.6s
[Parallel(n_jobs=16)]: Done 4164 tasks      | elapsed:   10.6s
[Parallel(n_jobs=16)]: Done 4168 tasks      | elapsed:   10.6s
[Parallel(n_jobs=16)]: Done 4172 tasks      | elapsed:   10.7s
[Parallel(n_jobs=16)]: Done 4176 tasks      | elapsed:   10.7s
[Parallel(n_jobs=16)]: Done 4180 tasks      | elapsed:   10.7s
[Parallel(n_jobs=16)]: Done 4184 tasks      | elapsed:   10.7s
[Parallel(n_jobs=16)]: Done 4188 tasks      | elapsed:   10.7s
[Parallel(n_jobs=16)]: Done 4192 tasks      | elapsed:   10.7s
[Parallel(n_jobs=16)]: Done 4196 tasks      | elapsed:   10.7s
[Parallel(n_jobs=16)]: Done 4200 tasks      | elapsed:   10.7s
[Parallel(n_jobs=16)]: Done 4204 tasks      | elapsed:   10.7s
[Parallel(n_jobs=16)]: Done 4208 tasks      | elapsed:   10.7s
[Parallel(n_jobs=16)]: Done 4212 tasks      | elapsed:   10.7s
[Parallel(n_jobs=16)]: Done 4216 tasks      | elapsed:   10.7s
[Parallel(n_jobs=16)]: Done 4220 tasks      | elapsed:   10.8s
[Parallel(n_jobs=16)]: Done 4224 tasks      | elapsed:   10.8s
[Parallel(n_jobs=16)]: Done 4228 tasks      | elapsed:   10.8s
[Parallel(n_jobs=16)]: Done 4232 tasks      | elapsed:   10.8s
[Parallel(n_jobs=16)]: Done 4236 tasks      | elapsed:   10.8s
[Parallel(n_jobs=16)]: Done 4240 tasks      | elapsed:   10.8s
[Parallel(n_jobs=16)]: Done 4244 tasks      | elapsed:   10.8s
[Parallel(n_jobs=16)]: Done 4248 tasks      | elapsed:   10.8s
[Parallel(n_jobs=16)]: Done 4252 tasks      | elapsed:   10.8s
[Parallel(n_jobs=16)]: Done 4256 tasks      | elapsed:   10.8s
[Parallel(n_jobs=16)]: Done 4260 tasks      | elapsed:   10.8s
[Parallel(n_jobs=16)]: Done 4264 tasks      | elapsed:   10.9s
[Parallel(n_jobs=16)]: Done 4268 tasks      | elapsed:   10.9s
[Parallel(n_jobs=16)]: Done 4272 tasks      | elapsed:   10.9s
[Parallel(n_jobs=16)]: Done 4276 tasks      | elapsed:   10.9s
[Parallel(n_jobs=16)]: Done 4280 tasks      | elapsed:   10.9s
[Parallel(n_jobs=16)]: Done 4284 tasks      | elapsed:   10.9s
[Parallel(n_jobs=16)]: Done 4288 tasks      | elapsed:   10.9s
[Parallel(n_jobs=16)]: Done 4292 tasks      | elapsed:   10.9s
[Parallel(n_jobs=16)]: Done 4296 tasks      | elapsed:   10.9s
[Parallel(n_jobs=16)]: Done 4300 tasks      | elapsed:   10.9s
[Parallel(n_jobs=16)]: Done 4304 tasks      | elapsed:   10.9s
[Parallel(n_jobs=16)]: Done 4308 tasks      | elapsed:   11.0s
[Parallel(n_jobs=16)]: Done 4312 tasks      | elapsed:   11.0s
[Parallel(n_jobs=16)]: Done 4316 tasks      | elapsed:   11.0s
[Parallel(n_jobs=16)]: Done 4320 tasks      | elapsed:   11.0s
[Parallel(n_jobs=16)]: Done 4324 tasks      | elapsed:   11.0s
[Parallel(n_jobs=16)]: Done 4328 tasks      | elapsed:   11.0s
[Parallel(n_jobs=16)]: Done 4332 tasks      | elapsed:   11.0s
[Parallel(n_jobs=16)]: Done 4336 tasks      | elapsed:   11.0s
[Parallel(n_jobs=16)]: Done 4340 tasks      | elapsed:   11.0s
[Parallel(n_jobs=16)]: Done 4344 tasks      | elapsed:   11.0s
[Parallel(n_jobs=16)]: Done 4348 tasks      | elapsed:   11.0s
[Parallel(n_jobs=16)]: Done 4352 tasks      | elapsed:   11.0s
[Parallel(n_jobs=16)]: Done 4356 tasks      | elapsed:   11.1s
[Parallel(n_jobs=16)]: Done 4360 tasks      | elapsed:   11.1s
[Parallel(n_jobs=16)]: Done 4364 tasks      | elapsed:   11.1s
[Parallel(n_jobs=16)]: Done 4368 tasks      | elapsed:   11.1s
[Parallel(n_jobs=16)]: Done 4372 tasks      | elapsed:   11.1s
[Parallel(n_jobs=16)]: Done 4376 tasks      | elapsed:   11.1s
[Parallel(n_jobs=16)]: Done 4380 tasks      | elapsed:   11.1s
[Parallel(n_jobs=16)]: Done 4384 tasks      | elapsed:   11.1s
[Parallel(n_jobs=16)]: Done 4388 tasks      | elapsed:   11.1s
[Parallel(n_jobs=16)]: Done 4392 tasks      | elapsed:   11.1s
[Parallel(n_jobs=16)]: Done 4396 tasks      | elapsed:   11.1s
[Parallel(n_jobs=16)]: Done 4400 tasks      | elapsed:   11.1s
[Parallel(n_jobs=16)]: Done 4404 tasks      | elapsed:   11.1s
[Parallel(n_jobs=16)]: Done 4408 tasks      | elapsed:   11.2s
[Parallel(n_jobs=16)]: Done 4412 tasks      | elapsed:   11.2s
[Parallel(n_jobs=16)]: Done 4416 tasks      | elapsed:   11.2s
[Parallel(n_jobs=16)]: Done 4420 tasks      | elapsed:   11.2s
[Parallel(n_jobs=16)]: Done 4424 tasks      | elapsed:   11.2s
[Parallel(n_jobs=16)]: Done 4428 tasks      | elapsed:   11.2s
[Parallel(n_jobs=16)]: Done 4432 tasks      | elapsed:   11.2s
[Parallel(n_jobs=16)]: Done 4436 tasks      | elapsed:   11.3s
[Parallel(n_jobs=16)]: Done 4440 tasks      | elapsed:   11.3s
[Parallel(n_jobs=16)]: Done 4444 tasks      | elapsed:   11.3s
[Parallel(n_jobs=16)]: Done 4448 tasks      | elapsed:   11.3s
[Parallel(n_jobs=16)]: Done 4452 tasks      | elapsed:   11.3s
[Parallel(n_jobs=16)]: Done 4456 tasks      | elapsed:   11.3s
[Parallel(n_jobs=16)]: Done 4460 tasks      | elapsed:   11.3s
[Parallel(n_jobs=16)]: Done 4464 tasks      | elapsed:   11.3s
[Parallel(n_jobs=16)]: Done 4468 tasks      | elapsed:   11.3s
[Parallel(n_jobs=16)]: Done 4472 tasks      | elapsed:   11.3s
[Parallel(n_jobs=16)]: Done 4476 tasks      | elapsed:   11.4s
[Parallel(n_jobs=16)]: Done 4480 tasks      | elapsed:   11.4s
[Parallel(n_jobs=16)]: Done 4484 tasks      | elapsed:   11.4s
[Parallel(n_jobs=16)]: Done 4488 tasks      | elapsed:   11.4s
[Parallel(n_jobs=16)]: Done 4492 tasks      | elapsed:   11.4s
[Parallel(n_jobs=16)]: Done 4496 tasks      | elapsed:   11.4s
[Parallel(n_jobs=16)]: Done 4500 tasks      | elapsed:   11.4s
[Parallel(n_jobs=16)]: Done 4504 tasks      | elapsed:   11.4s
[Parallel(n_jobs=16)]: Done 4508 tasks      | elapsed:   11.4s
[Parallel(n_jobs=16)]: Done 4512 tasks      | elapsed:   11.4s
[Parallel(n_jobs=16)]: Done 4516 tasks      | elapsed:   11.4s
[Parallel(n_jobs=16)]: Done 4520 tasks      | elapsed:   11.4s
[Parallel(n_jobs=16)]: Done 4524 tasks      | elapsed:   11.4s
[Parallel(n_jobs=16)]: Done 4528 tasks      | elapsed:   11.4s
[Parallel(n_jobs=16)]: Done 4532 tasks      | elapsed:   11.5s
[Parallel(n_jobs=16)]: Done 4536 tasks      | elapsed:   11.5s
[Parallel(n_jobs=16)]: Done 4540 tasks      | elapsed:   11.5s
[Parallel(n_jobs=16)]: Done 4544 tasks      | elapsed:   11.5s
[Parallel(n_jobs=16)]: Done 4548 tasks      | elapsed:   11.5s
[Parallel(n_jobs=16)]: Done 4552 tasks      | elapsed:   11.5s
[Parallel(n_jobs=16)]: Done 4556 tasks      | elapsed:   11.5s
[Parallel(n_jobs=16)]: Done 4560 tasks      | elapsed:   11.5s
[Parallel(n_jobs=16)]: Done 4564 tasks      | elapsed:   11.5s
[Parallel(n_jobs=16)]: Done 4568 tasks      | elapsed:   11.5s
[Parallel(n_jobs=16)]: Done 4572 tasks      | elapsed:   11.5s
[Parallel(n_jobs=16)]: Done 4576 tasks      | elapsed:   11.5s
[Parallel(n_jobs=16)]: Done 4580 tasks      | elapsed:   11.5s
[Parallel(n_jobs=16)]: Done 4584 tasks      | elapsed:   11.6s
[Parallel(n_jobs=16)]: Done 4588 tasks      | elapsed:   11.6s
[Parallel(n_jobs=16)]: Done 4592 tasks      | elapsed:   11.6s
[Parallel(n_jobs=16)]: Done 4596 tasks      | elapsed:   11.6s
[Parallel(n_jobs=16)]: Done 4600 tasks      | elapsed:   11.6s
[Parallel(n_jobs=16)]: Done 4604 tasks      | elapsed:   11.6s
[Parallel(n_jobs=16)]: Done 4608 tasks      | elapsed:   11.6s
[Parallel(n_jobs=16)]: Done 4612 tasks      | elapsed:   11.7s
[Parallel(n_jobs=16)]: Done 4616 tasks      | elapsed:   11.7s
[Parallel(n_jobs=16)]: Done 4620 tasks      | elapsed:   11.7s
[Parallel(n_jobs=16)]: Done 4624 tasks      | elapsed:   11.7s
[Parallel(n_jobs=16)]: Done 4628 tasks      | elapsed:   11.7s
[Parallel(n_jobs=16)]: Done 4632 tasks      | elapsed:   11.7s
[Parallel(n_jobs=16)]: Done 4636 tasks      | elapsed:   11.7s
[Parallel(n_jobs=16)]: Done 4640 tasks      | elapsed:   11.7s
[Parallel(n_jobs=16)]: Done 4644 tasks      | elapsed:   11.7s
[Parallel(n_jobs=16)]: Done 4648 tasks      | elapsed:   11.8s
[Parallel(n_jobs=16)]: Done 4652 tasks      | elapsed:   11.8s
[Parallel(n_jobs=16)]: Done 4656 tasks      | elapsed:   11.8s
[Parallel(n_jobs=16)]: Done 4660 tasks      | elapsed:   11.8s
[Parallel(n_jobs=16)]: Done 4664 tasks      | elapsed:   11.8s
[Parallel(n_jobs=16)]: Done 4668 tasks      | elapsed:   11.8s
[Parallel(n_jobs=16)]: Done 4672 tasks      | elapsed:   11.8s
[Parallel(n_jobs=16)]: Done 4676 tasks      | elapsed:   11.8s
[Parallel(n_jobs=16)]: Done 4680 tasks      | elapsed:   11.8s
[Parallel(n_jobs=16)]: Done 4684 tasks      | elapsed:   11.8s
[Parallel(n_jobs=16)]: Done 4688 tasks      | elapsed:   11.8s
[Parallel(n_jobs=16)]: Done 4692 tasks      | elapsed:   11.8s
[Parallel(n_jobs=16)]: Done 4696 tasks      | elapsed:   11.8s
[Parallel(n_jobs=16)]: Done 4700 tasks      | elapsed:   11.8s
[Parallel(n_jobs=16)]: Done 4704 tasks      | elapsed:   11.9s
[Parallel(n_jobs=16)]: Done 4708 tasks      | elapsed:   11.9s
[Parallel(n_jobs=16)]: Done 4712 tasks      | elapsed:   11.9s
[Parallel(n_jobs=16)]: Done 4716 tasks      | elapsed:   11.9s
[Parallel(n_jobs=16)]: Done 4720 tasks      | elapsed:   11.9s
[Parallel(n_jobs=16)]: Done 4724 tasks      | elapsed:   11.9s
[Parallel(n_jobs=16)]: Done 4728 tasks      | elapsed:   11.9s
[Parallel(n_jobs=16)]: Done 4732 tasks      | elapsed:   11.9s
[Parallel(n_jobs=16)]: Done 4736 tasks      | elapsed:   11.9s
[Parallel(n_jobs=16)]: Done 4740 tasks      | elapsed:   11.9s
[Parallel(n_jobs=16)]: Done 4744 tasks      | elapsed:   12.0s
[Parallel(n_jobs=16)]: Done 4748 tasks      | elapsed:   12.0s
[Parallel(n_jobs=16)]: Done 4752 tasks      | elapsed:   12.0s
[Parallel(n_jobs=16)]: Done 4756 tasks      | elapsed:   12.0s
[Parallel(n_jobs=16)]: Done 4760 tasks      | elapsed:   12.0s
[Parallel(n_jobs=16)]: Done 4764 tasks      | elapsed:   12.0s
[Parallel(n_jobs=16)]: Done 4768 tasks      | elapsed:   12.0s
[Parallel(n_jobs=16)]: Done 4772 tasks      | elapsed:   12.0s
[Parallel(n_jobs=16)]: Done 4776 tasks      | elapsed:   12.0s
[Parallel(n_jobs=16)]: Done 4780 tasks      | elapsed:   12.0s
[Parallel(n_jobs=16)]: Done 4784 tasks      | elapsed:   12.0s
[Parallel(n_jobs=16)]: Done 4788 tasks      | elapsed:   12.1s
[Parallel(n_jobs=16)]: Done 4792 tasks      | elapsed:   12.1s
[Parallel(n_jobs=16)]: Done 4796 tasks      | elapsed:   12.1s
[Parallel(n_jobs=16)]: Done 4800 tasks      | elapsed:   12.1s
[Parallel(n_jobs=16)]: Done 4804 tasks      | elapsed:   12.1s
[Parallel(n_jobs=16)]: Done 4808 tasks      | elapsed:   12.1s
[Parallel(n_jobs=16)]: Done 4812 tasks      | elapsed:   12.1s
[Parallel(n_jobs=16)]: Done 4816 tasks      | elapsed:   12.1s
[Parallel(n_jobs=16)]: Done 4820 tasks      | elapsed:   12.1s
[Parallel(n_jobs=16)]: Done 4824 tasks      | elapsed:   12.1s
[Parallel(n_jobs=16)]: Done 4828 tasks      | elapsed:   12.1s
[Parallel(n_jobs=16)]: Done 4832 tasks      | elapsed:   12.1s
[Parallel(n_jobs=16)]: Done 4836 tasks      | elapsed:   12.1s
[Parallel(n_jobs=16)]: Done 4840 tasks      | elapsed:   12.1s
[Parallel(n_jobs=16)]: Done 4844 tasks      | elapsed:   12.2s
[Parallel(n_jobs=16)]: Done 4848 tasks      | elapsed:   12.2s
[Parallel(n_jobs=16)]: Done 4852 tasks      | elapsed:   12.2s
[Parallel(n_jobs=16)]: Done 4856 tasks      | elapsed:   12.2s
[Parallel(n_jobs=16)]: Done 4860 tasks      | elapsed:   12.2s
[Parallel(n_jobs=16)]: Done 4864 tasks      | elapsed:   12.2s
[Parallel(n_jobs=16)]: Done 4868 tasks      | elapsed:   12.2s
[Parallel(n_jobs=16)]: Done 4872 tasks      | elapsed:   12.2s
[Parallel(n_jobs=16)]: Done 4876 tasks      | elapsed:   12.2s
[Parallel(n_jobs=16)]: Done 4880 tasks      | elapsed:   12.2s
[Parallel(n_jobs=16)]: Done 4884 tasks      | elapsed:   12.2s
[Parallel(n_jobs=16)]: Done 4888 tasks      | elapsed:   12.2s
[Parallel(n_jobs=16)]: Done 4892 tasks      | elapsed:   12.2s
[Parallel(n_jobs=16)]: Done 4896 tasks      | elapsed:   12.3s
[Parallel(n_jobs=16)]: Done 4900 tasks      | elapsed:   12.3s
[Parallel(n_jobs=16)]: Done 4904 tasks      | elapsed:   12.3s
[Parallel(n_jobs=16)]: Done 4908 tasks      | elapsed:   12.3s
[Parallel(n_jobs=16)]: Done 4912 tasks      | elapsed:   12.3s
[Parallel(n_jobs=16)]: Done 4916 tasks      | elapsed:   12.3s
[Parallel(n_jobs=16)]: Done 4920 tasks      | elapsed:   12.3s
[Parallel(n_jobs=16)]: Done 4924 tasks      | elapsed:   12.3s
[Parallel(n_jobs=16)]: Done 4928 tasks      | elapsed:   12.4s
[Parallel(n_jobs=16)]: Done 4932 tasks      | elapsed:   12.4s
[Parallel(n_jobs=16)]: Done 4936 tasks      | elapsed:   12.4s
[Parallel(n_jobs=16)]: Done 4940 tasks      | elapsed:   12.4s
[Parallel(n_jobs=16)]: Done 4944 tasks      | elapsed:   12.4s
[Parallel(n_jobs=16)]: Done 4948 tasks      | elapsed:   12.4s
[Parallel(n_jobs=16)]: Done 4952 tasks      | elapsed:   12.4s
[Parallel(n_jobs=16)]: Done 4956 tasks      | elapsed:   12.4s
[Parallel(n_jobs=16)]: Done 4960 tasks      | elapsed:   12.4s
[Parallel(n_jobs=16)]: Done 4964 tasks      | elapsed:   12.4s
[Parallel(n_jobs=16)]: Done 4968 tasks      | elapsed:   12.4s
[Parallel(n_jobs=16)]: Done 4972 tasks      | elapsed:   12.4s
[Parallel(n_jobs=16)]: Done 4976 tasks      | elapsed:   12.4s
[Parallel(n_jobs=16)]: Done 4980 tasks      | elapsed:   12.4s
[Parallel(n_jobs=16)]: Done 4984 tasks      | elapsed:   12.4s
[Parallel(n_jobs=16)]: Done 4988 tasks      | elapsed:   12.4s
[Parallel(n_jobs=16)]: Done 4992 tasks      | elapsed:   12.5s
[Parallel(n_jobs=16)]: Done 4996 tasks      | elapsed:   12.5s
[Parallel(n_jobs=16)]: Done 5000 tasks      | elapsed:   12.5s
[Parallel(n_jobs=16)]: Done 5004 tasks      | elapsed:   12.5s
[Parallel(n_jobs=16)]: Done 5008 tasks      | elapsed:   12.5s
[Parallel(n_jobs=16)]: Done 5012 tasks      | elapsed:   12.5s
[Parallel(n_jobs=16)]: Done 5016 tasks      | elapsed:   12.5s
[Parallel(n_jobs=16)]: Done 5020 tasks      | elapsed:   12.5s
[Parallel(n_jobs=16)]: Done 5024 tasks      | elapsed:   12.5s
[Parallel(n_jobs=16)]: Done 5028 tasks      | elapsed:   12.5s
[Parallel(n_jobs=16)]: Done 5032 tasks      | elapsed:   12.5s
[Parallel(n_jobs=16)]: Done 5036 tasks      | elapsed:   12.5s
[Parallel(n_jobs=16)]: Done 5040 tasks      | elapsed:   12.5s
[Parallel(n_jobs=16)]: Done 5044 tasks      | elapsed:   12.6s
[Parallel(n_jobs=16)]: Done 5048 tasks      | elapsed:   12.6s
[Parallel(n_jobs=16)]: Done 5052 tasks      | elapsed:   12.6s
[Parallel(n_jobs=16)]: Done 5056 tasks      | elapsed:   12.6s
[Parallel(n_jobs=16)]: Done 5060 tasks      | elapsed:   12.6s
[Parallel(n_jobs=16)]: Done 5064 tasks      | elapsed:   12.6s
[Parallel(n_jobs=16)]: Done 5068 tasks      | elapsed:   12.6s
[Parallel(n_jobs=16)]: Done 5072 tasks      | elapsed:   12.6s
[Parallel(n_jobs=16)]: Done 5076 tasks      | elapsed:   12.6s
[Parallel(n_jobs=16)]: Done 5080 tasks      | elapsed:   12.6s
[Parallel(n_jobs=16)]: Done 5084 tasks      | elapsed:   12.6s
[Parallel(n_jobs=16)]: Done 5088 tasks      | elapsed:   12.6s
[Parallel(n_jobs=16)]: Done 5092 tasks      | elapsed:   12.7s
[Parallel(n_jobs=16)]: Done 5096 tasks      | elapsed:   12.7s
[Parallel(n_jobs=16)]: Done 5100 tasks      | elapsed:   12.7s
[Parallel(n_jobs=16)]: Done 5104 tasks      | elapsed:   12.7s
[Parallel(n_jobs=16)]: Done 5108 tasks      | elapsed:   12.7s
[Parallel(n_jobs=16)]: Done 5112 tasks      | elapsed:   12.7s
[Parallel(n_jobs=16)]: Done 5116 tasks      | elapsed:   12.7s
[Parallel(n_jobs=16)]: Done 5120 tasks      | elapsed:   12.7s
[Parallel(n_jobs=16)]: Done 5124 tasks      | elapsed:   12.7s
[Parallel(n_jobs=16)]: Done 5128 tasks      | elapsed:   12.7s
[Parallel(n_jobs=16)]: Done 5132 tasks      | elapsed:   12.8s
[Parallel(n_jobs=16)]: Done 5136 tasks      | elapsed:   12.8s
[Parallel(n_jobs=16)]: Done 5140 tasks      | elapsed:   12.8s
[Parallel(n_jobs=16)]: Done 5144 tasks      | elapsed:   12.8s
[Parallel(n_jobs=16)]: Done 5148 tasks      | elapsed:   12.8s
[Parallel(n_jobs=16)]: Done 5152 tasks      | elapsed:   12.8s
[Parallel(n_jobs=16)]: Done 5156 tasks      | elapsed:   12.8s
[Parallel(n_jobs=16)]: Done 5160 tasks      | elapsed:   12.8s
[Parallel(n_jobs=16)]: Done 5164 tasks      | elapsed:   12.8s
[Parallel(n_jobs=16)]: Done 5168 tasks      | elapsed:   12.8s
[Parallel(n_jobs=16)]: Done 5172 tasks      | elapsed:   12.8s
[Parallel(n_jobs=16)]: Done 5176 tasks      | elapsed:   12.8s
[Parallel(n_jobs=16)]: Done 5180 tasks      | elapsed:   12.9s
[Parallel(n_jobs=16)]: Done 5184 tasks      | elapsed:   12.9s
[Parallel(n_jobs=16)]: Done 5188 tasks      | elapsed:   12.9s
[Parallel(n_jobs=16)]: Done 5192 tasks      | elapsed:   12.9s
[Parallel(n_jobs=16)]: Done 5196 tasks      | elapsed:   12.9s
[Parallel(n_jobs=16)]: Done 5200 tasks      | elapsed:   12.9s
[Parallel(n_jobs=16)]: Done 5204 tasks      | elapsed:   12.9s
[Parallel(n_jobs=16)]: Done 5208 tasks      | elapsed:   12.9s
[Parallel(n_jobs=16)]: Done 5212 tasks      | elapsed:   12.9s
[Parallel(n_jobs=16)]: Done 5216 tasks      | elapsed:   12.9s
[Parallel(n_jobs=16)]: Done 5220 tasks      | elapsed:   12.9s
[Parallel(n_jobs=16)]: Done 5224 tasks      | elapsed:   12.9s
[Parallel(n_jobs=16)]: Done 5228 tasks      | elapsed:   12.9s
[Parallel(n_jobs=16)]: Done 5232 tasks      | elapsed:   13.0s
[Parallel(n_jobs=16)]: Done 5236 tasks      | elapsed:   13.0s
[Parallel(n_jobs=16)]: Done 5240 tasks      | elapsed:   13.0s
[Parallel(n_jobs=16)]: Done 5244 tasks      | elapsed:   13.0s
[Parallel(n_jobs=16)]: Done 5248 tasks      | elapsed:   13.0s
[Parallel(n_jobs=16)]: Done 5252 tasks      | elapsed:   13.0s
[Parallel(n_jobs=16)]: Done 5256 tasks      | elapsed:   13.0s
[Parallel(n_jobs=16)]: Done 5260 tasks      | elapsed:   13.0s
[Parallel(n_jobs=16)]: Done 5264 tasks      | elapsed:   13.0s
[Parallel(n_jobs=16)]: Done 5268 tasks      | elapsed:   13.0s
[Parallel(n_jobs=16)]: Done 5272 tasks      | elapsed:   13.0s
[Parallel(n_jobs=16)]: Done 5276 tasks      | elapsed:   13.0s
[Parallel(n_jobs=16)]: Done 5280 tasks      | elapsed:   13.0s
[Parallel(n_jobs=16)]: Done 5284 tasks      | elapsed:   13.1s
[Parallel(n_jobs=16)]: Done 5288 tasks      | elapsed:   13.1s
[Parallel(n_jobs=16)]: Done 5292 tasks      | elapsed:   13.1s
[Parallel(n_jobs=16)]: Done 5296 tasks      | elapsed:   13.1s
[Parallel(n_jobs=16)]: Done 5300 tasks      | elapsed:   13.1s
[Parallel(n_jobs=16)]: Done 5304 tasks      | elapsed:   13.1s
[Parallel(n_jobs=16)]: Done 5308 tasks      | elapsed:   13.1s
[Parallel(n_jobs=16)]: Done 5312 tasks      | elapsed:   13.1s
[Parallel(n_jobs=16)]: Done 5316 tasks      | elapsed:   13.1s
[Parallel(n_jobs=16)]: Done 5320 tasks      | elapsed:   13.1s
[Parallel(n_jobs=16)]: Done 5324 tasks      | elapsed:   13.1s
[Parallel(n_jobs=16)]: Done 5328 tasks      | elapsed:   13.2s
[Parallel(n_jobs=16)]: Done 5332 tasks      | elapsed:   13.2s
[Parallel(n_jobs=16)]: Done 5336 tasks      | elapsed:   13.2s
[Parallel(n_jobs=16)]: Done 5340 tasks      | elapsed:   13.2s
[Parallel(n_jobs=16)]: Done 5344 tasks      | elapsed:   13.2s
[Parallel(n_jobs=16)]: Done 5348 tasks      | elapsed:   13.2s
[Parallel(n_jobs=16)]: Done 5352 tasks      | elapsed:   13.2s
[Parallel(n_jobs=16)]: Done 5356 tasks      | elapsed:   13.2s
[Parallel(n_jobs=16)]: Done 5360 tasks      | elapsed:   13.2s
[Parallel(n_jobs=16)]: Done 5364 tasks      | elapsed:   13.2s
[Parallel(n_jobs=16)]: Done 5368 tasks      | elapsed:   13.2s
[Parallel(n_jobs=16)]: Done 5372 tasks      | elapsed:   13.3s
[Parallel(n_jobs=16)]: Done 5376 tasks      | elapsed:   13.3s
[Parallel(n_jobs=16)]: Done 5380 tasks      | elapsed:   13.3s
[Parallel(n_jobs=16)]: Done 5384 tasks      | elapsed:   13.3s
[Parallel(n_jobs=16)]: Done 5388 tasks      | elapsed:   13.3s
[Parallel(n_jobs=16)]: Done 5392 tasks      | elapsed:   13.3s
[Parallel(n_jobs=16)]: Done 5396 tasks      | elapsed:   13.3s
[Parallel(n_jobs=16)]: Done 5400 tasks      | elapsed:   13.3s
[Parallel(n_jobs=16)]: Done 5404 tasks      | elapsed:   13.3s
[Parallel(n_jobs=16)]: Done 5408 tasks      | elapsed:   13.3s
[Parallel(n_jobs=16)]: Done 5412 tasks      | elapsed:   13.3s
[Parallel(n_jobs=16)]: Done 5416 tasks      | elapsed:   13.4s
[Parallel(n_jobs=16)]: Done 5420 tasks      | elapsed:   13.4s
[Parallel(n_jobs=16)]: Done 5424 tasks      | elapsed:   13.4s
[Parallel(n_jobs=16)]: Done 5428 tasks      | elapsed:   13.4s
[Parallel(n_jobs=16)]: Done 5432 tasks      | elapsed:   13.4s
[Parallel(n_jobs=16)]: Done 5436 tasks      | elapsed:   13.4s
[Parallel(n_jobs=16)]: Done 5440 tasks      | elapsed:   13.4s
[Parallel(n_jobs=16)]: Done 5444 tasks      | elapsed:   13.4s
[Parallel(n_jobs=16)]: Done 5448 tasks      | elapsed:   13.4s
[Parallel(n_jobs=16)]: Done 5452 tasks      | elapsed:   13.4s
[Parallel(n_jobs=16)]: Done 5456 tasks      | elapsed:   13.4s
[Parallel(n_jobs=16)]: Done 5460 tasks      | elapsed:   13.4s
[Parallel(n_jobs=16)]: Done 5464 tasks      | elapsed:   13.5s
[Parallel(n_jobs=16)]: Done 5468 tasks      | elapsed:   13.5s
[Parallel(n_jobs=16)]: Done 5472 tasks      | elapsed:   13.5s
[Parallel(n_jobs=16)]: Done 5476 tasks      | elapsed:   13.5s
[Parallel(n_jobs=16)]: Done 5480 tasks      | elapsed:   13.5s
[Parallel(n_jobs=16)]: Done 5484 tasks      | elapsed:   13.5s
[Parallel(n_jobs=16)]: Done 5488 tasks      | elapsed:   13.5s
[Parallel(n_jobs=16)]: Done 5492 tasks      | elapsed:   13.5s
[Parallel(n_jobs=16)]: Done 5496 tasks      | elapsed:   13.5s
[Parallel(n_jobs=16)]: Done 5500 tasks      | elapsed:   13.5s
[Parallel(n_jobs=16)]: Done 5504 tasks      | elapsed:   13.5s
[Parallel(n_jobs=16)]: Done 5508 tasks      | elapsed:   13.6s
[Parallel(n_jobs=16)]: Done 5512 tasks      | elapsed:   13.6s
[Parallel(n_jobs=16)]: Done 5516 tasks      | elapsed:   13.6s
[Parallel(n_jobs=16)]: Done 5520 tasks      | elapsed:   13.6s
[Parallel(n_jobs=16)]: Done 5524 tasks      | elapsed:   13.6s
[Parallel(n_jobs=16)]: Done 5528 tasks      | elapsed:   13.6s
[Parallel(n_jobs=16)]: Done 5532 tasks      | elapsed:   13.6s
[Parallel(n_jobs=16)]: Done 5536 tasks      | elapsed:   13.6s
[Parallel(n_jobs=16)]: Done 5540 tasks      | elapsed:   13.6s
[Parallel(n_jobs=16)]: Done 5544 tasks      | elapsed:   13.6s
[Parallel(n_jobs=16)]: Done 5548 tasks      | elapsed:   13.6s
[Parallel(n_jobs=16)]: Done 5552 tasks      | elapsed:   13.6s
[Parallel(n_jobs=16)]: Done 5556 tasks      | elapsed:   13.7s
[Parallel(n_jobs=16)]: Done 5560 tasks      | elapsed:   13.7s
[Parallel(n_jobs=16)]: Done 5564 tasks      | elapsed:   13.7s
[Parallel(n_jobs=16)]: Done 5568 tasks      | elapsed:   13.7s
[Parallel(n_jobs=16)]: Done 5572 tasks      | elapsed:   13.7s
[Parallel(n_jobs=16)]: Done 5576 tasks      | elapsed:   13.7s
[Parallel(n_jobs=16)]: Done 5580 tasks      | elapsed:   13.7s
[Parallel(n_jobs=16)]: Done 5584 tasks      | elapsed:   13.7s
[Parallel(n_jobs=16)]: Done 5588 tasks      | elapsed:   13.7s
[Parallel(n_jobs=16)]: Done 5592 tasks      | elapsed:   13.7s
[Parallel(n_jobs=16)]: Done 5596 tasks      | elapsed:   13.8s
[Parallel(n_jobs=16)]: Done 5600 tasks      | elapsed:   13.8s
[Parallel(n_jobs=16)]: Done 5604 tasks      | elapsed:   13.8s
[Parallel(n_jobs=16)]: Done 5608 tasks      | elapsed:   13.8s
[Parallel(n_jobs=16)]: Done 5612 tasks      | elapsed:   13.8s
[Parallel(n_jobs=16)]: Done 5616 tasks      | elapsed:   13.8s
[Parallel(n_jobs=16)]: Done 5620 tasks      | elapsed:   13.8s
[Parallel(n_jobs=16)]: Done 5624 tasks      | elapsed:   13.8s
[Parallel(n_jobs=16)]: Done 5628 tasks      | elapsed:   13.8s
[Parallel(n_jobs=16)]: Done 5632 tasks      | elapsed:   13.8s
[Parallel(n_jobs=16)]: Done 5636 tasks      | elapsed:   13.8s
[Parallel(n_jobs=16)]: Done 5640 tasks      | elapsed:   13.8s
[Parallel(n_jobs=16)]: Done 5644 tasks      | elapsed:   13.9s
[Parallel(n_jobs=16)]: Done 5648 tasks      | elapsed:   13.9s
[Parallel(n_jobs=16)]: Done 5652 tasks      | elapsed:   13.9s
[Parallel(n_jobs=16)]: Done 5656 tasks      | elapsed:   13.9s
[Parallel(n_jobs=16)]: Done 5660 tasks      | elapsed:   13.9s
[Parallel(n_jobs=16)]: Done 5664 tasks      | elapsed:   13.9s
[Parallel(n_jobs=16)]: Done 5668 tasks      | elapsed:   13.9s
[Parallel(n_jobs=16)]: Done 5672 tasks      | elapsed:   13.9s
[Parallel(n_jobs=16)]: Done 5676 tasks      | elapsed:   13.9s
[Parallel(n_jobs=16)]: Done 5680 tasks      | elapsed:   13.9s
[Parallel(n_jobs=16)]: Done 5684 tasks      | elapsed:   13.9s
[Parallel(n_jobs=16)]: Done 5688 tasks      | elapsed:   13.9s
[Parallel(n_jobs=16)]: Done 5692 tasks      | elapsed:   14.0s
[Parallel(n_jobs=16)]: Done 5696 tasks      | elapsed:   14.0s
[Parallel(n_jobs=16)]: Done 5700 tasks      | elapsed:   14.0s
[Parallel(n_jobs=16)]: Done 5704 tasks      | elapsed:   14.0s
[Parallel(n_jobs=16)]: Done 5708 tasks      | elapsed:   14.0s
[Parallel(n_jobs=16)]: Done 5712 tasks      | elapsed:   14.0s
[Parallel(n_jobs=16)]: Done 5716 tasks      | elapsed:   14.0s
[Parallel(n_jobs=16)]: Done 5720 tasks      | elapsed:   14.0s
[Parallel(n_jobs=16)]: Done 5724 tasks      | elapsed:   14.0s
[Parallel(n_jobs=16)]: Done 5728 tasks      | elapsed:   14.0s
[Parallel(n_jobs=16)]: Done 5732 tasks      | elapsed:   14.0s
[Parallel(n_jobs=16)]: Done 5736 tasks      | elapsed:   14.0s
[Parallel(n_jobs=16)]: Done 5740 tasks      | elapsed:   14.0s
[Parallel(n_jobs=16)]: Done 5744 tasks      | elapsed:   14.1s
[Parallel(n_jobs=16)]: Done 5748 tasks      | elapsed:   14.1s
[Parallel(n_jobs=16)]: Done 5752 tasks      | elapsed:   14.1s
[Parallel(n_jobs=16)]: Done 5756 tasks      | elapsed:   14.1s
[Parallel(n_jobs=16)]: Done 5760 tasks      | elapsed:   14.1s
[Parallel(n_jobs=16)]: Done 5764 tasks      | elapsed:   14.1s
[Parallel(n_jobs=16)]: Done 5768 tasks      | elapsed:   14.1s
[Parallel(n_jobs=16)]: Done 5772 tasks      | elapsed:   14.1s
[Parallel(n_jobs=16)]: Done 5776 tasks      | elapsed:   14.1s
[Parallel(n_jobs=16)]: Done 5780 tasks      | elapsed:   14.2s
[Parallel(n_jobs=16)]: Done 5784 tasks      | elapsed:   14.2s
[Parallel(n_jobs=16)]: Done 5788 tasks      | elapsed:   14.2s
[Parallel(n_jobs=16)]: Done 5792 tasks      | elapsed:   14.2s
[Parallel(n_jobs=16)]: Done 5796 tasks      | elapsed:   14.2s
[Parallel(n_jobs=16)]: Done 5800 tasks      | elapsed:   14.2s
[Parallel(n_jobs=16)]: Done 5804 tasks      | elapsed:   14.2s
[Parallel(n_jobs=16)]: Done 5808 tasks      | elapsed:   14.2s
[Parallel(n_jobs=16)]: Done 5812 tasks      | elapsed:   14.2s
[Parallel(n_jobs=16)]: Done 5816 tasks      | elapsed:   14.2s
[Parallel(n_jobs=16)]: Done 5820 tasks      | elapsed:   14.2s
[Parallel(n_jobs=16)]: Done 5824 tasks      | elapsed:   14.2s
[Parallel(n_jobs=16)]: Done 5828 tasks      | elapsed:   14.3s
[Parallel(n_jobs=16)]: Done 5832 tasks      | elapsed:   14.3s
[Parallel(n_jobs=16)]: Done 5836 tasks      | elapsed:   14.3s
[Parallel(n_jobs=16)]: Done 5840 tasks      | elapsed:   14.3s
[Parallel(n_jobs=16)]: Done 5844 tasks      | elapsed:   14.3s
[Parallel(n_jobs=16)]: Done 5848 tasks      | elapsed:   14.3s
[Parallel(n_jobs=16)]: Done 5852 tasks      | elapsed:   14.3s
[Parallel(n_jobs=16)]: Done 5856 tasks      | elapsed:   14.3s
[Parallel(n_jobs=16)]: Done 5860 tasks      | elapsed:   14.3s
[Parallel(n_jobs=16)]: Done 5864 tasks      | elapsed:   14.3s
[Parallel(n_jobs=16)]: Done 5868 tasks      | elapsed:   14.3s
[Parallel(n_jobs=16)]: Done 5872 tasks      | elapsed:   14.3s
[Parallel(n_jobs=16)]: Done 5876 tasks      | elapsed:   14.3s
[Parallel(n_jobs=16)]: Done 5880 tasks      | elapsed:   14.3s
[Parallel(n_jobs=16)]: Done 5884 tasks      | elapsed:   14.4s
[Parallel(n_jobs=16)]: Done 5888 tasks      | elapsed:   14.4s
[Parallel(n_jobs=16)]: Done 5892 tasks      | elapsed:   14.4s
[Parallel(n_jobs=16)]: Done 5896 tasks      | elapsed:   14.4s
[Parallel(n_jobs=16)]: Done 5900 tasks      | elapsed:   14.4s
[Parallel(n_jobs=16)]: Done 5904 tasks      | elapsed:   14.4s
[Parallel(n_jobs=16)]: Done 5908 tasks      | elapsed:   14.4s
[Parallel(n_jobs=16)]: Done 5912 tasks      | elapsed:   14.4s
[Parallel(n_jobs=16)]: Done 5916 tasks      | elapsed:   14.4s
[Parallel(n_jobs=16)]: Done 5920 tasks      | elapsed:   14.4s
[Parallel(n_jobs=16)]: Done 5924 tasks      | elapsed:   14.4s
[Parallel(n_jobs=16)]: Done 5928 tasks      | elapsed:   14.4s
[Parallel(n_jobs=16)]: Done 5932 tasks      | elapsed:   14.5s
[Parallel(n_jobs=16)]: Done 5936 tasks      | elapsed:   14.5s
[Parallel(n_jobs=16)]: Done 5940 tasks      | elapsed:   14.5s
[Parallel(n_jobs=16)]: Done 5944 tasks      | elapsed:   14.5s
[Parallel(n_jobs=16)]: Done 5948 tasks      | elapsed:   14.5s
[Parallel(n_jobs=16)]: Done 5952 tasks      | elapsed:   14.5s
[Parallel(n_jobs=16)]: Done 5956 tasks      | elapsed:   14.5s
[Parallel(n_jobs=16)]: Done 5960 tasks      | elapsed:   14.5s
[Parallel(n_jobs=16)]: Done 5964 tasks      | elapsed:   14.5s
[Parallel(n_jobs=16)]: Done 5968 tasks      | elapsed:   14.5s
[Parallel(n_jobs=16)]: Done 5972 tasks      | elapsed:   14.6s
[Parallel(n_jobs=16)]: Done 5976 tasks      | elapsed:   14.6s
[Parallel(n_jobs=16)]: Done 5980 tasks      | elapsed:   14.6s
[Parallel(n_jobs=16)]: Done 5984 tasks      | elapsed:   14.6s
[Parallel(n_jobs=16)]: Done 5988 tasks      | elapsed:   14.6s
[Parallel(n_jobs=16)]: Done 5992 tasks      | elapsed:   14.6s
[Parallel(n_jobs=16)]: Done 5996 tasks      | elapsed:   14.6s
[Parallel(n_jobs=16)]: Done 6000 tasks      | elapsed:   14.6s
[Parallel(n_jobs=16)]: Done 6004 tasks      | elapsed:   14.6s
[Parallel(n_jobs=16)]: Done 6008 tasks      | elapsed:   14.6s
[Parallel(n_jobs=16)]: Done 6012 tasks      | elapsed:   14.6s
[Parallel(n_jobs=16)]: Done 6016 tasks      | elapsed:   14.6s
[Parallel(n_jobs=16)]: Done 6020 tasks      | elapsed:   14.6s
[Parallel(n_jobs=16)]: Done 6024 tasks      | elapsed:   14.7s
[Parallel(n_jobs=16)]: Done 6028 tasks      | elapsed:   14.7s
[Parallel(n_jobs=16)]: Done 6032 tasks      | elapsed:   14.7s
[Parallel(n_jobs=16)]: Done 6036 tasks      | elapsed:   14.7s
[Parallel(n_jobs=16)]: Done 6040 tasks      | elapsed:   14.7s
[Parallel(n_jobs=16)]: Done 6044 tasks      | elapsed:   14.7s
[Parallel(n_jobs=16)]: Done 6048 tasks      | elapsed:   14.7s
[Parallel(n_jobs=16)]: Done 6052 tasks      | elapsed:   14.7s
[Parallel(n_jobs=16)]: Done 6056 tasks      | elapsed:   14.7s
[Parallel(n_jobs=16)]: Done 6060 tasks      | elapsed:   14.7s
[Parallel(n_jobs=16)]: Done 6064 tasks      | elapsed:   14.7s
[Parallel(n_jobs=16)]: Done 6068 tasks      | elapsed:   14.7s
[Parallel(n_jobs=16)]: Done 6069 tasks      | elapsed:   14.7s
[Parallel(n_jobs=16)]: Done 6073 tasks      | elapsed:   14.7s
[Parallel(n_jobs=16)]: Done 6077 tasks      | elapsed:   14.7s
[Parallel(n_jobs=16)]: Done 6078 tasks      | elapsed:   14.7s
[Parallel(n_jobs=16)]: Done 6079 tasks      | elapsed:   14.7s
[Parallel(n_jobs=16)]: Done 6080 tasks      | elapsed:   14.7s
[Parallel(n_jobs=16)]: Done 6138 out of 6138 | elapsed:   15.1s finished
pro: fitted 6138 voxels on 68 frames in 16 s
[Parallel(n_jobs=16)]: Using backend LokyBackend with 16 concurrent workers.
[Parallel(n_jobs=16)]: Done   1 tasks      | elapsed:    0.0s
[Parallel(n_jobs=16)]: Batch computation too fast (0.027226924896240234s.) Setting batch_size=2.
[Parallel(n_jobs=16)]: Done   2 tasks      | elapsed:    0.0s
[Parallel(n_jobs=16)]: Done   3 tasks      | elapsed:    0.0s
[Parallel(n_jobs=16)]: Done   4 tasks      | elapsed:    0.0s
[Parallel(n_jobs=16)]: Done   5 tasks      | elapsed:    0.0s
[Parallel(n_jobs=16)]: Done   6 tasks      | elapsed:    0.0s
[Parallel(n_jobs=16)]: Done   7 tasks      | elapsed:    0.0s
[Parallel(n_jobs=16)]: Done   8 tasks      | elapsed:    0.0s
[Parallel(n_jobs=16)]: Done   9 tasks      | elapsed:    0.0s
[Parallel(n_jobs=16)]: Done  10 tasks      | elapsed:    0.0s
[Parallel(n_jobs=16)]: Done  11 tasks      | elapsed:    0.0s
[Parallel(n_jobs=16)]: Done  12 tasks      | elapsed:    0.0s
[Parallel(n_jobs=16)]: Done  13 tasks      | elapsed:    0.0s
[Parallel(n_jobs=16)]: Done  14 tasks      | elapsed:    0.0s
[Parallel(n_jobs=16)]: Done  15 tasks      | elapsed:    0.0s
[Parallel(n_jobs=16)]: Done  16 tasks      | elapsed:    0.0s
[Parallel(n_jobs=16)]: Done  17 tasks      | elapsed:    0.1s
[Parallel(n_jobs=16)]: Done  18 tasks      | elapsed:    0.1s
[Parallel(n_jobs=16)]: Done  19 tasks      | elapsed:    0.1s
[Parallel(n_jobs=16)]: Done  20 tasks      | elapsed:    0.1s
[Parallel(n_jobs=16)]: Done  21 tasks      | elapsed:    0.1s
[Parallel(n_jobs=16)]: Done  22 tasks      | elapsed:    0.1s
[Parallel(n_jobs=16)]: Done  23 tasks      | elapsed:    0.1s
[Parallel(n_jobs=16)]: Done  24 tasks      | elapsed:    0.1s
[Parallel(n_jobs=16)]: Done  25 tasks      | elapsed:    0.1s
[Parallel(n_jobs=16)]: Done  26 tasks      | elapsed:    0.1s
[Parallel(n_jobs=16)]: Done  27 tasks      | elapsed:    0.1s
[Parallel(n_jobs=16)]: Done  28 tasks      | elapsed:    0.1s
[Parallel(n_jobs=16)]: Done  29 tasks      | elapsed:    0.1s
[Parallel(n_jobs=16)]: Done  30 tasks      | elapsed:    0.1s
[Parallel(n_jobs=16)]: Done  31 tasks      | elapsed:    0.1s
[Parallel(n_jobs=16)]: Done  32 tasks      | elapsed:    0.1s
[Parallel(n_jobs=16)]: Done  34 tasks      | elapsed:    0.1s
[Parallel(n_jobs=16)]: Batch computation too fast (0.11935949325561523s.) Setting batch_size=4.
[Parallel(n_jobs=16)]: Done  36 tasks      | elapsed:    0.2s
[Parallel(n_jobs=16)]: Done  38 tasks      | elapsed:    0.2s
[Parallel(n_jobs=16)]: Done  40 tasks      | elapsed:    0.2s
[Parallel(n_jobs=16)]: Done  42 tasks      | elapsed:    0.2s
[Parallel(n_jobs=16)]: Done  44 tasks      | elapsed:    0.2s
[Parallel(n_jobs=16)]: Done  46 tasks      | elapsed:    0.2s
[Parallel(n_jobs=16)]: Done  48 tasks      | elapsed:    0.2s
[Parallel(n_jobs=16)]: Done  50 tasks      | elapsed:    0.2s
[Parallel(n_jobs=16)]: Done  52 tasks      | elapsed:    0.2s
[Parallel(n_jobs=16)]: Done  54 tasks      | elapsed:    0.2s
[Parallel(n_jobs=16)]: Done  56 tasks      | elapsed:    0.2s
[Parallel(n_jobs=16)]: Done  58 tasks      | elapsed:    0.2s
[Parallel(n_jobs=16)]: Done  60 tasks      | elapsed:    0.2s
[Parallel(n_jobs=16)]: Done  62 tasks      | elapsed:    0.2s
[Parallel(n_jobs=16)]: Done  64 tasks      | elapsed:    0.2s
[Parallel(n_jobs=16)]: Done  66 tasks      | elapsed:    0.2s
[Parallel(n_jobs=16)]: Done  68 tasks      | elapsed:    0.2s
[Parallel(n_jobs=16)]: Done  70 tasks      | elapsed:    0.2s
[Parallel(n_jobs=16)]: Done  72 tasks      | elapsed:    0.2s
[Parallel(n_jobs=16)]: Done  74 tasks      | elapsed:    0.2s
[Parallel(n_jobs=16)]: Done  76 tasks      | elapsed:    0.2s
[Parallel(n_jobs=16)]: Done  78 tasks      | elapsed:    0.2s
[Parallel(n_jobs=16)]: Done  80 tasks      | elapsed:    0.2s
[Parallel(n_jobs=16)]: Done  82 tasks      | elapsed:    0.2s
[Parallel(n_jobs=16)]: Done  84 tasks      | elapsed:    0.2s
[Parallel(n_jobs=16)]: Done  86 tasks      | elapsed:    0.2s
[Parallel(n_jobs=16)]: Done  88 tasks      | elapsed:    0.2s
[Parallel(n_jobs=16)]: Done  90 tasks      | elapsed:    0.3s
[Parallel(n_jobs=16)]: Done  92 tasks      | elapsed:    0.3s
[Parallel(n_jobs=16)]: Done  94 tasks      | elapsed:    0.3s
[Parallel(n_jobs=16)]: Done  96 tasks      | elapsed:    0.3s
[Parallel(n_jobs=16)]: Done 100 tasks      | elapsed:    0.3s
[Parallel(n_jobs=16)]: Batch computation too fast (0.18191838264465332s.) Setting batch_size=8.
[Parallel(n_jobs=16)]: Done 104 tasks      | elapsed:    0.3s
[Parallel(n_jobs=16)]: Done 108 tasks      | elapsed:    0.4s
[Parallel(n_jobs=16)]: Done 112 tasks      | elapsed:    0.4s
[Parallel(n_jobs=16)]: Done 116 tasks      | elapsed:    0.4s
[Parallel(n_jobs=16)]: Done 120 tasks      | elapsed:    0.4s
[Parallel(n_jobs=16)]: Done 124 tasks      | elapsed:    0.4s
[Parallel(n_jobs=16)]: Done 128 tasks      | elapsed:    0.4s
[Parallel(n_jobs=16)]: Done 132 tasks      | elapsed:    0.4s
[Parallel(n_jobs=16)]: Done 136 tasks      | elapsed:    0.4s
[Parallel(n_jobs=16)]: Done 140 tasks      | elapsed:    0.4s
[Parallel(n_jobs=16)]: Done 144 tasks      | elapsed:    0.4s
[Parallel(n_jobs=16)]: Done 148 tasks      | elapsed:    0.4s
[Parallel(n_jobs=16)]: Done 152 tasks      | elapsed:    0.4s
[Parallel(n_jobs=16)]: Done 156 tasks      | elapsed:    0.4s
[Parallel(n_jobs=16)]: Done 160 tasks      | elapsed:    0.5s
[Parallel(n_jobs=16)]: Done 164 tasks      | elapsed:    0.5s
[Parallel(n_jobs=16)]: Done 168 tasks      | elapsed:    0.5s
[Parallel(n_jobs=16)]: Done 172 tasks      | elapsed:    0.5s
[Parallel(n_jobs=16)]: Done 176 tasks      | elapsed:    0.5s
[Parallel(n_jobs=16)]: Done 180 tasks      | elapsed:    0.5s
[Parallel(n_jobs=16)]: Done 184 tasks      | elapsed:    0.5s
[Parallel(n_jobs=16)]: Done 188 tasks      | elapsed:    0.5s
[Parallel(n_jobs=16)]: Done 192 tasks      | elapsed:    0.5s
[Parallel(n_jobs=16)]: Done 196 tasks      | elapsed:    0.5s
[Parallel(n_jobs=16)]: Done 200 tasks      | elapsed:    0.5s
[Parallel(n_jobs=16)]: Done 204 tasks      | elapsed:    0.5s
[Parallel(n_jobs=16)]: Done 208 tasks      | elapsed:    0.5s
[Parallel(n_jobs=16)]: Done 212 tasks      | elapsed:    0.5s
[Parallel(n_jobs=16)]: Done 216 tasks      | elapsed:    0.6s
[Parallel(n_jobs=16)]: Done 220 tasks      | elapsed:    0.6s
[Parallel(n_jobs=16)]: Done 224 tasks      | elapsed:    0.6s
[Parallel(n_jobs=16)]: Done 232 tasks      | elapsed:    0.7s
[Parallel(n_jobs=16)]: Done 240 tasks      | elapsed:    0.7s
[Parallel(n_jobs=16)]: Done 248 tasks      | elapsed:    0.7s
[Parallel(n_jobs=16)]: Done 256 tasks      | elapsed:    0.7s
[Parallel(n_jobs=16)]: Done 264 tasks      | elapsed:    0.8s
[Parallel(n_jobs=16)]: Done 272 tasks      | elapsed:    0.8s
[Parallel(n_jobs=16)]: Done 280 tasks      | elapsed:    0.8s
[Parallel(n_jobs=16)]: Done 288 tasks      | elapsed:    0.8s
[Parallel(n_jobs=16)]: Done 296 tasks      | elapsed:    0.8s
[Parallel(n_jobs=16)]: Done 304 tasks      | elapsed:    0.8s
[Parallel(n_jobs=16)]: Done 312 tasks      | elapsed:    0.8s
[Parallel(n_jobs=16)]: Done 320 tasks      | elapsed:    0.8s
[Parallel(n_jobs=16)]: Done 328 tasks      | elapsed:    0.8s
[Parallel(n_jobs=16)]: Done 336 tasks      | elapsed:    0.8s
[Parallel(n_jobs=16)]: Done 344 tasks      | elapsed:    0.9s
[Parallel(n_jobs=16)]: Done 352 tasks      | elapsed:    0.9s
[Parallel(n_jobs=16)]: Done 360 tasks      | elapsed:    1.0s
[Parallel(n_jobs=16)]: Done 368 tasks      | elapsed:    1.0s
[Parallel(n_jobs=16)]: Done 376 tasks      | elapsed:    1.0s
[Parallel(n_jobs=16)]: Done 384 tasks      | elapsed:    1.0s
[Parallel(n_jobs=16)]: Done 392 tasks      | elapsed:    1.0s
[Parallel(n_jobs=16)]: Done 400 tasks      | elapsed:    1.0s
[Parallel(n_jobs=16)]: Done 408 tasks      | elapsed:    1.1s
[Parallel(n_jobs=16)]: Done 416 tasks      | elapsed:    1.1s
[Parallel(n_jobs=16)]: Done 424 tasks      | elapsed:    1.1s
[Parallel(n_jobs=16)]: Done 432 tasks      | elapsed:    1.1s
[Parallel(n_jobs=16)]: Done 440 tasks      | elapsed:    1.1s
[Parallel(n_jobs=16)]: Done 448 tasks      | elapsed:    1.1s
[Parallel(n_jobs=16)]: Done 456 tasks      | elapsed:    1.1s
[Parallel(n_jobs=16)]: Done 464 tasks      | elapsed:    1.1s
[Parallel(n_jobs=16)]: Done 472 tasks      | elapsed:    1.1s
[Parallel(n_jobs=16)]: Done 480 tasks      | elapsed:    1.2s
[Parallel(n_jobs=16)]: Done 488 tasks      | elapsed:    1.2s
[Parallel(n_jobs=16)]: Done 496 tasks      | elapsed:    1.2s
[Parallel(n_jobs=16)]: Done 504 tasks      | elapsed:    1.3s
[Parallel(n_jobs=16)]: Done 512 tasks      | elapsed:    1.3s
[Parallel(n_jobs=16)]: Done 520 tasks      | elapsed:    1.3s
[Parallel(n_jobs=16)]: Done 528 tasks      | elapsed:    1.3s
[Parallel(n_jobs=16)]: Done 536 tasks      | elapsed:    1.3s
[Parallel(n_jobs=16)]: Done 544 tasks      | elapsed:    1.3s
[Parallel(n_jobs=16)]: Done 552 tasks      | elapsed:    1.4s
[Parallel(n_jobs=16)]: Done 560 tasks      | elapsed:    1.4s
[Parallel(n_jobs=16)]: Done 568 tasks      | elapsed:    1.4s
[Parallel(n_jobs=16)]: Done 576 tasks      | elapsed:    1.4s
[Parallel(n_jobs=16)]: Done 584 tasks      | elapsed:    1.4s
[Parallel(n_jobs=16)]: Done 592 tasks      | elapsed:    1.4s
[Parallel(n_jobs=16)]: Done 600 tasks      | elapsed:    1.5s
[Parallel(n_jobs=16)]: Done 608 tasks      | elapsed:    1.5s
[Parallel(n_jobs=16)]: Done 616 tasks      | elapsed:    1.5s
[Parallel(n_jobs=16)]: Done 624 tasks      | elapsed:    1.5s
[Parallel(n_jobs=16)]: Done 632 tasks      | elapsed:    1.5s
[Parallel(n_jobs=16)]: Done 640 tasks      | elapsed:    1.6s
[Parallel(n_jobs=16)]: Done 648 tasks      | elapsed:    1.6s
[Parallel(n_jobs=16)]: Done 656 tasks      | elapsed:    1.6s
[Parallel(n_jobs=16)]: Done 664 tasks      | elapsed:    1.6s
[Parallel(n_jobs=16)]: Done 672 tasks      | elapsed:    1.6s
[Parallel(n_jobs=16)]: Done 680 tasks      | elapsed:    1.6s
[Parallel(n_jobs=16)]: Done 688 tasks      | elapsed:    1.6s
[Parallel(n_jobs=16)]: Done 696 tasks      | elapsed:    1.7s
[Parallel(n_jobs=16)]: Done 704 tasks      | elapsed:    1.7s
[Parallel(n_jobs=16)]: Done 712 tasks      | elapsed:    1.7s
[Parallel(n_jobs=16)]: Done 720 tasks      | elapsed:    1.7s
[Parallel(n_jobs=16)]: Done 728 tasks      | elapsed:    1.8s
[Parallel(n_jobs=16)]: Done 736 tasks      | elapsed:    1.8s
[Parallel(n_jobs=16)]: Done 744 tasks      | elapsed:    1.8s
[Parallel(n_jobs=16)]: Done 752 tasks      | elapsed:    1.8s
[Parallel(n_jobs=16)]: Done 760 tasks      | elapsed:    1.8s
[Parallel(n_jobs=16)]: Done 768 tasks      | elapsed:    1.8s
[Parallel(n_jobs=16)]: Done 776 tasks      | elapsed:    1.9s
[Parallel(n_jobs=16)]: Done 784 tasks      | elapsed:    1.9s
[Parallel(n_jobs=16)]: Done 792 tasks      | elapsed:    1.9s
[Parallel(n_jobs=16)]: Done 800 tasks      | elapsed:    1.9s
[Parallel(n_jobs=16)]: Done 808 tasks      | elapsed:    1.9s
[Parallel(n_jobs=16)]: Done 816 tasks      | elapsed:    1.9s
[Parallel(n_jobs=16)]: Done 824 tasks      | elapsed:    1.9s
[Parallel(n_jobs=16)]: Done 832 tasks      | elapsed:    1.9s
[Parallel(n_jobs=16)]: Done 840 tasks      | elapsed:    2.0s
[Parallel(n_jobs=16)]: Done 848 tasks      | elapsed:    2.0s
[Parallel(n_jobs=16)]: Done 856 tasks      | elapsed:    2.0s
[Parallel(n_jobs=16)]: Done 864 tasks      | elapsed:    2.0s
[Parallel(n_jobs=16)]: Done 872 tasks      | elapsed:    2.0s
[Parallel(n_jobs=16)]: Done 880 tasks      | elapsed:    2.1s
[Parallel(n_jobs=16)]: Done 888 tasks      | elapsed:    2.1s
[Parallel(n_jobs=16)]: Done 896 tasks      | elapsed:    2.1s
[Parallel(n_jobs=16)]: Done 904 tasks      | elapsed:    2.2s
[Parallel(n_jobs=16)]: Done 912 tasks      | elapsed:    2.2s
[Parallel(n_jobs=16)]: Done 920 tasks      | elapsed:    2.2s
[Parallel(n_jobs=16)]: Done 928 tasks      | elapsed:    2.2s
[Parallel(n_jobs=16)]: Done 936 tasks      | elapsed:    2.2s
[Parallel(n_jobs=16)]: Done 944 tasks      | elapsed:    2.2s
[Parallel(n_jobs=16)]: Done 952 tasks      | elapsed:    2.2s
[Parallel(n_jobs=16)]: Done 960 tasks      | elapsed:    2.2s
[Parallel(n_jobs=16)]: Done 968 tasks      | elapsed:    2.3s
[Parallel(n_jobs=16)]: Done 976 tasks      | elapsed:    2.3s
[Parallel(n_jobs=16)]: Done 984 tasks      | elapsed:    2.3s
[Parallel(n_jobs=16)]: Done 992 tasks      | elapsed:    2.3s
[Parallel(n_jobs=16)]: Done 1000 tasks      | elapsed:    2.3s
[Parallel(n_jobs=16)]: Done 1008 tasks      | elapsed:    2.4s
[Parallel(n_jobs=16)]: Done 1016 tasks      | elapsed:    2.4s
[Parallel(n_jobs=16)]: Done 1024 tasks      | elapsed:    2.4s
[Parallel(n_jobs=16)]: Done 1032 tasks      | elapsed:    2.4s
[Parallel(n_jobs=16)]: Done 1040 tasks      | elapsed:    2.5s
[Parallel(n_jobs=16)]: Done 1048 tasks      | elapsed:    2.5s
[Parallel(n_jobs=16)]: Done 1056 tasks      | elapsed:    2.5s
[Parallel(n_jobs=16)]: Done 1064 tasks      | elapsed:    2.5s
[Parallel(n_jobs=16)]: Done 1072 tasks      | elapsed:    2.5s
[Parallel(n_jobs=16)]: Done 1080 tasks      | elapsed:    2.5s
[Parallel(n_jobs=16)]: Done 1088 tasks      | elapsed:    2.5s
[Parallel(n_jobs=16)]: Done 1096 tasks      | elapsed:    2.5s
[Parallel(n_jobs=16)]: Done 1104 tasks      | elapsed:    2.6s
[Parallel(n_jobs=16)]: Done 1112 tasks      | elapsed:    2.6s
[Parallel(n_jobs=16)]: Done 1120 tasks      | elapsed:    2.6s
[Parallel(n_jobs=16)]: Done 1128 tasks      | elapsed:    2.7s
[Parallel(n_jobs=16)]: Done 1136 tasks      | elapsed:    2.7s
[Parallel(n_jobs=16)]: Done 1144 tasks      | elapsed:    2.7s
[Parallel(n_jobs=16)]: Done 1152 tasks      | elapsed:    2.7s
[Parallel(n_jobs=16)]: Done 1160 tasks      | elapsed:    2.7s
[Parallel(n_jobs=16)]: Done 1168 tasks      | elapsed:    2.7s
[Parallel(n_jobs=16)]: Done 1176 tasks      | elapsed:    2.8s
[Parallel(n_jobs=16)]: Done 1184 tasks      | elapsed:    2.8s
[Parallel(n_jobs=16)]: Done 1192 tasks      | elapsed:    2.8s
[Parallel(n_jobs=16)]: Done 1200 tasks      | elapsed:    2.8s
[Parallel(n_jobs=16)]: Done 1208 tasks      | elapsed:    2.9s
[Parallel(n_jobs=16)]: Done 1216 tasks      | elapsed:    2.9s
[Parallel(n_jobs=16)]: Done 1224 tasks      | elapsed:    2.9s
[Parallel(n_jobs=16)]: Done 1232 tasks      | elapsed:    2.9s
[Parallel(n_jobs=16)]: Done 1240 tasks      | elapsed:    2.9s
[Parallel(n_jobs=16)]: Done 1248 tasks      | elapsed:    2.9s
[Parallel(n_jobs=16)]: Done 1256 tasks      | elapsed:    3.0s
[Parallel(n_jobs=16)]: Done 1264 tasks      | elapsed:    3.0s
[Parallel(n_jobs=16)]: Done 1272 tasks      | elapsed:    3.0s
[Parallel(n_jobs=16)]: Done 1280 tasks      | elapsed:    3.0s
[Parallel(n_jobs=16)]: Done 1288 tasks      | elapsed:    3.0s
[Parallel(n_jobs=16)]: Done 1296 tasks      | elapsed:    3.0s
[Parallel(n_jobs=16)]: Done 1304 tasks      | elapsed:    3.1s
[Parallel(n_jobs=16)]: Done 1312 tasks      | elapsed:    3.1s
[Parallel(n_jobs=16)]: Done 1320 tasks      | elapsed:    3.1s
[Parallel(n_jobs=16)]: Done 1328 tasks      | elapsed:    3.1s
[Parallel(n_jobs=16)]: Done 1336 tasks      | elapsed:    3.1s
[Parallel(n_jobs=16)]: Done 1344 tasks      | elapsed:    3.2s
[Parallel(n_jobs=16)]: Done 1352 tasks      | elapsed:    3.2s
[Parallel(n_jobs=16)]: Done 1360 tasks      | elapsed:    3.2s
[Parallel(n_jobs=16)]: Done 1368 tasks      | elapsed:    3.2s
[Parallel(n_jobs=16)]: Done 1376 tasks      | elapsed:    3.2s
[Parallel(n_jobs=16)]: Done 1384 tasks      | elapsed:    3.2s
[Parallel(n_jobs=16)]: Done 1392 tasks      | elapsed:    3.4s
[Parallel(n_jobs=16)]: Done 1400 tasks      | elapsed:    3.4s
[Parallel(n_jobs=16)]: Done 1408 tasks      | elapsed:    3.4s
[Parallel(n_jobs=16)]: Done 1416 tasks      | elapsed:    3.4s
[Parallel(n_jobs=16)]: Done 1424 tasks      | elapsed:    3.4s
[Parallel(n_jobs=16)]: Done 1432 tasks      | elapsed:    3.4s
[Parallel(n_jobs=16)]: Done 1440 tasks      | elapsed:    3.4s
[Parallel(n_jobs=16)]: Done 1448 tasks      | elapsed:    3.4s
[Parallel(n_jobs=16)]: Done 1456 tasks      | elapsed:    3.4s
[Parallel(n_jobs=16)]: Done 1464 tasks      | elapsed:    3.4s
[Parallel(n_jobs=16)]: Done 1472 tasks      | elapsed:    3.4s
[Parallel(n_jobs=16)]: Done 1480 tasks      | elapsed:    3.5s
[Parallel(n_jobs=16)]: Done 1488 tasks      | elapsed:    3.5s
[Parallel(n_jobs=16)]: Done 1496 tasks      | elapsed:    3.5s
[Parallel(n_jobs=16)]: Done 1504 tasks      | elapsed:    3.5s
[Parallel(n_jobs=16)]: Done 1512 tasks      | elapsed:    3.5s
[Parallel(n_jobs=16)]: Done 1520 tasks      | elapsed:    3.6s
[Parallel(n_jobs=16)]: Done 1528 tasks      | elapsed:    3.6s
[Parallel(n_jobs=16)]: Done 1536 tasks      | elapsed:    3.6s
[Parallel(n_jobs=16)]: Done 1544 tasks      | elapsed:    3.6s
[Parallel(n_jobs=16)]: Done 1552 tasks      | elapsed:    3.7s
[Parallel(n_jobs=16)]: Done 1560 tasks      | elapsed:    3.7s
[Parallel(n_jobs=16)]: Done 1568 tasks      | elapsed:    3.7s
[Parallel(n_jobs=16)]: Done 1576 tasks      | elapsed:    3.8s
[Parallel(n_jobs=16)]: Done 1584 tasks      | elapsed:    3.8s
[Parallel(n_jobs=16)]: Done 1592 tasks      | elapsed:    3.8s
[Parallel(n_jobs=16)]: Done 1600 tasks      | elapsed:    3.8s
[Parallel(n_jobs=16)]: Done 1608 tasks      | elapsed:    3.8s
[Parallel(n_jobs=16)]: Done 1616 tasks      | elapsed:    3.8s
[Parallel(n_jobs=16)]: Done 1624 tasks      | elapsed:    3.8s
[Parallel(n_jobs=16)]: Done 1632 tasks      | elapsed:    3.9s
[Parallel(n_jobs=16)]: Done 1640 tasks      | elapsed:    3.9s
[Parallel(n_jobs=16)]: Done 1648 tasks      | elapsed:    3.9s
[Parallel(n_jobs=16)]: Done 1656 tasks      | elapsed:    3.9s
[Parallel(n_jobs=16)]: Done 1664 tasks      | elapsed:    3.9s
[Parallel(n_jobs=16)]: Done 1672 tasks      | elapsed:    3.9s
[Parallel(n_jobs=16)]: Done 1680 tasks      | elapsed:    4.0s
[Parallel(n_jobs=16)]: Done 1688 tasks      | elapsed:    4.0s
[Parallel(n_jobs=16)]: Done 1696 tasks      | elapsed:    4.0s
[Parallel(n_jobs=16)]: Done 1704 tasks      | elapsed:    4.0s
[Parallel(n_jobs=16)]: Done 1712 tasks      | elapsed:    4.0s
[Parallel(n_jobs=16)]: Done 1720 tasks      | elapsed:    4.1s
[Parallel(n_jobs=16)]: Done 1728 tasks      | elapsed:    4.1s
[Parallel(n_jobs=16)]: Done 1736 tasks      | elapsed:    4.1s
[Parallel(n_jobs=16)]: Done 1744 tasks      | elapsed:    4.1s
[Parallel(n_jobs=16)]: Done 1752 tasks      | elapsed:    4.2s
[Parallel(n_jobs=16)]: Done 1760 tasks      | elapsed:    4.2s
[Parallel(n_jobs=16)]: Done 1768 tasks      | elapsed:    4.2s
[Parallel(n_jobs=16)]: Done 1776 tasks      | elapsed:    4.2s
[Parallel(n_jobs=16)]: Done 1784 tasks      | elapsed:    4.2s
[Parallel(n_jobs=16)]: Done 1792 tasks      | elapsed:    4.2s
[Parallel(n_jobs=16)]: Done 1800 tasks      | elapsed:    4.3s
[Parallel(n_jobs=16)]: Done 1808 tasks      | elapsed:    4.3s
[Parallel(n_jobs=16)]: Done 1816 tasks      | elapsed:    4.3s
[Parallel(n_jobs=16)]: Done 1824 tasks      | elapsed:    4.4s
[Parallel(n_jobs=16)]: Done 1832 tasks      | elapsed:    4.4s
[Parallel(n_jobs=16)]: Done 1840 tasks      | elapsed:    4.4s
[Parallel(n_jobs=16)]: Done 1848 tasks      | elapsed:    4.4s
[Parallel(n_jobs=16)]: Done 1856 tasks      | elapsed:    4.4s
[Parallel(n_jobs=16)]: Done 1864 tasks      | elapsed:    4.4s
[Parallel(n_jobs=16)]: Done 1872 tasks      | elapsed:    4.4s
[Parallel(n_jobs=16)]: Done 1880 tasks      | elapsed:    4.4s
[Parallel(n_jobs=16)]: Done 1888 tasks      | elapsed:    4.5s
[Parallel(n_jobs=16)]: Done 1896 tasks      | elapsed:    4.6s
[Parallel(n_jobs=16)]: Done 1904 tasks      | elapsed:    4.6s
[Parallel(n_jobs=16)]: Done 1912 tasks      | elapsed:    4.6s
[Parallel(n_jobs=16)]: Done 1920 tasks      | elapsed:    4.6s
[Parallel(n_jobs=16)]: Done 1928 tasks      | elapsed:    4.6s
[Parallel(n_jobs=16)]: Done 1936 tasks      | elapsed:    4.6s
[Parallel(n_jobs=16)]: Done 1944 tasks      | elapsed:    4.6s
[Parallel(n_jobs=16)]: Done 1952 tasks      | elapsed:    4.7s
[Parallel(n_jobs=16)]: Done 1960 tasks      | elapsed:    4.7s
[Parallel(n_jobs=16)]: Done 1968 tasks      | elapsed:    4.7s
[Parallel(n_jobs=16)]: Done 1976 tasks      | elapsed:    4.7s
[Parallel(n_jobs=16)]: Done 1984 tasks      | elapsed:    4.8s
[Parallel(n_jobs=16)]: Done 1992 tasks      | elapsed:    4.8s
[Parallel(n_jobs=16)]: Done 2000 tasks      | elapsed:    4.8s
[Parallel(n_jobs=16)]: Done 2008 tasks      | elapsed:    4.8s
[Parallel(n_jobs=16)]: Done 2016 tasks      | elapsed:    4.8s
[Parallel(n_jobs=16)]: Done 2024 tasks      | elapsed:    4.8s
[Parallel(n_jobs=16)]: Done 2032 tasks      | elapsed:    4.8s
[Parallel(n_jobs=16)]: Done 2040 tasks      | elapsed:    4.9s
[Parallel(n_jobs=16)]: Done 2048 tasks      | elapsed:    4.9s
[Parallel(n_jobs=16)]: Done 2056 tasks      | elapsed:    4.9s
[Parallel(n_jobs=16)]: Done 2064 tasks      | elapsed:    4.9s
[Parallel(n_jobs=16)]: Done 2072 tasks      | elapsed:    4.9s
[Parallel(n_jobs=16)]: Done 2080 tasks      | elapsed:    4.9s
[Parallel(n_jobs=16)]: Done 2088 tasks      | elapsed:    5.0s
[Parallel(n_jobs=16)]: Done 2096 tasks      | elapsed:    5.0s
[Parallel(n_jobs=16)]: Done 2104 tasks      | elapsed:    5.0s
[Parallel(n_jobs=16)]: Done 2112 tasks      | elapsed:    5.1s
[Parallel(n_jobs=16)]: Done 2120 tasks      | elapsed:    5.1s
[Parallel(n_jobs=16)]: Done 2128 tasks      | elapsed:    5.1s
[Parallel(n_jobs=16)]: Done 2136 tasks      | elapsed:    5.1s
[Parallel(n_jobs=16)]: Done 2144 tasks      | elapsed:    5.1s
[Parallel(n_jobs=16)]: Done 2152 tasks      | elapsed:    5.1s
[Parallel(n_jobs=16)]: Done 2160 tasks      | elapsed:    5.2s
[Parallel(n_jobs=16)]: Done 2168 tasks      | elapsed:    5.2s
[Parallel(n_jobs=16)]: Done 2176 tasks      | elapsed:    5.2s
[Parallel(n_jobs=16)]: Done 2184 tasks      | elapsed:    5.2s
[Parallel(n_jobs=16)]: Done 2192 tasks      | elapsed:    5.3s
[Parallel(n_jobs=16)]: Done 2200 tasks      | elapsed:    5.3s
[Parallel(n_jobs=16)]: Done 2208 tasks      | elapsed:    5.3s
[Parallel(n_jobs=16)]: Done 2216 tasks      | elapsed:    5.3s
[Parallel(n_jobs=16)]: Done 2224 tasks      | elapsed:    5.3s
[Parallel(n_jobs=16)]: Done 2232 tasks      | elapsed:    5.3s
[Parallel(n_jobs=16)]: Done 2240 tasks      | elapsed:    5.3s
[Parallel(n_jobs=16)]: Done 2248 tasks      | elapsed:    5.4s
[Parallel(n_jobs=16)]: Done 2256 tasks      | elapsed:    5.4s
[Parallel(n_jobs=16)]: Done 2264 tasks      | elapsed:    5.4s
[Parallel(n_jobs=16)]: Done 2272 tasks      | elapsed:    5.4s
[Parallel(n_jobs=16)]: Done 2280 tasks      | elapsed:    5.4s
[Parallel(n_jobs=16)]: Done 2288 tasks      | elapsed:    5.5s
[Parallel(n_jobs=16)]: Done 2296 tasks      | elapsed:    5.5s
[Parallel(n_jobs=16)]: Done 2304 tasks      | elapsed:    5.5s
[Parallel(n_jobs=16)]: Done 2312 tasks      | elapsed:    5.5s
[Parallel(n_jobs=16)]: Done 2320 tasks      | elapsed:    5.5s
[Parallel(n_jobs=16)]: Done 2328 tasks      | elapsed:    5.6s
[Parallel(n_jobs=16)]: Done 2336 tasks      | elapsed:    5.6s
[Parallel(n_jobs=16)]: Done 2344 tasks      | elapsed:    5.6s
[Parallel(n_jobs=16)]: Done 2352 tasks      | elapsed:    5.7s
[Parallel(n_jobs=16)]: Done 2360 tasks      | elapsed:    5.7s
[Parallel(n_jobs=16)]: Done 2368 tasks      | elapsed:    5.7s
[Parallel(n_jobs=16)]: Done 2376 tasks      | elapsed:    5.7s
[Parallel(n_jobs=16)]: Done 2384 tasks      | elapsed:    5.7s
[Parallel(n_jobs=16)]: Done 2392 tasks      | elapsed:    5.7s
[Parallel(n_jobs=16)]: Done 2400 tasks      | elapsed:    5.7s
[Parallel(n_jobs=16)]: Done 2408 tasks      | elapsed:    5.7s
[Parallel(n_jobs=16)]: Done 2416 tasks      | elapsed:    5.8s
[Parallel(n_jobs=16)]: Done 2424 tasks      | elapsed:    5.8s
[Parallel(n_jobs=16)]: Done 2432 tasks      | elapsed:    5.8s
[Parallel(n_jobs=16)]: Done 2440 tasks      | elapsed:    5.8s
[Parallel(n_jobs=16)]: Done 2448 tasks      | elapsed:    5.9s
[Parallel(n_jobs=16)]: Done 2456 tasks      | elapsed:    5.9s
[Parallel(n_jobs=16)]: Done 2464 tasks      | elapsed:    5.9s
[Parallel(n_jobs=16)]: Done 2472 tasks      | elapsed:    5.9s
[Parallel(n_jobs=16)]: Done 2480 tasks      | elapsed:    5.9s
[Parallel(n_jobs=16)]: Done 2488 tasks      | elapsed:    6.0s
[Parallel(n_jobs=16)]: Done 2496 tasks      | elapsed:    6.0s
[Parallel(n_jobs=16)]: Done 2504 tasks      | elapsed:    6.0s
[Parallel(n_jobs=16)]: Done 2512 tasks      | elapsed:    6.0s
[Parallel(n_jobs=16)]: Done 2520 tasks      | elapsed:    6.0s
[Parallel(n_jobs=16)]: Done 2528 tasks      | elapsed:    6.0s
[Parallel(n_jobs=16)]: Done 2536 tasks      | elapsed:    6.1s
[Parallel(n_jobs=16)]: Done 2544 tasks      | elapsed:    6.1s
[Parallel(n_jobs=16)]: Done 2552 tasks      | elapsed:    6.1s
[Parallel(n_jobs=16)]: Done 2560 tasks      | elapsed:    6.1s
[Parallel(n_jobs=16)]: Done 2568 tasks      | elapsed:    6.2s
[Parallel(n_jobs=16)]: Done 2576 tasks      | elapsed:    6.2s
[Parallel(n_jobs=16)]: Done 2584 tasks      | elapsed:    6.2s
[Parallel(n_jobs=16)]: Done 2592 tasks      | elapsed:    6.2s
[Parallel(n_jobs=16)]: Done 2600 tasks      | elapsed:    6.2s
[Parallel(n_jobs=16)]: Done 2608 tasks      | elapsed:    6.2s
[Parallel(n_jobs=16)]: Done 2616 tasks      | elapsed:    6.2s
[Parallel(n_jobs=16)]: Done 2624 tasks      | elapsed:    6.2s
[Parallel(n_jobs=16)]: Done 2632 tasks      | elapsed:    6.3s
[Parallel(n_jobs=16)]: Done 2640 tasks      | elapsed:    6.3s
[Parallel(n_jobs=16)]: Done 2648 tasks      | elapsed:    6.3s
[Parallel(n_jobs=16)]: Done 2656 tasks      | elapsed:    6.3s
[Parallel(n_jobs=16)]: Done 2664 tasks      | elapsed:    6.4s
[Parallel(n_jobs=16)]: Done 2672 tasks      | elapsed:    6.4s
[Parallel(n_jobs=16)]: Done 2680 tasks      | elapsed:    6.4s
[Parallel(n_jobs=16)]: Done 2688 tasks      | elapsed:    6.4s
[Parallel(n_jobs=16)]: Done 2696 tasks      | elapsed:    6.4s
[Parallel(n_jobs=16)]: Done 2704 tasks      | elapsed:    6.5s
[Parallel(n_jobs=16)]: Done 2712 tasks      | elapsed:    6.5s
[Parallel(n_jobs=16)]: Done 2720 tasks      | elapsed:    6.5s
[Parallel(n_jobs=16)]: Done 2728 tasks      | elapsed:    6.5s
[Parallel(n_jobs=16)]: Done 2736 tasks      | elapsed:    6.5s
[Parallel(n_jobs=16)]: Done 2744 tasks      | elapsed:    6.6s
[Parallel(n_jobs=16)]: Done 2752 tasks      | elapsed:    6.6s
[Parallel(n_jobs=16)]: Done 2760 tasks      | elapsed:    6.6s
[Parallel(n_jobs=16)]: Done 2768 tasks      | elapsed:    6.6s
[Parallel(n_jobs=16)]: Done 2776 tasks      | elapsed:    6.6s
[Parallel(n_jobs=16)]: Done 2784 tasks      | elapsed:    6.6s
[Parallel(n_jobs=16)]: Done 2792 tasks      | elapsed:    6.7s
[Parallel(n_jobs=16)]: Done 2800 tasks      | elapsed:    6.7s
[Parallel(n_jobs=16)]: Done 2808 tasks      | elapsed:    6.8s
[Parallel(n_jobs=16)]: Done 2816 tasks      | elapsed:    6.8s
[Parallel(n_jobs=16)]: Done 2824 tasks      | elapsed:    6.8s
[Parallel(n_jobs=16)]: Done 2832 tasks      | elapsed:    6.8s
[Parallel(n_jobs=16)]: Done 2840 tasks      | elapsed:    6.8s
[Parallel(n_jobs=16)]: Done 2848 tasks      | elapsed:    6.8s
[Parallel(n_jobs=16)]: Done 2856 tasks      | elapsed:    6.8s
[Parallel(n_jobs=16)]: Done 2864 tasks      | elapsed:    6.9s
[Parallel(n_jobs=16)]: Done 2872 tasks      | elapsed:    6.9s
[Parallel(n_jobs=16)]: Done 2880 tasks      | elapsed:    6.9s
[Parallel(n_jobs=16)]: Done 2888 tasks      | elapsed:    6.9s
[Parallel(n_jobs=16)]: Done 2896 tasks      | elapsed:    6.9s
[Parallel(n_jobs=16)]: Done 2904 tasks      | elapsed:    7.0s
[Parallel(n_jobs=16)]: Done 2912 tasks      | elapsed:    7.0s
[Parallel(n_jobs=16)]: Done 2920 tasks      | elapsed:    7.0s
[Parallel(n_jobs=16)]: Done 2928 tasks      | elapsed:    7.0s
[Parallel(n_jobs=16)]: Done 2936 tasks      | elapsed:    7.0s
[Parallel(n_jobs=16)]: Done 2944 tasks      | elapsed:    7.0s
[Parallel(n_jobs=16)]: Done 2952 tasks      | elapsed:    7.0s
[Parallel(n_jobs=16)]: Done 2960 tasks      | elapsed:    7.1s
[Parallel(n_jobs=16)]: Done 2968 tasks      | elapsed:    7.1s
[Parallel(n_jobs=16)]: Done 2976 tasks      | elapsed:    7.1s
[Parallel(n_jobs=16)]: Done 2984 tasks      | elapsed:    7.1s
[Parallel(n_jobs=16)]: Done 2992 tasks      | elapsed:    7.1s
[Parallel(n_jobs=16)]: Done 3000 tasks      | elapsed:    7.1s
[Parallel(n_jobs=16)]: Done 3008 tasks      | elapsed:    7.2s
[Parallel(n_jobs=16)]: Done 3016 tasks      | elapsed:    7.2s
[Parallel(n_jobs=16)]: Done 3024 tasks      | elapsed:    7.2s
[Parallel(n_jobs=16)]: Done 3032 tasks      | elapsed:    7.2s
[Parallel(n_jobs=16)]: Done 3040 tasks      | elapsed:    7.2s
[Parallel(n_jobs=16)]: Done 3048 tasks      | elapsed:    7.2s
[Parallel(n_jobs=16)]: Done 3056 tasks      | elapsed:    7.2s
[Parallel(n_jobs=16)]: Done 3064 tasks      | elapsed:    7.2s
[Parallel(n_jobs=16)]: Done 3072 tasks      | elapsed:    7.3s
[Parallel(n_jobs=16)]: Done 3080 tasks      | elapsed:    7.3s
[Parallel(n_jobs=16)]: Done 3088 tasks      | elapsed:    7.3s
[Parallel(n_jobs=16)]: Done 3096 tasks      | elapsed:    7.3s
[Parallel(n_jobs=16)]: Done 3104 tasks      | elapsed:    7.3s
[Parallel(n_jobs=16)]: Done 3112 tasks      | elapsed:    7.3s
[Parallel(n_jobs=16)]: Done 3120 tasks      | elapsed:    7.3s
[Parallel(n_jobs=16)]: Done 3128 tasks      | elapsed:    7.3s
[Parallel(n_jobs=16)]: Done 3136 tasks      | elapsed:    7.3s
[Parallel(n_jobs=16)]: Done 3144 tasks      | elapsed:    7.3s
[Parallel(n_jobs=16)]: Done 3152 tasks      | elapsed:    7.4s
[Parallel(n_jobs=16)]: Done 3160 tasks      | elapsed:    7.4s
[Parallel(n_jobs=16)]: Done 3168 tasks      | elapsed:    7.4s
[Parallel(n_jobs=16)]: Done 3176 tasks      | elapsed:    7.4s
[Parallel(n_jobs=16)]: Done 3184 tasks      | elapsed:    7.4s
[Parallel(n_jobs=16)]: Done 3192 tasks      | elapsed:    7.5s
[Parallel(n_jobs=16)]: Done 3200 tasks      | elapsed:    7.5s
[Parallel(n_jobs=16)]: Done 3208 tasks      | elapsed:    7.5s
[Parallel(n_jobs=16)]: Done 3216 tasks      | elapsed:    7.5s
[Parallel(n_jobs=16)]: Done 3224 tasks      | elapsed:    7.5s
[Parallel(n_jobs=16)]: Done 3232 tasks      | elapsed:    7.6s
[Parallel(n_jobs=16)]: Done 3240 tasks      | elapsed:    7.6s
[Parallel(n_jobs=16)]: Done 3248 tasks      | elapsed:    7.6s
[Parallel(n_jobs=16)]: Done 3256 tasks      | elapsed:    7.6s
[Parallel(n_jobs=16)]: Done 3264 tasks      | elapsed:    7.6s
[Parallel(n_jobs=16)]: Done 3272 tasks      | elapsed:    7.6s
[Parallel(n_jobs=16)]: Done 3280 tasks      | elapsed:    7.6s
[Parallel(n_jobs=16)]: Done 3288 tasks      | elapsed:    7.7s
[Parallel(n_jobs=16)]: Done 3296 tasks      | elapsed:    7.7s
[Parallel(n_jobs=16)]: Done 3304 tasks      | elapsed:    7.7s
[Parallel(n_jobs=16)]: Done 3312 tasks      | elapsed:    7.8s
[Parallel(n_jobs=16)]: Done 3320 tasks      | elapsed:    7.8s
[Parallel(n_jobs=16)]: Done 3328 tasks      | elapsed:    7.8s
[Parallel(n_jobs=16)]: Done 3336 tasks      | elapsed:    7.8s
[Parallel(n_jobs=16)]: Done 3344 tasks      | elapsed:    7.8s
[Parallel(n_jobs=16)]: Done 3352 tasks      | elapsed:    7.8s
[Parallel(n_jobs=16)]: Done 3360 tasks      | elapsed:    7.8s
[Parallel(n_jobs=16)]: Done 3368 tasks      | elapsed:    7.9s
[Parallel(n_jobs=16)]: Done 3376 tasks      | elapsed:    7.9s
[Parallel(n_jobs=16)]: Done 3384 tasks      | elapsed:    7.9s
[Parallel(n_jobs=16)]: Done 3392 tasks      | elapsed:    8.0s
[Parallel(n_jobs=16)]: Done 3400 tasks      | elapsed:    8.0s
[Parallel(n_jobs=16)]: Done 3408 tasks      | elapsed:    8.0s
[Parallel(n_jobs=16)]: Done 3416 tasks      | elapsed:    8.0s
[Parallel(n_jobs=16)]: Done 3424 tasks      | elapsed:    8.1s
[Parallel(n_jobs=16)]: Done 3432 tasks      | elapsed:    8.1s
[Parallel(n_jobs=16)]: Done 3440 tasks      | elapsed:    8.1s
[Parallel(n_jobs=16)]: Done 3448 tasks      | elapsed:    8.1s
[Parallel(n_jobs=16)]: Done 3456 tasks      | elapsed:    8.2s
[Parallel(n_jobs=16)]: Done 3464 tasks      | elapsed:    8.2s
[Parallel(n_jobs=16)]: Done 3472 tasks      | elapsed:    8.2s
[Parallel(n_jobs=16)]: Done 3480 tasks      | elapsed:    8.2s
[Parallel(n_jobs=16)]: Done 3488 tasks      | elapsed:    8.2s
[Parallel(n_jobs=16)]: Done 3496 tasks      | elapsed:    8.2s
[Parallel(n_jobs=16)]: Done 3504 tasks      | elapsed:    8.3s
[Parallel(n_jobs=16)]: Done 3512 tasks      | elapsed:    8.3s
[Parallel(n_jobs=16)]: Done 3520 tasks      | elapsed:    8.4s
[Parallel(n_jobs=16)]: Done 3528 tasks      | elapsed:    8.4s
[Parallel(n_jobs=16)]: Done 3536 tasks      | elapsed:    8.4s
[Parallel(n_jobs=16)]: Done 3544 tasks      | elapsed:    8.4s
[Parallel(n_jobs=16)]: Done 3552 tasks      | elapsed:    8.4s
[Parallel(n_jobs=16)]: Done 3560 tasks      | elapsed:    8.4s
[Parallel(n_jobs=16)]: Done 3568 tasks      | elapsed:    8.4s
[Parallel(n_jobs=16)]: Done 3576 tasks      | elapsed:    8.4s
[Parallel(n_jobs=16)]: Done 3584 tasks      | elapsed:    8.5s
[Parallel(n_jobs=16)]: Done 3592 tasks      | elapsed:    8.6s
[Parallel(n_jobs=16)]: Done 3600 tasks      | elapsed:    8.6s
[Parallel(n_jobs=16)]: Done 3608 tasks      | elapsed:    8.6s
[Parallel(n_jobs=16)]: Done 3616 tasks      | elapsed:    8.6s
[Parallel(n_jobs=16)]: Done 3624 tasks      | elapsed:    8.6s
[Parallel(n_jobs=16)]: Done 3632 tasks      | elapsed:    8.6s
[Parallel(n_jobs=16)]: Done 3640 tasks      | elapsed:    8.6s
[Parallel(n_jobs=16)]: Done 3648 tasks      | elapsed:    8.7s
[Parallel(n_jobs=16)]: Done 3656 tasks      | elapsed:    8.8s
[Parallel(n_jobs=16)]: Done 3664 tasks      | elapsed:    8.8s
[Parallel(n_jobs=16)]: Done 3672 tasks      | elapsed:    8.8s
[Parallel(n_jobs=16)]: Done 3680 tasks      | elapsed:    8.8s
[Parallel(n_jobs=16)]: Done 3688 tasks      | elapsed:    8.8s
[Parallel(n_jobs=16)]: Done 3696 tasks      | elapsed:    8.8s
[Parallel(n_jobs=16)]: Done 3704 tasks      | elapsed:    8.8s
[Parallel(n_jobs=16)]: Done 3712 tasks      | elapsed:    8.9s
[Parallel(n_jobs=16)]: Done 3720 tasks      | elapsed:    8.9s
[Parallel(n_jobs=16)]: Done 3728 tasks      | elapsed:    8.9s
[Parallel(n_jobs=16)]: Done 3736 tasks      | elapsed:    8.9s
[Parallel(n_jobs=16)]: Done 3744 tasks      | elapsed:    8.9s
[Parallel(n_jobs=16)]: Done 3752 tasks      | elapsed:    9.0s
[Parallel(n_jobs=16)]: Done 3760 tasks      | elapsed:    9.0s
[Parallel(n_jobs=16)]: Done 3768 tasks      | elapsed:    9.0s
[Parallel(n_jobs=16)]: Done 3776 tasks      | elapsed:    9.0s
[Parallel(n_jobs=16)]: Done 3784 tasks      | elapsed:    9.1s
[Parallel(n_jobs=16)]: Done 3792 tasks      | elapsed:    9.1s
[Parallel(n_jobs=16)]: Done 3800 tasks      | elapsed:    9.1s
[Parallel(n_jobs=16)]: Done 3808 tasks      | elapsed:    9.1s
[Parallel(n_jobs=16)]: Done 3816 tasks      | elapsed:    9.2s
[Parallel(n_jobs=16)]: Done 3824 tasks      | elapsed:    9.2s
[Parallel(n_jobs=16)]: Done 3832 tasks      | elapsed:    9.2s
[Parallel(n_jobs=16)]: Done 3840 tasks      | elapsed:    9.2s
[Parallel(n_jobs=16)]: Done 3848 tasks      | elapsed:    9.3s
[Parallel(n_jobs=16)]: Done 3856 tasks      | elapsed:    9.3s
[Parallel(n_jobs=16)]: Done 3864 tasks      | elapsed:    9.3s
[Parallel(n_jobs=16)]: Done 3872 tasks      | elapsed:    9.3s
[Parallel(n_jobs=16)]: Done 3880 tasks      | elapsed:    9.3s
[Parallel(n_jobs=16)]: Done 3888 tasks      | elapsed:    9.4s
[Parallel(n_jobs=16)]: Done 3896 tasks      | elapsed:    9.4s
[Parallel(n_jobs=16)]: Done 3904 tasks      | elapsed:    9.4s
[Parallel(n_jobs=16)]: Done 3912 tasks      | elapsed:    9.4s
[Parallel(n_jobs=16)]: Done 3920 tasks      | elapsed:    9.5s
[Parallel(n_jobs=16)]: Done 3928 tasks      | elapsed:    9.5s
[Parallel(n_jobs=16)]: Done 3936 tasks      | elapsed:    9.5s
[Parallel(n_jobs=16)]: Done 3944 tasks      | elapsed:    9.5s
[Parallel(n_jobs=16)]: Done 3952 tasks      | elapsed:    9.5s
[Parallel(n_jobs=16)]: Done 3960 tasks      | elapsed:    9.5s
[Parallel(n_jobs=16)]: Done 3968 tasks      | elapsed:    9.6s
[Parallel(n_jobs=16)]: Done 3976 tasks      | elapsed:    9.6s
[Parallel(n_jobs=16)]: Done 3984 tasks      | elapsed:    9.6s
[Parallel(n_jobs=16)]: Done 3992 tasks      | elapsed:    9.6s
[Parallel(n_jobs=16)]: Done 4000 tasks      | elapsed:    9.7s
[Parallel(n_jobs=16)]: Done 4008 tasks      | elapsed:    9.7s
[Parallel(n_jobs=16)]: Done 4016 tasks      | elapsed:    9.7s
[Parallel(n_jobs=16)]: Done 4024 tasks      | elapsed:    9.8s
[Parallel(n_jobs=16)]: Done 4032 tasks      | elapsed:    9.8s
[Parallel(n_jobs=16)]: Done 4040 tasks      | elapsed:    9.8s
[Parallel(n_jobs=16)]: Done 4048 tasks      | elapsed:    9.8s
[Parallel(n_jobs=16)]: Done 4056 tasks      | elapsed:    9.8s
[Parallel(n_jobs=16)]: Done 4064 tasks      | elapsed:    9.8s
[Parallel(n_jobs=16)]: Done 4072 tasks      | elapsed:    9.8s
[Parallel(n_jobs=16)]: Done 4080 tasks      | elapsed:    9.8s
[Parallel(n_jobs=16)]: Done 4088 tasks      | elapsed:    9.9s
[Parallel(n_jobs=16)]: Done 4096 tasks      | elapsed:    9.9s
[Parallel(n_jobs=16)]: Done 4104 tasks      | elapsed:    9.9s
[Parallel(n_jobs=16)]: Done 4112 tasks      | elapsed:    9.9s
[Parallel(n_jobs=16)]: Done 4120 tasks      | elapsed:   10.0s
[Parallel(n_jobs=16)]: Done 4128 tasks      | elapsed:   10.0s
[Parallel(n_jobs=16)]: Done 4136 tasks      | elapsed:   10.0s
[Parallel(n_jobs=16)]: Done 4144 tasks      | elapsed:   10.0s
[Parallel(n_jobs=16)]: Done 4152 tasks      | elapsed:   10.1s
[Parallel(n_jobs=16)]: Done 4160 tasks      | elapsed:   10.1s
[Parallel(n_jobs=16)]: Done 4168 tasks      | elapsed:   10.1s
[Parallel(n_jobs=16)]: Done 4176 tasks      | elapsed:   10.1s
[Parallel(n_jobs=16)]: Done 4184 tasks      | elapsed:   10.1s
[Parallel(n_jobs=16)]: Done 4192 tasks      | elapsed:   10.1s
[Parallel(n_jobs=16)]: Done 4200 tasks      | elapsed:   10.1s
[Parallel(n_jobs=16)]: Done 4208 tasks      | elapsed:   10.2s
[Parallel(n_jobs=16)]: Done 4216 tasks      | elapsed:   10.2s
[Parallel(n_jobs=16)]: Done 4224 tasks      | elapsed:   10.2s
[Parallel(n_jobs=16)]: Done 4232 tasks      | elapsed:   10.3s
[Parallel(n_jobs=16)]: Done 4240 tasks      | elapsed:   10.3s
[Parallel(n_jobs=16)]: Done 4248 tasks      | elapsed:   10.3s
[Parallel(n_jobs=16)]: Done 4256 tasks      | elapsed:   10.3s
[Parallel(n_jobs=16)]: Done 4264 tasks      | elapsed:   10.3s
[Parallel(n_jobs=16)]: Done 4272 tasks      | elapsed:   10.4s
[Parallel(n_jobs=16)]: Done 4280 tasks      | elapsed:   10.4s
[Parallel(n_jobs=16)]: Done 4288 tasks      | elapsed:   10.4s
[Parallel(n_jobs=16)]: Done 4296 tasks      | elapsed:   10.4s
[Parallel(n_jobs=16)]: Done 4304 tasks      | elapsed:   10.4s
[Parallel(n_jobs=16)]: Done 4312 tasks      | elapsed:   10.4s
[Parallel(n_jobs=16)]: Done 4320 tasks      | elapsed:   10.5s
[Parallel(n_jobs=16)]: Done 4328 tasks      | elapsed:   10.5s
[Parallel(n_jobs=16)]: Done 4336 tasks      | elapsed:   10.5s
[Parallel(n_jobs=16)]: Done 4344 tasks      | elapsed:   10.5s
[Parallel(n_jobs=16)]: Done 4352 tasks      | elapsed:   10.5s
[Parallel(n_jobs=16)]: Done 4360 tasks      | elapsed:   10.6s
[Parallel(n_jobs=16)]: Done 4368 tasks      | elapsed:   10.6s
[Parallel(n_jobs=16)]: Done 4376 tasks      | elapsed:   10.6s
[Parallel(n_jobs=16)]: Done 4384 tasks      | elapsed:   10.6s
[Parallel(n_jobs=16)]: Done 4392 tasks      | elapsed:   10.7s
[Parallel(n_jobs=16)]: Done 4400 tasks      | elapsed:   10.7s
[Parallel(n_jobs=16)]: Done 4408 tasks      | elapsed:   10.7s
[Parallel(n_jobs=16)]: Done 4416 tasks      | elapsed:   10.7s
[Parallel(n_jobs=16)]: Done 4424 tasks      | elapsed:   10.7s
[Parallel(n_jobs=16)]: Done 4432 tasks      | elapsed:   10.7s
[Parallel(n_jobs=16)]: Done 4440 tasks      | elapsed:   10.8s
[Parallel(n_jobs=16)]: Done 4448 tasks      | elapsed:   10.8s
[Parallel(n_jobs=16)]: Done 4456 tasks      | elapsed:   10.8s
[Parallel(n_jobs=16)]: Done 4464 tasks      | elapsed:   10.8s
[Parallel(n_jobs=16)]: Done 4472 tasks      | elapsed:   10.8s
[Parallel(n_jobs=16)]: Done 4480 tasks      | elapsed:   10.9s
[Parallel(n_jobs=16)]: Done 4488 tasks      | elapsed:   10.9s
[Parallel(n_jobs=16)]: Done 4496 tasks      | elapsed:   10.9s
[Parallel(n_jobs=16)]: Done 4504 tasks      | elapsed:   10.9s
[Parallel(n_jobs=16)]: Done 4512 tasks      | elapsed:   10.9s
[Parallel(n_jobs=16)]: Done 4520 tasks      | elapsed:   11.0s
[Parallel(n_jobs=16)]: Done 4528 tasks      | elapsed:   11.0s
[Parallel(n_jobs=16)]: Done 4536 tasks      | elapsed:   11.0s
[Parallel(n_jobs=16)]: Done 4544 tasks      | elapsed:   11.0s
[Parallel(n_jobs=16)]: Done 4552 tasks      | elapsed:   11.0s
[Parallel(n_jobs=16)]: Done 4560 tasks      | elapsed:   11.1s
[Parallel(n_jobs=16)]: Done 4568 tasks      | elapsed:   11.1s
[Parallel(n_jobs=16)]: Done 4576 tasks      | elapsed:   11.1s
[Parallel(n_jobs=16)]: Done 4584 tasks      | elapsed:   11.1s
[Parallel(n_jobs=16)]: Done 4592 tasks      | elapsed:   11.1s
[Parallel(n_jobs=16)]: Done 4600 tasks      | elapsed:   11.1s
[Parallel(n_jobs=16)]: Done 4608 tasks      | elapsed:   11.2s
[Parallel(n_jobs=16)]: Done 4616 tasks      | elapsed:   11.2s
[Parallel(n_jobs=16)]: Done 4624 tasks      | elapsed:   11.2s
[Parallel(n_jobs=16)]: Done 4632 tasks      | elapsed:   11.2s
[Parallel(n_jobs=16)]: Done 4640 tasks      | elapsed:   11.2s
[Parallel(n_jobs=16)]: Done 4648 tasks      | elapsed:   11.2s
[Parallel(n_jobs=16)]: Done 4656 tasks      | elapsed:   11.3s
[Parallel(n_jobs=16)]: Done 4664 tasks      | elapsed:   11.3s
[Parallel(n_jobs=16)]: Done 4672 tasks      | elapsed:   11.3s
[Parallel(n_jobs=16)]: Done 4680 tasks      | elapsed:   11.3s
[Parallel(n_jobs=16)]: Done 4688 tasks      | elapsed:   11.4s
[Parallel(n_jobs=16)]: Done 4696 tasks      | elapsed:   11.4s
[Parallel(n_jobs=16)]: Done 4704 tasks      | elapsed:   11.4s
[Parallel(n_jobs=16)]: Done 4712 tasks      | elapsed:   11.4s
[Parallel(n_jobs=16)]: Done 4720 tasks      | elapsed:   11.4s
[Parallel(n_jobs=16)]: Done 4728 tasks      | elapsed:   11.4s
[Parallel(n_jobs=16)]: Done 4736 tasks      | elapsed:   11.4s
[Parallel(n_jobs=16)]: Done 4744 tasks      | elapsed:   11.5s
[Parallel(n_jobs=16)]: Done 4752 tasks      | elapsed:   11.5s
[Parallel(n_jobs=16)]: Done 4760 tasks      | elapsed:   11.5s
[Parallel(n_jobs=16)]: Done 4768 tasks      | elapsed:   11.5s
[Parallel(n_jobs=16)]: Done 4776 tasks      | elapsed:   11.6s
[Parallel(n_jobs=16)]: Done 4784 tasks      | elapsed:   11.6s
[Parallel(n_jobs=16)]: Done 4792 tasks      | elapsed:   11.6s
[Parallel(n_jobs=16)]: Done 4800 tasks      | elapsed:   11.6s
[Parallel(n_jobs=16)]: Done 4808 tasks      | elapsed:   11.6s
[Parallel(n_jobs=16)]: Done 4816 tasks      | elapsed:   11.6s
[Parallel(n_jobs=16)]: Done 4824 tasks      | elapsed:   11.6s
[Parallel(n_jobs=16)]: Done 4832 tasks      | elapsed:   11.6s
[Parallel(n_jobs=16)]: Done 4840 tasks      | elapsed:   11.7s
[Parallel(n_jobs=16)]: Done 4848 tasks      | elapsed:   11.7s
[Parallel(n_jobs=16)]: Done 4856 tasks      | elapsed:   11.7s
[Parallel(n_jobs=16)]: Done 4864 tasks      | elapsed:   11.7s
[Parallel(n_jobs=16)]: Done 4872 tasks      | elapsed:   11.8s
[Parallel(n_jobs=16)]: Done 4880 tasks      | elapsed:   11.8s
[Parallel(n_jobs=16)]: Done 4888 tasks      | elapsed:   11.8s
[Parallel(n_jobs=16)]: Done 4896 tasks      | elapsed:   11.8s
[Parallel(n_jobs=16)]: Done 4904 tasks      | elapsed:   11.9s
[Parallel(n_jobs=16)]: Done 4912 tasks      | elapsed:   11.9s
[Parallel(n_jobs=16)]: Done 4920 tasks      | elapsed:   11.9s
[Parallel(n_jobs=16)]: Done 4928 tasks      | elapsed:   11.9s
[Parallel(n_jobs=16)]: Done 4936 tasks      | elapsed:   11.9s
[Parallel(n_jobs=16)]: Done 4944 tasks      | elapsed:   11.9s
[Parallel(n_jobs=16)]: Done 4952 tasks      | elapsed:   11.9s
[Parallel(n_jobs=16)]: Done 4960 tasks      | elapsed:   11.9s
[Parallel(n_jobs=16)]: Done 4968 tasks      | elapsed:   12.0s
[Parallel(n_jobs=16)]: Done 4976 tasks      | elapsed:   12.0s
[Parallel(n_jobs=16)]: Done 4984 tasks      | elapsed:   12.0s
[Parallel(n_jobs=16)]: Done 4992 tasks      | elapsed:   12.0s
[Parallel(n_jobs=16)]: Done 5000 tasks      | elapsed:   12.1s
[Parallel(n_jobs=16)]: Done 5008 tasks      | elapsed:   12.1s
[Parallel(n_jobs=16)]: Done 5016 tasks      | elapsed:   12.1s
[Parallel(n_jobs=16)]: Done 5024 tasks      | elapsed:   12.1s
[Parallel(n_jobs=16)]: Done 5032 tasks      | elapsed:   12.1s
[Parallel(n_jobs=16)]: Done 5040 tasks      | elapsed:   12.1s
[Parallel(n_jobs=16)]: Done 5048 tasks      | elapsed:   12.2s
[Parallel(n_jobs=16)]: Done 5056 tasks      | elapsed:   12.2s
[Parallel(n_jobs=16)]: Done 5064 tasks      | elapsed:   12.2s
[Parallel(n_jobs=16)]: Done 5072 tasks      | elapsed:   12.2s
[Parallel(n_jobs=16)]: Done 5080 tasks      | elapsed:   12.2s
[Parallel(n_jobs=16)]: Done 5088 tasks      | elapsed:   12.2s
[Parallel(n_jobs=16)]: Done 5096 tasks      | elapsed:   12.3s
[Parallel(n_jobs=16)]: Done 5104 tasks      | elapsed:   12.3s
[Parallel(n_jobs=16)]: Done 5112 tasks      | elapsed:   12.3s
[Parallel(n_jobs=16)]: Done 5120 tasks      | elapsed:   12.3s
[Parallel(n_jobs=16)]: Done 5128 tasks      | elapsed:   12.3s
[Parallel(n_jobs=16)]: Done 5136 tasks      | elapsed:   12.4s
[Parallel(n_jobs=16)]: Done 5144 tasks      | elapsed:   12.4s
[Parallel(n_jobs=16)]: Done 5152 tasks      | elapsed:   12.4s
[Parallel(n_jobs=16)]: Done 5160 tasks      | elapsed:   12.4s
[Parallel(n_jobs=16)]: Done 5168 tasks      | elapsed:   12.4s
[Parallel(n_jobs=16)]: Done 5176 tasks      | elapsed:   12.4s
[Parallel(n_jobs=16)]: Done 5184 tasks      | elapsed:   12.4s
[Parallel(n_jobs=16)]: Done 5192 tasks      | elapsed:   12.4s
[Parallel(n_jobs=16)]: Done 5200 tasks      | elapsed:   12.5s
[Parallel(n_jobs=16)]: Done 5208 tasks      | elapsed:   12.5s
[Parallel(n_jobs=16)]: Done 5216 tasks      | elapsed:   12.5s
[Parallel(n_jobs=16)]: Done 5224 tasks      | elapsed:   12.5s
[Parallel(n_jobs=16)]: Done 5232 tasks      | elapsed:   12.5s
[Parallel(n_jobs=16)]: Done 5240 tasks      | elapsed:   12.6s
[Parallel(n_jobs=16)]: Done 5248 tasks      | elapsed:   12.6s
[Parallel(n_jobs=16)]: Done 5256 tasks      | elapsed:   12.6s
[Parallel(n_jobs=16)]: Done 5264 tasks      | elapsed:   12.6s
[Parallel(n_jobs=16)]: Done 5272 tasks      | elapsed:   12.6s
[Parallel(n_jobs=16)]: Done 5280 tasks      | elapsed:   12.6s
[Parallel(n_jobs=16)]: Done 5288 tasks      | elapsed:   12.6s
[Parallel(n_jobs=16)]: Done 5296 tasks      | elapsed:   12.7s
[Parallel(n_jobs=16)]: Done 5304 tasks      | elapsed:   12.7s
[Parallel(n_jobs=16)]: Done 5312 tasks      | elapsed:   12.7s
[Parallel(n_jobs=16)]: Done 5320 tasks      | elapsed:   12.7s
[Parallel(n_jobs=16)]: Done 5328 tasks      | elapsed:   12.8s
[Parallel(n_jobs=16)]: Done 5336 tasks      | elapsed:   12.8s
[Parallel(n_jobs=16)]: Done 5344 tasks      | elapsed:   12.8s
[Parallel(n_jobs=16)]: Done 5352 tasks      | elapsed:   12.8s
[Parallel(n_jobs=16)]: Done 5360 tasks      | elapsed:   12.8s
[Parallel(n_jobs=16)]: Done 5368 tasks      | elapsed:   12.8s
[Parallel(n_jobs=16)]: Done 5376 tasks      | elapsed:   12.8s
[Parallel(n_jobs=16)]: Done 5384 tasks      | elapsed:   12.9s
[Parallel(n_jobs=16)]: Done 5392 tasks      | elapsed:   12.9s
[Parallel(n_jobs=16)]: Done 5400 tasks      | elapsed:   12.9s
[Parallel(n_jobs=16)]: Done 5408 tasks      | elapsed:   12.9s
[Parallel(n_jobs=16)]: Done 5416 tasks      | elapsed:   12.9s
[Parallel(n_jobs=16)]: Done 5424 tasks      | elapsed:   13.0s
[Parallel(n_jobs=16)]: Done 5432 tasks      | elapsed:   13.0s
[Parallel(n_jobs=16)]: Done 5440 tasks      | elapsed:   13.0s
[Parallel(n_jobs=16)]: Done 5448 tasks      | elapsed:   13.1s
[Parallel(n_jobs=16)]: Done 5456 tasks      | elapsed:   13.1s
[Parallel(n_jobs=16)]: Done 5464 tasks      | elapsed:   13.1s
[Parallel(n_jobs=16)]: Done 5472 tasks      | elapsed:   13.1s
[Parallel(n_jobs=16)]: Done 5480 tasks      | elapsed:   13.1s
[Parallel(n_jobs=16)]: Done 5488 tasks      | elapsed:   13.1s
[Parallel(n_jobs=16)]: Done 5496 tasks      | elapsed:   13.1s
[Parallel(n_jobs=16)]: Done 5504 tasks      | elapsed:   13.1s
[Parallel(n_jobs=16)]: Done 5512 tasks      | elapsed:   13.2s
[Parallel(n_jobs=16)]: Done 5520 tasks      | elapsed:   13.2s
[Parallel(n_jobs=16)]: Done 5528 tasks      | elapsed:   13.2s
[Parallel(n_jobs=16)]: Done 5536 tasks      | elapsed:   13.3s
[Parallel(n_jobs=16)]: Done 5544 tasks      | elapsed:   13.3s
[Parallel(n_jobs=16)]: Done 5552 tasks      | elapsed:   13.3s
[Parallel(n_jobs=16)]: Done 5560 tasks      | elapsed:   13.3s
[Parallel(n_jobs=16)]: Done 5568 tasks      | elapsed:   13.3s
[Parallel(n_jobs=16)]: Done 5576 tasks      | elapsed:   13.3s
[Parallel(n_jobs=16)]: Done 5584 tasks      | elapsed:   13.4s
[Parallel(n_jobs=16)]: Done 5592 tasks      | elapsed:   13.4s
[Parallel(n_jobs=16)]: Done 5600 tasks      | elapsed:   13.4s
[Parallel(n_jobs=16)]: Done 5608 tasks      | elapsed:   13.4s
[Parallel(n_jobs=16)]: Done 5616 tasks      | elapsed:   13.4s
[Parallel(n_jobs=16)]: Done 5624 tasks      | elapsed:   13.4s
[Parallel(n_jobs=16)]: Done 5632 tasks      | elapsed:   13.5s
[Parallel(n_jobs=16)]: Done 5640 tasks      | elapsed:   13.5s
[Parallel(n_jobs=16)]: Done 5648 tasks      | elapsed:   13.5s
[Parallel(n_jobs=16)]: Done 5656 tasks      | elapsed:   13.5s
[Parallel(n_jobs=16)]: Done 5664 tasks      | elapsed:   13.5s
[Parallel(n_jobs=16)]: Done 5672 tasks      | elapsed:   13.6s
[Parallel(n_jobs=16)]: Done 5680 tasks      | elapsed:   13.6s
[Parallel(n_jobs=16)]: Done 5688 tasks      | elapsed:   13.6s
[Parallel(n_jobs=16)]: Done 5696 tasks      | elapsed:   13.6s
[Parallel(n_jobs=16)]: Done 5704 tasks      | elapsed:   13.7s
[Parallel(n_jobs=16)]: Done 5712 tasks      | elapsed:   13.7s
[Parallel(n_jobs=16)]: Done 5720 tasks      | elapsed:   13.7s
[Parallel(n_jobs=16)]: Done 5728 tasks      | elapsed:   13.7s
[Parallel(n_jobs=16)]: Done 5736 tasks      | elapsed:   13.7s
[Parallel(n_jobs=16)]: Done 5744 tasks      | elapsed:   13.8s
[Parallel(n_jobs=16)]: Done 5752 tasks      | elapsed:   13.8s
[Parallel(n_jobs=16)]: Done 5760 tasks      | elapsed:   13.8s
[Parallel(n_jobs=16)]: Done 5768 tasks      | elapsed:   13.8s
[Parallel(n_jobs=16)]: Done 5776 tasks      | elapsed:   13.9s
[Parallel(n_jobs=16)]: Done 5784 tasks      | elapsed:   13.9s
[Parallel(n_jobs=16)]: Done 5792 tasks      | elapsed:   13.9s
[Parallel(n_jobs=16)]: Done 5800 tasks      | elapsed:   13.9s
[Parallel(n_jobs=16)]: Done 5808 tasks      | elapsed:   13.9s
[Parallel(n_jobs=16)]: Done 5816 tasks      | elapsed:   13.9s
[Parallel(n_jobs=16)]: Done 5824 tasks      | elapsed:   14.0s
[Parallel(n_jobs=16)]: Done 5832 tasks      | elapsed:   14.0s
[Parallel(n_jobs=16)]: Done 5840 tasks      | elapsed:   14.0s
[Parallel(n_jobs=16)]: Done 5848 tasks      | elapsed:   14.0s
[Parallel(n_jobs=16)]: Done 5856 tasks      | elapsed:   14.1s
[Parallel(n_jobs=16)]: Done 5864 tasks      | elapsed:   14.1s
[Parallel(n_jobs=16)]: Done 5872 tasks      | elapsed:   14.1s
[Parallel(n_jobs=16)]: Done 5880 tasks      | elapsed:   14.1s
[Parallel(n_jobs=16)]: Done 5888 tasks      | elapsed:   14.1s
[Parallel(n_jobs=16)]: Done 5896 tasks      | elapsed:   14.1s
[Parallel(n_jobs=16)]: Done 5904 tasks      | elapsed:   14.2s
[Parallel(n_jobs=16)]: Done 5912 tasks      | elapsed:   14.2s
[Parallel(n_jobs=16)]: Done 5920 tasks      | elapsed:   14.2s
[Parallel(n_jobs=16)]: Done 5928 tasks      | elapsed:   14.2s
[Parallel(n_jobs=16)]: Done 5936 tasks      | elapsed:   14.3s
[Parallel(n_jobs=16)]: Done 5944 tasks      | elapsed:   14.3s
[Parallel(n_jobs=16)]: Done 5952 tasks      | elapsed:   14.3s
[Parallel(n_jobs=16)]: Done 5960 tasks      | elapsed:   14.3s
[Parallel(n_jobs=16)]: Done 5968 tasks      | elapsed:   14.3s
[Parallel(n_jobs=16)]: Done 5976 tasks      | elapsed:   14.3s
[Parallel(n_jobs=16)]: Done 5984 tasks      | elapsed:   14.4s
[Parallel(n_jobs=16)]: Done 5992 tasks      | elapsed:   14.4s
[Parallel(n_jobs=16)]: Done 6000 tasks      | elapsed:   14.4s
[Parallel(n_jobs=16)]: Done 6008 tasks      | elapsed:   14.4s
[Parallel(n_jobs=16)]: Done 6009 tasks      | elapsed:   14.5s
[Parallel(n_jobs=16)]: Done 6010 tasks      | elapsed:   14.5s
[Parallel(n_jobs=16)]: Done 6011 tasks      | elapsed:   14.5s
[Parallel(n_jobs=16)]: Done 6019 tasks      | elapsed:   14.5s
[Parallel(n_jobs=16)]: Done 6020 tasks      | elapsed:   14.5s
[Parallel(n_jobs=16)]: Done 6021 tasks      | elapsed:   14.5s
[Parallel(n_jobs=16)]: Done 6022 tasks      | elapsed:   14.5s
[Parallel(n_jobs=16)]: Done 6030 tasks      | elapsed:   14.5s
[Parallel(n_jobs=16)]: Done 6138 out of 6138 | elapsed:   14.8s finished
grasp: fitted 6138 voxels on 68 frames in 16 s
# fitted extended-kety parameters on the phantom (per-tissue medians over enhancing voxels; truth from results/pkLUT; 6138 voxels fitted per method)

signal -> concentration by spgr inversion with the label's T10 (oracle); fit = DCE-NET curve_fit with the sim's Cosine4 aif; ke = kep (1/min), ve, vp, ktrans = ke*ve (1/min), dt (s)

## ktrans
| label | truth | truth signal | NIK-tofts | NIK-free | NIK-patlak | GRASP-Pro K5 25spf | GRASP 25spf |
|---|---|---|---|---|---|---|---|
| 13 | 0.316 | 0.316 | 0.312 | 0.321 | 0.063 | 0.246 | 0.295 |
| 22 | 0.296 | 0.296 | 0.283 | 0.335 | 0.041 | 0.289 | 0.341 |
| 23 | 0.560 | 0.560 | 0.551 | 0.599 | 0.175 | 0.788 | 0.594 |
| 24 | 0.630 | 0.592 | 0.524 | 0.613 | 0.139 | 0.651 | 0.518 |
| 25 | 0.560 | 0.556 | 0.551 | 0.584 | 0.183 | 0.784 | 0.582 |
| 26 | 0.630 | 0.607 | 0.559 | 0.617 | 0.146 | 0.681 | 0.533 |
| 30 | 0.465 | 0.317 | 0.334 | 0.318 | 0.060 | 0.303 | 0.299 |
| 36 | 0.000 | 0.163 | 0.230 | 0.315 | 0.131 | 0.248 | 0.399 |
| 37 | 0.000 | 0.143 | 0.208 | 0.225 | 0.069 | 1.191 | 0.512 |
| 40 | 0.160 | 0.160 | 0.154 | 0.168 | 0.046 | 0.159 | 0.145 |
| 41 | 0.160 | 0.160 | 0.178 | 0.150 | 0.045 | 0.166 | 0.148 |
| 42 | 0.160 | 0.160 | 0.169 | 0.166 | 0.049 | 0.170 | 0.150 |
| 43 | 0.160 | 0.160 | 0.164 | 0.169 | 0.044 | 0.166 | 0.150 |

## ve
| label | truth | truth signal | NIK-tofts | NIK-free | NIK-patlak | GRASP-Pro K5 25spf | GRASP 25spf |
|---|---|---|---|---|---|---|---|
| 13 | 0.290 | 0.290 | 0.292 | 0.279 | 1.000 | 0.244 | 0.304 |
| 22 | 0.210 | 0.210 | 0.198 | 0.218 | 1.000 | 0.296 | 0.241 |
| 23 | 0.800 | 0.800 | 0.747 | 0.848 | 1.000 | 0.646 | 0.676 |
| 24 | 0.900 | 0.829 | 0.734 | 0.896 | 1.000 | 0.549 | 0.660 |
| 25 | 0.800 | 0.794 | 0.748 | 0.794 | 1.000 | 0.644 | 0.653 |
| 26 | 0.900 | 0.860 | 0.781 | 0.853 | 1.000 | 0.572 | 0.675 |
| 30 | 0.280 | 0.195 | 0.213 | 0.181 | 0.193 | 0.263 | 0.206 |
| 36 | 0.000 | 0.098 | 0.139 | 0.142 | 0.098 | 0.213 | 0.151 |
| 37 | 0.000 | 0.088 | 0.120 | 0.114 | 0.069 | 0.939 | 0.203 |
| 40 | 0.190 | 0.190 | 0.183 | 0.205 | 1.000 | 0.171 | 0.193 |
| 41 | 0.190 | 0.190 | 0.209 | 0.187 | 1.000 | 0.179 | 0.196 |
| 42 | 0.190 | 0.190 | 0.204 | 0.177 | 1.000 | 0.179 | 0.198 |
| 43 | 0.190 | 0.190 | 0.191 | 0.193 | 1.000 | 0.178 | 0.193 |

## vp
| label | truth | truth signal | NIK-tofts | NIK-free | NIK-patlak | GRASP-Pro K5 25spf | GRASP 25spf |
|---|---|---|---|---|---|---|---|
| 13 | 0.010 | 0.010 | 0.000 | 0.010 | 0.003 | 0.000 | 0.000 |
| 22 | 0.040 | 0.040 | 0.034 | 0.046 | 0.010 | 0.000 | 0.000 |
| 23 | 0.200 | 0.200 | 0.161 | 0.186 | 0.133 | 0.113 | 0.063 |
| 24 | 0.100 | 0.109 | 0.098 | 0.121 | 0.067 | 0.041 | 0.039 |
| 25 | 0.200 | 0.200 | 0.168 | 0.186 | 0.138 | 0.119 | 0.072 |
| 26 | 0.100 | 0.105 | 0.099 | 0.121 | 0.077 | 0.043 | 0.041 |
| 30 | 0.060 | 0.039 | 0.034 | 0.028 | 0.041 | 0.042 | 0.000 |
| 36 | 0.600 | 0.230 | 0.151 | 0.178 | 0.163 | 0.155 | 0.069 |
| 37 | 0.600 | 0.277 | 0.201 | 0.210 | 0.047 | 0.502 | 0.083 |
| 40 | 0.010 | 0.010 | 0.010 | 0.013 | 0.007 | 0.000 | 0.000 |
| 41 | 0.010 | 0.010 | 0.009 | 0.009 | 0.006 | 0.000 | 0.000 |
| 42 | 0.010 | 0.010 | 0.008 | 0.008 | 0.016 | 0.000 | 0.000 |
| 43 | 0.010 | 0.010 | 0.008 | 0.011 | 0.010 | 0.000 | 0.000 |

## ke
| label | truth | truth signal | NIK-tofts | NIK-free | NIK-patlak | GRASP-Pro K5 25spf | GRASP 25spf |
|---|---|---|---|---|---|---|---|
| 13 | 1.090 | 1.090 | 1.066 | 1.149 | 0.063 | 1.004 | 0.975 |
| 22 | 1.410 | 1.410 | 1.415 | 1.535 | 0.043 | 0.970 | 1.412 |
| 23 | 0.700 | 0.700 | 0.738 | 0.717 | 0.185 | 1.215 | 0.881 |
| 24 | 0.700 | 0.704 | 0.718 | 0.694 | 0.139 | 1.188 | 0.779 |
| 25 | 0.700 | 0.700 | 0.742 | 0.733 | 0.188 | 1.218 | 0.879 |
| 26 | 0.700 | 0.706 | 0.722 | 0.724 | 0.147 | 1.192 | 0.789 |
| 30 | 1.660 | 1.621 | 1.590 | 1.775 | 0.309 | 1.157 | 1.521 |
| 36 | 0.000 | 1.592 | 1.602 | 1.754 | 0.956 | 1.226 | 2.435 |
| 37 | 0.000 | 1.653 | 1.777 | 1.935 | 0.997 | 1.246 | 2.664 |
| 40 | 0.840 | 0.840 | 0.842 | 0.825 | 0.046 | 0.924 | 0.744 |
| 41 | 0.840 | 0.840 | 0.853 | 0.801 | 0.046 | 0.924 | 0.758 |
| 42 | 0.840 | 0.840 | 0.830 | 0.928 | 0.050 | 0.936 | 0.763 |
| 43 | 0.840 | 0.840 | 0.859 | 0.881 | 0.045 | 0.930 | 0.782 |

saved /net/beegfs/users/P101440/DCE_NIK/results/xcat_physical_nomotion_nik_vs_grasp/figures/pk_maps_phantom.png (110 s)
PK_MAPS_DONE
PK exit 0
