loaded kdata (512, 2172, 25, 24) TA=390.0 geom={'nz_acq': 25, 'nz_full': 36, 'slab_os': 0.2, 'n_images_per_slab': 60, 'pf_slice_code': 2, 'slice_res': 0.5, 'n_keep': 30, 'nz_recon': 72, 'n_keep_full': 60, 'center_par': 7, 'center_col': 256}
kz DC: MDH CenterPar=7 (energy argmax said 6); using MDH
kz partial fourier: DC=7 -> zero-filled to 36 partitions (start=11)
slab crop: slab_os=0.200 keep 30/36 [3:33] -> nzz=30
front-end 32s | nzz=30 ntviews=2157 nt=431 bas=256
/appdata/users/P101440/micromamba/envs/torch29/lib/python3.11/site-packages/scipy/_lib/_util.py:1181: RuntimeWarning: logm result may be inaccurate, approximate err = 9.529778708383674e-07
  return f(*arrays, *other_args, **kwargs)
/appdata/users/P101440/micromamba/envs/torch29/lib/python3.11/site-packages/scipy/_lib/_util.py:1181: RuntimeWarning: logm result may be inaccurate, approximate err = 9.088029173653922e-07
  return f(*arrays, *other_args, **kwargs)
/appdata/users/P101440/micromamba/envs/torch29/lib/python3.11/site-packages/scipy/_lib/_util.py:1181: RuntimeWarning: logm result may be inaccurate, approximate err = 8.04219382644078e-07
  return f(*arrays, *other_args, **kwargs)
/appdata/users/P101440/micromamba/envs/torch29/lib/python3.11/site-packages/scipy/_lib/_util.py:1181: RuntimeWarning: logm result may be inaccurate, approximate err = 8.13447968539549e-07
  return f(*arrays, *other_args, **kwargs)
/appdata/users/P101440/micromamba/envs/torch29/lib/python3.11/site-packages/scipy/_lib/_util.py:1181: RuntimeWarning: logm result may be inaccurate, approximate err = 7.262150916176324e-07
  return f(*arrays, *other_args, **kwargs)
/appdata/users/P101440/micromamba/envs/torch29/lib/python3.11/site-packages/scipy/_lib/_util.py:1181: RuntimeWarning: logm result may be inaccurate, approximate err = 1.1010719163095928e-06
  return f(*arrays, *other_args, **kwargs)
/appdata/users/P101440/micromamba/envs/torch29/lib/python3.11/site-packages/scipy/_lib/_util.py:1181: RuntimeWarning: logm result may be inaccurate, approximate err = 8.144581897795433e-07
  return f(*arrays, *other_args, **kwargs)
/appdata/users/P101440/micromamba/envs/torch29/lib/python3.11/site-packages/scipy/_lib/_util.py:1181: RuntimeWarning: logm result may be inaccurate, approximate err = 7.717809467067127e-07
  return f(*arrays, *other_args, **kwargs)
/appdata/users/P101440/micromamba/envs/torch29/lib/python3.11/site-packages/scipy/_lib/_util.py:1181: RuntimeWarning: logm result may be inaccurate, approximate err = 8.342585715581663e-07
  return f(*arrays, *other_args, **kwargs)
/appdata/users/P101440/micromamba/envs/torch29/lib/python3.11/site-packages/scipy/_lib/_util.py:1181: RuntimeWarning: logm result may be inaccurate, approximate err = 8.179015935638745e-07
  return f(*arrays, *other_args, **kwargs)
/appdata/users/P101440/micromamba/envs/torch29/lib/python3.11/site-packages/scipy/_lib/_util.py:1181: RuntimeWarning: logm result may be inaccurate, approximate err = 7.25867721484974e-07
  return f(*arrays, *other_args, **kwargs)
/appdata/users/P101440/micromamba/envs/torch29/lib/python3.11/site-packages/scipy/_lib/_util.py:1181: RuntimeWarning: logm result may be inaccurate, approximate err = 1.0909433285632986e-06
  return f(*arrays, *other_args, **kwargs)
/appdata/users/P101440/micromamba/envs/torch29/lib/python3.11/site-packages/scipy/_lib/_util.py:1181: RuntimeWarning: logm result may be inaccurate, approximate err = 8.678782137394592e-07
  return f(*arrays, *other_args, **kwargs)
/appdata/users/P101440/micromamba/envs/torch29/lib/python3.11/site-packages/scipy/_lib/_util.py:1181: RuntimeWarning: logm result may be inaccurate, approximate err = 9.18556395390624e-07
  return f(*arrays, *other_args, **kwargs)
/appdata/users/P101440/micromamba/envs/torch29/lib/python3.11/site-packages/scipy/_lib/_util.py:1181: RuntimeWarning: logm result may be inaccurate, approximate err = 9.999229177992675e-07
  return f(*arrays, *other_args, **kwargs)
/appdata/users/P101440/micromamba/envs/torch29/lib/python3.11/site-packages/scipy/_lib/_util.py:1181: RuntimeWarning: logm result may be inaccurate, approximate err = 8.717896093912714e-07
  return f(*arrays, *other_args, **kwargs)
/appdata/users/P101440/micromamba/envs/torch29/lib/python3.11/site-packages/scipy/_lib/_util.py:1181: RuntimeWarning: logm result may be inaccurate, approximate err = 1.056295218404557e-06
  return f(*arrays, *other_args, **kwargs)
/appdata/users/P101440/micromamba/envs/torch29/lib/python3.11/site-packages/scipy/_lib/_util.py:1181: RuntimeWarning: logm result may be inaccurate, approximate err = 1.0821624982781941e-06
  return f(*arrays, *other_args, **kwargs)
/appdata/users/P101440/micromamba/envs/torch29/lib/python3.11/site-packages/scipy/_lib/_util.py:1181: RuntimeWarning: logm result may be inaccurate, approximate err = 9.344890372631198e-07
  return f(*arrays, *other_args, **kwargs)
/appdata/users/P101440/micromamba/envs/torch29/lib/python3.11/site-packages/scipy/_lib/_util.py:1181: RuntimeWarning: logm result may be inaccurate, approximate err = 1.0568569450697396e-06
  return f(*arrays, *other_args, **kwargs)
/appdata/users/P101440/micromamba/envs/torch29/lib/python3.11/site-packages/scipy/_lib/_util.py:1181: RuntimeWarning: logm result may be inaccurate, approximate err = 1.0562187071627704e-06
  return f(*arrays, *other_args, **kwargs)
/appdata/users/P101440/micromamba/envs/torch29/lib/python3.11/site-packages/scipy/_lib/_util.py:1181: RuntimeWarning: logm result may be inaccurate, approximate err = 8.688297157277702e-07
  return f(*arrays, *other_args, **kwargs)
/appdata/users/P101440/micromamba/envs/torch29/lib/python3.11/site-packages/scipy/_lib/_util.py:1181: RuntimeWarning: logm result may be inaccurate, approximate err = 9.031444960783119e-07
  return f(*arrays, *other_args, **kwargs)
/appdata/users/P101440/micromamba/envs/torch29/lib/python3.11/site-packages/scipy/_lib/_util.py:1181: RuntimeWarning: logm result may be inaccurate, approximate err = 1.1485152526802267e-06
  return f(*arrays, *other_args, **kwargs)
/appdata/users/P101440/micromamba/envs/torch29/lib/python3.11/site-packages/scipy/_lib/_util.py:1181: RuntimeWarning: logm result may be inaccurate, approximate err = 6.993716965553176e-07
  return f(*arrays, *other_args, **kwargs)
/appdata/users/P101440/micromamba/envs/torch29/lib/python3.11/site-packages/scipy/_lib/_util.py:1181: RuntimeWarning: logm result may be inaccurate, approximate err = 7.027641686363495e-07
  return f(*arrays, *other_args, **kwargs)
/appdata/users/P101440/micromamba/envs/torch29/lib/python3.11/site-packages/scipy/_lib/_util.py:1181: RuntimeWarning: logm result may be inaccurate, approximate err = 1.0485124448678107e-06
  return f(*arrays, *other_args, **kwargs)
/appdata/users/P101440/micromamba/envs/torch29/lib/python3.11/site-packages/scipy/_lib/_util.py:1181: RuntimeWarning: logm result may be inaccurate, approximate err = 7.345886956500181e-07
  return f(*arrays, *other_args, **kwargs)
/appdata/users/P101440/micromamba/envs/torch29/lib/python3.11/site-packages/scipy/_lib/_util.py:1181: RuntimeWarning: logm result may be inaccurate, approximate err = 1.047013142851938e-06
  return f(*arrays, *other_args, **kwargs)
/appdata/users/P101440/micromamba/envs/torch29/lib/python3.11/site-packages/scipy/_lib/_util.py:1181: RuntimeWarning: logm result may be inaccurate, approximate err = 7.844628271413967e-07
  return f(*arrays, *other_args, **kwargs)
/appdata/users/P101440/micromamba/envs/torch29/lib/python3.11/site-packages/scipy/_lib/_util.py:1181: RuntimeWarning: logm result may be inaccurate, approximate err = 8.34034892704949e-07
  return f(*arrays, *other_args, **kwargs)
/appdata/users/P101440/micromamba/envs/torch29/lib/python3.11/site-packages/scipy/_lib/_util.py:1181: RuntimeWarning: logm result may be inaccurate, approximate err = 9.797674920264399e-07
  return f(*arrays, *other_args, **kwargs)
/appdata/users/P101440/micromamba/envs/torch29/lib/python3.11/site-packages/scipy/_lib/_util.py:1181: RuntimeWarning: logm result may be inaccurate, approximate err = 1.3942046734882751e-06
  return f(*arrays, *other_args, **kwargs)
/appdata/users/P101440/micromamba/envs/torch29/lib/python3.11/site-packages/scipy/_lib/_util.py:1181: RuntimeWarning: logm result may be inaccurate, approximate err = 8.951342920227034e-07
  return f(*arrays, *other_args, **kwargs)
/appdata/users/P101440/micromamba/envs/torch29/lib/python3.11/site-packages/scipy/_lib/_util.py:1181: RuntimeWarning: logm result may be inaccurate, approximate err = 1.0294867252014228e-06
  return f(*arrays, *other_args, **kwargs)
/appdata/users/P101440/micromamba/envs/torch29/lib/python3.11/site-packages/scipy/_lib/_util.py:1181: RuntimeWarning: logm result may be inaccurate, approximate err = 6.678496333734074e-07
  return f(*arrays, *other_args, **kwargs)
/appdata/users/P101440/micromamba/envs/torch29/lib/python3.11/site-packages/scipy/_lib/_util.py:1181: RuntimeWarning: logm result may be inaccurate, approximate err = 1.2099594641767908e-06
  return f(*arrays, *other_args, **kwargs)
/appdata/users/P101440/micromamba/envs/torch29/lib/python3.11/site-packages/scipy/_lib/_util.py:1181: RuntimeWarning: logm result may be inaccurate, approximate err = 9.221455457009142e-07
  return f(*arrays, *other_args, **kwargs)
/appdata/users/P101440/micromamba/envs/torch29/lib/python3.11/site-packages/scipy/_lib/_util.py:1181: RuntimeWarning: logm result may be inaccurate, approximate err = 8.895657401808421e-07
  return f(*arrays, *other_args, **kwargs)
/appdata/users/P101440/micromamba/envs/torch29/lib/python3.11/site-packages/scipy/_lib/_util.py:1181: RuntimeWarning: logm result may be inaccurate, approximate err = 1.276852231058001e-06
  return f(*arrays, *other_args, **kwargs)
/appdata/users/P101440/micromamba/envs/torch29/lib/python3.11/site-packages/scipy/_lib/_util.py:1181: RuntimeWarning: logm result may be inaccurate, approximate err = 1.0113465123140486e-06
  return f(*arrays, *other_args, **kwargs)
/appdata/users/P101440/micromamba/envs/torch29/lib/python3.11/site-packages/scipy/_lib/_util.py:1181: RuntimeWarning: logm result may be inaccurate, approximate err = 1.0771701681733248e-06
  return f(*arrays, *other_args, **kwargs)
/appdata/users/P101440/micromamba/envs/torch29/lib/python3.11/site-packages/scipy/_lib/_util.py:1181: RuntimeWarning: logm result may be inaccurate, approximate err = 6.962515612940479e-07
  return f(*arrays, *other_args, **kwargs)
/appdata/users/P101440/micromamba/envs/torch29/lib/python3.11/site-packages/scipy/_lib/_util.py:1181: RuntimeWarning: logm result may be inaccurate, approximate err = 1.0639607808116125e-06
  return f(*arrays, *other_args, **kwargs)
/appdata/users/P101440/micromamba/envs/torch29/lib/python3.11/site-packages/scipy/_lib/_util.py:1181: RuntimeWarning: logm result may be inaccurate, approximate err = 7.019581289569032e-07
  return f(*arrays, *other_args, **kwargs)
/appdata/users/P101440/micromamba/envs/torch29/lib/python3.11/site-packages/scipy/_lib/_util.py:1181: RuntimeWarning: logm result may be inaccurate, approximate err = 1.1417782843636815e-06
  return f(*arrays, *other_args, **kwargs)
/appdata/users/P101440/micromamba/envs/torch29/lib/python3.11/site-packages/scipy/_lib/_util.py:1181: RuntimeWarning: logm result may be inaccurate, approximate err = 7.571858304800116e-07
  return f(*arrays, *other_args, **kwargs)
/appdata/users/P101440/micromamba/envs/torch29/lib/python3.11/site-packages/scipy/_lib/_util.py:1181: RuntimeWarning: logm result may be inaccurate, approximate err = 7.900008540673298e-07
  return f(*arrays, *other_args, **kwargs)
/appdata/users/P101440/micromamba/envs/torch29/lib/python3.11/site-packages/scipy/_lib/_util.py:1181: RuntimeWarning: logm result may be inaccurate, approximate err = 1.024281459649501e-06
  return f(*arrays, *other_args, **kwargs)
/appdata/users/P101440/micromamba/envs/torch29/lib/python3.11/site-packages/scipy/_lib/_util.py:1181: RuntimeWarning: logm result may be inaccurate, approximate err = 7.346442885136639e-07
  return f(*arrays, *other_args, **kwargs)
/appdata/users/P101440/micromamba/envs/torch29/lib/python3.11/site-packages/scipy/_lib/_util.py:1181: RuntimeWarning: logm result may be inaccurate, approximate err = 7.201222729236179e-07
  return f(*arrays, *other_args, **kwargs)
/appdata/users/P101440/micromamba/envs/torch29/lib/python3.11/site-packages/scipy/_lib/_util.py:1181: RuntimeWarning: logm result may be inaccurate, approximate err = 9.65214780990209e-07
  return f(*arrays, *other_args, **kwargs)
/appdata/users/P101440/micromamba/envs/torch29/lib/python3.11/site-packages/scipy/_lib/_util.py:1181: RuntimeWarning: logm result may be inaccurate, approximate err = 7.310887326639204e-07
  return f(*arrays, *other_args, **kwargs)
/appdata/users/P101440/micromamba/envs/torch29/lib/python3.11/site-packages/scipy/_lib/_util.py:1181: RuntimeWarning: logm result may be inaccurate, approximate err = 1.0886587915592827e-06
  return f(*arrays, *other_args, **kwargs)
/appdata/users/P101440/micromamba/envs/torch29/lib/python3.11/site-packages/scipy/_lib/_util.py:1181: RuntimeWarning: logm result may be inaccurate, approximate err = 9.226355359714944e-07
  return f(*arrays, *other_args, **kwargs)
/appdata/users/P101440/micromamba/envs/torch29/lib/python3.11/site-packages/scipy/_lib/_util.py:1181: RuntimeWarning: logm result may be inaccurate, approximate err = 7.90645174220117e-07
  return f(*arrays, *other_args, **kwargs)
/appdata/users/P101440/micromamba/envs/torch29/lib/python3.11/site-packages/scipy/_lib/_util.py:1181: RuntimeWarning: logm result may be inaccurate, approximate err = 1.1583529158087913e-06
  return f(*arrays, *other_args, **kwargs)
/appdata/users/P101440/micromamba/envs/torch29/lib/python3.11/site-packages/scipy/_lib/_util.py:1181: RuntimeWarning: logm result may be inaccurate, approximate err = 7.570645266241627e-07
  return f(*arrays, *other_args, **kwargs)
/appdata/users/P101440/micromamba/envs/torch29/lib/python3.11/site-packages/scipy/_lib/_util.py:1181: RuntimeWarning: logm result may be inaccurate, approximate err = 9.665484412835212e-07
  return f(*arrays, *other_args, **kwargs)
/appdata/users/P101440/micromamba/envs/torch29/lib/python3.11/site-packages/scipy/_lib/_util.py:1181: RuntimeWarning: logm result may be inaccurate, approximate err = 6.397834226845589e-07
  return f(*arrays, *other_args, **kwargs)
/appdata/users/P101440/micromamba/envs/torch29/lib/python3.11/site-packages/scipy/_lib/_util.py:1181: RuntimeWarning: logm result may be inaccurate, approximate err = 1.0847489875231986e-06
  return f(*arrays, *other_args, **kwargs)
/appdata/users/P101440/micromamba/envs/torch29/lib/python3.11/site-packages/scipy/_lib/_util.py:1181: RuntimeWarning: logm result may be inaccurate, approximate err = 7.092528448993107e-07
  return f(*arrays, *other_args, **kwargs)
/appdata/users/P101440/micromamba/envs/torch29/lib/python3.11/site-packages/scipy/_lib/_util.py:1181: RuntimeWarning: logm result may be inaccurate, approximate err = 6.584442644452793e-07
  return f(*arrays, *other_args, **kwargs)
/appdata/users/P101440/micromamba/envs/torch29/lib/python3.11/site-packages/scipy/_lib/_util.py:1181: RuntimeWarning: logm result may be inaccurate, approximate err = 6.486683332695975e-07
  return f(*arrays, *other_args, **kwargs)
/appdata/users/P101440/micromamba/envs/torch29/lib/python3.11/site-packages/scipy/_lib/_util.py:1181: RuntimeWarning: logm result may be inaccurate, approximate err = 9.625632628740277e-07
  return f(*arrays, *other_args, **kwargs)
/appdata/users/P101440/micromamba/envs/torch29/lib/python3.11/site-packages/scipy/_lib/_util.py:1181: RuntimeWarning: logm result may be inaccurate, approximate err = 6.019918146193959e-07
  return f(*arrays, *other_args, **kwargs)
/appdata/users/P101440/micromamba/envs/torch29/lib/python3.11/site-packages/scipy/_lib/_util.py:1181: RuntimeWarning: logm result may be inaccurate, approximate err = 1.1173603979841573e-06
  return f(*arrays, *other_args, **kwargs)
/appdata/users/P101440/micromamba/envs/torch29/lib/python3.11/site-packages/scipy/_lib/_util.py:1181: RuntimeWarning: logm result may be inaccurate, approximate err = 1.0771273082355037e-06
  return f(*arrays, *other_args, **kwargs)
/appdata/users/P101440/micromamba/envs/torch29/lib/python3.11/site-packages/scipy/_lib/_util.py:1181: RuntimeWarning: logm result may be inaccurate, approximate err = 9.834807315201033e-07
  return f(*arrays, *other_args, **kwargs)
/appdata/users/P101440/micromamba/envs/torch29/lib/python3.11/site-packages/scipy/_lib/_util.py:1181: RuntimeWarning: logm result may be inaccurate, approximate err = 7.842165814508917e-07
  return f(*arrays, *other_args, **kwargs)
/appdata/users/P101440/micromamba/envs/torch29/lib/python3.11/site-packages/scipy/_lib/_util.py:1181: RuntimeWarning: logm result may be inaccurate, approximate err = 7.322029205170111e-07
  return f(*arrays, *other_args, **kwargs)
/appdata/users/P101440/micromamba/envs/torch29/lib/python3.11/site-packages/scipy/_lib/_util.py:1181: RuntimeWarning: logm result may be inaccurate, approximate err = 1.2810379530492355e-06
  return f(*arrays, *other_args, **kwargs)
/appdata/users/P101440/micromamba/envs/torch29/lib/python3.11/site-packages/scipy/_lib/_util.py:1181: RuntimeWarning: logm result may be inaccurate, approximate err = 7.042977472337952e-07
  return f(*arrays, *other_args, **kwargs)
/appdata/users/P101440/micromamba/envs/torch29/lib/python3.11/site-packages/scipy/_lib/_util.py:1181: RuntimeWarning: logm result may be inaccurate, approximate err = 8.61303760757437e-07
  return f(*arrays, *other_args, **kwargs)
/appdata/users/P101440/micromamba/envs/torch29/lib/python3.11/site-packages/scipy/_lib/_util.py:1181: RuntimeWarning: logm result may be inaccurate, approximate err = 1.0062045703307376e-06
  return f(*arrays, *other_args, **kwargs)
/appdata/users/P101440/micromamba/envs/torch29/lib/python3.11/site-packages/scipy/_lib/_util.py:1181: RuntimeWarning: logm result may be inaccurate, approximate err = 1.438830622646492e-06
  return f(*arrays, *other_args, **kwargs)
/appdata/users/P101440/micromamba/envs/torch29/lib/python3.11/site-packages/scipy/_lib/_util.py:1181: RuntimeWarning: logm result may be inaccurate, approximate err = 1.0490857675904408e-06
  return f(*arrays, *other_args, **kwargs)
/appdata/users/P101440/micromamba/envs/torch29/lib/python3.11/site-packages/scipy/_lib/_util.py:1181: RuntimeWarning: logm result may be inaccurate, approximate err = 6.523165438920842e-07
  return f(*arrays, *other_args, **kwargs)
/appdata/users/P101440/micromamba/envs/torch29/lib/python3.11/site-packages/scipy/_lib/_util.py:1181: RuntimeWarning: logm result may be inaccurate, approximate err = 6.510308594442904e-07
  return f(*arrays, *other_args, **kwargs)
/appdata/users/P101440/micromamba/envs/torch29/lib/python3.11/site-packages/scipy/_lib/_util.py:1181: RuntimeWarning: logm result may be inaccurate, approximate err = 8.235009545387584e-07
  return f(*arrays, *other_args, **kwargs)
/appdata/users/P101440/micromamba/envs/torch29/lib/python3.11/site-packages/scipy/_lib/_util.py:1181: RuntimeWarning: logm result may be inaccurate, approximate err = 1.1076734836024116e-06
  return f(*arrays, *other_args, **kwargs)
/appdata/users/P101440/micromamba/envs/torch29/lib/python3.11/site-packages/scipy/_lib/_util.py:1181: RuntimeWarning: logm result may be inaccurate, approximate err = 8.304096468236821e-07
  return f(*arrays, *other_args, **kwargs)
/appdata/users/P101440/micromamba/envs/torch29/lib/python3.11/site-packages/scipy/_lib/_util.py:1181: RuntimeWarning: logm result may be inaccurate, approximate err = 8.573836112191202e-07
  return f(*arrays, *other_args, **kwargs)
/appdata/users/P101440/micromamba/envs/torch29/lib/python3.11/site-packages/scipy/_lib/_util.py:1181: RuntimeWarning: logm result may be inaccurate, approximate err = 9.673733529780293e-07
  return f(*arrays, *other_args, **kwargs)
/appdata/users/P101440/micromamba/envs/torch29/lib/python3.11/site-packages/scipy/_lib/_util.py:1181: RuntimeWarning: logm result may be inaccurate, approximate err = 1.2564693179228925e-06
  return f(*arrays, *other_args, **kwargs)
/appdata/users/P101440/micromamba/envs/torch29/lib/python3.11/site-packages/scipy/_lib/_util.py:1181: RuntimeWarning: logm result may be inaccurate, approximate err = 9.387722457177006e-07
  return f(*arrays, *other_args, **kwargs)
/appdata/users/P101440/micromamba/envs/torch29/lib/python3.11/site-packages/scipy/_lib/_util.py:1181: RuntimeWarning: logm result may be inaccurate, approximate err = 6.794704177082167e-07
  return f(*arrays, *other_args, **kwargs)
/appdata/users/P101440/micromamba/envs/torch29/lib/python3.11/site-packages/scipy/_lib/_util.py:1181: RuntimeWarning: logm result may be inaccurate, approximate err = 9.352902452519629e-07
  return f(*arrays, *other_args, **kwargs)
/appdata/users/P101440/micromamba/envs/torch29/lib/python3.11/site-packages/scipy/_lib/_util.py:1181: RuntimeWarning: logm result may be inaccurate, approximate err = 9.650245829107007e-07
  return f(*arrays, *other_args, **kwargs)
/appdata/users/P101440/micromamba/envs/torch29/lib/python3.11/site-packages/scipy/_lib/_util.py:1181: RuntimeWarning: logm result may be inaccurate, approximate err = 1.3868152564100455e-06
  return f(*arrays, *other_args, **kwargs)
/appdata/users/P101440/micromamba/envs/torch29/lib/python3.11/site-packages/scipy/_lib/_util.py:1181: RuntimeWarning: logm result may be inaccurate, approximate err = 6.419292617465544e-07
  return f(*arrays, *other_args, **kwargs)
/appdata/users/P101440/micromamba/envs/torch29/lib/python3.11/site-packages/scipy/_lib/_util.py:1181: RuntimeWarning: logm result may be inaccurate, approximate err = 1.115430904974346e-06
  return f(*arrays, *other_args, **kwargs)
/appdata/users/P101440/micromamba/envs/torch29/lib/python3.11/site-packages/scipy/_lib/_util.py:1181: RuntimeWarning: logm result may be inaccurate, approximate err = 5.577111892307585e-07
  return f(*arrays, *other_args, **kwargs)
/appdata/users/P101440/micromamba/envs/torch29/lib/python3.11/site-packages/scipy/_lib/_util.py:1181: RuntimeWarning: logm result may be inaccurate, approximate err = 1.3624000985146267e-06
  return f(*arrays, *other_args, **kwargs)
/appdata/users/P101440/micromamba/envs/torch29/lib/python3.11/site-packages/scipy/_lib/_util.py:1181: RuntimeWarning: logm result may be inaccurate, approximate err = 8.202584922401002e-07
  return f(*arrays, *other_args, **kwargs)
/appdata/users/P101440/micromamba/envs/torch29/lib/python3.11/site-packages/scipy/_lib/_util.py:1181: RuntimeWarning: logm result may be inaccurate, approximate err = 6.476213911810191e-07
  return f(*arrays, *other_args, **kwargs)
/appdata/users/P101440/micromamba/envs/torch29/lib/python3.11/site-packages/scipy/_lib/_util.py:1181: RuntimeWarning: logm result may be inaccurate, approximate err = 7.388911171801738e-07
  return f(*arrays, *other_args, **kwargs)
/appdata/users/P101440/micromamba/envs/torch29/lib/python3.11/site-packages/scipy/_lib/_util.py:1181: RuntimeWarning: logm result may be inaccurate, approximate err = 1.0295525498804636e-06
  return f(*arrays, *other_args, **kwargs)
/appdata/users/P101440/micromamba/envs/torch29/lib/python3.11/site-packages/scipy/_lib/_util.py:1181: RuntimeWarning: logm result may be inaccurate, approximate err = 7.175972314144019e-07
  return f(*arrays, *other_args, **kwargs)
/appdata/users/P101440/micromamba/envs/torch29/lib/python3.11/site-packages/scipy/_lib/_util.py:1181: RuntimeWarning: logm result may be inaccurate, approximate err = 1.257966232515173e-06
  return f(*arrays, *other_args, **kwargs)
/appdata/users/P101440/micromamba/envs/torch29/lib/python3.11/site-packages/scipy/_lib/_util.py:1181: RuntimeWarning: logm result may be inaccurate, approximate err = 1.0203452802670654e-06
  return f(*arrays, *other_args, **kwargs)
/appdata/users/P101440/micromamba/envs/torch29/lib/python3.11/site-packages/scipy/_lib/_util.py:1181: RuntimeWarning: logm result may be inaccurate, approximate err = 7.6664707648888e-07
  return f(*arrays, *other_args, **kwargs)
/appdata/users/P101440/micromamba/envs/torch29/lib/python3.11/site-packages/scipy/_lib/_util.py:1181: RuntimeWarning: logm result may be inaccurate, approximate err = 6.652747401858505e-07
  return f(*arrays, *other_args, **kwargs)
/appdata/users/P101440/micromamba/envs/torch29/lib/python3.11/site-packages/scipy/_lib/_util.py:1181: RuntimeWarning: logm result may be inaccurate, approximate err = 9.051873917087505e-07
  return f(*arrays, *other_args, **kwargs)
/appdata/users/P101440/micromamba/envs/torch29/lib/python3.11/site-packages/scipy/_lib/_util.py:1181: RuntimeWarning: logm result may be inaccurate, approximate err = 6.090311899242806e-07
  return f(*arrays, *other_args, **kwargs)
/appdata/users/P101440/micromamba/envs/torch29/lib/python3.11/site-packages/scipy/_lib/_util.py:1181: RuntimeWarning: logm result may be inaccurate, approximate err = 8.28039844691375e-07
  return f(*arrays, *other_args, **kwargs)
/appdata/users/P101440/micromamba/envs/torch29/lib/python3.11/site-packages/scipy/_lib/_util.py:1181: RuntimeWarning: logm result may be inaccurate, approximate err = 9.77886884356849e-07
  return f(*arrays, *other_args, **kwargs)
/appdata/users/P101440/micromamba/envs/torch29/lib/python3.11/site-packages/scipy/_lib/_util.py:1181: RuntimeWarning: logm result may be inaccurate, approximate err = 8.470919965475332e-07
  return f(*arrays, *other_args, **kwargs)
/appdata/users/P101440/micromamba/envs/torch29/lib/python3.11/site-packages/scipy/_lib/_util.py:1181: RuntimeWarning: logm result may be inaccurate, approximate err = 1.117547526519047e-06
  return f(*arrays, *other_args, **kwargs)
/appdata/users/P101440/micromamba/envs/torch29/lib/python3.11/site-packages/scipy/_lib/_util.py:1181: RuntimeWarning: logm result may be inaccurate, approximate err = 9.201806960845715e-07
  return f(*arrays, *other_args, **kwargs)
/appdata/users/P101440/micromamba/envs/torch29/lib/python3.11/site-packages/scipy/_lib/_util.py:1181: RuntimeWarning: logm result may be inaccurate, approximate err = 8.279143344225304e-07
  return f(*arrays, *other_args, **kwargs)
/appdata/users/P101440/micromamba/envs/torch29/lib/python3.11/site-packages/scipy/_lib/_util.py:1181: RuntimeWarning: logm result may be inaccurate, approximate err = 7.558697916465462e-07
  return f(*arrays, *other_args, **kwargs)
/appdata/users/P101440/micromamba/envs/torch29/lib/python3.11/site-packages/scipy/_lib/_util.py:1181: RuntimeWarning: logm result may be inaccurate, approximate err = 9.402587579643296e-07
  return f(*arrays, *other_args, **kwargs)
/appdata/users/P101440/micromamba/envs/torch29/lib/python3.11/site-packages/scipy/_lib/_util.py:1181: RuntimeWarning: logm result may be inaccurate, approximate err = 1.1177169199072523e-06
  return f(*arrays, *other_args, **kwargs)
/appdata/users/P101440/micromamba/envs/torch29/lib/python3.11/site-packages/scipy/_lib/_util.py:1181: RuntimeWarning: logm result may be inaccurate, approximate err = 6.139595711829315e-07
  return f(*arrays, *other_args, **kwargs)
/appdata/users/P101440/micromamba/envs/torch29/lib/python3.11/site-packages/scipy/_lib/_util.py:1181: RuntimeWarning: logm result may be inaccurate, approximate err = 8.087041578619392e-07
  return f(*arrays, *other_args, **kwargs)
/appdata/users/P101440/micromamba/envs/torch29/lib/python3.11/site-packages/scipy/_lib/_util.py:1181: RuntimeWarning: logm result may be inaccurate, approximate err = 8.868333338796219e-07
  return f(*arrays, *other_args, **kwargs)
/appdata/users/P101440/micromamba/envs/torch29/lib/python3.11/site-packages/scipy/_lib/_util.py:1181: RuntimeWarning: logm result may be inaccurate, approximate err = 7.514272510888986e-07
  return f(*arrays, *other_args, **kwargs)
/appdata/users/P101440/micromamba/envs/torch29/lib/python3.11/site-packages/scipy/_lib/_util.py:1181: RuntimeWarning: logm result may be inaccurate, approximate err = 9.101756290874619e-07
  return f(*arrays, *other_args, **kwargs)
/appdata/users/P101440/micromamba/envs/torch29/lib/python3.11/site-packages/scipy/_lib/_util.py:1181: RuntimeWarning: logm result may be inaccurate, approximate err = 1.0224174502582173e-06
  return f(*arrays, *other_args, **kwargs)
/appdata/users/P101440/micromamba/envs/torch29/lib/python3.11/site-packages/scipy/_lib/_util.py:1181: RuntimeWarning: logm result may be inaccurate, approximate err = 6.46174157736823e-07
  return f(*arrays, *other_args, **kwargs)
/appdata/users/P101440/micromamba/envs/torch29/lib/python3.11/site-packages/scipy/_lib/_util.py:1181: RuntimeWarning: logm result may be inaccurate, approximate err = 8.498423653691134e-07
  return f(*arrays, *other_args, **kwargs)
/appdata/users/P101440/micromamba/envs/torch29/lib/python3.11/site-packages/scipy/_lib/_util.py:1181: RuntimeWarning: logm result may be inaccurate, approximate err = 8.571568628212844e-07
  return f(*arrays, *other_args, **kwargs)
/appdata/users/P101440/micromamba/envs/torch29/lib/python3.11/site-packages/scipy/_lib/_util.py:1181: RuntimeWarning: logm result may be inaccurate, approximate err = 9.885424105959828e-07
  return f(*arrays, *other_args, **kwargs)
/appdata/users/P101440/micromamba/envs/torch29/lib/python3.11/site-packages/scipy/_lib/_util.py:1181: RuntimeWarning: logm result may be inaccurate, approximate err = 8.712391377230233e-07
  return f(*arrays, *other_args, **kwargs)
/appdata/users/P101440/micromamba/envs/torch29/lib/python3.11/site-packages/scipy/_lib/_util.py:1181: RuntimeWarning: logm result may be inaccurate, approximate err = 1.076631406249362e-06
  return f(*arrays, *other_args, **kwargs)
/appdata/users/P101440/micromamba/envs/torch29/lib/python3.11/site-packages/scipy/_lib/_util.py:1181: RuntimeWarning: logm result may be inaccurate, approximate err = 9.752436653798213e-07
  return f(*arrays, *other_args, **kwargs)
/appdata/users/P101440/micromamba/envs/torch29/lib/python3.11/site-packages/scipy/_lib/_util.py:1181: RuntimeWarning: logm result may be inaccurate, approximate err = 6.843541768830619e-07
  return f(*arrays, *other_args, **kwargs)
/appdata/users/P101440/micromamba/envs/torch29/lib/python3.11/site-packages/scipy/_lib/_util.py:1181: RuntimeWarning: logm result may be inaccurate, approximate err = 1.0282085440849187e-06
  return f(*arrays, *other_args, **kwargs)
/appdata/users/P101440/micromamba/envs/torch29/lib/python3.11/site-packages/scipy/_lib/_util.py:1181: RuntimeWarning: logm result may be inaccurate, approximate err = 8.20484387986653e-07
  return f(*arrays, *other_args, **kwargs)
/appdata/users/P101440/micromamba/envs/torch29/lib/python3.11/site-packages/scipy/_lib/_util.py:1181: RuntimeWarning: logm result may be inaccurate, approximate err = 1.0491503417142667e-06
  return f(*arrays, *other_args, **kwargs)
/appdata/users/P101440/micromamba/envs/torch29/lib/python3.11/site-packages/scipy/_lib/_util.py:1181: RuntimeWarning: logm result may be inaccurate, approximate err = 1.053208279699902e-06
  return f(*arrays, *other_args, **kwargs)
/appdata/users/P101440/micromamba/envs/torch29/lib/python3.11/site-packages/scipy/_lib/_util.py:1181: RuntimeWarning: logm result may be inaccurate, approximate err = 5.49376295566617e-07
  return f(*arrays, *other_args, **kwargs)
/appdata/users/P101440/micromamba/envs/torch29/lib/python3.11/site-packages/scipy/_lib/_util.py:1181: RuntimeWarning: logm result may be inaccurate, approximate err = 5.506802267518651e-07
  return f(*arrays, *other_args, **kwargs)
/appdata/users/P101440/micromamba/envs/torch29/lib/python3.11/site-packages/scipy/_lib/_util.py:1181: RuntimeWarning: logm result may be inaccurate, approximate err = 8.235515451815445e-07
  return f(*arrays, *other_args, **kwargs)
/appdata/users/P101440/micromamba/envs/torch29/lib/python3.11/site-packages/scipy/_lib/_util.py:1181: RuntimeWarning: logm result may be inaccurate, approximate err = 1.3742611599809607e-06
  return f(*arrays, *other_args, **kwargs)
/appdata/users/P101440/micromamba/envs/torch29/lib/python3.11/site-packages/scipy/_lib/_util.py:1181: RuntimeWarning: logm result may be inaccurate, approximate err = 9.692913636172307e-07
  return f(*arrays, *other_args, **kwargs)
/appdata/users/P101440/micromamba/envs/torch29/lib/python3.11/site-packages/scipy/_lib/_util.py:1181: RuntimeWarning: logm result may be inaccurate, approximate err = 1.2659147614613175e-06
  return f(*arrays, *other_args, **kwargs)
/appdata/users/P101440/micromamba/envs/torch29/lib/python3.11/site-packages/scipy/_lib/_util.py:1181: RuntimeWarning: logm result may be inaccurate, approximate err = 8.05056970420992e-07
  return f(*arrays, *other_args, **kwargs)
/appdata/users/P101440/micromamba/envs/torch29/lib/python3.11/site-packages/scipy/_lib/_util.py:1181: RuntimeWarning: logm result may be inaccurate, approximate err = 8.424125894634926e-07
  return f(*arrays, *other_args, **kwargs)
/appdata/users/P101440/micromamba/envs/torch29/lib/python3.11/site-packages/scipy/_lib/_util.py:1181: RuntimeWarning: logm result may be inaccurate, approximate err = 7.49194498439465e-07
  return f(*arrays, *other_args, **kwargs)
/appdata/users/P101440/micromamba/envs/torch29/lib/python3.11/site-packages/scipy/_lib/_util.py:1181: RuntimeWarning: logm result may be inaccurate, approximate err = 7.751762609586876e-07
  return f(*arrays, *other_args, **kwargs)
/appdata/users/P101440/micromamba/envs/torch29/lib/python3.11/site-packages/scipy/_lib/_util.py:1181: RuntimeWarning: logm result may be inaccurate, approximate err = 7.731603091087891e-07
  return f(*arrays, *other_args, **kwargs)
/appdata/users/P101440/micromamba/envs/torch29/lib/python3.11/site-packages/scipy/_lib/_util.py:1181: RuntimeWarning: logm result may be inaccurate, approximate err = 9.977933359550661e-07
  return f(*arrays, *other_args, **kwargs)
/appdata/users/P101440/micromamba/envs/torch29/lib/python3.11/site-packages/scipy/_lib/_util.py:1181: RuntimeWarning: logm result may be inaccurate, approximate err = 1.045526232701377e-06
  return f(*arrays, *other_args, **kwargs)
/appdata/users/P101440/micromamba/envs/torch29/lib/python3.11/site-packages/scipy/_lib/_util.py:1181: RuntimeWarning: logm result may be inaccurate, approximate err = 9.875329851638526e-07
  return f(*arrays, *other_args, **kwargs)
/appdata/users/P101440/micromamba/envs/torch29/lib/python3.11/site-packages/scipy/_lib/_util.py:1181: RuntimeWarning: logm result may be inaccurate, approximate err = 8.499794716954057e-07
  return f(*arrays, *other_args, **kwargs)
/appdata/users/P101440/micromamba/envs/torch29/lib/python3.11/site-packages/scipy/_lib/_util.py:1181: RuntimeWarning: logm result may be inaccurate, approximate err = 9.426051974514849e-07
  return f(*arrays, *other_args, **kwargs)
/appdata/users/P101440/micromamba/envs/torch29/lib/python3.11/site-packages/scipy/_lib/_util.py:1181: RuntimeWarning: logm result may be inaccurate, approximate err = 1.0248692206005217e-06
  return f(*arrays, *other_args, **kwargs)
/appdata/users/P101440/micromamba/envs/torch29/lib/python3.11/site-packages/scipy/_lib/_util.py:1181: RuntimeWarning: logm result may be inaccurate, approximate err = 8.652780820739281e-07
  return f(*arrays, *other_args, **kwargs)
/appdata/users/P101440/micromamba/envs/torch29/lib/python3.11/site-packages/scipy/_lib/_util.py:1181: RuntimeWarning: logm result may be inaccurate, approximate err = 7.475170491488825e-07
  return f(*arrays, *other_args, **kwargs)
/appdata/users/P101440/micromamba/envs/torch29/lib/python3.11/site-packages/scipy/_lib/_util.py:1181: RuntimeWarning: logm result may be inaccurate, approximate err = 8.141546459228266e-07
  return f(*arrays, *other_args, **kwargs)
/appdata/users/P101440/micromamba/envs/torch29/lib/python3.11/site-packages/scipy/_lib/_util.py:1181: RuntimeWarning: logm result may be inaccurate, approximate err = 1.5178563899098663e-06
  return f(*arrays, *other_args, **kwargs)
/appdata/users/P101440/micromamba/envs/torch29/lib/python3.11/site-packages/scipy/_lib/_util.py:1181: RuntimeWarning: logm result may be inaccurate, approximate err = 9.064617074727721e-07
  return f(*arrays, *other_args, **kwargs)
/appdata/users/P101440/micromamba/envs/torch29/lib/python3.11/site-packages/scipy/_lib/_util.py:1181: RuntimeWarning: logm result may be inaccurate, approximate err = 9.401006764164777e-07
  return f(*arrays, *other_args, **kwargs)
/appdata/users/P101440/micromamba/envs/torch29/lib/python3.11/site-packages/scipy/_lib/_util.py:1181: RuntimeWarning: logm result may be inaccurate, approximate err = 1.54684994413401e-06
  return f(*arrays, *other_args, **kwargs)
/appdata/users/P101440/micromamba/envs/torch29/lib/python3.11/site-packages/scipy/_lib/_util.py:1181: RuntimeWarning: logm result may be inaccurate, approximate err = 7.246630957524758e-07
  return f(*arrays, *other_args, **kwargs)
/appdata/users/P101440/micromamba/envs/torch29/lib/python3.11/site-packages/scipy/_lib/_util.py:1181: RuntimeWarning: logm result may be inaccurate, approximate err = 6.193114927555143e-07
  return f(*arrays, *other_args, **kwargs)
/appdata/users/P101440/micromamba/envs/torch29/lib/python3.11/site-packages/scipy/_lib/_util.py:1181: RuntimeWarning: logm result may be inaccurate, approximate err = 6.749591534571664e-07
  return f(*arrays, *other_args, **kwargs)
/appdata/users/P101440/micromamba/envs/torch29/lib/python3.11/site-packages/scipy/_lib/_util.py:1181: RuntimeWarning: logm result may be inaccurate, approximate err = 8.143190370901721e-07
  return f(*arrays, *other_args, **kwargs)
/appdata/users/P101440/micromamba/envs/torch29/lib/python3.11/site-packages/scipy/_lib/_util.py:1181: RuntimeWarning: logm result may be inaccurate, approximate err = 1.1361735232640058e-06
  return f(*arrays, *other_args, **kwargs)
/appdata/users/P101440/micromamba/envs/torch29/lib/python3.11/site-packages/scipy/_lib/_util.py:1181: RuntimeWarning: logm result may be inaccurate, approximate err = 1.0261680927214911e-06
  return f(*arrays, *other_args, **kwargs)
/appdata/users/P101440/micromamba/envs/torch29/lib/python3.11/site-packages/scipy/_lib/_util.py:1181: RuntimeWarning: logm result may be inaccurate, approximate err = 7.296047215277213e-07
  return f(*arrays, *other_args, **kwargs)
/appdata/users/P101440/micromamba/envs/torch29/lib/python3.11/site-packages/scipy/_lib/_util.py:1181: RuntimeWarning: logm result may be inaccurate, approximate err = 7.584164336549293e-07
  return f(*arrays, *other_args, **kwargs)
/appdata/users/P101440/micromamba/envs/torch29/lib/python3.11/site-packages/scipy/_lib/_util.py:1181: RuntimeWarning: logm result may be inaccurate, approximate err = 6.947327619855059e-07
  return f(*arrays, *other_args, **kwargs)
/appdata/users/P101440/micromamba/envs/torch29/lib/python3.11/site-packages/scipy/_lib/_util.py:1181: RuntimeWarning: logm result may be inaccurate, approximate err = 7.028353365967632e-07
  return f(*arrays, *other_args, **kwargs)
/appdata/users/P101440/micromamba/envs/torch29/lib/python3.11/site-packages/scipy/_lib/_util.py:1181: RuntimeWarning: logm result may be inaccurate, approximate err = 6.92232617893751e-07
  return f(*arrays, *other_args, **kwargs)
/appdata/users/P101440/micromamba/envs/torch29/lib/python3.11/site-packages/scipy/_lib/_util.py:1181: RuntimeWarning: logm result may be inaccurate, approximate err = 7.929738785605878e-07
  return f(*arrays, *other_args, **kwargs)
/appdata/users/P101440/micromamba/envs/torch29/lib/python3.11/site-packages/scipy/_lib/_util.py:1181: RuntimeWarning: logm result may be inaccurate, approximate err = 1.0824437595147174e-06
  return f(*arrays, *other_args, **kwargs)
/appdata/users/P101440/micromamba/envs/torch29/lib/python3.11/site-packages/scipy/_lib/_util.py:1181: RuntimeWarning: logm result may be inaccurate, approximate err = 8.34094123547402e-07
  return f(*arrays, *other_args, **kwargs)
/appdata/users/P101440/micromamba/envs/torch29/lib/python3.11/site-packages/scipy/_lib/_util.py:1181: RuntimeWarning: logm result may be inaccurate, approximate err = 8.493695986544481e-07
  return f(*arrays, *other_args, **kwargs)
/appdata/users/P101440/micromamba/envs/torch29/lib/python3.11/site-packages/scipy/_lib/_util.py:1181: RuntimeWarning: logm result may be inaccurate, approximate err = 1.087375494535081e-06
  return f(*arrays, *other_args, **kwargs)
/appdata/users/P101440/micromamba/envs/torch29/lib/python3.11/site-packages/scipy/_lib/_util.py:1181: RuntimeWarning: logm result may be inaccurate, approximate err = 7.322499868678278e-07
  return f(*arrays, *other_args, **kwargs)
/appdata/users/P101440/micromamba/envs/torch29/lib/python3.11/site-packages/scipy/_lib/_util.py:1181: RuntimeWarning: logm result may be inaccurate, approximate err = 8.420492463301343e-07
  return f(*arrays, *other_args, **kwargs)
/appdata/users/P101440/micromamba/envs/torch29/lib/python3.11/site-packages/scipy/_lib/_util.py:1181: RuntimeWarning: logm result may be inaccurate, approximate err = 9.875122941593872e-07
  return f(*arrays, *other_args, **kwargs)
/appdata/users/P101440/micromamba/envs/torch29/lib/python3.11/site-packages/scipy/_lib/_util.py:1181: RuntimeWarning: logm result may be inaccurate, approximate err = 6.151468596726772e-07
  return f(*arrays, *other_args, **kwargs)
/appdata/users/P101440/micromamba/envs/torch29/lib/python3.11/site-packages/scipy/_lib/_util.py:1181: RuntimeWarning: logm result may be inaccurate, approximate err = 6.6743285742632e-07
  return f(*arrays, *other_args, **kwargs)
/appdata/users/P101440/micromamba/envs/torch29/lib/python3.11/site-packages/scipy/_lib/_util.py:1181: RuntimeWarning: logm result may be inaccurate, approximate err = 9.030203500515199e-07
  return f(*arrays, *other_args, **kwargs)
/appdata/users/P101440/micromamba/envs/torch29/lib/python3.11/site-packages/scipy/_lib/_util.py:1181: RuntimeWarning: logm result may be inaccurate, approximate err = 1.0979716762449243e-06
  return f(*arrays, *other_args, **kwargs)
/appdata/users/P101440/micromamba/envs/torch29/lib/python3.11/site-packages/scipy/_lib/_util.py:1181: RuntimeWarning: logm result may be inaccurate, approximate err = 1.1649393627521931e-06
  return f(*arrays, *other_args, **kwargs)
/appdata/users/P101440/micromamba/envs/torch29/lib/python3.11/site-packages/scipy/_lib/_util.py:1181: RuntimeWarning: logm result may be inaccurate, approximate err = 8.650981158098148e-07
  return f(*arrays, *other_args, **kwargs)
/appdata/users/P101440/micromamba/envs/torch29/lib/python3.11/site-packages/scipy/_lib/_util.py:1181: RuntimeWarning: logm result may be inaccurate, approximate err = 9.398188467457658e-07
  return f(*arrays, *other_args, **kwargs)
/appdata/users/P101440/micromamba/envs/torch29/lib/python3.11/site-packages/scipy/_lib/_util.py:1181: RuntimeWarning: logm result may be inaccurate, approximate err = 6.720754299749387e-07
  return f(*arrays, *other_args, **kwargs)
/appdata/users/P101440/micromamba/envs/torch29/lib/python3.11/site-packages/scipy/_lib/_util.py:1181: RuntimeWarning: logm result may be inaccurate, approximate err = 1.0449901992615196e-06
  return f(*arrays, *other_args, **kwargs)
/appdata/users/P101440/micromamba/envs/torch29/lib/python3.11/site-packages/scipy/_lib/_util.py:1181: RuntimeWarning: logm result may be inaccurate, approximate err = 1.2965858786628814e-06
  return f(*arrays, *other_args, **kwargs)
/appdata/users/P101440/micromamba/envs/torch29/lib/python3.11/site-packages/scipy/_lib/_util.py:1181: RuntimeWarning: logm result may be inaccurate, approximate err = 1.1609120065259049e-06
  return f(*arrays, *other_args, **kwargs)
/appdata/users/P101440/micromamba/envs/torch29/lib/python3.11/site-packages/scipy/_lib/_util.py:1181: RuntimeWarning: logm result may be inaccurate, approximate err = 6.641353138547856e-07
  return f(*arrays, *other_args, **kwargs)
/appdata/users/P101440/micromamba/envs/torch29/lib/python3.11/site-packages/scipy/_lib/_util.py:1181: RuntimeWarning: logm result may be inaccurate, approximate err = 8.162862741301069e-07
  return f(*arrays, *other_args, **kwargs)
/appdata/users/P101440/micromamba/envs/torch29/lib/python3.11/site-packages/scipy/_lib/_util.py:1181: RuntimeWarning: logm result may be inaccurate, approximate err = 8.03584327968565e-07
  return f(*arrays, *other_args, **kwargs)
/appdata/users/P101440/micromamba/envs/torch29/lib/python3.11/site-packages/scipy/_lib/_util.py:1181: RuntimeWarning: logm result may be inaccurate, approximate err = 9.960217539628502e-07
  return f(*arrays, *other_args, **kwargs)
/appdata/users/P101440/micromamba/envs/torch29/lib/python3.11/site-packages/scipy/_lib/_util.py:1181: RuntimeWarning: logm result may be inaccurate, approximate err = 1.1054968354073935e-06
  return f(*arrays, *other_args, **kwargs)
/appdata/users/P101440/micromamba/envs/torch29/lib/python3.11/site-packages/scipy/_lib/_util.py:1181: RuntimeWarning: logm result may be inaccurate, approximate err = 1.2471423360693734e-06
  return f(*arrays, *other_args, **kwargs)
/appdata/users/P101440/micromamba/envs/torch29/lib/python3.11/site-packages/scipy/_lib/_util.py:1181: RuntimeWarning: logm result may be inaccurate, approximate err = 8.851121719999355e-07
  return f(*arrays, *other_args, **kwargs)
/appdata/users/P101440/micromamba/envs/torch29/lib/python3.11/site-packages/scipy/_lib/_util.py:1181: RuntimeWarning: logm result may be inaccurate, approximate err = 7.777206860737351e-07
  return f(*arrays, *other_args, **kwargs)
/appdata/users/P101440/micromamba/envs/torch29/lib/python3.11/site-packages/scipy/_lib/_util.py:1181: RuntimeWarning: logm result may be inaccurate, approximate err = 1.1082354376412695e-06
  return f(*arrays, *other_args, **kwargs)
/appdata/users/P101440/micromamba/envs/torch29/lib/python3.11/site-packages/scipy/_lib/_util.py:1181: RuntimeWarning: logm result may be inaccurate, approximate err = 7.17043008080509e-07
  return f(*arrays, *other_args, **kwargs)
/appdata/users/P101440/micromamba/envs/torch29/lib/python3.11/site-packages/scipy/_lib/_util.py:1181: RuntimeWarning: logm result may be inaccurate, approximate err = 6.767817239961005e-07
  return f(*arrays, *other_args, **kwargs)
/appdata/users/P101440/micromamba/envs/torch29/lib/python3.11/site-packages/scipy/_lib/_util.py:1181: RuntimeWarning: logm result may be inaccurate, approximate err = 9.501469548922614e-07
  return f(*arrays, *other_args, **kwargs)
/appdata/users/P101440/micromamba/envs/torch29/lib/python3.11/site-packages/scipy/_lib/_util.py:1181: RuntimeWarning: logm result may be inaccurate, approximate err = 9.068941153600463e-07
  return f(*arrays, *other_args, **kwargs)
/appdata/users/P101440/micromamba/envs/torch29/lib/python3.11/site-packages/scipy/_lib/_util.py:1181: RuntimeWarning: logm result may be inaccurate, approximate err = 8.632574122202641e-07
  return f(*arrays, *other_args, **kwargs)
/appdata/users/P101440/micromamba/envs/torch29/lib/python3.11/site-packages/scipy/_lib/_util.py:1181: RuntimeWarning: logm result may be inaccurate, approximate err = 7.373503194685327e-07
  return f(*arrays, *other_args, **kwargs)
/appdata/users/P101440/micromamba/envs/torch29/lib/python3.11/site-packages/scipy/_lib/_util.py:1181: RuntimeWarning: logm result may be inaccurate, approximate err = 1.081300069927238e-06
  return f(*arrays, *other_args, **kwargs)
/appdata/users/P101440/micromamba/envs/torch29/lib/python3.11/site-packages/scipy/_lib/_util.py:1181: RuntimeWarning: logm result may be inaccurate, approximate err = 7.641189085916267e-07
  return f(*arrays, *other_args, **kwargs)
/appdata/users/P101440/micromamba/envs/torch29/lib/python3.11/site-packages/scipy/_lib/_util.py:1181: RuntimeWarning: logm result may be inaccurate, approximate err = 8.982087251752091e-07
  return f(*arrays, *other_args, **kwargs)
/appdata/users/P101440/micromamba/envs/torch29/lib/python3.11/site-packages/scipy/_lib/_util.py:1181: RuntimeWarning: logm result may be inaccurate, approximate err = 1.079623189070844e-06
  return f(*arrays, *other_args, **kwargs)
/appdata/users/P101440/micromamba/envs/torch29/lib/python3.11/site-packages/scipy/_lib/_util.py:1181: RuntimeWarning: logm result may be inaccurate, approximate err = 8.81902906257892e-07
  return f(*arrays, *other_args, **kwargs)
/appdata/users/P101440/micromamba/envs/torch29/lib/python3.11/site-packages/scipy/_lib/_util.py:1181: RuntimeWarning: logm result may be inaccurate, approximate err = 7.32308706119511e-07
  return f(*arrays, *other_args, **kwargs)
/appdata/users/P101440/micromamba/envs/torch29/lib/python3.11/site-packages/scipy/_lib/_util.py:1181: RuntimeWarning: logm result may be inaccurate, approximate err = 1.4209325627234648e-06
  return f(*arrays, *other_args, **kwargs)
/appdata/users/P101440/micromamba/envs/torch29/lib/python3.11/site-packages/scipy/_lib/_util.py:1181: RuntimeWarning: logm result may be inaccurate, approximate err = 7.440751801368606e-07
  return f(*arrays, *other_args, **kwargs)
/appdata/users/P101440/micromamba/envs/torch29/lib/python3.11/site-packages/scipy/_lib/_util.py:1181: RuntimeWarning: logm result may be inaccurate, approximate err = 8.83460074874165e-07
  return f(*arrays, *other_args, **kwargs)
/appdata/users/P101440/micromamba/envs/torch29/lib/python3.11/site-packages/scipy/_lib/_util.py:1181: RuntimeWarning: logm result may be inaccurate, approximate err = 7.056174240460678e-07
  return f(*arrays, *other_args, **kwargs)
/appdata/users/P101440/micromamba/envs/torch29/lib/python3.11/site-packages/scipy/_lib/_util.py:1181: RuntimeWarning: logm result may be inaccurate, approximate err = 9.653726920078043e-07
  return f(*arrays, *other_args, **kwargs)
/appdata/users/P101440/micromamba/envs/torch29/lib/python3.11/site-packages/scipy/_lib/_util.py:1181: RuntimeWarning: logm result may be inaccurate, approximate err = 6.852710043858679e-07
  return f(*arrays, *other_args, **kwargs)
/appdata/users/P101440/micromamba/envs/torch29/lib/python3.11/site-packages/scipy/_lib/_util.py:1181: RuntimeWarning: logm result may be inaccurate, approximate err = 8.129994171213184e-07
  return f(*arrays, *other_args, **kwargs)
/appdata/users/P101440/micromamba/envs/torch29/lib/python3.11/site-packages/scipy/_lib/_util.py:1181: RuntimeWarning: logm result may be inaccurate, approximate err = 7.800297794346989e-07
  return f(*arrays, *other_args, **kwargs)
/appdata/users/P101440/micromamba/envs/torch29/lib/python3.11/site-packages/scipy/_lib/_util.py:1181: RuntimeWarning: logm result may be inaccurate, approximate err = 9.483154599365662e-07
  return f(*arrays, *other_args, **kwargs)
/appdata/users/P101440/micromamba/envs/torch29/lib/python3.11/site-packages/scipy/_lib/_util.py:1181: RuntimeWarning: logm result may be inaccurate, approximate err = 7.423819852192537e-07
  return f(*arrays, *other_args, **kwargs)
/appdata/users/P101440/micromamba/envs/torch29/lib/python3.11/site-packages/scipy/_lib/_util.py:1181: RuntimeWarning: logm result may be inaccurate, approximate err = 8.53789117627457e-07
  return f(*arrays, *other_args, **kwargs)
/appdata/users/P101440/micromamba/envs/torch29/lib/python3.11/site-packages/scipy/_lib/_util.py:1181: RuntimeWarning: logm result may be inaccurate, approximate err = 8.211869158003537e-07
  return f(*arrays, *other_args, **kwargs)
/appdata/users/P101440/micromamba/envs/torch29/lib/python3.11/site-packages/scipy/_lib/_util.py:1181: RuntimeWarning: logm result may be inaccurate, approximate err = 9.097871043195482e-07
  return f(*arrays, *other_args, **kwargs)
/appdata/users/P101440/micromamba/envs/torch29/lib/python3.11/site-packages/scipy/_lib/_util.py:1181: RuntimeWarning: logm result may be inaccurate, approximate err = 6.972305754970876e-07
  return f(*arrays, *other_args, **kwargs)
/appdata/users/P101440/micromamba/envs/torch29/lib/python3.11/site-packages/scipy/_lib/_util.py:1181: RuntimeWarning: logm result may be inaccurate, approximate err = 1.2754524050251348e-06
  return f(*arrays, *other_args, **kwargs)
/appdata/users/P101440/micromamba/envs/torch29/lib/python3.11/site-packages/scipy/_lib/_util.py:1181: RuntimeWarning: logm result may be inaccurate, approximate err = 1.0357621249568183e-06
  return f(*arrays, *other_args, **kwargs)
/appdata/users/P101440/micromamba/envs/torch29/lib/python3.11/site-packages/scipy/_lib/_util.py:1181: RuntimeWarning: logm result may be inaccurate, approximate err = 7.78582830207597e-07
  return f(*arrays, *other_args, **kwargs)
/appdata/users/P101440/micromamba/envs/torch29/lib/python3.11/site-packages/scipy/_lib/_util.py:1181: RuntimeWarning: logm result may be inaccurate, approximate err = 8.852839528117329e-07
  return f(*arrays, *other_args, **kwargs)
/appdata/users/P101440/micromamba/envs/torch29/lib/python3.11/site-packages/scipy/_lib/_util.py:1181: RuntimeWarning: logm result may be inaccurate, approximate err = 7.291654924301838e-07
  return f(*arrays, *other_args, **kwargs)
/appdata/users/P101440/micromamba/envs/torch29/lib/python3.11/site-packages/scipy/_lib/_util.py:1181: RuntimeWarning: logm result may be inaccurate, approximate err = 7.917311108940339e-07
  return f(*arrays, *other_args, **kwargs)
/appdata/users/P101440/micromamba/envs/torch29/lib/python3.11/site-packages/scipy/_lib/_util.py:1181: RuntimeWarning: logm result may be inaccurate, approximate err = 7.409445288431016e-07
  return f(*arrays, *other_args, **kwargs)
/appdata/users/P101440/micromamba/envs/torch29/lib/python3.11/site-packages/scipy/_lib/_util.py:1181: RuntimeWarning: logm result may be inaccurate, approximate err = 5.925837172071624e-07
  return f(*arrays, *other_args, **kwargs)
/appdata/users/P101440/micromamba/envs/torch29/lib/python3.11/site-packages/scipy/_lib/_util.py:1181: RuntimeWarning: logm result may be inaccurate, approximate err = 9.79670630840701e-07
  return f(*arrays, *other_args, **kwargs)
/appdata/users/P101440/micromamba/envs/torch29/lib/python3.11/site-packages/scipy/_lib/_util.py:1181: RuntimeWarning: logm result may be inaccurate, approximate err = 9.985715223592706e-07
  return f(*arrays, *other_args, **kwargs)
/appdata/users/P101440/micromamba/envs/torch29/lib/python3.11/site-packages/scipy/_lib/_util.py:1181: RuntimeWarning: logm result may be inaccurate, approximate err = 9.837943935053772e-07
  return f(*arrays, *other_args, **kwargs)
/appdata/users/P101440/micromamba/envs/torch29/lib/python3.11/site-packages/scipy/_lib/_util.py:1181: RuntimeWarning: logm result may be inaccurate, approximate err = 1.0004719115386251e-06
  return f(*arrays, *other_args, **kwargs)
/appdata/users/P101440/micromamba/envs/torch29/lib/python3.11/site-packages/scipy/_lib/_util.py:1181: RuntimeWarning: logm result may be inaccurate, approximate err = 9.753333642947837e-07
  return f(*arrays, *other_args, **kwargs)
/appdata/users/P101440/micromamba/envs/torch29/lib/python3.11/site-packages/scipy/_lib/_util.py:1181: RuntimeWarning: logm result may be inaccurate, approximate err = 8.825646204968507e-07
  return f(*arrays, *other_args, **kwargs)
/appdata/users/P101440/micromamba/envs/torch29/lib/python3.11/site-packages/scipy/_lib/_util.py:1181: RuntimeWarning: logm result may be inaccurate, approximate err = 8.917483000914217e-07
  return f(*arrays, *other_args, **kwargs)
/appdata/users/P101440/micromamba/envs/torch29/lib/python3.11/site-packages/scipy/_lib/_util.py:1181: RuntimeWarning: logm result may be inaccurate, approximate err = 8.370843715965748e-07
  return f(*arrays, *other_args, **kwargs)
/appdata/users/P101440/micromamba/envs/torch29/lib/python3.11/site-packages/scipy/_lib/_util.py:1181: RuntimeWarning: logm result may be inaccurate, approximate err = 7.217759616651165e-07
  return f(*arrays, *other_args, **kwargs)
/appdata/users/P101440/micromamba/envs/torch29/lib/python3.11/site-packages/scipy/_lib/_util.py:1181: RuntimeWarning: logm result may be inaccurate, approximate err = 5.348024956219888e-07
  return f(*arrays, *other_args, **kwargs)
/appdata/users/P101440/micromamba/envs/torch29/lib/python3.11/site-packages/scipy/_lib/_util.py:1181: RuntimeWarning: logm result may be inaccurate, approximate err = 7.151459158194484e-07
  return f(*arrays, *other_args, **kwargs)
/appdata/users/P101440/micromamba/envs/torch29/lib/python3.11/site-packages/scipy/_lib/_util.py:1181: RuntimeWarning: logm result may be inaccurate, approximate err = 9.450702123103838e-07
  return f(*arrays, *other_args, **kwargs)
/appdata/users/P101440/micromamba/envs/torch29/lib/python3.11/site-packages/scipy/_lib/_util.py:1181: RuntimeWarning: logm result may be inaccurate, approximate err = 9.349101333100407e-07
  return f(*arrays, *other_args, **kwargs)
/appdata/users/P101440/micromamba/envs/torch29/lib/python3.11/site-packages/scipy/_lib/_util.py:1181: RuntimeWarning: logm result may be inaccurate, approximate err = 9.545786952003255e-07
  return f(*arrays, *other_args, **kwargs)
/appdata/users/P101440/micromamba/envs/torch29/lib/python3.11/site-packages/scipy/_lib/_util.py:1181: RuntimeWarning: logm result may be inaccurate, approximate err = 6.990471206336224e-07
  return f(*arrays, *other_args, **kwargs)
/appdata/users/P101440/micromamba/envs/torch29/lib/python3.11/site-packages/scipy/_lib/_util.py:1181: RuntimeWarning: logm result may be inaccurate, approximate err = 6.212409289219067e-07
  return f(*arrays, *other_args, **kwargs)
/appdata/users/P101440/micromamba/envs/torch29/lib/python3.11/site-packages/scipy/_lib/_util.py:1181: RuntimeWarning: logm result may be inaccurate, approximate err = 9.196774044539779e-07
  return f(*arrays, *other_args, **kwargs)
/appdata/users/P101440/micromamba/envs/torch29/lib/python3.11/site-packages/scipy/_lib/_util.py:1181: RuntimeWarning: logm result may be inaccurate, approximate err = 1.1734958889064728e-06
  return f(*arrays, *other_args, **kwargs)
/appdata/users/P101440/micromamba/envs/torch29/lib/python3.11/site-packages/scipy/_lib/_util.py:1181: RuntimeWarning: logm result may be inaccurate, approximate err = 1.0108298056366039e-06
  return f(*arrays, *other_args, **kwargs)
/appdata/users/P101440/micromamba/envs/torch29/lib/python3.11/site-packages/scipy/_lib/_util.py:1181: RuntimeWarning: logm result may be inaccurate, approximate err = 7.100838388396369e-07
  return f(*arrays, *other_args, **kwargs)
/appdata/users/P101440/micromamba/envs/torch29/lib/python3.11/site-packages/scipy/_lib/_util.py:1181: RuntimeWarning: logm result may be inaccurate, approximate err = 1.1487873052828945e-06
  return f(*arrays, *other_args, **kwargs)
/appdata/users/P101440/micromamba/envs/torch29/lib/python3.11/site-packages/scipy/_lib/_util.py:1181: RuntimeWarning: logm result may be inaccurate, approximate err = 8.54690824780846e-07
  return f(*arrays, *other_args, **kwargs)
/appdata/users/P101440/micromamba/envs/torch29/lib/python3.11/site-packages/scipy/_lib/_util.py:1181: RuntimeWarning: logm result may be inaccurate, approximate err = 1.021738853523857e-06
  return f(*arrays, *other_args, **kwargs)
/appdata/users/P101440/micromamba/envs/torch29/lib/python3.11/site-packages/scipy/_lib/_util.py:1181: RuntimeWarning: logm result may be inaccurate, approximate err = 8.638481858724845e-07
  return f(*arrays, *other_args, **kwargs)
/appdata/users/P101440/micromamba/envs/torch29/lib/python3.11/site-packages/scipy/_lib/_util.py:1181: RuntimeWarning: logm result may be inaccurate, approximate err = 8.595728218097065e-07
  return f(*arrays, *other_args, **kwargs)
/appdata/users/P101440/micromamba/envs/torch29/lib/python3.11/site-packages/scipy/_lib/_util.py:1181: RuntimeWarning: logm result may be inaccurate, approximate err = 9.034832828547223e-07
  return f(*arrays, *other_args, **kwargs)
/appdata/users/P101440/micromamba/envs/torch29/lib/python3.11/site-packages/scipy/_lib/_util.py:1181: RuntimeWarning: logm result may be inaccurate, approximate err = 6.429740437852161e-07
  return f(*arrays, *other_args, **kwargs)
/appdata/users/P101440/micromamba/envs/torch29/lib/python3.11/site-packages/scipy/_lib/_util.py:1181: RuntimeWarning: logm result may be inaccurate, approximate err = 7.627341460647585e-07
  return f(*arrays, *other_args, **kwargs)
/appdata/users/P101440/micromamba/envs/torch29/lib/python3.11/site-packages/scipy/_lib/_util.py:1181: RuntimeWarning: logm result may be inaccurate, approximate err = 7.910700219326827e-07
  return f(*arrays, *other_args, **kwargs)
/appdata/users/P101440/micromamba/envs/torch29/lib/python3.11/site-packages/scipy/_lib/_util.py:1181: RuntimeWarning: logm result may be inaccurate, approximate err = 9.977095487556653e-07
  return f(*arrays, *other_args, **kwargs)
/appdata/users/P101440/micromamba/envs/torch29/lib/python3.11/site-packages/scipy/_lib/_util.py:1181: RuntimeWarning: logm result may be inaccurate, approximate err = 8.710760539543116e-07
  return f(*arrays, *other_args, **kwargs)
/appdata/users/P101440/micromamba/envs/torch29/lib/python3.11/site-packages/scipy/_lib/_util.py:1181: RuntimeWarning: logm result may be inaccurate, approximate err = 6.65261893573188e-07
  return f(*arrays, *other_args, **kwargs)
/appdata/users/P101440/micromamba/envs/torch29/lib/python3.11/site-packages/scipy/_lib/_util.py:1181: RuntimeWarning: logm result may be inaccurate, approximate err = 8.071573347478989e-07
  return f(*arrays, *other_args, **kwargs)
/appdata/users/P101440/micromamba/envs/torch29/lib/python3.11/site-packages/scipy/_lib/_util.py:1181: RuntimeWarning: logm result may be inaccurate, approximate err = 9.244519674211915e-07
  return f(*arrays, *other_args, **kwargs)
/appdata/users/P101440/micromamba/envs/torch29/lib/python3.11/site-packages/scipy/_lib/_util.py:1181: RuntimeWarning: logm result may be inaccurate, approximate err = 6.532201268782956e-07
  return f(*arrays, *other_args, **kwargs)
/appdata/users/P101440/micromamba/envs/torch29/lib/python3.11/site-packages/scipy/_lib/_util.py:1181: RuntimeWarning: logm result may be inaccurate, approximate err = 6.758222639291489e-07
  return f(*arrays, *other_args, **kwargs)
/appdata/users/P101440/micromamba/envs/torch29/lib/python3.11/site-packages/scipy/_lib/_util.py:1181: RuntimeWarning: logm result may be inaccurate, approximate err = 8.643659725748876e-07
  return f(*arrays, *other_args, **kwargs)
/appdata/users/P101440/micromamba/envs/torch29/lib/python3.11/site-packages/scipy/_lib/_util.py:1181: RuntimeWarning: logm result may be inaccurate, approximate err = 1.0503293879082776e-06
  return f(*arrays, *other_args, **kwargs)
/appdata/users/P101440/micromamba/envs/torch29/lib/python3.11/site-packages/scipy/_lib/_util.py:1181: RuntimeWarning: logm result may be inaccurate, approximate err = 8.270750413430505e-07
  return f(*arrays, *other_args, **kwargs)
/appdata/users/P101440/micromamba/envs/torch29/lib/python3.11/site-packages/scipy/_lib/_util.py:1181: RuntimeWarning: logm result may be inaccurate, approximate err = 6.579750788660021e-07
  return f(*arrays, *other_args, **kwargs)
/appdata/users/P101440/micromamba/envs/torch29/lib/python3.11/site-packages/scipy/_lib/_util.py:1181: RuntimeWarning: logm result may be inaccurate, approximate err = 5.508418894351053e-07
  return f(*arrays, *other_args, **kwargs)
/appdata/users/P101440/micromamba/envs/torch29/lib/python3.11/site-packages/scipy/_lib/_util.py:1181: RuntimeWarning: logm result may be inaccurate, approximate err = 6.14307339219522e-07
  return f(*arrays, *other_args, **kwargs)
/appdata/users/P101440/micromamba/envs/torch29/lib/python3.11/site-packages/scipy/_lib/_util.py:1181: RuntimeWarning: logm result may be inaccurate, approximate err = 8.430516231783258e-07
  return f(*arrays, *other_args, **kwargs)
/appdata/users/P101440/micromamba/envs/torch29/lib/python3.11/site-packages/scipy/_lib/_util.py:1181: RuntimeWarning: logm result may be inaccurate, approximate err = 7.02230636306922e-07
  return f(*arrays, *other_args, **kwargs)
/appdata/users/P101440/micromamba/envs/torch29/lib/python3.11/site-packages/scipy/_lib/_util.py:1181: RuntimeWarning: logm result may be inaccurate, approximate err = 8.911059694582946e-07
  return f(*arrays, *other_args, **kwargs)
/appdata/users/P101440/micromamba/envs/torch29/lib/python3.11/site-packages/scipy/_lib/_util.py:1181: RuntimeWarning: logm result may be inaccurate, approximate err = 9.211902352035395e-07
  return f(*arrays, *other_args, **kwargs)
/appdata/users/P101440/micromamba/envs/torch29/lib/python3.11/site-packages/scipy/_lib/_util.py:1181: RuntimeWarning: logm result may be inaccurate, approximate err = 9.559880709275603e-07
  return f(*arrays, *other_args, **kwargs)
/appdata/users/P101440/micromamba/envs/torch29/lib/python3.11/site-packages/scipy/_lib/_util.py:1181: RuntimeWarning: logm result may be inaccurate, approximate err = 9.390226978212013e-07
  return f(*arrays, *other_args, **kwargs)
/appdata/users/P101440/micromamba/envs/torch29/lib/python3.11/site-packages/scipy/_lib/_util.py:1181: RuntimeWarning: logm result may be inaccurate, approximate err = 5.727294478674594e-07
  return f(*arrays, *other_args, **kwargs)
/appdata/users/P101440/micromamba/envs/torch29/lib/python3.11/site-packages/scipy/_lib/_util.py:1181: RuntimeWarning: logm result may be inaccurate, approximate err = 7.091213660714857e-07
  return f(*arrays, *other_args, **kwargs)
/appdata/users/P101440/micromamba/envs/torch29/lib/python3.11/site-packages/scipy/_lib/_util.py:1181: RuntimeWarning: logm result may be inaccurate, approximate err = 9.401463216818229e-07
  return f(*arrays, *other_args, **kwargs)
/appdata/users/P101440/micromamba/envs/torch29/lib/python3.11/site-packages/scipy/_lib/_util.py:1181: RuntimeWarning: logm result may be inaccurate, approximate err = 6.732599331371603e-07
  return f(*arrays, *other_args, **kwargs)
/appdata/users/P101440/micromamba/envs/torch29/lib/python3.11/site-packages/scipy/_lib/_util.py:1181: RuntimeWarning: logm result may be inaccurate, approximate err = 7.221526061584882e-07
  return f(*arrays, *other_args, **kwargs)
/appdata/users/P101440/micromamba/envs/torch29/lib/python3.11/site-packages/scipy/_lib/_util.py:1181: RuntimeWarning: logm result may be inaccurate, approximate err = 8.006867915355542e-07
  return f(*arrays, *other_args, **kwargs)
/appdata/users/P101440/micromamba/envs/torch29/lib/python3.11/site-packages/scipy/_lib/_util.py:1181: RuntimeWarning: logm result may be inaccurate, approximate err = 9.361360184811929e-07
  return f(*arrays, *other_args, **kwargs)
/appdata/users/P101440/micromamba/envs/torch29/lib/python3.11/site-packages/scipy/_lib/_util.py:1181: RuntimeWarning: logm result may be inaccurate, approximate err = 9.05044657883991e-07
  return f(*arrays, *other_args, **kwargs)
/appdata/users/P101440/micromamba/envs/torch29/lib/python3.11/site-packages/scipy/_lib/_util.py:1181: RuntimeWarning: logm result may be inaccurate, approximate err = 7.865952511565411e-07
  return f(*arrays, *other_args, **kwargs)
/appdata/users/P101440/micromamba/envs/torch29/lib/python3.11/site-packages/scipy/_lib/_util.py:1181: RuntimeWarning: logm result may be inaccurate, approximate err = 8.768582233642519e-07
  return f(*arrays, *other_args, **kwargs)
/appdata/users/P101440/micromamba/envs/torch29/lib/python3.11/site-packages/scipy/_lib/_util.py:1181: RuntimeWarning: logm result may be inaccurate, approximate err = 7.882925956437248e-07
  return f(*arrays, *other_args, **kwargs)
/appdata/users/P101440/micromamba/envs/torch29/lib/python3.11/site-packages/scipy/_lib/_util.py:1181: RuntimeWarning: logm result may be inaccurate, approximate err = 9.918868499880773e-07
  return f(*arrays, *other_args, **kwargs)
/appdata/users/P101440/micromamba/envs/torch29/lib/python3.11/site-packages/scipy/_lib/_util.py:1181: RuntimeWarning: logm result may be inaccurate, approximate err = 7.295052455447149e-07
  return f(*arrays, *other_args, **kwargs)
/appdata/users/P101440/micromamba/envs/torch29/lib/python3.11/site-packages/scipy/_lib/_util.py:1181: RuntimeWarning: logm result may be inaccurate, approximate err = 1.164505306405772e-06
  return f(*arrays, *other_args, **kwargs)
/appdata/users/P101440/micromamba/envs/torch29/lib/python3.11/site-packages/scipy/_lib/_util.py:1181: RuntimeWarning: logm result may be inaccurate, approximate err = 9.546558885631384e-07
  return f(*arrays, *other_args, **kwargs)
/appdata/users/P101440/micromamba/envs/torch29/lib/python3.11/site-packages/scipy/_lib/_util.py:1181: RuntimeWarning: logm result may be inaccurate, approximate err = 5.613838993667741e-07
  return f(*arrays, *other_args, **kwargs)
/appdata/users/P101440/micromamba/envs/torch29/lib/python3.11/site-packages/scipy/_lib/_util.py:1181: RuntimeWarning: logm result may be inaccurate, approximate err = 8.349009021912934e-07
  return f(*arrays, *other_args, **kwargs)
/appdata/users/P101440/micromamba/envs/torch29/lib/python3.11/site-packages/scipy/_lib/_util.py:1181: RuntimeWarning: logm result may be inaccurate, approximate err = 7.711687430855818e-07
  return f(*arrays, *other_args, **kwargs)
/appdata/users/P101440/micromamba/envs/torch29/lib/python3.11/site-packages/scipy/_lib/_util.py:1181: RuntimeWarning: logm result may be inaccurate, approximate err = 6.41710130366846e-07
  return f(*arrays, *other_args, **kwargs)
/appdata/users/P101440/micromamba/envs/torch29/lib/python3.11/site-packages/scipy/_lib/_util.py:1181: RuntimeWarning: logm result may be inaccurate, approximate err = 8.074928814494342e-07
  return f(*arrays, *other_args, **kwargs)
/appdata/users/P101440/micromamba/envs/torch29/lib/python3.11/site-packages/scipy/_lib/_util.py:1181: RuntimeWarning: logm result may be inaccurate, approximate err = 8.743064086047525e-07
  return f(*arrays, *other_args, **kwargs)
/appdata/users/P101440/micromamba/envs/torch29/lib/python3.11/site-packages/scipy/_lib/_util.py:1181: RuntimeWarning: logm result may be inaccurate, approximate err = 8.745752779759641e-07
  return f(*arrays, *other_args, **kwargs)
/appdata/users/P101440/micromamba/envs/torch29/lib/python3.11/site-packages/scipy/_lib/_util.py:1181: RuntimeWarning: logm result may be inaccurate, approximate err = 1.138635184361192e-06
  return f(*arrays, *other_args, **kwargs)
/appdata/users/P101440/micromamba/envs/torch29/lib/python3.11/site-packages/scipy/_lib/_util.py:1181: RuntimeWarning: logm result may be inaccurate, approximate err = 9.137192478192446e-07
  return f(*arrays, *other_args, **kwargs)
/appdata/users/P101440/micromamba/envs/torch29/lib/python3.11/site-packages/scipy/_lib/_util.py:1181: RuntimeWarning: logm result may be inaccurate, approximate err = 8.788753120825277e-07
  return f(*arrays, *other_args, **kwargs)
/appdata/users/P101440/micromamba/envs/torch29/lib/python3.11/site-packages/scipy/_lib/_util.py:1181: RuntimeWarning: logm result may be inaccurate, approximate err = 9.714434554553009e-07
  return f(*arrays, *other_args, **kwargs)
/appdata/users/P101440/micromamba/envs/torch29/lib/python3.11/site-packages/scipy/_lib/_util.py:1181: RuntimeWarning: logm result may be inaccurate, approximate err = 6.339481615214027e-07
  return f(*arrays, *other_args, **kwargs)
/appdata/users/P101440/micromamba/envs/torch29/lib/python3.11/site-packages/scipy/_lib/_util.py:1181: RuntimeWarning: logm result may be inaccurate, approximate err = 8.864889196047443e-07
  return f(*arrays, *other_args, **kwargs)
/appdata/users/P101440/micromamba/envs/torch29/lib/python3.11/site-packages/scipy/_lib/_util.py:1181: RuntimeWarning: logm result may be inaccurate, approximate err = 8.699726663508045e-07
  return f(*arrays, *other_args, **kwargs)
/appdata/users/P101440/micromamba/envs/torch29/lib/python3.11/site-packages/scipy/_lib/_util.py:1181: RuntimeWarning: logm result may be inaccurate, approximate err = 7.102813128767593e-07
  return f(*arrays, *other_args, **kwargs)
/appdata/users/P101440/micromamba/envs/torch29/lib/python3.11/site-packages/scipy/_lib/_util.py:1181: RuntimeWarning: logm result may be inaccurate, approximate err = 1.3369296993914759e-06
  return f(*arrays, *other_args, **kwargs)
/appdata/users/P101440/micromamba/envs/torch29/lib/python3.11/site-packages/scipy/_lib/_util.py:1181: RuntimeWarning: logm result may be inaccurate, approximate err = 1.032505792863958e-06
  return f(*arrays, *other_args, **kwargs)
/appdata/users/P101440/micromamba/envs/torch29/lib/python3.11/site-packages/scipy/_lib/_util.py:1181: RuntimeWarning: logm result may be inaccurate, approximate err = 5.018234219278384e-07
  return f(*arrays, *other_args, **kwargs)
/appdata/users/P101440/micromamba/envs/torch29/lib/python3.11/site-packages/scipy/_lib/_util.py:1181: RuntimeWarning: logm result may be inaccurate, approximate err = 6.561411396432959e-07
  return f(*arrays, *other_args, **kwargs)
/appdata/users/P101440/micromamba/envs/torch29/lib/python3.11/site-packages/scipy/_lib/_util.py:1181: RuntimeWarning: logm result may be inaccurate, approximate err = 8.703812000021571e-07
  return f(*arrays, *other_args, **kwargs)
/appdata/users/P101440/micromamba/envs/torch29/lib/python3.11/site-packages/scipy/_lib/_util.py:1181: RuntimeWarning: logm result may be inaccurate, approximate err = 9.01452949619852e-07
  return f(*arrays, *other_args, **kwargs)
/appdata/users/P101440/micromamba/envs/torch29/lib/python3.11/site-packages/scipy/_lib/_util.py:1181: RuntimeWarning: logm result may be inaccurate, approximate err = 1.0451283287693514e-06
  return f(*arrays, *other_args, **kwargs)
/appdata/users/P101440/micromamba/envs/torch29/lib/python3.11/site-packages/scipy/_lib/_util.py:1181: RuntimeWarning: logm result may be inaccurate, approximate err = 1.4205801335265278e-06
  return f(*arrays, *other_args, **kwargs)
/appdata/users/P101440/micromamba/envs/torch29/lib/python3.11/site-packages/scipy/_lib/_util.py:1181: RuntimeWarning: logm result may be inaccurate, approximate err = 5.480937375068606e-07
  return f(*arrays, *other_args, **kwargs)
/appdata/users/P101440/micromamba/envs/torch29/lib/python3.11/site-packages/scipy/_lib/_util.py:1181: RuntimeWarning: logm result may be inaccurate, approximate err = 6.247267947401269e-07
  return f(*arrays, *other_args, **kwargs)
/appdata/users/P101440/micromamba/envs/torch29/lib/python3.11/site-packages/scipy/_lib/_util.py:1181: RuntimeWarning: logm result may be inaccurate, approximate err = 1.583599782861711e-06
  return f(*arrays, *other_args, **kwargs)
/appdata/users/P101440/micromamba/envs/torch29/lib/python3.11/site-packages/scipy/_lib/_util.py:1181: RuntimeWarning: logm result may be inaccurate, approximate err = 7.984393164406356e-07
  return f(*arrays, *other_args, **kwargs)
/appdata/users/P101440/micromamba/envs/torch29/lib/python3.11/site-packages/scipy/_lib/_util.py:1181: RuntimeWarning: logm result may be inaccurate, approximate err = 1.1086053746112157e-06
  return f(*arrays, *other_args, **kwargs)
/appdata/users/P101440/micromamba/envs/torch29/lib/python3.11/site-packages/scipy/_lib/_util.py:1181: RuntimeWarning: logm result may be inaccurate, approximate err = 8.049974553614447e-07
  return f(*arrays, *other_args, **kwargs)
/appdata/users/P101440/micromamba/envs/torch29/lib/python3.11/site-packages/scipy/_lib/_util.py:1181: RuntimeWarning: logm result may be inaccurate, approximate err = 1.060861791302159e-06
  return f(*arrays, *other_args, **kwargs)
/appdata/users/P101440/micromamba/envs/torch29/lib/python3.11/site-packages/scipy/_lib/_util.py:1181: RuntimeWarning: logm result may be inaccurate, approximate err = 8.300317517750955e-07
  return f(*arrays, *other_args, **kwargs)
/appdata/users/P101440/micromamba/envs/torch29/lib/python3.11/site-packages/scipy/_lib/_util.py:1181: RuntimeWarning: logm result may be inaccurate, approximate err = 6.464733814937063e-07
  return f(*arrays, *other_args, **kwargs)
/appdata/users/P101440/micromamba/envs/torch29/lib/python3.11/site-packages/scipy/_lib/_util.py:1181: RuntimeWarning: logm result may be inaccurate, approximate err = 7.630069376318716e-07
  return f(*arrays, *other_args, **kwargs)
/appdata/users/P101440/micromamba/envs/torch29/lib/python3.11/site-packages/scipy/_lib/_util.py:1181: RuntimeWarning: logm result may be inaccurate, approximate err = 6.754645482942578e-07
  return f(*arrays, *other_args, **kwargs)
/appdata/users/P101440/micromamba/envs/torch29/lib/python3.11/site-packages/scipy/_lib/_util.py:1181: RuntimeWarning: logm result may be inaccurate, approximate err = 6.39587369732908e-07
  return f(*arrays, *other_args, **kwargs)
/appdata/users/P101440/micromamba/envs/torch29/lib/python3.11/site-packages/scipy/_lib/_util.py:1181: RuntimeWarning: logm result may be inaccurate, approximate err = 1.2019238511129515e-06
  return f(*arrays, *other_args, **kwargs)
/appdata/users/P101440/micromamba/envs/torch29/lib/python3.11/site-packages/scipy/_lib/_util.py:1181: RuntimeWarning: logm result may be inaccurate, approximate err = 9.56163376031327e-07
  return f(*arrays, *other_args, **kwargs)
/appdata/users/P101440/micromamba/envs/torch29/lib/python3.11/site-packages/scipy/_lib/_util.py:1181: RuntimeWarning: logm result may be inaccurate, approximate err = 8.23408413452853e-07
  return f(*arrays, *other_args, **kwargs)
/appdata/users/P101440/micromamba/envs/torch29/lib/python3.11/site-packages/scipy/_lib/_util.py:1181: RuntimeWarning: logm result may be inaccurate, approximate err = 1.6917482525968808e-06
  return f(*arrays, *other_args, **kwargs)
/appdata/users/P101440/micromamba/envs/torch29/lib/python3.11/site-packages/scipy/_lib/_util.py:1181: RuntimeWarning: logm result may be inaccurate, approximate err = 9.431761895939417e-07
  return f(*arrays, *other_args, **kwargs)
/appdata/users/P101440/micromamba/envs/torch29/lib/python3.11/site-packages/scipy/_lib/_util.py:1181: RuntimeWarning: logm result may be inaccurate, approximate err = 7.038688067950716e-07
  return f(*arrays, *other_args, **kwargs)
/appdata/users/P101440/micromamba/envs/torch29/lib/python3.11/site-packages/scipy/_lib/_util.py:1181: RuntimeWarning: logm result may be inaccurate, approximate err = 1.000910970105906e-06
  return f(*arrays, *other_args, **kwargs)
/appdata/users/P101440/micromamba/envs/torch29/lib/python3.11/site-packages/scipy/_lib/_util.py:1181: RuntimeWarning: logm result may be inaccurate, approximate err = 8.343243393937883e-07
  return f(*arrays, *other_args, **kwargs)
/appdata/users/P101440/micromamba/envs/torch29/lib/python3.11/site-packages/scipy/_lib/_util.py:1181: RuntimeWarning: logm result may be inaccurate, approximate err = 9.117048875850742e-07
  return f(*arrays, *other_args, **kwargs)
/appdata/users/P101440/micromamba/envs/torch29/lib/python3.11/site-packages/scipy/_lib/_util.py:1181: RuntimeWarning: logm result may be inaccurate, approximate err = 6.595908530471206e-07
  return f(*arrays, *other_args, **kwargs)
/appdata/users/P101440/micromamba/envs/torch29/lib/python3.11/site-packages/scipy/_lib/_util.py:1181: RuntimeWarning: logm result may be inaccurate, approximate err = 9.138926202467701e-07
  return f(*arrays, *other_args, **kwargs)
/appdata/users/P101440/micromamba/envs/torch29/lib/python3.11/site-packages/scipy/_lib/_util.py:1181: RuntimeWarning: logm result may be inaccurate, approximate err = 1.014086137729464e-06
  return f(*arrays, *other_args, **kwargs)
/appdata/users/P101440/micromamba/envs/torch29/lib/python3.11/site-packages/scipy/_lib/_util.py:1181: RuntimeWarning: logm result may be inaccurate, approximate err = 1.1234157000217238e-06
  return f(*arrays, *other_args, **kwargs)
/appdata/users/P101440/micromamba/envs/torch29/lib/python3.11/site-packages/scipy/_lib/_util.py:1181: RuntimeWarning: logm result may be inaccurate, approximate err = 6.708796149723639e-07
  return f(*arrays, *other_args, **kwargs)
/appdata/users/P101440/micromamba/envs/torch29/lib/python3.11/site-packages/scipy/_lib/_util.py:1181: RuntimeWarning: logm result may be inaccurate, approximate err = 6.328398285404546e-07
  return f(*arrays, *other_args, **kwargs)
/appdata/users/P101440/micromamba/envs/torch29/lib/python3.11/site-packages/scipy/_lib/_util.py:1181: RuntimeWarning: logm result may be inaccurate, approximate err = 9.765499271452427e-07
  return f(*arrays, *other_args, **kwargs)
/appdata/users/P101440/micromamba/envs/torch29/lib/python3.11/site-packages/scipy/_lib/_util.py:1181: RuntimeWarning: logm result may be inaccurate, approximate err = 6.516727921734855e-07
  return f(*arrays, *other_args, **kwargs)
/appdata/users/P101440/micromamba/envs/torch29/lib/python3.11/site-packages/scipy/_lib/_util.py:1181: RuntimeWarning: logm result may be inaccurate, approximate err = 7.638297461198817e-07
  return f(*arrays, *other_args, **kwargs)
/appdata/users/P101440/micromamba/envs/torch29/lib/python3.11/site-packages/scipy/_lib/_util.py:1181: RuntimeWarning: logm result may be inaccurate, approximate err = 9.054875818037544e-07
  return f(*arrays, *other_args, **kwargs)
/appdata/users/P101440/micromamba/envs/torch29/lib/python3.11/site-packages/scipy/_lib/_util.py:1181: RuntimeWarning: logm result may be inaccurate, approximate err = 1.2802090623154072e-06
  return f(*arrays, *other_args, **kwargs)
/appdata/users/P101440/micromamba/envs/torch29/lib/python3.11/site-packages/scipy/_lib/_util.py:1181: RuntimeWarning: logm result may be inaccurate, approximate err = 7.690466645726701e-07
  return f(*arrays, *other_args, **kwargs)
/appdata/users/P101440/micromamba/envs/torch29/lib/python3.11/site-packages/scipy/_lib/_util.py:1181: RuntimeWarning: logm result may be inaccurate, approximate err = 6.726239689669455e-07
  return f(*arrays, *other_args, **kwargs)
/appdata/users/P101440/micromamba/envs/torch29/lib/python3.11/site-packages/scipy/_lib/_util.py:1181: RuntimeWarning: logm result may be inaccurate, approximate err = 7.87390376899566e-07
  return f(*arrays, *other_args, **kwargs)
/appdata/users/P101440/micromamba/envs/torch29/lib/python3.11/site-packages/scipy/_lib/_util.py:1181: RuntimeWarning: logm result may be inaccurate, approximate err = 6.838982926637982e-07
  return f(*arrays, *other_args, **kwargs)
/appdata/users/P101440/micromamba/envs/torch29/lib/python3.11/site-packages/scipy/_lib/_util.py:1181: RuntimeWarning: logm result may be inaccurate, approximate err = 8.717518085177289e-07
  return f(*arrays, *other_args, **kwargs)
/appdata/users/P101440/micromamba/envs/torch29/lib/python3.11/site-packages/scipy/_lib/_util.py:1181: RuntimeWarning: logm result may be inaccurate, approximate err = 7.155789489843301e-07
  return f(*arrays, *other_args, **kwargs)
/appdata/users/P101440/micromamba/envs/torch29/lib/python3.11/site-packages/scipy/_lib/_util.py:1181: RuntimeWarning: logm result may be inaccurate, approximate err = 6.500085873994976e-07
  return f(*arrays, *other_args, **kwargs)
/appdata/users/P101440/micromamba/envs/torch29/lib/python3.11/site-packages/scipy/_lib/_util.py:1181: RuntimeWarning: logm result may be inaccurate, approximate err = 6.669759500255168e-07
  return f(*arrays, *other_args, **kwargs)
/appdata/users/P101440/micromamba/envs/torch29/lib/python3.11/site-packages/scipy/_lib/_util.py:1181: RuntimeWarning: logm result may be inaccurate, approximate err = 1.0465992090757936e-06
  return f(*arrays, *other_args, **kwargs)
/appdata/users/P101440/micromamba/envs/torch29/lib/python3.11/site-packages/scipy/_lib/_util.py:1181: RuntimeWarning: logm result may be inaccurate, approximate err = 1.1122780279038125e-06
  return f(*arrays, *other_args, **kwargs)
/appdata/users/P101440/micromamba/envs/torch29/lib/python3.11/site-packages/scipy/_lib/_util.py:1181: RuntimeWarning: logm result may be inaccurate, approximate err = 7.348347139668476e-07
  return f(*arrays, *other_args, **kwargs)
/appdata/users/P101440/micromamba/envs/torch29/lib/python3.11/site-packages/scipy/_lib/_util.py:1181: RuntimeWarning: logm result may be inaccurate, approximate err = 7.810695024090819e-07
  return f(*arrays, *other_args, **kwargs)
/appdata/users/P101440/micromamba/envs/torch29/lib/python3.11/site-packages/scipy/_lib/_util.py:1181: RuntimeWarning: logm result may be inaccurate, approximate err = 9.89924274108489e-07
  return f(*arrays, *other_args, **kwargs)
/appdata/users/P101440/micromamba/envs/torch29/lib/python3.11/site-packages/scipy/_lib/_util.py:1181: RuntimeWarning: logm result may be inaccurate, approximate err = 5.700310907741368e-07
  return f(*arrays, *other_args, **kwargs)
/appdata/users/P101440/micromamba/envs/torch29/lib/python3.11/site-packages/scipy/_lib/_util.py:1181: RuntimeWarning: logm result may be inaccurate, approximate err = 1.050831542670494e-06
  return f(*arrays, *other_args, **kwargs)
/appdata/users/P101440/micromamba/envs/torch29/lib/python3.11/site-packages/scipy/_lib/_util.py:1181: RuntimeWarning: logm result may be inaccurate, approximate err = 1.0701946848712396e-06
  return f(*arrays, *other_args, **kwargs)
/appdata/users/P101440/micromamba/envs/torch29/lib/python3.11/site-packages/scipy/_lib/_util.py:1181: RuntimeWarning: logm result may be inaccurate, approximate err = 7.095304113136081e-07
  return f(*arrays, *other_args, **kwargs)
/appdata/users/P101440/micromamba/envs/torch29/lib/python3.11/site-packages/scipy/_lib/_util.py:1181: RuntimeWarning: logm result may be inaccurate, approximate err = 7.122932288439188e-07
  return f(*arrays, *other_args, **kwargs)
/appdata/users/P101440/micromamba/envs/torch29/lib/python3.11/site-packages/scipy/_lib/_util.py:1181: RuntimeWarning: logm result may be inaccurate, approximate err = 5.819070452162123e-07
  return f(*arrays, *other_args, **kwargs)
/appdata/users/P101440/micromamba/envs/torch29/lib/python3.11/site-packages/scipy/_lib/_util.py:1181: RuntimeWarning: logm result may be inaccurate, approximate err = 8.474659694002185e-07
  return f(*arrays, *other_args, **kwargs)
/appdata/users/P101440/micromamba/envs/torch29/lib/python3.11/site-packages/scipy/_lib/_util.py:1181: RuntimeWarning: logm result may be inaccurate, approximate err = 6.130077281341073e-07
  return f(*arrays, *other_args, **kwargs)
/appdata/users/P101440/micromamba/envs/torch29/lib/python3.11/site-packages/scipy/_lib/_util.py:1181: RuntimeWarning: logm result may be inaccurate, approximate err = 9.431798275727488e-07
  return f(*arrays, *other_args, **kwargs)
/appdata/users/P101440/micromamba/envs/torch29/lib/python3.11/site-packages/scipy/_lib/_util.py:1181: RuntimeWarning: logm result may be inaccurate, approximate err = 8.561207209822896e-07
  return f(*arrays, *other_args, **kwargs)
/appdata/users/P101440/micromamba/envs/torch29/lib/python3.11/site-packages/scipy/_lib/_util.py:1181: RuntimeWarning: logm result may be inaccurate, approximate err = 6.855884180367866e-07
  return f(*arrays, *other_args, **kwargs)
/appdata/users/P101440/micromamba/envs/torch29/lib/python3.11/site-packages/scipy/_lib/_util.py:1181: RuntimeWarning: logm result may be inaccurate, approximate err = 7.866260602895636e-07
  return f(*arrays, *other_args, **kwargs)
/appdata/users/P101440/micromamba/envs/torch29/lib/python3.11/site-packages/scipy/_lib/_util.py:1181: RuntimeWarning: logm result may be inaccurate, approximate err = 9.030779324348259e-07
  return f(*arrays, *other_args, **kwargs)
/appdata/users/P101440/micromamba/envs/torch29/lib/python3.11/site-packages/scipy/_lib/_util.py:1181: RuntimeWarning: logm result may be inaccurate, approximate err = 6.12444694070291e-07
  return f(*arrays, *other_args, **kwargs)
/appdata/users/P101440/micromamba/envs/torch29/lib/python3.11/site-packages/scipy/_lib/_util.py:1181: RuntimeWarning: logm result may be inaccurate, approximate err = 1.1306376563879894e-06
  return f(*arrays, *other_args, **kwargs)
/appdata/users/P101440/micromamba/envs/torch29/lib/python3.11/site-packages/scipy/_lib/_util.py:1181: RuntimeWarning: logm result may be inaccurate, approximate err = 1.0490454087630496e-06
  return f(*arrays, *other_args, **kwargs)
/appdata/users/P101440/micromamba/envs/torch29/lib/python3.11/site-packages/scipy/_lib/_util.py:1181: RuntimeWarning: logm result may be inaccurate, approximate err = 9.195013035423472e-07
  return f(*arrays, *other_args, **kwargs)
/appdata/users/P101440/micromamba/envs/torch29/lib/python3.11/site-packages/scipy/_lib/_util.py:1181: RuntimeWarning: logm result may be inaccurate, approximate err = 1.0135701131730457e-06
  return f(*arrays, *other_args, **kwargs)
/appdata/users/P101440/micromamba/envs/torch29/lib/python3.11/site-packages/scipy/_lib/_util.py:1181: RuntimeWarning: logm result may be inaccurate, approximate err = 8.249633083323715e-07
  return f(*arrays, *other_args, **kwargs)
/appdata/users/P101440/micromamba/envs/torch29/lib/python3.11/site-packages/scipy/_lib/_util.py:1181: RuntimeWarning: logm result may be inaccurate, approximate err = 9.532672606837878e-07
  return f(*arrays, *other_args, **kwargs)
/appdata/users/P101440/micromamba/envs/torch29/lib/python3.11/site-packages/scipy/_lib/_util.py:1181: RuntimeWarning: logm result may be inaccurate, approximate err = 7.987742378645635e-07
  return f(*arrays, *other_args, **kwargs)
/appdata/users/P101440/micromamba/envs/torch29/lib/python3.11/site-packages/scipy/_lib/_util.py:1181: RuntimeWarning: logm result may be inaccurate, approximate err = 1.2267126976439613e-06
  return f(*arrays, *other_args, **kwargs)
/appdata/users/P101440/micromamba/envs/torch29/lib/python3.11/site-packages/scipy/_lib/_util.py:1181: RuntimeWarning: logm result may be inaccurate, approximate err = 6.860274766040675e-07
  return f(*arrays, *other_args, **kwargs)
/appdata/users/P101440/micromamba/envs/torch29/lib/python3.11/site-packages/scipy/_lib/_util.py:1181: RuntimeWarning: logm result may be inaccurate, approximate err = 7.380343163276848e-07
  return f(*arrays, *other_args, **kwargs)
/appdata/users/P101440/micromamba/envs/torch29/lib/python3.11/site-packages/scipy/_lib/_util.py:1181: RuntimeWarning: logm result may be inaccurate, approximate err = 5.866573928869911e-07
  return f(*arrays, *other_args, **kwargs)
/appdata/users/P101440/micromamba/envs/torch29/lib/python3.11/site-packages/scipy/_lib/_util.py:1181: RuntimeWarning: logm result may be inaccurate, approximate err = 1.124971504395944e-06
  return f(*arrays, *other_args, **kwargs)
/appdata/users/P101440/micromamba/envs/torch29/lib/python3.11/site-packages/scipy/_lib/_util.py:1181: RuntimeWarning: logm result may be inaccurate, approximate err = 1.4773194152439828e-06
  return f(*arrays, *other_args, **kwargs)
/appdata/users/P101440/micromamba/envs/torch29/lib/python3.11/site-packages/scipy/_lib/_util.py:1181: RuntimeWarning: logm result may be inaccurate, approximate err = 1.1625926390479435e-06
  return f(*arrays, *other_args, **kwargs)
/appdata/users/P101440/micromamba/envs/torch29/lib/python3.11/site-packages/scipy/_lib/_util.py:1181: RuntimeWarning: logm result may be inaccurate, approximate err = 1.321357217420882e-06
  return f(*arrays, *other_args, **kwargs)
/appdata/users/P101440/micromamba/envs/torch29/lib/python3.11/site-packages/scipy/_lib/_util.py:1181: RuntimeWarning: logm result may be inaccurate, approximate err = 6.022540333106008e-07
  return f(*arrays, *other_args, **kwargs)
/appdata/users/P101440/micromamba/envs/torch29/lib/python3.11/site-packages/scipy/_lib/_util.py:1181: RuntimeWarning: logm result may be inaccurate, approximate err = 8.028353022382362e-07
  return f(*arrays, *other_args, **kwargs)
/appdata/users/P101440/micromamba/envs/torch29/lib/python3.11/site-packages/scipy/_lib/_util.py:1181: RuntimeWarning: logm result may be inaccurate, approximate err = 1.024056814458163e-06
  return f(*arrays, *other_args, **kwargs)
/appdata/users/P101440/micromamba/envs/torch29/lib/python3.11/site-packages/scipy/_lib/_util.py:1181: RuntimeWarning: logm result may be inaccurate, approximate err = 9.220490824191074e-07
  return f(*arrays, *other_args, **kwargs)
/appdata/users/P101440/micromamba/envs/torch29/lib/python3.11/site-packages/scipy/_lib/_util.py:1181: RuntimeWarning: logm result may be inaccurate, approximate err = 8.378056008950807e-07
  return f(*arrays, *other_args, **kwargs)
/appdata/users/P101440/micromamba/envs/torch29/lib/python3.11/site-packages/scipy/_lib/_util.py:1181: RuntimeWarning: logm result may be inaccurate, approximate err = 6.84350879964768e-07
  return f(*arrays, *other_args, **kwargs)
/appdata/users/P101440/micromamba/envs/torch29/lib/python3.11/site-packages/scipy/_lib/_util.py:1181: RuntimeWarning: logm result may be inaccurate, approximate err = 9.389151500727166e-07
  return f(*arrays, *other_args, **kwargs)
/appdata/users/P101440/micromamba/envs/torch29/lib/python3.11/site-packages/scipy/_lib/_util.py:1181: RuntimeWarning: logm result may be inaccurate, approximate err = 9.403177614331071e-07
  return f(*arrays, *other_args, **kwargs)
/appdata/users/P101440/micromamba/envs/torch29/lib/python3.11/site-packages/scipy/_lib/_util.py:1181: RuntimeWarning: logm result may be inaccurate, approximate err = 1.074288547897595e-06
  return f(*arrays, *other_args, **kwargs)
/appdata/users/P101440/micromamba/envs/torch29/lib/python3.11/site-packages/scipy/_lib/_util.py:1181: RuntimeWarning: logm result may be inaccurate, approximate err = 9.740580253492226e-07
  return f(*arrays, *other_args, **kwargs)
/appdata/users/P101440/micromamba/envs/torch29/lib/python3.11/site-packages/scipy/_lib/_util.py:1181: RuntimeWarning: logm result may be inaccurate, approximate err = 8.862250524543924e-07
  return f(*arrays, *other_args, **kwargs)
/appdata/users/P101440/micromamba/envs/torch29/lib/python3.11/site-packages/scipy/_lib/_util.py:1181: RuntimeWarning: logm result may be inaccurate, approximate err = 8.064828875831154e-07
  return f(*arrays, *other_args, **kwargs)
/appdata/users/P101440/micromamba/envs/torch29/lib/python3.11/site-packages/scipy/_lib/_util.py:1181: RuntimeWarning: logm result may be inaccurate, approximate err = 1.4112770259089302e-06
  return f(*arrays, *other_args, **kwargs)
/appdata/users/P101440/micromamba/envs/torch29/lib/python3.11/site-packages/scipy/_lib/_util.py:1181: RuntimeWarning: logm result may be inaccurate, approximate err = 4.0361413766731857e-07
  return f(*arrays, *other_args, **kwargs)
/appdata/users/P101440/micromamba/envs/torch29/lib/python3.11/site-packages/scipy/_lib/_util.py:1181: RuntimeWarning: logm result may be inaccurate, approximate err = 9.055737564267474e-07
  return f(*arrays, *other_args, **kwargs)
/appdata/users/P101440/micromamba/envs/torch29/lib/python3.11/site-packages/scipy/_lib/_util.py:1181: RuntimeWarning: logm result may be inaccurate, approximate err = 8.940637599152979e-07
  return f(*arrays, *other_args, **kwargs)
/appdata/users/P101440/micromamba/envs/torch29/lib/python3.11/site-packages/scipy/_lib/_util.py:1181: RuntimeWarning: logm result may be inaccurate, approximate err = 7.171015568019357e-07
  return f(*arrays, *other_args, **kwargs)
/appdata/users/P101440/micromamba/envs/torch29/lib/python3.11/site-packages/scipy/_lib/_util.py:1181: RuntimeWarning: logm result may be inaccurate, approximate err = 7.830926733731758e-07
  return f(*arrays, *other_args, **kwargs)
/appdata/users/P101440/micromamba/envs/torch29/lib/python3.11/site-packages/scipy/_lib/_util.py:1181: RuntimeWarning: logm result may be inaccurate, approximate err = 8.959535193753254e-07
  return f(*arrays, *other_args, **kwargs)
/appdata/users/P101440/micromamba/envs/torch29/lib/python3.11/site-packages/scipy/_lib/_util.py:1181: RuntimeWarning: logm result may be inaccurate, approximate err = 6.643317078669497e-07
  return f(*arrays, *other_args, **kwargs)
/appdata/users/P101440/micromamba/envs/torch29/lib/python3.11/site-packages/scipy/_lib/_util.py:1181: RuntimeWarning: logm result may be inaccurate, approximate err = 8.412600891460897e-07
  return f(*arrays, *other_args, **kwargs)
/appdata/users/P101440/micromamba/envs/torch29/lib/python3.11/site-packages/scipy/_lib/_util.py:1181: RuntimeWarning: logm result may be inaccurate, approximate err = 8.379752216569614e-07
  return f(*arrays, *other_args, **kwargs)
/appdata/users/P101440/micromamba/envs/torch29/lib/python3.11/site-packages/scipy/_lib/_util.py:1181: RuntimeWarning: logm result may be inaccurate, approximate err = 1.0731207567005185e-06
  return f(*arrays, *other_args, **kwargs)
/appdata/users/P101440/micromamba/envs/torch29/lib/python3.11/site-packages/scipy/_lib/_util.py:1181: RuntimeWarning: logm result may be inaccurate, approximate err = 8.984401347333915e-07
  return f(*arrays, *other_args, **kwargs)
/appdata/users/P101440/micromamba/envs/torch29/lib/python3.11/site-packages/scipy/_lib/_util.py:1181: RuntimeWarning: logm result may be inaccurate, approximate err = 8.078453106463712e-07
  return f(*arrays, *other_args, **kwargs)
/appdata/users/P101440/micromamba/envs/torch29/lib/python3.11/site-packages/scipy/_lib/_util.py:1181: RuntimeWarning: logm result may be inaccurate, approximate err = 8.020241466510925e-07
  return f(*arrays, *other_args, **kwargs)
/appdata/users/P101440/micromamba/envs/torch29/lib/python3.11/site-packages/scipy/_lib/_util.py:1181: RuntimeWarning: logm result may be inaccurate, approximate err = 5.446625550575845e-07
  return f(*arrays, *other_args, **kwargs)
/appdata/users/P101440/micromamba/envs/torch29/lib/python3.11/site-packages/scipy/_lib/_util.py:1181: RuntimeWarning: logm result may be inaccurate, approximate err = 9.779339507076656e-07
  return f(*arrays, *other_args, **kwargs)
/appdata/users/P101440/micromamba/envs/torch29/lib/python3.11/site-packages/scipy/_lib/_util.py:1181: RuntimeWarning: logm result may be inaccurate, approximate err = 1.3554803217630251e-06
  return f(*arrays, *other_args, **kwargs)
/appdata/users/P101440/micromamba/envs/torch29/lib/python3.11/site-packages/scipy/_lib/_util.py:1181: RuntimeWarning: logm result may be inaccurate, approximate err = 8.162709832504333e-07
  return f(*arrays, *other_args, **kwargs)
/appdata/users/P101440/micromamba/envs/torch29/lib/python3.11/site-packages/scipy/_lib/_util.py:1181: RuntimeWarning: logm result may be inaccurate, approximate err = 8.462658911412291e-07
  return f(*arrays, *other_args, **kwargs)
/appdata/users/P101440/micromamba/envs/torch29/lib/python3.11/site-packages/scipy/_lib/_util.py:1181: RuntimeWarning: logm result may be inaccurate, approximate err = 8.735714231988823e-07
  return f(*arrays, *other_args, **kwargs)
/appdata/users/P101440/micromamba/envs/torch29/lib/python3.11/site-packages/scipy/_lib/_util.py:1181: RuntimeWarning: logm result may be inaccurate, approximate err = 8.065894121500605e-07
  return f(*arrays, *other_args, **kwargs)
/appdata/users/P101440/micromamba/envs/torch29/lib/python3.11/site-packages/scipy/_lib/_util.py:1181: RuntimeWarning: logm result may be inaccurate, approximate err = 6.855584047116281e-07
  return f(*arrays, *other_args, **kwargs)
/appdata/users/P101440/micromamba/envs/torch29/lib/python3.11/site-packages/scipy/_lib/_util.py:1181: RuntimeWarning: logm result may be inaccurate, approximate err = 1.3298664498506696e-06
  return f(*arrays, *other_args, **kwargs)
/appdata/users/P101440/micromamba/envs/torch29/lib/python3.11/site-packages/scipy/_lib/_util.py:1181: RuntimeWarning: logm result may be inaccurate, approximate err = 9.350713980893488e-07
  return f(*arrays, *other_args, **kwargs)
/appdata/users/P101440/micromamba/envs/torch29/lib/python3.11/site-packages/scipy/_lib/_util.py:1181: RuntimeWarning: logm result may be inaccurate, approximate err = 6.364912792378163e-07
  return f(*arrays, *other_args, **kwargs)
/appdata/users/P101440/micromamba/envs/torch29/lib/python3.11/site-packages/scipy/_lib/_util.py:1181: RuntimeWarning: logm result may be inaccurate, approximate err = 7.642652235517744e-07
  return f(*arrays, *other_args, **kwargs)
/appdata/users/P101440/micromamba/envs/torch29/lib/python3.11/site-packages/scipy/_lib/_util.py:1181: RuntimeWarning: logm result may be inaccurate, approximate err = 9.200142585541471e-07
  return f(*arrays, *other_args, **kwargs)
/appdata/users/P101440/micromamba/envs/torch29/lib/python3.11/site-packages/scipy/_lib/_util.py:1181: RuntimeWarning: logm result may be inaccurate, approximate err = 7.497783371945843e-07
  return f(*arrays, *other_args, **kwargs)
/appdata/users/P101440/micromamba/envs/torch29/lib/python3.11/site-packages/scipy/_lib/_util.py:1181: RuntimeWarning: logm result may be inaccurate, approximate err = 8.205954031836882e-07
  return f(*arrays, *other_args, **kwargs)
/appdata/users/P101440/micromamba/envs/torch29/lib/python3.11/site-packages/scipy/_lib/_util.py:1181: RuntimeWarning: logm result may be inaccurate, approximate err = 9.80918684945209e-07
  return f(*arrays, *other_args, **kwargs)
/appdata/users/P101440/micromamba/envs/torch29/lib/python3.11/site-packages/scipy/_lib/_util.py:1181: RuntimeWarning: logm result may be inaccurate, approximate err = 8.469701811009145e-07
  return f(*arrays, *other_args, **kwargs)
/appdata/users/P101440/micromamba/envs/torch29/lib/python3.11/site-packages/scipy/_lib/_util.py:1181: RuntimeWarning: logm result may be inaccurate, approximate err = 9.331665182799043e-07
  return f(*arrays, *other_args, **kwargs)
/appdata/users/P101440/micromamba/envs/torch29/lib/python3.11/site-packages/scipy/_lib/_util.py:1181: RuntimeWarning: logm result may be inaccurate, approximate err = 8.340091426362051e-07
  return f(*arrays, *other_args, **kwargs)
/appdata/users/P101440/micromamba/envs/torch29/lib/python3.11/site-packages/scipy/_lib/_util.py:1181: RuntimeWarning: logm result may be inaccurate, approximate err = 1.4154829841572791e-06
  return f(*arrays, *other_args, **kwargs)
/appdata/users/P101440/micromamba/envs/torch29/lib/python3.11/site-packages/scipy/_lib/_util.py:1181: RuntimeWarning: logm result may be inaccurate, approximate err = 1.0339715572627028e-06
  return f(*arrays, *other_args, **kwargs)
/appdata/users/P101440/micromamba/envs/torch29/lib/python3.11/site-packages/scipy/_lib/_util.py:1181: RuntimeWarning: logm result may be inaccurate, approximate err = 9.302864327764837e-07
  return f(*arrays, *other_args, **kwargs)
/appdata/users/P101440/micromamba/envs/torch29/lib/python3.11/site-packages/scipy/_lib/_util.py:1181: RuntimeWarning: logm result may be inaccurate, approximate err = 7.6854769304191e-07
  return f(*arrays, *other_args, **kwargs)
/appdata/users/P101440/micromamba/envs/torch29/lib/python3.11/site-packages/scipy/_lib/_util.py:1181: RuntimeWarning: logm result may be inaccurate, approximate err = 7.576725806757167e-07
  return f(*arrays, *other_args, **kwargs)
/appdata/users/P101440/micromamba/envs/torch29/lib/python3.11/site-packages/scipy/_lib/_util.py:1181: RuntimeWarning: logm result may be inaccurate, approximate err = 7.95402002040646e-07
  return f(*arrays, *other_args, **kwargs)
/appdata/users/P101440/micromamba/envs/torch29/lib/python3.11/site-packages/scipy/_lib/_util.py:1181: RuntimeWarning: logm result may be inaccurate, approximate err = 1.1531227528394083e-06
  return f(*arrays, *other_args, **kwargs)
/appdata/users/P101440/micromamba/envs/torch29/lib/python3.11/site-packages/scipy/_lib/_util.py:1181: RuntimeWarning: logm result may be inaccurate, approximate err = 8.294410918097128e-07
  return f(*arrays, *other_args, **kwargs)
/appdata/users/P101440/micromamba/envs/torch29/lib/python3.11/site-packages/scipy/_lib/_util.py:1181: RuntimeWarning: logm result may be inaccurate, approximate err = 6.683629294457205e-07
  return f(*arrays, *other_args, **kwargs)
/appdata/users/P101440/micromamba/envs/torch29/lib/python3.11/site-packages/scipy/_lib/_util.py:1181: RuntimeWarning: logm result may be inaccurate, approximate err = 6.628482083215204e-07
  return f(*arrays, *other_args, **kwargs)
/appdata/users/P101440/micromamba/envs/torch29/lib/python3.11/site-packages/scipy/_lib/_util.py:1181: RuntimeWarning: logm result may be inaccurate, approximate err = 1.0070899634229136e-06
  return f(*arrays, *other_args, **kwargs)
/appdata/users/P101440/micromamba/envs/torch29/lib/python3.11/site-packages/scipy/_lib/_util.py:1181: RuntimeWarning: logm result may be inaccurate, approximate err = 9.902016699925298e-07
  return f(*arrays, *other_args, **kwargs)
/appdata/users/P101440/micromamba/envs/torch29/lib/python3.11/site-packages/scipy/_lib/_util.py:1181: RuntimeWarning: logm result may be inaccurate, approximate err = 5.67964605124871e-07
  return f(*arrays, *other_args, **kwargs)
/appdata/users/P101440/micromamba/envs/torch29/lib/python3.11/site-packages/scipy/_lib/_util.py:1181: RuntimeWarning: logm result may be inaccurate, approximate err = 6.478610430349363e-07
  return f(*arrays, *other_args, **kwargs)
/appdata/users/P101440/micromamba/envs/torch29/lib/python3.11/site-packages/scipy/_lib/_util.py:1181: RuntimeWarning: logm result may be inaccurate, approximate err = 7.679332156840246e-07
  return f(*arrays, *other_args, **kwargs)
/appdata/users/P101440/micromamba/envs/torch29/lib/python3.11/site-packages/scipy/_lib/_util.py:1181: RuntimeWarning: logm result may be inaccurate, approximate err = 7.430597293023311e-07
  return f(*arrays, *other_args, **kwargs)
/appdata/users/P101440/micromamba/envs/torch29/lib/python3.11/site-packages/scipy/_lib/_util.py:1181: RuntimeWarning: logm result may be inaccurate, approximate err = 6.801356562391447e-07
  return f(*arrays, *other_args, **kwargs)
/appdata/users/P101440/micromamba/envs/torch29/lib/python3.11/site-packages/scipy/_lib/_util.py:1181: RuntimeWarning: logm result may be inaccurate, approximate err = 8.473259640595643e-07
  return f(*arrays, *other_args, **kwargs)
/appdata/users/P101440/micromamba/envs/torch29/lib/python3.11/site-packages/scipy/_lib/_util.py:1181: RuntimeWarning: logm result may be inaccurate, approximate err = 1.0834831982720061e-06
  return f(*arrays, *other_args, **kwargs)
/appdata/users/P101440/micromamba/envs/torch29/lib/python3.11/site-packages/scipy/_lib/_util.py:1181: RuntimeWarning: logm result may be inaccurate, approximate err = 8.972525620265515e-07
  return f(*arrays, *other_args, **kwargs)
/appdata/users/P101440/micromamba/envs/torch29/lib/python3.11/site-packages/scipy/_lib/_util.py:1181: RuntimeWarning: logm result may be inaccurate, approximate err = 1.2145587788836565e-06
  return f(*arrays, *other_args, **kwargs)
/appdata/users/P101440/micromamba/envs/torch29/lib/python3.11/site-packages/scipy/_lib/_util.py:1181: RuntimeWarning: logm result may be inaccurate, approximate err = 6.416366886696778e-07
  return f(*arrays, *other_args, **kwargs)
/appdata/users/P101440/micromamba/envs/torch29/lib/python3.11/site-packages/scipy/_lib/_util.py:1181: RuntimeWarning: logm result may be inaccurate, approximate err = 9.719765330373775e-07
  return f(*arrays, *other_args, **kwargs)
/appdata/users/P101440/micromamba/envs/torch29/lib/python3.11/site-packages/scipy/_lib/_util.py:1181: RuntimeWarning: logm result may be inaccurate, approximate err = 8.271651381619449e-07
  return f(*arrays, *other_args, **kwargs)
/appdata/users/P101440/micromamba/envs/torch29/lib/python3.11/site-packages/scipy/_lib/_util.py:1181: RuntimeWarning: logm result may be inaccurate, approximate err = 7.595647844027553e-07
  return f(*arrays, *other_args, **kwargs)
/appdata/users/P101440/micromamba/envs/torch29/lib/python3.11/site-packages/scipy/_lib/_util.py:1181: RuntimeWarning: logm result may be inaccurate, approximate err = 8.787885121819272e-07
  return f(*arrays, *other_args, **kwargs)
/appdata/users/P101440/micromamba/envs/torch29/lib/python3.11/site-packages/scipy/_lib/_util.py:1181: RuntimeWarning: logm result may be inaccurate, approximate err = 7.32367539058032e-07
  return f(*arrays, *other_args, **kwargs)
/appdata/users/P101440/micromamba/envs/torch29/lib/python3.11/site-packages/scipy/_lib/_util.py:1181: RuntimeWarning: logm result may be inaccurate, approximate err = 6.69586256663024e-07
  return f(*arrays, *other_args, **kwargs)
/appdata/users/P101440/micromamba/envs/torch29/lib/python3.11/site-packages/scipy/_lib/_util.py:1181: RuntimeWarning: logm result may be inaccurate, approximate err = 8.656896852698992e-07
  return f(*arrays, *other_args, **kwargs)
/appdata/users/P101440/micromamba/envs/torch29/lib/python3.11/site-packages/scipy/_lib/_util.py:1181: RuntimeWarning: logm result may be inaccurate, approximate err = 5.237341724750877e-07
  return f(*arrays, *other_args, **kwargs)
/appdata/users/P101440/micromamba/envs/torch29/lib/python3.11/site-packages/scipy/_lib/_util.py:1181: RuntimeWarning: logm result may be inaccurate, approximate err = 8.225060241784377e-07
  return f(*arrays, *other_args, **kwargs)
/appdata/users/P101440/micromamba/envs/torch29/lib/python3.11/site-packages/scipy/_lib/_util.py:1181: RuntimeWarning: logm result may be inaccurate, approximate err = 7.954108127705695e-07
  return f(*arrays, *other_args, **kwargs)
/appdata/users/P101440/micromamba/envs/torch29/lib/python3.11/site-packages/scipy/_lib/_util.py:1181: RuntimeWarning: logm result may be inaccurate, approximate err = 5.419433364295401e-07
  return f(*arrays, *other_args, **kwargs)
/appdata/users/P101440/micromamba/envs/torch29/lib/python3.11/site-packages/scipy/_lib/_util.py:1181: RuntimeWarning: logm result may be inaccurate, approximate err = 8.194420502150024e-07
  return f(*arrays, *other_args, **kwargs)
/appdata/users/P101440/micromamba/envs/torch29/lib/python3.11/site-packages/scipy/_lib/_util.py:1181: RuntimeWarning: logm result may be inaccurate, approximate err = 8.520413530277438e-07
  return f(*arrays, *other_args, **kwargs)
/appdata/users/P101440/micromamba/envs/torch29/lib/python3.11/site-packages/scipy/_lib/_util.py:1181: RuntimeWarning: logm result may be inaccurate, approximate err = 1.4344840337798814e-06
  return f(*arrays, *other_args, **kwargs)
/appdata/users/P101440/micromamba/envs/torch29/lib/python3.11/site-packages/scipy/_lib/_util.py:1181: RuntimeWarning: logm result may be inaccurate, approximate err = 4.6593612523793126e-07
  return f(*arrays, *other_args, **kwargs)
/appdata/users/P101440/micromamba/envs/torch29/lib/python3.11/site-packages/scipy/_lib/_util.py:1181: RuntimeWarning: logm result may be inaccurate, approximate err = 9.322803293798643e-07
  return f(*arrays, *other_args, **kwargs)
/appdata/users/P101440/micromamba/envs/torch29/lib/python3.11/site-packages/scipy/_lib/_util.py:1181: RuntimeWarning: logm result may be inaccurate, approximate err = 1.1693352917063748e-06
  return f(*arrays, *other_args, **kwargs)
/appdata/users/P101440/micromamba/envs/torch29/lib/python3.11/site-packages/scipy/_lib/_util.py:1181: RuntimeWarning: logm result may be inaccurate, approximate err = 7.41724363706453e-07
  return f(*arrays, *other_args, **kwargs)
/appdata/users/P101440/micromamba/envs/torch29/lib/python3.11/site-packages/scipy/_lib/_util.py:1181: RuntimeWarning: logm result may be inaccurate, approximate err = 1.0122854519067914e-06
  return f(*arrays, *other_args, **kwargs)
/appdata/users/P101440/micromamba/envs/torch29/lib/python3.11/site-packages/scipy/_lib/_util.py:1181: RuntimeWarning: logm result may be inaccurate, approximate err = 6.956958031878457e-07
  return f(*arrays, *other_args, **kwargs)
/appdata/users/P101440/micromamba/envs/torch29/lib/python3.11/site-packages/scipy/_lib/_util.py:1181: RuntimeWarning: logm result may be inaccurate, approximate err = 6.565646231138089e-07
  return f(*arrays, *other_args, **kwargs)
/appdata/users/P101440/micromamba/envs/torch29/lib/python3.11/site-packages/scipy/_lib/_util.py:1181: RuntimeWarning: logm result may be inaccurate, approximate err = 1.018565740196209e-06
  return f(*arrays, *other_args, **kwargs)
/appdata/users/P101440/micromamba/envs/torch29/lib/python3.11/site-packages/scipy/_lib/_util.py:1181: RuntimeWarning: logm result may be inaccurate, approximate err = 9.7188160452788e-07
  return f(*arrays, *other_args, **kwargs)
/appdata/users/P101440/micromamba/envs/torch29/lib/python3.11/site-packages/scipy/_lib/_util.py:1181: RuntimeWarning: logm result may be inaccurate, approximate err = 1.0345584087190218e-06
  return f(*arrays, *other_args, **kwargs)
/appdata/users/P101440/micromamba/envs/torch29/lib/python3.11/site-packages/scipy/_lib/_util.py:1181: RuntimeWarning: logm result may be inaccurate, approximate err = 7.705713755967736e-07
  return f(*arrays, *other_args, **kwargs)
/appdata/users/P101440/micromamba/envs/torch29/lib/python3.11/site-packages/scipy/_lib/_util.py:1181: RuntimeWarning: logm result may be inaccurate, approximate err = 1.0314167866454227e-06
  return f(*arrays, *other_args, **kwargs)
/appdata/users/P101440/micromamba/envs/torch29/lib/python3.11/site-packages/scipy/_lib/_util.py:1181: RuntimeWarning: logm result may be inaccurate, approximate err = 7.69069572470471e-07
  return f(*arrays, *other_args, **kwargs)
/appdata/users/P101440/micromamba/envs/torch29/lib/python3.11/site-packages/scipy/_lib/_util.py:1181: RuntimeWarning: logm result may be inaccurate, approximate err = 8.051114832596795e-07
  return f(*arrays, *other_args, **kwargs)
/appdata/users/P101440/micromamba/envs/torch29/lib/python3.11/site-packages/scipy/_lib/_util.py:1181: RuntimeWarning: logm result may be inaccurate, approximate err = 7.219075541797793e-07
  return f(*arrays, *other_args, **kwargs)
/appdata/users/P101440/micromamba/envs/torch29/lib/python3.11/site-packages/scipy/_lib/_util.py:1181: RuntimeWarning: logm result may be inaccurate, approximate err = 1.0517455848457757e-06
  return f(*arrays, *other_args, **kwargs)
/appdata/users/P101440/micromamba/envs/torch29/lib/python3.11/site-packages/scipy/_lib/_util.py:1181: RuntimeWarning: logm result may be inaccurate, approximate err = 7.513185664720368e-07
  return f(*arrays, *other_args, **kwargs)
/appdata/users/P101440/micromamba/envs/torch29/lib/python3.11/site-packages/scipy/_lib/_util.py:1181: RuntimeWarning: logm result may be inaccurate, approximate err = 1.1527562264745939e-06
  return f(*arrays, *other_args, **kwargs)
/appdata/users/P101440/micromamba/envs/torch29/lib/python3.11/site-packages/scipy/_lib/_util.py:1181: RuntimeWarning: logm result may be inaccurate, approximate err = 7.39341032840457e-07
  return f(*arrays, *other_args, **kwargs)
/appdata/users/P101440/micromamba/envs/torch29/lib/python3.11/site-packages/scipy/_lib/_util.py:1181: RuntimeWarning: logm result may be inaccurate, approximate err = 7.591449389110494e-07
  return f(*arrays, *other_args, **kwargs)
/appdata/users/P101440/micromamba/envs/torch29/lib/python3.11/site-packages/scipy/_lib/_util.py:1181: RuntimeWarning: logm result may be inaccurate, approximate err = 1.0050905530079035e-06
  return f(*arrays, *other_args, **kwargs)
/appdata/users/P101440/micromamba/envs/torch29/lib/python3.11/site-packages/scipy/_lib/_util.py:1181: RuntimeWarning: logm result may be inaccurate, approximate err = 8.332950187650567e-07
  return f(*arrays, *other_args, **kwargs)
/appdata/users/P101440/micromamba/envs/torch29/lib/python3.11/site-packages/scipy/_lib/_util.py:1181: RuntimeWarning: logm result may be inaccurate, approximate err = 7.291546353371814e-07
  return f(*arrays, *other_args, **kwargs)
/appdata/users/P101440/micromamba/envs/torch29/lib/python3.11/site-packages/scipy/_lib/_util.py:1181: RuntimeWarning: logm result may be inaccurate, approximate err = 6.678337740595452e-07
  return f(*arrays, *other_args, **kwargs)
/appdata/users/P101440/micromamba/envs/torch29/lib/python3.11/site-packages/scipy/_lib/_util.py:1181: RuntimeWarning: logm result may be inaccurate, approximate err = 1.4704220347994124e-06
  return f(*arrays, *other_args, **kwargs)
/appdata/users/P101440/micromamba/envs/torch29/lib/python3.11/site-packages/scipy/_lib/_util.py:1181: RuntimeWarning: logm result may be inaccurate, approximate err = 8.522694656676322e-07
  return f(*arrays, *other_args, **kwargs)
/appdata/users/P101440/micromamba/envs/torch29/lib/python3.11/site-packages/scipy/_lib/_util.py:1181: RuntimeWarning: logm result may be inaccurate, approximate err = 8.469881436212745e-07
  return f(*arrays, *other_args, **kwargs)
/appdata/users/P101440/micromamba/envs/torch29/lib/python3.11/site-packages/scipy/_lib/_util.py:1181: RuntimeWarning: logm result may be inaccurate, approximate err = 7.9325718616019e-07
  return f(*arrays, *other_args, **kwargs)
/appdata/users/P101440/micromamba/envs/torch29/lib/python3.11/site-packages/scipy/_lib/_util.py:1181: RuntimeWarning: logm result may be inaccurate, approximate err = 7.500717060793249e-07
  return f(*arrays, *other_args, **kwargs)
/appdata/users/P101440/micromamba/envs/torch29/lib/python3.11/site-packages/scipy/_lib/_util.py:1181: RuntimeWarning: logm result may be inaccurate, approximate err = 8.118880714391707e-07
  return f(*arrays, *other_args, **kwargs)
/appdata/users/P101440/micromamba/envs/torch29/lib/python3.11/site-packages/scipy/_lib/_util.py:1181: RuntimeWarning: logm result may be inaccurate, approximate err = 1.0017629392677918e-06
  return f(*arrays, *other_args, **kwargs)
/appdata/users/P101440/micromamba/envs/torch29/lib/python3.11/site-packages/scipy/_lib/_util.py:1181: RuntimeWarning: logm result may be inaccurate, approximate err = 6.498032121271535e-07
  return f(*arrays, *other_args, **kwargs)
/appdata/users/P101440/micromamba/envs/torch29/lib/python3.11/site-packages/scipy/_lib/_util.py:1181: RuntimeWarning: logm result may be inaccurate, approximate err = 5.998078904667636e-07
  return f(*arrays, *other_args, **kwargs)
/appdata/users/P101440/micromamba/envs/torch29/lib/python3.11/site-packages/scipy/_lib/_util.py:1181: RuntimeWarning: logm result may be inaccurate, approximate err = 8.350312441507413e-07
  return f(*arrays, *other_args, **kwargs)
/appdata/users/P101440/micromamba/envs/torch29/lib/python3.11/site-packages/scipy/_lib/_util.py:1181: RuntimeWarning: logm result may be inaccurate, approximate err = 8.134409199556103e-07
  return f(*arrays, *other_args, **kwargs)
/appdata/users/P101440/micromamba/envs/torch29/lib/python3.11/site-packages/scipy/_lib/_util.py:1181: RuntimeWarning: logm result may be inaccurate, approximate err = 8.476265520585002e-07
  return f(*arrays, *other_args, **kwargs)
/appdata/users/P101440/micromamba/envs/torch29/lib/python3.11/site-packages/scipy/_lib/_util.py:1181: RuntimeWarning: logm result may be inaccurate, approximate err = 9.186126703752961e-07
  return f(*arrays, *other_args, **kwargs)
/appdata/users/P101440/micromamba/envs/torch29/lib/python3.11/site-packages/scipy/_lib/_util.py:1181: RuntimeWarning: logm result may be inaccurate, approximate err = 9.797984148463001e-07
  return f(*arrays, *other_args, **kwargs)
/appdata/users/P101440/micromamba/envs/torch29/lib/python3.11/site-packages/scipy/_lib/_util.py:1181: RuntimeWarning: logm result may be inaccurate, approximate err = 7.588849939565989e-07
  return f(*arrays, *other_args, **kwargs)
/appdata/users/P101440/micromamba/envs/torch29/lib/python3.11/site-packages/scipy/_lib/_util.py:1181: RuntimeWarning: logm result may be inaccurate, approximate err = 1.0086222346217255e-06
  return f(*arrays, *other_args, **kwargs)
/appdata/users/P101440/micromamba/envs/torch29/lib/python3.11/site-packages/scipy/_lib/_util.py:1181: RuntimeWarning: logm result may be inaccurate, approximate err = 8.308517749355815e-07
  return f(*arrays, *other_args, **kwargs)
/appdata/users/P101440/micromamba/envs/torch29/lib/python3.11/site-packages/scipy/_lib/_util.py:1181: RuntimeWarning: logm result may be inaccurate, approximate err = 7.756711397632898e-07
  return f(*arrays, *other_args, **kwargs)
/appdata/users/P101440/micromamba/envs/torch29/lib/python3.11/site-packages/scipy/_lib/_util.py:1181: RuntimeWarning: logm result may be inaccurate, approximate err = 5.430362648439768e-07
  return f(*arrays, *other_args, **kwargs)
/appdata/users/P101440/micromamba/envs/torch29/lib/python3.11/site-packages/scipy/_lib/_util.py:1181: RuntimeWarning: logm result may be inaccurate, approximate err = 8.231247079493187e-07
  return f(*arrays, *other_args, **kwargs)
/appdata/users/P101440/micromamba/envs/torch29/lib/python3.11/site-packages/scipy/_lib/_util.py:1181: RuntimeWarning: logm result may be inaccurate, approximate err = 7.339522767324524e-07
  return f(*arrays, *other_args, **kwargs)
/appdata/users/P101440/micromamba/envs/torch29/lib/python3.11/site-packages/scipy/_lib/_util.py:1181: RuntimeWarning: logm result may be inaccurate, approximate err = 6.841513027211477e-07
  return f(*arrays, *other_args, **kwargs)
/appdata/users/P101440/micromamba/envs/torch29/lib/python3.11/site-packages/scipy/_lib/_util.py:1181: RuntimeWarning: logm result may be inaccurate, approximate err = 8.055702096498862e-07
  return f(*arrays, *other_args, **kwargs)
/appdata/users/P101440/micromamba/envs/torch29/lib/python3.11/site-packages/scipy/_lib/_util.py:1181: RuntimeWarning: logm result may be inaccurate, approximate err = 1.2370300055408734e-06
  return f(*arrays, *other_args, **kwargs)
/appdata/users/P101440/micromamba/envs/torch29/lib/python3.11/site-packages/scipy/_lib/_util.py:1181: RuntimeWarning: logm result may be inaccurate, approximate err = 7.820371479283494e-07
  return f(*arrays, *other_args, **kwargs)
/appdata/users/P101440/micromamba/envs/torch29/lib/python3.11/site-packages/scipy/_lib/_util.py:1181: RuntimeWarning: logm result may be inaccurate, approximate err = 8.320986353282933e-07
  return f(*arrays, *other_args, **kwargs)
/appdata/users/P101440/micromamba/envs/torch29/lib/python3.11/site-packages/scipy/_lib/_util.py:1181: RuntimeWarning: logm result may be inaccurate, approximate err = 1.2623372640518937e-06
  return f(*arrays, *other_args, **kwargs)
/appdata/users/P101440/micromamba/envs/torch29/lib/python3.11/site-packages/scipy/_lib/_util.py:1181: RuntimeWarning: logm result may be inaccurate, approximate err = 1.4721154002472758e-06
  return f(*arrays, *other_args, **kwargs)
/appdata/users/P101440/micromamba/envs/torch29/lib/python3.11/site-packages/scipy/_lib/_util.py:1181: RuntimeWarning: logm result may be inaccurate, approximate err = 1.1022630133084022e-06
  return f(*arrays, *other_args, **kwargs)
/appdata/users/P101440/micromamba/envs/torch29/lib/python3.11/site-packages/scipy/_lib/_util.py:1181: RuntimeWarning: logm result may be inaccurate, approximate err = 9.49440618569497e-07
  return f(*arrays, *other_args, **kwargs)
/appdata/users/P101440/micromamba/envs/torch29/lib/python3.11/site-packages/scipy/_lib/_util.py:1181: RuntimeWarning: logm result may be inaccurate, approximate err = 7.701304411966703e-07
  return f(*arrays, *other_args, **kwargs)
/appdata/users/P101440/micromamba/envs/torch29/lib/python3.11/site-packages/scipy/_lib/_util.py:1181: RuntimeWarning: logm result may be inaccurate, approximate err = 7.626348974554276e-07
  return f(*arrays, *other_args, **kwargs)
/appdata/users/P101440/micromamba/envs/torch29/lib/python3.11/site-packages/scipy/_lib/_util.py:1181: RuntimeWarning: logm result may be inaccurate, approximate err = 6.744911615896854e-07
  return f(*arrays, *other_args, **kwargs)
/appdata/users/P101440/micromamba/envs/torch29/lib/python3.11/site-packages/scipy/_lib/_util.py:1181: RuntimeWarning: logm result may be inaccurate, approximate err = 1.508600917077274e-06
  return f(*arrays, *other_args, **kwargs)
/appdata/users/P101440/micromamba/envs/torch29/lib/python3.11/site-packages/scipy/_lib/_util.py:1181: RuntimeWarning: logm result may be inaccurate, approximate err = 6.251766535569914e-07
  return f(*arrays, *other_args, **kwargs)
/appdata/users/P101440/micromamba/envs/torch29/lib/python3.11/site-packages/scipy/_lib/_util.py:1181: RuntimeWarning: logm result may be inaccurate, approximate err = 8.836075267026899e-07
  return f(*arrays, *other_args, **kwargs)
/appdata/users/P101440/micromamba/envs/torch29/lib/python3.11/site-packages/scipy/_lib/_util.py:1181: RuntimeWarning: logm result may be inaccurate, approximate err = 1.030100861498795e-06
  return f(*arrays, *other_args, **kwargs)
/appdata/users/P101440/micromamba/envs/torch29/lib/python3.11/site-packages/scipy/_lib/_util.py:1181: RuntimeWarning: logm result may be inaccurate, approximate err = 7.345418566728767e-07
  return f(*arrays, *other_args, **kwargs)
/appdata/users/P101440/micromamba/envs/torch29/lib/python3.11/site-packages/scipy/_lib/_util.py:1181: RuntimeWarning: logm result may be inaccurate, approximate err = 9.419865705240227e-07
  return f(*arrays, *other_args, **kwargs)
/appdata/users/P101440/micromamba/envs/torch29/lib/python3.11/site-packages/scipy/_lib/_util.py:1181: RuntimeWarning: logm result may be inaccurate, approximate err = 1.2660004813369596e-06
  return f(*arrays, *other_args, **kwargs)
/appdata/users/P101440/micromamba/envs/torch29/lib/python3.11/site-packages/scipy/_lib/_util.py:1181: RuntimeWarning: logm result may be inaccurate, approximate err = 6.876595080029801e-07
  return f(*arrays, *other_args, **kwargs)
/appdata/users/P101440/micromamba/envs/torch29/lib/python3.11/site-packages/scipy/_lib/_util.py:1181: RuntimeWarning: logm result may be inaccurate, approximate err = 7.552872034466418e-07
  return f(*arrays, *other_args, **kwargs)
/appdata/users/P101440/micromamba/envs/torch29/lib/python3.11/site-packages/scipy/_lib/_util.py:1181: RuntimeWarning: logm result may be inaccurate, approximate err = 5.665850153491192e-07
  return f(*arrays, *other_args, **kwargs)
/appdata/users/P101440/micromamba/envs/torch29/lib/python3.11/site-packages/scipy/_lib/_util.py:1181: RuntimeWarning: logm result may be inaccurate, approximate err = 1.1323216995151597e-06
  return f(*arrays, *other_args, **kwargs)
/appdata/users/P101440/micromamba/envs/torch29/lib/python3.11/site-packages/scipy/_lib/_util.py:1181: RuntimeWarning: logm result may be inaccurate, approximate err = 7.455131481037824e-07
  return f(*arrays, *other_args, **kwargs)
/appdata/users/P101440/micromamba/envs/torch29/lib/python3.11/site-packages/scipy/_lib/_util.py:1181: RuntimeWarning: logm result may be inaccurate, approximate err = 7.835336646166979e-07
  return f(*arrays, *other_args, **kwargs)
/appdata/users/P101440/micromamba/envs/torch29/lib/python3.11/site-packages/scipy/_lib/_util.py:1181: RuntimeWarning: logm result may be inaccurate, approximate err = 9.602694035493187e-07
  return f(*arrays, *other_args, **kwargs)
/appdata/users/P101440/micromamba/envs/torch29/lib/python3.11/site-packages/scipy/_lib/_util.py:1181: RuntimeWarning: logm result may be inaccurate, approximate err = 8.025455713323026e-07
  return f(*arrays, *other_args, **kwargs)
/appdata/users/P101440/micromamba/envs/torch29/lib/python3.11/site-packages/scipy/_lib/_util.py:1181: RuntimeWarning: logm result may be inaccurate, approximate err = 1.0644745316312765e-06
  return f(*arrays, *other_args, **kwargs)
/appdata/users/P101440/micromamba/envs/torch29/lib/python3.11/site-packages/scipy/_lib/_util.py:1181: RuntimeWarning: logm result may be inaccurate, approximate err = 7.396619707833452e-07
  return f(*arrays, *other_args, **kwargs)
/appdata/users/P101440/micromamba/envs/torch29/lib/python3.11/site-packages/scipy/_lib/_util.py:1181: RuntimeWarning: logm result may be inaccurate, approximate err = 7.040855507511878e-07
  return f(*arrays, *other_args, **kwargs)
/appdata/users/P101440/micromamba/envs/torch29/lib/python3.11/site-packages/scipy/_lib/_util.py:1181: RuntimeWarning: logm result may be inaccurate, approximate err = 5.891181444894755e-07
  return f(*arrays, *other_args, **kwargs)
/appdata/users/P101440/micromamba/envs/torch29/lib/python3.11/site-packages/scipy/_lib/_util.py:1181: RuntimeWarning: logm result may be inaccurate, approximate err = 1.0458107908561942e-06
  return f(*arrays, *other_args, **kwargs)
/appdata/users/P101440/micromamba/envs/torch29/lib/python3.11/site-packages/scipy/_lib/_util.py:1181: RuntimeWarning: logm result may be inaccurate, approximate err = 1.0445389762026025e-06
  return f(*arrays, *other_args, **kwargs)
/appdata/users/P101440/micromamba/envs/torch29/lib/python3.11/site-packages/scipy/_lib/_util.py:1181: RuntimeWarning: logm result may be inaccurate, approximate err = 9.287779221267556e-07
  return f(*arrays, *other_args, **kwargs)
/appdata/users/P101440/micromamba/envs/torch29/lib/python3.11/site-packages/scipy/_lib/_util.py:1181: RuntimeWarning: logm result may be inaccurate, approximate err = 8.443300316685054e-07
  return f(*arrays, *other_args, **kwargs)
/appdata/users/P101440/micromamba/envs/torch29/lib/python3.11/site-packages/scipy/_lib/_util.py:1181: RuntimeWarning: logm result may be inaccurate, approximate err = 8.638518806947104e-07
  return f(*arrays, *other_args, **kwargs)
/appdata/users/P101440/micromamba/envs/torch29/lib/python3.11/site-packages/scipy/_lib/_util.py:1181: RuntimeWarning: logm result may be inaccurate, approximate err = 8.775903665991791e-07
  return f(*arrays, *other_args, **kwargs)
/appdata/users/P101440/micromamba/envs/torch29/lib/python3.11/site-packages/scipy/_lib/_util.py:1181: RuntimeWarning: logm result may be inaccurate, approximate err = 7.286811865014897e-07
  return f(*arrays, *other_args, **kwargs)
/appdata/users/P101440/micromamba/envs/torch29/lib/python3.11/site-packages/scipy/_lib/_util.py:1181: RuntimeWarning: logm result may be inaccurate, approximate err = 1.242127609657473e-06
  return f(*arrays, *other_args, **kwargs)
/appdata/users/P101440/micromamba/envs/torch29/lib/python3.11/site-packages/scipy/_lib/_util.py:1181: RuntimeWarning: logm result may be inaccurate, approximate err = 9.528176860840176e-07
  return f(*arrays, *other_args, **kwargs)
/appdata/users/P101440/micromamba/envs/torch29/lib/python3.11/site-packages/scipy/_lib/_util.py:1181: RuntimeWarning: logm result may be inaccurate, approximate err = 1.2384109595586779e-06
  return f(*arrays, *other_args, **kwargs)
/appdata/users/P101440/micromamba/envs/torch29/lib/python3.11/site-packages/scipy/_lib/_util.py:1181: RuntimeWarning: logm result may be inaccurate, approximate err = 7.540917295045801e-07
  return f(*arrays, *other_args, **kwargs)
/appdata/users/P101440/micromamba/envs/torch29/lib/python3.11/site-packages/scipy/_lib/_util.py:1181: RuntimeWarning: logm result may be inaccurate, approximate err = 5.298316523294488e-07
  return f(*arrays, *other_args, **kwargs)
/appdata/users/P101440/micromamba/envs/torch29/lib/python3.11/site-packages/scipy/_lib/_util.py:1181: RuntimeWarning: logm result may be inaccurate, approximate err = 6.96749737016944e-07
  return f(*arrays, *other_args, **kwargs)
/appdata/users/P101440/micromamba/envs/torch29/lib/python3.11/site-packages/scipy/_lib/_util.py:1181: RuntimeWarning: logm result may be inaccurate, approximate err = 7.260598522407236e-07
  return f(*arrays, *other_args, **kwargs)
/appdata/users/P101440/micromamba/envs/torch29/lib/python3.11/site-packages/scipy/_lib/_util.py:1181: RuntimeWarning: logm result may be inaccurate, approximate err = 8.736304835110786e-07
  return f(*arrays, *other_args, **kwargs)
/appdata/users/P101440/micromamba/envs/torch29/lib/python3.11/site-packages/scipy/_lib/_util.py:1181: RuntimeWarning: logm result may be inaccurate, approximate err = 1.2199944876556401e-06
  return f(*arrays, *other_args, **kwargs)
/appdata/users/P101440/micromamba/envs/torch29/lib/python3.11/site-packages/scipy/_lib/_util.py:1181: RuntimeWarning: logm result may be inaccurate, approximate err = 1.1446093139966251e-06
  return f(*arrays, *other_args, **kwargs)
/appdata/users/P101440/micromamba/envs/torch29/lib/python3.11/site-packages/scipy/_lib/_util.py:1181: RuntimeWarning: logm result may be inaccurate, approximate err = 5.94047946833598e-07
  return f(*arrays, *other_args, **kwargs)
/appdata/users/P101440/micromamba/envs/torch29/lib/python3.11/site-packages/scipy/_lib/_util.py:1181: RuntimeWarning: logm result may be inaccurate, approximate err = 7.732495532764005e-07
  return f(*arrays, *other_args, **kwargs)
/appdata/users/P101440/micromamba/envs/torch29/lib/python3.11/site-packages/scipy/_lib/_util.py:1181: RuntimeWarning: logm result may be inaccurate, approximate err = 9.801404985410045e-07
  return f(*arrays, *other_args, **kwargs)
/appdata/users/P101440/micromamba/envs/torch29/lib/python3.11/site-packages/scipy/_lib/_util.py:1181: RuntimeWarning: logm result may be inaccurate, approximate err = 9.484120369052107e-07
  return f(*arrays, *other_args, **kwargs)
/appdata/users/P101440/micromamba/envs/torch29/lib/python3.11/site-packages/scipy/_lib/_util.py:1181: RuntimeWarning: logm result may be inaccurate, approximate err = 7.071186018947628e-07
  return f(*arrays, *other_args, **kwargs)
/appdata/users/P101440/micromamba/envs/torch29/lib/python3.11/site-packages/scipy/_lib/_util.py:1181: RuntimeWarning: logm result may be inaccurate, approximate err = 1.0027741836893256e-06
  return f(*arrays, *other_args, **kwargs)
/appdata/users/P101440/micromamba/envs/torch29/lib/python3.11/site-packages/scipy/_lib/_util.py:1181: RuntimeWarning: logm result may be inaccurate, approximate err = 9.229955821865587e-07
  return f(*arrays, *other_args, **kwargs)
/appdata/users/P101440/micromamba/envs/torch29/lib/python3.11/site-packages/scipy/_lib/_util.py:1181: RuntimeWarning: logm result may be inaccurate, approximate err = 6.465442083936068e-07
  return f(*arrays, *other_args, **kwargs)
/appdata/users/P101440/micromamba/envs/torch29/lib/python3.11/site-packages/scipy/_lib/_util.py:1181: RuntimeWarning: logm result may be inaccurate, approximate err = 1.0655531923475792e-06
  return f(*arrays, *other_args, **kwargs)
/appdata/users/P101440/micromamba/envs/torch29/lib/python3.11/site-packages/scipy/_lib/_util.py:1181: RuntimeWarning: logm result may be inaccurate, approximate err = 7.922171789687127e-07
  return f(*arrays, *other_args, **kwargs)
/appdata/users/P101440/micromamba/envs/torch29/lib/python3.11/site-packages/scipy/_lib/_util.py:1181: RuntimeWarning: logm result may be inaccurate, approximate err = 6.485213361884234e-07
  return f(*arrays, *other_args, **kwargs)
/appdata/users/P101440/micromamba/envs/torch29/lib/python3.11/site-packages/scipy/_lib/_util.py:1181: RuntimeWarning: logm result may be inaccurate, approximate err = 5.99416921431839e-07
  return f(*arrays, *other_args, **kwargs)
/appdata/users/P101440/micromamba/envs/torch29/lib/python3.11/site-packages/scipy/_lib/_util.py:1181: RuntimeWarning: logm result may be inaccurate, approximate err = 9.626552355257445e-07
  return f(*arrays, *other_args, **kwargs)
/appdata/users/P101440/micromamba/envs/torch29/lib/python3.11/site-packages/scipy/_lib/_util.py:1181: RuntimeWarning: logm result may be inaccurate, approximate err = 1.2194165037726634e-06
  return f(*arrays, *other_args, **kwargs)
/appdata/users/P101440/micromamba/envs/torch29/lib/python3.11/site-packages/scipy/_lib/_util.py:1181: RuntimeWarning: logm result may be inaccurate, approximate err = 7.205024985523778e-07
  return f(*arrays, *other_args, **kwargs)
/appdata/users/P101440/micromamba/envs/torch29/lib/python3.11/site-packages/scipy/_lib/_util.py:1181: RuntimeWarning: logm result may be inaccurate, approximate err = 8.736081440474663e-07
  return f(*arrays, *other_args, **kwargs)
/appdata/users/P101440/micromamba/envs/torch29/lib/python3.11/site-packages/scipy/_lib/_util.py:1181: RuntimeWarning: logm result may be inaccurate, approximate err = 7.458267532456375e-07
  return f(*arrays, *other_args, **kwargs)
/appdata/users/P101440/micromamba/envs/torch29/lib/python3.11/site-packages/scipy/_lib/_util.py:1181: RuntimeWarning: logm result may be inaccurate, approximate err = 7.555079832854972e-07
  return f(*arrays, *other_args, **kwargs)
/appdata/users/P101440/micromamba/envs/torch29/lib/python3.11/site-packages/scipy/_lib/_util.py:1181: RuntimeWarning: logm result may be inaccurate, approximate err = 8.650838481116807e-07
  return f(*arrays, *other_args, **kwargs)
/appdata/users/P101440/micromamba/envs/torch29/lib/python3.11/site-packages/scipy/_lib/_util.py:1181: RuntimeWarning: logm result may be inaccurate, approximate err = 5.367857056626235e-07
  return f(*arrays, *other_args, **kwargs)
/appdata/users/P101440/micromamba/envs/torch29/lib/python3.11/site-packages/scipy/_lib/_util.py:1181: RuntimeWarning: logm result may be inaccurate, approximate err = 5.484415055434511e-07
  return f(*arrays, *other_args, **kwargs)
/appdata/users/P101440/micromamba/envs/torch29/lib/python3.11/site-packages/scipy/_lib/_util.py:1181: RuntimeWarning: logm result may be inaccurate, approximate err = 8.701985052539385e-07
  return f(*arrays, *other_args, **kwargs)
/appdata/users/P101440/micromamba/envs/torch29/lib/python3.11/site-packages/scipy/_lib/_util.py:1181: RuntimeWarning: logm result may be inaccurate, approximate err = 1.1232364158786368e-06
  return f(*arrays, *other_args, **kwargs)
/appdata/users/P101440/micromamba/envs/torch29/lib/python3.11/site-packages/scipy/_lib/_util.py:1181: RuntimeWarning: logm result may be inaccurate, approximate err = 7.406076747429324e-07
  return f(*arrays, *other_args, **kwargs)
/appdata/users/P101440/micromamba/envs/torch29/lib/python3.11/site-packages/scipy/_lib/_util.py:1181: RuntimeWarning: logm result may be inaccurate, approximate err = 1.0124225582330837e-06
  return f(*arrays, *other_args, **kwargs)
/appdata/users/P101440/micromamba/envs/torch29/lib/python3.11/site-packages/scipy/_lib/_util.py:1181: RuntimeWarning: logm result may be inaccurate, approximate err = 7.452941304109117e-07
  return f(*arrays, *other_args, **kwargs)
/appdata/users/P101440/micromamba/envs/torch29/lib/python3.11/site-packages/scipy/_lib/_util.py:1181: RuntimeWarning: logm result may be inaccurate, approximate err = 6.132751764198474e-07
  return f(*arrays, *other_args, **kwargs)
/appdata/users/P101440/micromamba/envs/torch29/lib/python3.11/site-packages/scipy/_lib/_util.py:1181: RuntimeWarning: logm result may be inaccurate, approximate err = 7.776677080073569e-07
  return f(*arrays, *other_args, **kwargs)
/appdata/users/P101440/micromamba/envs/torch29/lib/python3.11/site-packages/scipy/_lib/_util.py:1181: RuntimeWarning: logm result may be inaccurate, approximate err = 8.94422271358053e-07
  return f(*arrays, *other_args, **kwargs)
/appdata/users/P101440/micromamba/envs/torch29/lib/python3.11/site-packages/scipy/_lib/_util.py:1181: RuntimeWarning: logm result may be inaccurate, approximate err = 7.794831731189333e-07
  return f(*arrays, *other_args, **kwargs)
/appdata/users/P101440/micromamba/envs/torch29/lib/python3.11/site-packages/scipy/_lib/_util.py:1181: RuntimeWarning: logm result may be inaccurate, approximate err = 7.123783802853723e-07
  return f(*arrays, *other_args, **kwargs)
/appdata/users/P101440/micromamba/envs/torch29/lib/python3.11/site-packages/scipy/_lib/_util.py:1181: RuntimeWarning: logm result may be inaccurate, approximate err = 8.683134637976764e-07
  return f(*arrays, *other_args, **kwargs)
/appdata/users/P101440/micromamba/envs/torch29/lib/python3.11/site-packages/scipy/_lib/_util.py:1181: RuntimeWarning: logm result may be inaccurate, approximate err = 9.653518873165012e-07
  return f(*arrays, *other_args, **kwargs)
/appdata/users/P101440/micromamba/envs/torch29/lib/python3.11/site-packages/scipy/_lib/_util.py:1181: RuntimeWarning: logm result may be inaccurate, approximate err = 8.392003110202495e-07
  return f(*arrays, *other_args, **kwargs)
/appdata/users/P101440/micromamba/envs/torch29/lib/python3.11/site-packages/scipy/_lib/_util.py:1181: RuntimeWarning: logm result may be inaccurate, approximate err = 8.280135830318613e-07
  return f(*arrays, *other_args, **kwargs)
/appdata/users/P101440/micromamba/envs/torch29/lib/python3.11/site-packages/scipy/_lib/_util.py:1181: RuntimeWarning: logm result may be inaccurate, approximate err = 6.49967603294499e-07
  return f(*arrays, *other_args, **kwargs)
/appdata/users/P101440/micromamba/envs/torch29/lib/python3.11/site-packages/scipy/_lib/_util.py:1181: RuntimeWarning: logm result may be inaccurate, approximate err = 8.716610295778082e-07
  return f(*arrays, *other_args, **kwargs)
/appdata/users/P101440/micromamba/envs/torch29/lib/python3.11/site-packages/scipy/_lib/_util.py:1181: RuntimeWarning: logm result may be inaccurate, approximate err = 1.0047029945781105e-06
  return f(*arrays, *other_args, **kwargs)
/appdata/users/P101440/micromamba/envs/torch29/lib/python3.11/site-packages/scipy/_lib/_util.py:1181: RuntimeWarning: logm result may be inaccurate, approximate err = 7.709143119427608e-07
  return f(*arrays, *other_args, **kwargs)
/appdata/users/P101440/micromamba/envs/torch29/lib/python3.11/site-packages/scipy/_lib/_util.py:1181: RuntimeWarning: logm result may be inaccurate, approximate err = 7.724846682322095e-07
  return f(*arrays, *other_args, **kwargs)
/appdata/users/P101440/micromamba/envs/torch29/lib/python3.11/site-packages/scipy/_lib/_util.py:1181: RuntimeWarning: logm result may be inaccurate, approximate err = 7.237095474010857e-07
  return f(*arrays, *other_args, **kwargs)
/appdata/users/P101440/micromamba/envs/torch29/lib/python3.11/site-packages/scipy/_lib/_util.py:1181: RuntimeWarning: logm result may be inaccurate, approximate err = 9.60252123149985e-07
  return f(*arrays, *other_args, **kwargs)
/appdata/users/P101440/micromamba/envs/torch29/lib/python3.11/site-packages/scipy/_lib/_util.py:1181: RuntimeWarning: logm result may be inaccurate, approximate err = 9.863990726444172e-07
  return f(*arrays, *other_args, **kwargs)
/appdata/users/P101440/micromamba/envs/torch29/lib/python3.11/site-packages/scipy/_lib/_util.py:1181: RuntimeWarning: logm result may be inaccurate, approximate err = 6.923368118805229e-07
  return f(*arrays, *other_args, **kwargs)
/appdata/users/P101440/micromamba/envs/torch29/lib/python3.11/site-packages/scipy/_lib/_util.py:1181: RuntimeWarning: logm result may be inaccurate, approximate err = 8.274668061858392e-07
  return f(*arrays, *other_args, **kwargs)
/appdata/users/P101440/micromamba/envs/torch29/lib/python3.11/site-packages/scipy/_lib/_util.py:1181: RuntimeWarning: logm result may be inaccurate, approximate err = 1.040756728798442e-06
  return f(*arrays, *other_args, **kwargs)
/appdata/users/P101440/micromamba/envs/torch29/lib/python3.11/site-packages/scipy/_lib/_util.py:1181: RuntimeWarning: logm result may be inaccurate, approximate err = 7.492171221201716e-07
  return f(*arrays, *other_args, **kwargs)
/appdata/users/P101440/micromamba/envs/torch29/lib/python3.11/site-packages/scipy/_lib/_util.py:1181: RuntimeWarning: logm result may be inaccurate, approximate err = 8.091054723990965e-07
  return f(*arrays, *other_args, **kwargs)
/appdata/users/P101440/micromamba/envs/torch29/lib/python3.11/site-packages/scipy/_lib/_util.py:1181: RuntimeWarning: logm result may be inaccurate, approximate err = 8.250046903413022e-07
  return f(*arrays, *other_args, **kwargs)
/appdata/users/P101440/micromamba/envs/torch29/lib/python3.11/site-packages/scipy/_lib/_util.py:1181: RuntimeWarning: logm result may be inaccurate, approximate err = 9.15435919068841e-07
  return f(*arrays, *other_args, **kwargs)
/appdata/users/P101440/micromamba/envs/torch29/lib/python3.11/site-packages/scipy/_lib/_util.py:1181: RuntimeWarning: logm result may be inaccurate, approximate err = 5.632121542475943e-07
  return f(*arrays, *other_args, **kwargs)
/appdata/users/P101440/micromamba/envs/torch29/lib/python3.11/site-packages/scipy/_lib/_util.py:1181: RuntimeWarning: logm result may be inaccurate, approximate err = 8.110844191833166e-07
  return f(*arrays, *other_args, **kwargs)
/appdata/users/P101440/micromamba/envs/torch29/lib/python3.11/site-packages/scipy/_lib/_util.py:1181: RuntimeWarning: logm result may be inaccurate, approximate err = 9.732874559631455e-07
  return f(*arrays, *other_args, **kwargs)
/appdata/users/P101440/micromamba/envs/torch29/lib/python3.11/site-packages/scipy/_lib/_util.py:1181: RuntimeWarning: logm result may be inaccurate, approximate err = 8.212803663809609e-07
  return f(*arrays, *other_args, **kwargs)
/appdata/users/P101440/micromamba/envs/torch29/lib/python3.11/site-packages/scipy/_lib/_util.py:1181: RuntimeWarning: logm result may be inaccurate, approximate err = 6.107435410740436e-07
  return f(*arrays, *other_args, **kwargs)
/appdata/users/P101440/micromamba/envs/torch29/lib/python3.11/site-packages/scipy/_lib/_util.py:1181: RuntimeWarning: logm result may be inaccurate, approximate err = 9.5958523615991e-07
  return f(*arrays, *other_args, **kwargs)
/appdata/users/P101440/micromamba/envs/torch29/lib/python3.11/site-packages/scipy/_lib/_util.py:1181: RuntimeWarning: logm result may be inaccurate, approximate err = 7.084163371473551e-07
  return f(*arrays, *other_args, **kwargs)
/appdata/users/P101440/micromamba/envs/torch29/lib/python3.11/site-packages/scipy/_lib/_util.py:1181: RuntimeWarning: logm result may be inaccurate, approximate err = 6.307337798716617e-07
  return f(*arrays, *other_args, **kwargs)
/appdata/users/P101440/micromamba/envs/torch29/lib/python3.11/site-packages/scipy/_lib/_util.py:1181: RuntimeWarning: logm result may be inaccurate, approximate err = 1.2899787407150143e-06
  return f(*arrays, *other_args, **kwargs)
/appdata/users/P101440/micromamba/envs/torch29/lib/python3.11/site-packages/scipy/_lib/_util.py:1181: RuntimeWarning: logm result may be inaccurate, approximate err = 6.449550937759341e-07
  return f(*arrays, *other_args, **kwargs)
/appdata/users/P101440/micromamba/envs/torch29/lib/python3.11/site-packages/scipy/_lib/_util.py:1181: RuntimeWarning: logm result may be inaccurate, approximate err = 6.35291200978827e-07
  return f(*arrays, *other_args, **kwargs)
/appdata/users/P101440/micromamba/envs/torch29/lib/python3.11/site-packages/scipy/_lib/_util.py:1181: RuntimeWarning: logm result may be inaccurate, approximate err = 6.637092724304239e-07
  return f(*arrays, *other_args, **kwargs)
/appdata/users/P101440/micromamba/envs/torch29/lib/python3.11/site-packages/scipy/_lib/_util.py:1181: RuntimeWarning: logm result may be inaccurate, approximate err = 5.76807281049696e-07
  return f(*arrays, *other_args, **kwargs)
/appdata/users/P101440/micromamba/envs/torch29/lib/python3.11/site-packages/scipy/_lib/_util.py:1181: RuntimeWarning: logm result may be inaccurate, approximate err = 6.426921572710853e-07
  return f(*arrays, *other_args, **kwargs)
/appdata/users/P101440/micromamba/envs/torch29/lib/python3.11/site-packages/scipy/_lib/_util.py:1181: RuntimeWarning: logm result may be inaccurate, approximate err = 9.64174205364543e-07
  return f(*arrays, *other_args, **kwargs)
/appdata/users/P101440/micromamba/envs/torch29/lib/python3.11/site-packages/scipy/_lib/_util.py:1181: RuntimeWarning: logm result may be inaccurate, approximate err = 8.474924015899887e-07
  return f(*arrays, *other_args, **kwargs)
/appdata/users/P101440/micromamba/envs/torch29/lib/python3.11/site-packages/scipy/_lib/_util.py:1181: RuntimeWarning: logm result may be inaccurate, approximate err = 9.783835821508546e-07
  return f(*arrays, *other_args, **kwargs)
/appdata/users/P101440/micromamba/envs/torch29/lib/python3.11/site-packages/scipy/_lib/_util.py:1181: RuntimeWarning: logm result may be inaccurate, approximate err = 7.25789732314297e-07
  return f(*arrays, *other_args, **kwargs)
/appdata/users/P101440/micromamba/envs/torch29/lib/python3.11/site-packages/scipy/_lib/_util.py:1181: RuntimeWarning: logm result may be inaccurate, approximate err = 7.834996154088003e-07
  return f(*arrays, *other_args, **kwargs)
/appdata/users/P101440/micromamba/envs/torch29/lib/python3.11/site-packages/scipy/_lib/_util.py:1181: RuntimeWarning: logm result may be inaccurate, approximate err = 8.123515158331429e-07
  return f(*arrays, *other_args, **kwargs)
/appdata/users/P101440/micromamba/envs/torch29/lib/python3.11/site-packages/scipy/_lib/_util.py:1181: RuntimeWarning: logm result may be inaccurate, approximate err = 6.780315970900119e-07
  return f(*arrays, *other_args, **kwargs)
/appdata/users/P101440/micromamba/envs/torch29/lib/python3.11/site-packages/scipy/_lib/_util.py:1181: RuntimeWarning: logm result may be inaccurate, approximate err = 8.718856747691461e-07
  return f(*arrays, *other_args, **kwargs)
/appdata/users/P101440/micromamba/envs/torch29/lib/python3.11/site-packages/scipy/_lib/_util.py:1181: RuntimeWarning: logm result may be inaccurate, approximate err = 6.733342274856113e-07
  return f(*arrays, *other_args, **kwargs)
/appdata/users/P101440/micromamba/envs/torch29/lib/python3.11/site-packages/scipy/_lib/_util.py:1181: RuntimeWarning: logm result may be inaccurate, approximate err = 8.761685421632137e-07
  return f(*arrays, *other_args, **kwargs)
/appdata/users/P101440/micromamba/envs/torch29/lib/python3.11/site-packages/scipy/_lib/_util.py:1181: RuntimeWarning: logm result may be inaccurate, approximate err = 1.0035942068498116e-06
  return f(*arrays, *other_args, **kwargs)
/appdata/users/P101440/micromamba/envs/torch29/lib/python3.11/site-packages/scipy/_lib/_util.py:1181: RuntimeWarning: logm result may be inaccurate, approximate err = 7.350341206802113e-07
  return f(*arrays, *other_args, **kwargs)
/appdata/users/P101440/micromamba/envs/torch29/lib/python3.11/site-packages/scipy/_lib/_util.py:1181: RuntimeWarning: logm result may be inaccurate, approximate err = 9.793023991733207e-07
  return f(*arrays, *other_args, **kwargs)
/appdata/users/P101440/micromamba/envs/torch29/lib/python3.11/site-packages/scipy/_lib/_util.py:1181: RuntimeWarning: logm result may be inaccurate, approximate err = 1.371983444187208e-06
  return f(*arrays, *other_args, **kwargs)
/appdata/users/P101440/micromamba/envs/torch29/lib/python3.11/site-packages/scipy/_lib/_util.py:1181: RuntimeWarning: logm result may be inaccurate, approximate err = 5.188368845665536e-07
  return f(*arrays, *other_args, **kwargs)
/appdata/users/P101440/micromamba/envs/torch29/lib/python3.11/site-packages/scipy/_lib/_util.py:1181: RuntimeWarning: logm result may be inaccurate, approximate err = 6.59337104025326e-07
  return f(*arrays, *other_args, **kwargs)
/appdata/users/P101440/micromamba/envs/torch29/lib/python3.11/site-packages/scipy/_lib/_util.py:1181: RuntimeWarning: logm result may be inaccurate, approximate err = 7.639883961019223e-07
  return f(*arrays, *other_args, **kwargs)
/appdata/users/P101440/micromamba/envs/torch29/lib/python3.11/site-packages/scipy/_lib/_util.py:1181: RuntimeWarning: logm result may be inaccurate, approximate err = 8.675933145241288e-07
  return f(*arrays, *other_args, **kwargs)
/appdata/users/P101440/micromamba/envs/torch29/lib/python3.11/site-packages/scipy/_lib/_util.py:1181: RuntimeWarning: logm result may be inaccurate, approximate err = 1.0100212648467277e-06
  return f(*arrays, *other_args, **kwargs)
/appdata/users/P101440/micromamba/envs/torch29/lib/python3.11/site-packages/scipy/_lib/_util.py:1181: RuntimeWarning: logm result may be inaccurate, approximate err = 7.796642762514239e-07
  return f(*arrays, *other_args, **kwargs)
/appdata/users/P101440/micromamba/envs/torch29/lib/python3.11/site-packages/scipy/_lib/_util.py:1181: RuntimeWarning: logm result may be inaccurate, approximate err = 9.955159612218267e-07
  return f(*arrays, *other_args, **kwargs)
/appdata/users/P101440/micromamba/envs/torch29/lib/python3.11/site-packages/scipy/_lib/_util.py:1181: RuntimeWarning: logm result may be inaccurate, approximate err = 5.413617145677563e-07
  return f(*arrays, *other_args, **kwargs)
/appdata/users/P101440/micromamba/envs/torch29/lib/python3.11/site-packages/scipy/_lib/_util.py:1181: RuntimeWarning: logm result may be inaccurate, approximate err = 8.523662131665333e-07
  return f(*arrays, *other_args, **kwargs)
/appdata/users/P101440/micromamba/envs/torch29/lib/python3.11/site-packages/scipy/_lib/_util.py:1181: RuntimeWarning: logm result may be inaccurate, approximate err = 9.656556585468934e-07
  return f(*arrays, *other_args, **kwargs)
/appdata/users/P101440/micromamba/envs/torch29/lib/python3.11/site-packages/scipy/_lib/_util.py:1181: RuntimeWarning: logm result may be inaccurate, approximate err = 7.267705655067402e-07
  return f(*arrays, *other_args, **kwargs)
/appdata/users/P101440/micromamba/envs/torch29/lib/python3.11/site-packages/scipy/_lib/_util.py:1181: RuntimeWarning: logm result may be inaccurate, approximate err = 1.276512080039538e-06
  return f(*arrays, *other_args, **kwargs)
/appdata/users/P101440/micromamba/envs/torch29/lib/python3.11/site-packages/scipy/_lib/_util.py:1181: RuntimeWarning: logm result may be inaccurate, approximate err = 9.54799816099694e-07
  return f(*arrays, *other_args, **kwargs)
/appdata/users/P101440/micromamba/envs/torch29/lib/python3.11/site-packages/scipy/_lib/_util.py:1181: RuntimeWarning: logm result may be inaccurate, approximate err = 8.617996059001598e-07
  return f(*arrays, *other_args, **kwargs)
/appdata/users/P101440/micromamba/envs/torch29/lib/python3.11/site-packages/scipy/_lib/_util.py:1181: RuntimeWarning: logm result may be inaccurate, approximate err = 9.768187965164543e-07
  return f(*arrays, *other_args, **kwargs)
/appdata/users/P101440/micromamba/envs/torch29/lib/python3.11/site-packages/scipy/_lib/_util.py:1181: RuntimeWarning: logm result may be inaccurate, approximate err = 1.2326387377470382e-06
  return f(*arrays, *other_args, **kwargs)
/appdata/users/P101440/micromamba/envs/torch29/lib/python3.11/site-packages/scipy/_lib/_util.py:1181: RuntimeWarning: logm result may be inaccurate, approximate err = 8.149533528012398e-07
  return f(*arrays, *other_args, **kwargs)
/appdata/users/P101440/micromamba/envs/torch29/lib/python3.11/site-packages/scipy/_lib/_util.py:1181: RuntimeWarning: logm result may be inaccurate, approximate err = 6.732407769050042e-07
  return f(*arrays, *other_args, **kwargs)
/appdata/users/P101440/micromamba/envs/torch29/lib/python3.11/site-packages/scipy/_lib/_util.py:1181: RuntimeWarning: logm result may be inaccurate, approximate err = 5.017445801058784e-07
  return f(*arrays, *other_args, **kwargs)
/appdata/users/P101440/micromamba/envs/torch29/lib/python3.11/site-packages/scipy/_lib/_util.py:1181: RuntimeWarning: logm result may be inaccurate, approximate err = 1.1017843917215941e-06
  return f(*arrays, *other_args, **kwargs)
/appdata/users/P101440/micromamba/envs/torch29/lib/python3.11/site-packages/scipy/_lib/_util.py:1181: RuntimeWarning: logm result may be inaccurate, approximate err = 6.775835004191322e-07
  return f(*arrays, *other_args, **kwargs)
/appdata/users/P101440/micromamba/envs/torch29/lib/python3.11/site-packages/scipy/_lib/_util.py:1181: RuntimeWarning: logm result may be inaccurate, approximate err = 6.956965989957098e-07
  return f(*arrays, *other_args, **kwargs)
/appdata/users/P101440/micromamba/envs/torch29/lib/python3.11/site-packages/scipy/_lib/_util.py:1181: RuntimeWarning: logm result may be inaccurate, approximate err = 7.602454275001946e-07
  return f(*arrays, *other_args, **kwargs)
/appdata/users/P101440/micromamba/envs/torch29/lib/python3.11/site-packages/scipy/_lib/_util.py:1181: RuntimeWarning: logm result may be inaccurate, approximate err = 9.289246918342542e-07
  return f(*arrays, *other_args, **kwargs)
/appdata/users/P101440/micromamba/envs/torch29/lib/python3.11/site-packages/scipy/_lib/_util.py:1181: RuntimeWarning: logm result may be inaccurate, approximate err = 8.873040542312083e-07
  return f(*arrays, *other_args, **kwargs)
/appdata/users/P101440/micromamba/envs/torch29/lib/python3.11/site-packages/scipy/_lib/_util.py:1181: RuntimeWarning: logm result may be inaccurate, approximate err = 7.750947474960412e-07
  return f(*arrays, *other_args, **kwargs)
/appdata/users/P101440/micromamba/envs/torch29/lib/python3.11/site-packages/scipy/_lib/_util.py:1181: RuntimeWarning: logm result may be inaccurate, approximate err = 7.530289849455585e-07
  return f(*arrays, *other_args, **kwargs)
/appdata/users/P101440/micromamba/envs/torch29/lib/python3.11/site-packages/scipy/_lib/_util.py:1181: RuntimeWarning: logm result may be inaccurate, approximate err = 5.939308493907447e-07
  return f(*arrays, *other_args, **kwargs)
/appdata/users/P101440/micromamba/envs/torch29/lib/python3.11/site-packages/scipy/_lib/_util.py:1181: RuntimeWarning: logm result may be inaccurate, approximate err = 1.152411869043135e-06
  return f(*arrays, *other_args, **kwargs)
/appdata/users/P101440/micromamba/envs/torch29/lib/python3.11/site-packages/scipy/_lib/_util.py:1181: RuntimeWarning: logm result may be inaccurate, approximate err = 9.190770242639701e-07
  return f(*arrays, *other_args, **kwargs)
/appdata/users/P101440/micromamba/envs/torch29/lib/python3.11/site-packages/scipy/_lib/_util.py:1181: RuntimeWarning: logm result may be inaccurate, approximate err = 8.71065708452079e-07
  return f(*arrays, *other_args, **kwargs)
/appdata/users/P101440/micromamba/envs/torch29/lib/python3.11/site-packages/scipy/_lib/_util.py:1181: RuntimeWarning: logm result may be inaccurate, approximate err = 6.820070552748803e-07
  return f(*arrays, *other_args, **kwargs)
/appdata/users/P101440/micromamba/envs/torch29/lib/python3.11/site-packages/scipy/_lib/_util.py:1181: RuntimeWarning: logm result may be inaccurate, approximate err = 1.1604695373534923e-06
  return f(*arrays, *other_args, **kwargs)
/appdata/users/P101440/micromamba/envs/torch29/lib/python3.11/site-packages/scipy/_lib/_util.py:1181: RuntimeWarning: logm result may be inaccurate, approximate err = 7.498652507820225e-07
  return f(*arrays, *other_args, **kwargs)
/appdata/users/P101440/micromamba/envs/torch29/lib/python3.11/site-packages/scipy/_lib/_util.py:1181: RuntimeWarning: logm result may be inaccurate, approximate err = 7.640850867574045e-07
  return f(*arrays, *other_args, **kwargs)
/appdata/users/P101440/micromamba/envs/torch29/lib/python3.11/site-packages/scipy/_lib/_util.py:1181: RuntimeWarning: logm result may be inaccurate, approximate err = 8.946207685767149e-07
  return f(*arrays, *other_args, **kwargs)
/appdata/users/P101440/micromamba/envs/torch29/lib/python3.11/site-packages/scipy/_lib/_util.py:1181: RuntimeWarning: logm result may be inaccurate, approximate err = 8.59417866649892e-07
  return f(*arrays, *other_args, **kwargs)
/appdata/users/P101440/micromamba/envs/torch29/lib/python3.11/site-packages/scipy/_lib/_util.py:1181: RuntimeWarning: logm result may be inaccurate, approximate err = 6.155726737233636e-07
  return f(*arrays, *other_args, **kwargs)
/appdata/users/P101440/micromamba/envs/torch29/lib/python3.11/site-packages/scipy/_lib/_util.py:1181: RuntimeWarning: logm result may be inaccurate, approximate err = 6.922084594407352e-07
  return f(*arrays, *other_args, **kwargs)
/appdata/users/P101440/micromamba/envs/torch29/lib/python3.11/site-packages/scipy/_lib/_util.py:1181: RuntimeWarning: logm result may be inaccurate, approximate err = 6.554852802764799e-07
  return f(*arrays, *other_args, **kwargs)
/appdata/users/P101440/micromamba/envs/torch29/lib/python3.11/site-packages/scipy/_lib/_util.py:1181: RuntimeWarning: logm result may be inaccurate, approximate err = 7.942335855659621e-07
  return f(*arrays, *other_args, **kwargs)
/appdata/users/P101440/micromamba/envs/torch29/lib/python3.11/site-packages/scipy/_lib/_util.py:1181: RuntimeWarning: logm result may be inaccurate, approximate err = 6.188174097587762e-07
  return f(*arrays, *other_args, **kwargs)
/appdata/users/P101440/micromamba/envs/torch29/lib/python3.11/site-packages/scipy/_lib/_util.py:1181: RuntimeWarning: logm result may be inaccurate, approximate err = 8.139631404446845e-07
  return f(*arrays, *other_args, **kwargs)
/appdata/users/P101440/micromamba/envs/torch29/lib/python3.11/site-packages/scipy/_lib/_util.py:1181: RuntimeWarning: logm result may be inaccurate, approximate err = 9.880521929517272e-07
  return f(*arrays, *other_args, **kwargs)
/appdata/users/P101440/micromamba/envs/torch29/lib/python3.11/site-packages/scipy/_lib/_util.py:1181: RuntimeWarning: logm result may be inaccurate, approximate err = 9.812819143917295e-07
  return f(*arrays, *other_args, **kwargs)
/appdata/users/P101440/micromamba/envs/torch29/lib/python3.11/site-packages/scipy/_lib/_util.py:1181: RuntimeWarning: logm result may be inaccurate, approximate err = 1.008465233098832e-06
  return f(*arrays, *other_args, **kwargs)
/appdata/users/P101440/micromamba/envs/torch29/lib/python3.11/site-packages/scipy/_lib/_util.py:1181: RuntimeWarning: logm result may be inaccurate, approximate err = 8.791963068688347e-07
  return f(*arrays, *other_args, **kwargs)
/appdata/users/P101440/micromamba/envs/torch29/lib/python3.11/site-packages/scipy/_lib/_util.py:1181: RuntimeWarning: logm result may be inaccurate, approximate err = 1.0245254316032515e-06
  return f(*arrays, *other_args, **kwargs)
/appdata/users/P101440/micromamba/envs/torch29/lib/python3.11/site-packages/scipy/_lib/_util.py:1181: RuntimeWarning: logm result may be inaccurate, approximate err = 1.0224171091977041e-06
  return f(*arrays, *other_args, **kwargs)
/appdata/users/P101440/micromamba/envs/torch29/lib/python3.11/site-packages/scipy/_lib/_util.py:1181: RuntimeWarning: logm result may be inaccurate, approximate err = 6.723154228893691e-07
  return f(*arrays, *other_args, **kwargs)
/appdata/users/P101440/micromamba/envs/torch29/lib/python3.11/site-packages/scipy/_lib/_util.py:1181: RuntimeWarning: logm result may be inaccurate, approximate err = 9.049998084265098e-07
  return f(*arrays, *other_args, **kwargs)
/appdata/users/P101440/micromamba/envs/torch29/lib/python3.11/site-packages/scipy/_lib/_util.py:1181: RuntimeWarning: logm result may be inaccurate, approximate err = 7.816090601409087e-07
  return f(*arrays, *other_args, **kwargs)
/appdata/users/P101440/micromamba/envs/torch29/lib/python3.11/site-packages/scipy/_lib/_util.py:1181: RuntimeWarning: logm result may be inaccurate, approximate err = 5.288806050884887e-07
  return f(*arrays, *other_args, **kwargs)
/appdata/users/P101440/micromamba/envs/torch29/lib/python3.11/site-packages/scipy/_lib/_util.py:1181: RuntimeWarning: logm result may be inaccurate, approximate err = 8.202129038181738e-07
  return f(*arrays, *other_args, **kwargs)
/appdata/users/P101440/micromamba/envs/torch29/lib/python3.11/site-packages/scipy/_lib/_util.py:1181: RuntimeWarning: logm result may be inaccurate, approximate err = 8.07557910320611e-07
  return f(*arrays, *other_args, **kwargs)
/appdata/users/P101440/micromamba/envs/torch29/lib/python3.11/site-packages/scipy/_lib/_util.py:1181: RuntimeWarning: logm result may be inaccurate, approximate err = 7.420690053550061e-07
  return f(*arrays, *other_args, **kwargs)
/appdata/users/P101440/micromamba/envs/torch29/lib/python3.11/site-packages/scipy/_lib/_util.py:1181: RuntimeWarning: logm result may be inaccurate, approximate err = 7.690128427384479e-07
  return f(*arrays, *other_args, **kwargs)
/appdata/users/P101440/micromamba/envs/torch29/lib/python3.11/site-packages/scipy/_lib/_util.py:1181: RuntimeWarning: logm result may be inaccurate, approximate err = 9.740564337334945e-07
  return f(*arrays, *other_args, **kwargs)
/appdata/users/P101440/micromamba/envs/torch29/lib/python3.11/site-packages/scipy/_lib/_util.py:1181: RuntimeWarning: logm result may be inaccurate, approximate err = 5.964490696896974e-07
  return f(*arrays, *other_args, **kwargs)
/appdata/users/P101440/micromamba/envs/torch29/lib/python3.11/site-packages/scipy/_lib/_util.py:1181: RuntimeWarning: logm result may be inaccurate, approximate err = 7.836443387532199e-07
  return f(*arrays, *other_args, **kwargs)
/appdata/users/P101440/micromamba/envs/torch29/lib/python3.11/site-packages/scipy/_lib/_util.py:1181: RuntimeWarning: logm result may be inaccurate, approximate err = 5.629810289065063e-07
  return f(*arrays, *other_args, **kwargs)
/appdata/users/P101440/micromamba/envs/torch29/lib/python3.11/site-packages/scipy/_lib/_util.py:1181: RuntimeWarning: logm result may be inaccurate, approximate err = 8.692226174389361e-07
  return f(*arrays, *other_args, **kwargs)
/appdata/users/P101440/micromamba/envs/torch29/lib/python3.11/site-packages/scipy/_lib/_util.py:1181: RuntimeWarning: logm result may be inaccurate, approximate err = 4.27079356768445e-07
  return f(*arrays, *other_args, **kwargs)
/appdata/users/P101440/micromamba/envs/torch29/lib/python3.11/site-packages/scipy/_lib/_util.py:1181: RuntimeWarning: logm result may be inaccurate, approximate err = 1.0262687055728748e-06
  return f(*arrays, *other_args, **kwargs)
/appdata/users/P101440/micromamba/envs/torch29/lib/python3.11/site-packages/scipy/_lib/_util.py:1181: RuntimeWarning: logm result may be inaccurate, approximate err = 1.0825046956597362e-06
  return f(*arrays, *other_args, **kwargs)
/appdata/users/P101440/micromamba/envs/torch29/lib/python3.11/site-packages/scipy/_lib/_util.py:1181: RuntimeWarning: logm result may be inaccurate, approximate err = 8.292605571114109e-07
  return f(*arrays, *other_args, **kwargs)
/appdata/users/P101440/micromamba/envs/torch29/lib/python3.11/site-packages/scipy/_lib/_util.py:1181: RuntimeWarning: logm result may be inaccurate, approximate err = 9.842623285294394e-07
  return f(*arrays, *other_args, **kwargs)
/appdata/users/P101440/micromamba/envs/torch29/lib/python3.11/site-packages/scipy/_lib/_util.py:1181: RuntimeWarning: logm result may be inaccurate, approximate err = 7.439364253514213e-07
  return f(*arrays, *other_args, **kwargs)
/appdata/users/P101440/micromamba/envs/torch29/lib/python3.11/site-packages/scipy/_lib/_util.py:1181: RuntimeWarning: logm result may be inaccurate, approximate err = 6.390362727870524e-07
  return f(*arrays, *other_args, **kwargs)
/appdata/users/P101440/micromamba/envs/torch29/lib/python3.11/site-packages/scipy/_lib/_util.py:1181: RuntimeWarning: logm result may be inaccurate, approximate err = 7.266299348884786e-07
  return f(*arrays, *other_args, **kwargs)
/appdata/users/P101440/micromamba/envs/torch29/lib/python3.11/site-packages/scipy/_lib/_util.py:1181: RuntimeWarning: logm result may be inaccurate, approximate err = 9.512739893580147e-07
  return f(*arrays, *other_args, **kwargs)
/appdata/users/P101440/micromamba/envs/torch29/lib/python3.11/site-packages/scipy/_lib/_util.py:1181: RuntimeWarning: logm result may be inaccurate, approximate err = 7.360406470979797e-07
  return f(*arrays, *other_args, **kwargs)
/appdata/users/P101440/micromamba/envs/torch29/lib/python3.11/site-packages/scipy/_lib/_util.py:1181: RuntimeWarning: logm result may be inaccurate, approximate err = 7.493558769056108e-07
  return f(*arrays, *other_args, **kwargs)
/appdata/users/P101440/micromamba/envs/torch29/lib/python3.11/site-packages/scipy/_lib/_util.py:1181: RuntimeWarning: logm result may be inaccurate, approximate err = 9.426678388990695e-07
  return f(*arrays, *other_args, **kwargs)
/appdata/users/P101440/micromamba/envs/torch29/lib/python3.11/site-packages/scipy/_lib/_util.py:1181: RuntimeWarning: logm result may be inaccurate, approximate err = 1.070637608791003e-06
  return f(*arrays, *other_args, **kwargs)
/appdata/users/P101440/micromamba/envs/torch29/lib/python3.11/site-packages/scipy/_lib/_util.py:1181: RuntimeWarning: logm result may be inaccurate, approximate err = 6.397969514182478e-07
  return f(*arrays, *other_args, **kwargs)
/appdata/users/P101440/micromamba/envs/torch29/lib/python3.11/site-packages/scipy/_lib/_util.py:1181: RuntimeWarning: logm result may be inaccurate, approximate err = 1.115696363740426e-06
  return f(*arrays, *other_args, **kwargs)
/appdata/users/P101440/micromamba/envs/torch29/lib/python3.11/site-packages/scipy/_lib/_util.py:1181: RuntimeWarning: logm result may be inaccurate, approximate err = 8.556490342925827e-07
  return f(*arrays, *other_args, **kwargs)
/appdata/users/P101440/micromamba/envs/torch29/lib/python3.11/site-packages/scipy/_lib/_util.py:1181: RuntimeWarning: logm result may be inaccurate, approximate err = 1.2224255669934792e-06
  return f(*arrays, *other_args, **kwargs)
/appdata/users/P101440/micromamba/envs/torch29/lib/python3.11/site-packages/scipy/_lib/_util.py:1181: RuntimeWarning: logm result may be inaccurate, approximate err = 7.083754667291942e-07
  return f(*arrays, *other_args, **kwargs)
/appdata/users/P101440/micromamba/envs/torch29/lib/python3.11/site-packages/scipy/_lib/_util.py:1181: RuntimeWarning: logm result may be inaccurate, approximate err = 9.600329349268577e-07
  return f(*arrays, *other_args, **kwargs)
/appdata/users/P101440/micromamba/envs/torch29/lib/python3.11/site-packages/scipy/_lib/_util.py:1181: RuntimeWarning: logm result may be inaccurate, approximate err = 8.94563982001273e-07
  return f(*arrays, *other_args, **kwargs)
/appdata/users/P101440/micromamba/envs/torch29/lib/python3.11/site-packages/scipy/_lib/_util.py:1181: RuntimeWarning: logm result may be inaccurate, approximate err = 6.631977953475143e-07
  return f(*arrays, *other_args, **kwargs)
/appdata/users/P101440/micromamba/envs/torch29/lib/python3.11/site-packages/scipy/_lib/_util.py:1181: RuntimeWarning: logm result may be inaccurate, approximate err = 1.0221534694210277e-06
  return f(*arrays, *other_args, **kwargs)
/appdata/users/P101440/micromamba/envs/torch29/lib/python3.11/site-packages/scipy/_lib/_util.py:1181: RuntimeWarning: logm result may be inaccurate, approximate err = 7.970049864525208e-07
  return f(*arrays, *other_args, **kwargs)
/appdata/users/P101440/micromamba/envs/torch29/lib/python3.11/site-packages/scipy/_lib/_util.py:1181: RuntimeWarning: logm result may be inaccurate, approximate err = 6.866152375550882e-07
  return f(*arrays, *other_args, **kwargs)
/appdata/users/P101440/micromamba/envs/torch29/lib/python3.11/site-packages/scipy/_lib/_util.py:1181: RuntimeWarning: logm result may be inaccurate, approximate err = 8.720093092051684e-07
  return f(*arrays, *other_args, **kwargs)
/appdata/users/P101440/micromamba/envs/torch29/lib/python3.11/site-packages/scipy/_lib/_util.py:1181: RuntimeWarning: logm result may be inaccurate, approximate err = 6.752035801582679e-07
  return f(*arrays, *other_args, **kwargs)
/appdata/users/P101440/micromamba/envs/torch29/lib/python3.11/site-packages/scipy/_lib/_util.py:1181: RuntimeWarning: logm result may be inaccurate, approximate err = 9.028210570249939e-07
  return f(*arrays, *other_args, **kwargs)
/appdata/users/P101440/micromamba/envs/torch29/lib/python3.11/site-packages/scipy/_lib/_util.py:1181: RuntimeWarning: logm result may be inaccurate, approximate err = 9.768983773028594e-07
  return f(*arrays, *other_args, **kwargs)
/appdata/users/P101440/micromamba/envs/torch29/lib/python3.11/site-packages/scipy/_lib/_util.py:1181: RuntimeWarning: logm result may be inaccurate, approximate err = 7.933419965411304e-07
  return f(*arrays, *other_args, **kwargs)
/appdata/users/P101440/micromamba/envs/torch29/lib/python3.11/site-packages/scipy/_lib/_util.py:1181: RuntimeWarning: logm result may be inaccurate, approximate err = 9.153992550636758e-07
  return f(*arrays, *other_args, **kwargs)
/appdata/users/P101440/micromamba/envs/torch29/lib/python3.11/site-packages/scipy/_lib/_util.py:1181: RuntimeWarning: logm result may be inaccurate, approximate err = 1.0432941053295508e-06
  return f(*arrays, *other_args, **kwargs)
/appdata/users/P101440/micromamba/envs/torch29/lib/python3.11/site-packages/scipy/_lib/_util.py:1181: RuntimeWarning: logm result may be inaccurate, approximate err = 9.981492894439725e-07
  return f(*arrays, *other_args, **kwargs)
/appdata/users/P101440/micromamba/envs/torch29/lib/python3.11/site-packages/scipy/_lib/_util.py:1181: RuntimeWarning: logm result may be inaccurate, approximate err = 6.752106855856255e-07
  return f(*arrays, *other_args, **kwargs)
/appdata/users/P101440/micromamba/envs/torch29/lib/python3.11/site-packages/scipy/_lib/_util.py:1181: RuntimeWarning: logm result may be inaccurate, approximate err = 6.761582085346163e-07
  return f(*arrays, *other_args, **kwargs)
/appdata/users/P101440/micromamba/envs/torch29/lib/python3.11/site-packages/scipy/_lib/_util.py:1181: RuntimeWarning: logm result may be inaccurate, approximate err = 1.6477607687193085e-06
  return f(*arrays, *other_args, **kwargs)
/appdata/users/P101440/micromamba/envs/torch29/lib/python3.11/site-packages/scipy/_lib/_util.py:1181: RuntimeWarning: logm result may be inaccurate, approximate err = 9.308377002525958e-07
  return f(*arrays, *other_args, **kwargs)
/appdata/users/P101440/micromamba/envs/torch29/lib/python3.11/site-packages/scipy/_lib/_util.py:1181: RuntimeWarning: logm result may be inaccurate, approximate err = 9.473418458583183e-07
  return f(*arrays, *other_args, **kwargs)
/appdata/users/P101440/micromamba/envs/torch29/lib/python3.11/site-packages/scipy/_lib/_util.py:1181: RuntimeWarning: logm result may be inaccurate, approximate err = 1.0797793947858736e-06
  return f(*arrays, *other_args, **kwargs)
/appdata/users/P101440/micromamba/envs/torch29/lib/python3.11/site-packages/scipy/_lib/_util.py:1181: RuntimeWarning: logm result may be inaccurate, approximate err = 8.867723977346031e-07
  return f(*arrays, *other_args, **kwargs)
/appdata/users/P101440/micromamba/envs/torch29/lib/python3.11/site-packages/scipy/_lib/_util.py:1181: RuntimeWarning: logm result may be inaccurate, approximate err = 9.638039273340837e-07
  return f(*arrays, *other_args, **kwargs)
/appdata/users/P101440/micromamba/envs/torch29/lib/python3.11/site-packages/scipy/_lib/_util.py:1181: RuntimeWarning: logm result may be inaccurate, approximate err = 7.799847594469611e-07
  return f(*arrays, *other_args, **kwargs)
/appdata/users/P101440/micromamba/envs/torch29/lib/python3.11/site-packages/scipy/_lib/_util.py:1181: RuntimeWarning: logm result may be inaccurate, approximate err = 8.927981980377808e-07
  return f(*arrays, *other_args, **kwargs)
/appdata/users/P101440/micromamba/envs/torch29/lib/python3.11/site-packages/scipy/_lib/_util.py:1181: RuntimeWarning: logm result may be inaccurate, approximate err = 6.343385052787198e-07
  return f(*arrays, *other_args, **kwargs)
/appdata/users/P101440/micromamba/envs/torch29/lib/python3.11/site-packages/scipy/_lib/_util.py:1181: RuntimeWarning: logm result may be inaccurate, approximate err = 7.423600436595734e-07
  return f(*arrays, *other_args, **kwargs)
/appdata/users/P101440/micromamba/envs/torch29/lib/python3.11/site-packages/scipy/_lib/_util.py:1181: RuntimeWarning: logm result may be inaccurate, approximate err = 1.2555105968203861e-06
  return f(*arrays, *other_args, **kwargs)
/appdata/users/P101440/micromamba/envs/torch29/lib/python3.11/site-packages/scipy/_lib/_util.py:1181: RuntimeWarning: logm result may be inaccurate, approximate err = 8.819952768135408e-07
  return f(*arrays, *other_args, **kwargs)
/appdata/users/P101440/micromamba/envs/torch29/lib/python3.11/site-packages/scipy/_lib/_util.py:1181: RuntimeWarning: logm result may be inaccurate, approximate err = 8.947596370489919e-07
  return f(*arrays, *other_args, **kwargs)
/appdata/users/P101440/micromamba/envs/torch29/lib/python3.11/site-packages/scipy/_lib/_util.py:1181: RuntimeWarning: logm result may be inaccurate, approximate err = 7.919546760604135e-07
  return f(*arrays, *other_args, **kwargs)
/appdata/users/P101440/micromamba/envs/torch29/lib/python3.11/site-packages/scipy/_lib/_util.py:1181: RuntimeWarning: logm result may be inaccurate, approximate err = 5.958522137916589e-07
  return f(*arrays, *other_args, **kwargs)
/appdata/users/P101440/micromamba/envs/torch29/lib/python3.11/site-packages/scipy/_lib/_util.py:1181: RuntimeWarning: logm result may be inaccurate, approximate err = 6.737699891345983e-07
  return f(*arrays, *other_args, **kwargs)
/appdata/users/P101440/micromamba/envs/torch29/lib/python3.11/site-packages/scipy/_lib/_util.py:1181: RuntimeWarning: logm result may be inaccurate, approximate err = 9.088814749702578e-07
  return f(*arrays, *other_args, **kwargs)
/appdata/users/P101440/micromamba/envs/torch29/lib/python3.11/site-packages/scipy/_lib/_util.py:1181: RuntimeWarning: logm result may be inaccurate, approximate err = 7.181665182542929e-07
  return f(*arrays, *other_args, **kwargs)
/appdata/users/P101440/micromamba/envs/torch29/lib/python3.11/site-packages/scipy/_lib/_util.py:1181: RuntimeWarning: logm result may be inaccurate, approximate err = 8.952641792348004e-07
  return f(*arrays, *other_args, **kwargs)
/appdata/users/P101440/micromamba/envs/torch29/lib/python3.11/site-packages/scipy/_lib/_util.py:1181: RuntimeWarning: logm result may be inaccurate, approximate err = 7.439213618454232e-07
  return f(*arrays, *other_args, **kwargs)
/appdata/users/P101440/micromamba/envs/torch29/lib/python3.11/site-packages/scipy/_lib/_util.py:1181: RuntimeWarning: logm result may be inaccurate, approximate err = 9.569683925292338e-07
  return f(*arrays, *other_args, **kwargs)
/appdata/users/P101440/micromamba/envs/torch29/lib/python3.11/site-packages/scipy/_lib/_util.py:1181: RuntimeWarning: logm result may be inaccurate, approximate err = 6.203028419804468e-07
  return f(*arrays, *other_args, **kwargs)
/appdata/users/P101440/micromamba/envs/torch29/lib/python3.11/site-packages/scipy/_lib/_util.py:1181: RuntimeWarning: logm result may be inaccurate, approximate err = 7.51218408368004e-07
  return f(*arrays, *other_args, **kwargs)
/appdata/users/P101440/micromamba/envs/torch29/lib/python3.11/site-packages/scipy/_lib/_util.py:1181: RuntimeWarning: logm result may be inaccurate, approximate err = 9.077527920453576e-07
  return f(*arrays, *other_args, **kwargs)
/appdata/users/P101440/micromamba/envs/torch29/lib/python3.11/site-packages/scipy/_lib/_util.py:1181: RuntimeWarning: logm result may be inaccurate, approximate err = 5.348426270757045e-07
  return f(*arrays, *other_args, **kwargs)
/appdata/users/P101440/micromamba/envs/torch29/lib/python3.11/site-packages/scipy/_lib/_util.py:1181: RuntimeWarning: logm result may be inaccurate, approximate err = 6.693674663438287e-07
  return f(*arrays, *other_args, **kwargs)
/appdata/users/P101440/micromamba/envs/torch29/lib/python3.11/site-packages/scipy/_lib/_util.py:1181: RuntimeWarning: logm result may be inaccurate, approximate err = 7.657692435714125e-07
  return f(*arrays, *other_args, **kwargs)
/appdata/users/P101440/micromamba/envs/torch29/lib/python3.11/site-packages/scipy/_lib/_util.py:1181: RuntimeWarning: logm result may be inaccurate, approximate err = 5.692943432222819e-07
  return f(*arrays, *other_args, **kwargs)
/appdata/users/P101440/micromamba/envs/torch29/lib/python3.11/site-packages/scipy/_lib/_util.py:1181: RuntimeWarning: logm result may be inaccurate, approximate err = 1.1025018693544553e-06
  return f(*arrays, *other_args, **kwargs)
/appdata/users/P101440/micromamba/envs/torch29/lib/python3.11/site-packages/scipy/_lib/_util.py:1181: RuntimeWarning: logm result may be inaccurate, approximate err = 1.0845626547961729e-06
  return f(*arrays, *other_args, **kwargs)
/appdata/users/P101440/micromamba/envs/torch29/lib/python3.11/site-packages/scipy/_lib/_util.py:1181: RuntimeWarning: logm result may be inaccurate, approximate err = 8.420458357250027e-07
  return f(*arrays, *other_args, **kwargs)
/appdata/users/P101440/micromamba/envs/torch29/lib/python3.11/site-packages/scipy/_lib/_util.py:1181: RuntimeWarning: logm result may be inaccurate, approximate err = 8.256469641310105e-07
  return f(*arrays, *other_args, **kwargs)
/appdata/users/P101440/micromamba/envs/torch29/lib/python3.11/site-packages/scipy/_lib/_util.py:1181: RuntimeWarning: logm result may be inaccurate, approximate err = 6.218674570845906e-07
  return f(*arrays, *other_args, **kwargs)
/appdata/users/P101440/micromamba/envs/torch29/lib/python3.11/site-packages/scipy/_lib/_util.py:1181: RuntimeWarning: logm result may be inaccurate, approximate err = 8.188073934434215e-07
  return f(*arrays, *other_args, **kwargs)
/appdata/users/P101440/micromamba/envs/torch29/lib/python3.11/site-packages/scipy/_lib/_util.py:1181: RuntimeWarning: logm result may be inaccurate, approximate err = 6.529633651553013e-07
  return f(*arrays, *other_args, **kwargs)
/appdata/users/P101440/micromamba/envs/torch29/lib/python3.11/site-packages/scipy/_lib/_util.py:1181: RuntimeWarning: logm result may be inaccurate, approximate err = 7.780174087201885e-07
  return f(*arrays, *other_args, **kwargs)
/appdata/users/P101440/micromamba/envs/torch29/lib/python3.11/site-packages/scipy/_lib/_util.py:1181: RuntimeWarning: logm result may be inaccurate, approximate err = 6.447874625337136e-07
  return f(*arrays, *other_args, **kwargs)
/appdata/users/P101440/micromamba/envs/torch29/lib/python3.11/site-packages/scipy/_lib/_util.py:1181: RuntimeWarning: logm result may be inaccurate, approximate err = 6.793021611883887e-07
  return f(*arrays, *other_args, **kwargs)
/appdata/users/P101440/micromamba/envs/torch29/lib/python3.11/site-packages/scipy/_lib/_util.py:1181: RuntimeWarning: logm result may be inaccurate, approximate err = 1.0161388672713656e-06
  return f(*arrays, *other_args, **kwargs)
/appdata/users/P101440/micromamba/envs/torch29/lib/python3.11/site-packages/scipy/_lib/_util.py:1181: RuntimeWarning: logm result may be inaccurate, approximate err = 7.53091683236562e-07
  return f(*arrays, *other_args, **kwargs)
/appdata/users/P101440/micromamba/envs/torch29/lib/python3.11/site-packages/scipy/_lib/_util.py:1181: RuntimeWarning: logm result may be inaccurate, approximate err = 7.627025411238719e-07
  return f(*arrays, *other_args, **kwargs)
/appdata/users/P101440/micromamba/envs/torch29/lib/python3.11/site-packages/scipy/_lib/_util.py:1181: RuntimeWarning: logm result may be inaccurate, approximate err = 7.481258421648818e-07
  return f(*arrays, *other_args, **kwargs)
/appdata/users/P101440/micromamba/envs/torch29/lib/python3.11/site-packages/scipy/_lib/_util.py:1181: RuntimeWarning: logm result may be inaccurate, approximate err = 7.901452931946551e-07
  return f(*arrays, *other_args, **kwargs)
/appdata/users/P101440/micromamba/envs/torch29/lib/python3.11/site-packages/scipy/_lib/_util.py:1181: RuntimeWarning: logm result may be inaccurate, approximate err = 9.706544688015128e-07
  return f(*arrays, *other_args, **kwargs)
/appdata/users/P101440/micromamba/envs/torch29/lib/python3.11/site-packages/scipy/_lib/_util.py:1181: RuntimeWarning: logm result may be inaccurate, approximate err = 6.963010719118756e-07
  return f(*arrays, *other_args, **kwargs)
/appdata/users/P101440/micromamba/envs/torch29/lib/python3.11/site-packages/scipy/_lib/_util.py:1181: RuntimeWarning: logm result may be inaccurate, approximate err = 1.2274840628379025e-06
  return f(*arrays, *other_args, **kwargs)
/appdata/users/P101440/micromamba/envs/torch29/lib/python3.11/site-packages/scipy/_lib/_util.py:1181: RuntimeWarning: logm result may be inaccurate, approximate err = 1.2571748584377929e-06
  return f(*arrays, *other_args, **kwargs)
/appdata/users/P101440/micromamba/envs/torch29/lib/python3.11/site-packages/scipy/_lib/_util.py:1181: RuntimeWarning: logm result may be inaccurate, approximate err = 7.397846957246657e-07
  return f(*arrays, *other_args, **kwargs)
/appdata/users/P101440/micromamba/envs/torch29/lib/python3.11/site-packages/scipy/_lib/_util.py:1181: RuntimeWarning: logm result may be inaccurate, approximate err = 8.220782774515101e-07
  return f(*arrays, *other_args, **kwargs)
/appdata/users/P101440/micromamba/envs/torch29/lib/python3.11/site-packages/scipy/_lib/_util.py:1181: RuntimeWarning: logm result may be inaccurate, approximate err = 7.983838372638274e-07
  return f(*arrays, *other_args, **kwargs)
/appdata/users/P101440/micromamba/envs/torch29/lib/python3.11/site-packages/scipy/_lib/_util.py:1181: RuntimeWarning: logm result may be inaccurate, approximate err = 9.625731536289095e-07
  return f(*arrays, *other_args, **kwargs)
/appdata/users/P101440/micromamba/envs/torch29/lib/python3.11/site-packages/scipy/_lib/_util.py:1181: RuntimeWarning: logm result may be inaccurate, approximate err = 9.474425155531208e-07
  return f(*arrays, *other_args, **kwargs)
/appdata/users/P101440/micromamba/envs/torch29/lib/python3.11/site-packages/scipy/_lib/_util.py:1181: RuntimeWarning: logm result may be inaccurate, approximate err = 8.026700584196078e-07
  return f(*arrays, *other_args, **kwargs)
/appdata/users/P101440/micromamba/envs/torch29/lib/python3.11/site-packages/scipy/_lib/_util.py:1181: RuntimeWarning: logm result may be inaccurate, approximate err = 7.622468842782837e-07
  return f(*arrays, *other_args, **kwargs)
/appdata/users/P101440/micromamba/envs/torch29/lib/python3.11/site-packages/scipy/_lib/_util.py:1181: RuntimeWarning: logm result may be inaccurate, approximate err = 6.014806785969995e-07
  return f(*arrays, *other_args, **kwargs)
/appdata/users/P101440/micromamba/envs/torch29/lib/python3.11/site-packages/scipy/_lib/_util.py:1181: RuntimeWarning: logm result may be inaccurate, approximate err = 1.376837531097408e-06
  return f(*arrays, *other_args, **kwargs)
/appdata/users/P101440/micromamba/envs/torch29/lib/python3.11/site-packages/scipy/_lib/_util.py:1181: RuntimeWarning: logm result may be inaccurate, approximate err = 1.0067379889733274e-06
  return f(*arrays, *other_args, **kwargs)
/appdata/users/P101440/micromamba/envs/torch29/lib/python3.11/site-packages/scipy/_lib/_util.py:1181: RuntimeWarning: logm result may be inaccurate, approximate err = 1.1650547548924806e-06
  return f(*arrays, *other_args, **kwargs)
/appdata/users/P101440/micromamba/envs/torch29/lib/python3.11/site-packages/scipy/_lib/_util.py:1181: RuntimeWarning: logm result may be inaccurate, approximate err = 7.992689461389091e-07
  return f(*arrays, *other_args, **kwargs)
/appdata/users/P101440/micromamba/envs/torch29/lib/python3.11/site-packages/scipy/_lib/_util.py:1181: RuntimeWarning: logm result may be inaccurate, approximate err = 7.307334612960403e-07
  return f(*arrays, *other_args, **kwargs)
/appdata/users/P101440/micromamba/envs/torch29/lib/python3.11/site-packages/scipy/_lib/_util.py:1181: RuntimeWarning: logm result may be inaccurate, approximate err = 9.073396540770773e-07
  return f(*arrays, *other_args, **kwargs)
/appdata/users/P101440/micromamba/envs/torch29/lib/python3.11/site-packages/scipy/_lib/_util.py:1181: RuntimeWarning: logm result may be inaccurate, approximate err = 8.511681812706229e-07
  return f(*arrays, *other_args, **kwargs)
/appdata/users/P101440/micromamba/envs/torch29/lib/python3.11/site-packages/scipy/_lib/_util.py:1181: RuntimeWarning: logm result may be inaccurate, approximate err = 9.97519350676157e-07
  return f(*arrays, *other_args, **kwargs)
/appdata/users/P101440/micromamba/envs/torch29/lib/python3.11/site-packages/scipy/_lib/_util.py:1181: RuntimeWarning: logm result may be inaccurate, approximate err = 6.347631256176101e-07
  return f(*arrays, *other_args, **kwargs)
/appdata/users/P101440/micromamba/envs/torch29/lib/python3.11/site-packages/scipy/_lib/_util.py:1181: RuntimeWarning: logm result may be inaccurate, approximate err = 6.594630121981027e-07
  return f(*arrays, *other_args, **kwargs)
/appdata/users/P101440/micromamba/envs/torch29/lib/python3.11/site-packages/scipy/_lib/_util.py:1181: RuntimeWarning: logm result may be inaccurate, approximate err = 8.673961815475195e-07
  return f(*arrays, *other_args, **kwargs)
/appdata/users/P101440/micromamba/envs/torch29/lib/python3.11/site-packages/scipy/_lib/_util.py:1181: RuntimeWarning: logm result may be inaccurate, approximate err = 4.6604222347923496e-07
  return f(*arrays, *other_args, **kwargs)
/appdata/users/P101440/micromamba/envs/torch29/lib/python3.11/site-packages/scipy/_lib/_util.py:1181: RuntimeWarning: logm result may be inaccurate, approximate err = 6.94707409820694e-07
  return f(*arrays, *other_args, **kwargs)
/appdata/users/P101440/micromamba/envs/torch29/lib/python3.11/site-packages/scipy/_lib/_util.py:1181: RuntimeWarning: logm result may be inaccurate, approximate err = 1.0972986501656123e-06
  return f(*arrays, *other_args, **kwargs)
/appdata/users/P101440/micromamba/envs/torch29/lib/python3.11/site-packages/scipy/_lib/_util.py:1181: RuntimeWarning: logm result may be inaccurate, approximate err = 6.940721846149245e-07
  return f(*arrays, *other_args, **kwargs)
/appdata/users/P101440/micromamba/envs/torch29/lib/python3.11/site-packages/scipy/_lib/_util.py:1181: RuntimeWarning: logm result may be inaccurate, approximate err = 1.053338564815931e-06
  return f(*arrays, *other_args, **kwargs)
/appdata/users/P101440/micromamba/envs/torch29/lib/python3.11/site-packages/scipy/_lib/_util.py:1181: RuntimeWarning: logm result may be inaccurate, approximate err = 9.558420970279258e-07
  return f(*arrays, *other_args, **kwargs)
/appdata/users/P101440/micromamba/envs/torch29/lib/python3.11/site-packages/scipy/_lib/_util.py:1181: RuntimeWarning: logm result may be inaccurate, approximate err = 1.0712655011957395e-06
  return f(*arrays, *other_args, **kwargs)
/appdata/users/P101440/micromamba/envs/torch29/lib/python3.11/site-packages/scipy/_lib/_util.py:1181: RuntimeWarning: logm result may be inaccurate, approximate err = 8.208636472772923e-07
  return f(*arrays, *other_args, **kwargs)
/appdata/users/P101440/micromamba/envs/torch29/lib/python3.11/site-packages/scipy/_lib/_util.py:1181: RuntimeWarning: logm result may be inaccurate, approximate err = 8.102405786303279e-07
  return f(*arrays, *other_args, **kwargs)
/appdata/users/P101440/micromamba/envs/torch29/lib/python3.11/site-packages/scipy/_lib/_util.py:1181: RuntimeWarning: logm result may be inaccurate, approximate err = 9.750401659402996e-07
  return f(*arrays, *other_args, **kwargs)
/appdata/users/P101440/micromamba/envs/torch29/lib/python3.11/site-packages/scipy/_lib/_util.py:1181: RuntimeWarning: logm result may be inaccurate, approximate err = 6.75968010455108e-07
  return f(*arrays, *other_args, **kwargs)
/appdata/users/P101440/micromamba/envs/torch29/lib/python3.11/site-packages/scipy/_lib/_util.py:1181: RuntimeWarning: logm result may be inaccurate, approximate err = 7.899238312347734e-07
  return f(*arrays, *other_args, **kwargs)
/appdata/users/P101440/micromamba/envs/torch29/lib/python3.11/site-packages/scipy/_lib/_util.py:1181: RuntimeWarning: logm result may be inaccurate, approximate err = 6.254779805203725e-07
  return f(*arrays, *other_args, **kwargs)
/appdata/users/P101440/micromamba/envs/torch29/lib/python3.11/site-packages/scipy/_lib/_util.py:1181: RuntimeWarning: logm result may be inaccurate, approximate err = 6.760379278603068e-07
  return f(*arrays, *other_args, **kwargs)
/appdata/users/P101440/micromamba/envs/torch29/lib/python3.11/site-packages/scipy/_lib/_util.py:1181: RuntimeWarning: logm result may be inaccurate, approximate err = 7.642899504389788e-07
  return f(*arrays, *other_args, **kwargs)
/appdata/users/P101440/micromamba/envs/torch29/lib/python3.11/site-packages/scipy/_lib/_util.py:1181: RuntimeWarning: logm result may be inaccurate, approximate err = 5.467086339194793e-07
  return f(*arrays, *other_args, **kwargs)
/appdata/users/P101440/micromamba/envs/torch29/lib/python3.11/site-packages/scipy/_lib/_util.py:1181: RuntimeWarning: logm result may be inaccurate, approximate err = 6.401562018254481e-07
  return f(*arrays, *other_args, **kwargs)
/appdata/users/P101440/micromamba/envs/torch29/lib/python3.11/site-packages/scipy/_lib/_util.py:1181: RuntimeWarning: logm result may be inaccurate, approximate err = 6.64861659060989e-07
  return f(*arrays, *other_args, **kwargs)
/appdata/users/P101440/micromamba/envs/torch29/lib/python3.11/site-packages/scipy/_lib/_util.py:1181: RuntimeWarning: logm result may be inaccurate, approximate err = 1.2828982107748743e-06
  return f(*arrays, *other_args, **kwargs)
/appdata/users/P101440/micromamba/envs/torch29/lib/python3.11/site-packages/scipy/_lib/_util.py:1181: RuntimeWarning: logm result may be inaccurate, approximate err = 7.463888209713332e-07
  return f(*arrays, *other_args, **kwargs)
/appdata/users/P101440/micromamba/envs/torch29/lib/python3.11/site-packages/scipy/_lib/_util.py:1181: RuntimeWarning: logm result may be inaccurate, approximate err = 7.38361734420323e-07
  return f(*arrays, *other_args, **kwargs)
/appdata/users/P101440/micromamba/envs/torch29/lib/python3.11/site-packages/scipy/_lib/_util.py:1181: RuntimeWarning: logm result may be inaccurate, approximate err = 6.014309974489152e-07
  return f(*arrays, *other_args, **kwargs)
/appdata/users/P101440/micromamba/envs/torch29/lib/python3.11/site-packages/scipy/_lib/_util.py:1181: RuntimeWarning: logm result may be inaccurate, approximate err = 8.921238645598351e-07
  return f(*arrays, *other_args, **kwargs)
/appdata/users/P101440/micromamba/envs/torch29/lib/python3.11/site-packages/scipy/_lib/_util.py:1181: RuntimeWarning: logm result may be inaccurate, approximate err = 7.837417683731474e-07
  return f(*arrays, *other_args, **kwargs)
/appdata/users/P101440/micromamba/envs/torch29/lib/python3.11/site-packages/scipy/_lib/_util.py:1181: RuntimeWarning: logm result may be inaccurate, approximate err = 8.89865532371914e-07
  return f(*arrays, *other_args, **kwargs)
/appdata/users/P101440/micromamba/envs/torch29/lib/python3.11/site-packages/scipy/_lib/_util.py:1181: RuntimeWarning: logm result may be inaccurate, approximate err = 7.552824285994575e-07
  return f(*arrays, *other_args, **kwargs)
/appdata/users/P101440/micromamba/envs/torch29/lib/python3.11/site-packages/scipy/_lib/_util.py:1181: RuntimeWarning: logm result may be inaccurate, approximate err = 8.778810638432333e-07
  return f(*arrays, *other_args, **kwargs)
/appdata/users/P101440/micromamba/envs/torch29/lib/python3.11/site-packages/scipy/_lib/_util.py:1181: RuntimeWarning: logm result may be inaccurate, approximate err = 9.324137977273494e-07
  return f(*arrays, *other_args, **kwargs)
/appdata/users/P101440/micromamba/envs/torch29/lib/python3.11/site-packages/scipy/_lib/_util.py:1181: RuntimeWarning: logm result may be inaccurate, approximate err = 5.933329134677479e-07
  return f(*arrays, *other_args, **kwargs)
/appdata/users/P101440/micromamba/envs/torch29/lib/python3.11/site-packages/scipy/_lib/_util.py:1181: RuntimeWarning: logm result may be inaccurate, approximate err = 5.153578968020156e-07
  return f(*arrays, *other_args, **kwargs)
/appdata/users/P101440/micromamba/envs/torch29/lib/python3.11/site-packages/scipy/_lib/_util.py:1181: RuntimeWarning: logm result may be inaccurate, approximate err = 8.295303359773243e-07
  return f(*arrays, *other_args, **kwargs)
/appdata/users/P101440/micromamba/envs/torch29/lib/python3.11/site-packages/scipy/_lib/_util.py:1181: RuntimeWarning: logm result may be inaccurate, approximate err = 7.935554435789527e-07
  return f(*arrays, *other_args, **kwargs)
/appdata/users/P101440/micromamba/envs/torch29/lib/python3.11/site-packages/scipy/_lib/_util.py:1181: RuntimeWarning: logm result may be inaccurate, approximate err = 7.537531701018452e-07
  return f(*arrays, *other_args, **kwargs)
/appdata/users/P101440/micromamba/envs/torch29/lib/python3.11/site-packages/scipy/_lib/_util.py:1181: RuntimeWarning: logm result may be inaccurate, approximate err = 5.293836693454068e-07
  return f(*arrays, *other_args, **kwargs)
/appdata/users/P101440/micromamba/envs/torch29/lib/python3.11/site-packages/scipy/_lib/_util.py:1181: RuntimeWarning: logm result may be inaccurate, approximate err = 8.270337730209576e-07
  return f(*arrays, *other_args, **kwargs)
/appdata/users/P101440/micromamba/envs/torch29/lib/python3.11/site-packages/scipy/_lib/_util.py:1181: RuntimeWarning: logm result may be inaccurate, approximate err = 8.629165222373558e-07
  return f(*arrays, *other_args, **kwargs)
/appdata/users/P101440/micromamba/envs/torch29/lib/python3.11/site-packages/scipy/_lib/_util.py:1181: RuntimeWarning: logm result may be inaccurate, approximate err = 1.099140604310378e-06
  return f(*arrays, *other_args, **kwargs)
/appdata/users/P101440/micromamba/envs/torch29/lib/python3.11/site-packages/scipy/_lib/_util.py:1181: RuntimeWarning: logm result may be inaccurate, approximate err = 9.80442450781993e-07
  return f(*arrays, *other_args, **kwargs)
/appdata/users/P101440/micromamba/envs/torch29/lib/python3.11/site-packages/scipy/_lib/_util.py:1181: RuntimeWarning: logm result may be inaccurate, approximate err = 1.01571151844837e-06
  return f(*arrays, *other_args, **kwargs)
/appdata/users/P101440/micromamba/envs/torch29/lib/python3.11/site-packages/scipy/_lib/_util.py:1181: RuntimeWarning: logm result may be inaccurate, approximate err = 7.952989449222514e-07
  return f(*arrays, *other_args, **kwargs)
/appdata/users/P101440/micromamba/envs/torch29/lib/python3.11/site-packages/scipy/_lib/_util.py:1181: RuntimeWarning: logm result may be inaccurate, approximate err = 7.113070523701026e-07
  return f(*arrays, *other_args, **kwargs)
/appdata/users/P101440/micromamba/envs/torch29/lib/python3.11/site-packages/scipy/_lib/_util.py:1181: RuntimeWarning: logm result may be inaccurate, approximate err = 9.737005939314258e-07
  return f(*arrays, *other_args, **kwargs)
/appdata/users/P101440/micromamba/envs/torch29/lib/python3.11/site-packages/scipy/_lib/_util.py:1181: RuntimeWarning: logm result may be inaccurate, approximate err = 7.951613270051894e-07
  return f(*arrays, *other_args, **kwargs)
/appdata/users/P101440/micromamba/envs/torch29/lib/python3.11/site-packages/scipy/_lib/_util.py:1181: RuntimeWarning: logm result may be inaccurate, approximate err = 6.716270490869647e-07
  return f(*arrays, *other_args, **kwargs)
/appdata/users/P101440/micromamba/envs/torch29/lib/python3.11/site-packages/scipy/_lib/_util.py:1181: RuntimeWarning: logm result may be inaccurate, approximate err = 9.457803571422119e-07
  return f(*arrays, *other_args, **kwargs)
/appdata/users/P101440/micromamba/envs/torch29/lib/python3.11/site-packages/scipy/_lib/_util.py:1181: RuntimeWarning: logm result may be inaccurate, approximate err = 7.473059326912335e-07
  return f(*arrays, *other_args, **kwargs)
/appdata/users/P101440/micromamba/envs/torch29/lib/python3.11/site-packages/scipy/_lib/_util.py:1181: RuntimeWarning: logm result may be inaccurate, approximate err = 9.530285183245724e-07
  return f(*arrays, *other_args, **kwargs)
/appdata/users/P101440/micromamba/envs/torch29/lib/python3.11/site-packages/scipy/_lib/_util.py:1181: RuntimeWarning: logm result may be inaccurate, approximate err = 7.180800025707867e-07
  return f(*arrays, *other_args, **kwargs)
/appdata/users/P101440/micromamba/envs/torch29/lib/python3.11/site-packages/scipy/_lib/_util.py:1181: RuntimeWarning: logm result may be inaccurate, approximate err = 6.263015279728279e-07
  return f(*arrays, *other_args, **kwargs)
/appdata/users/P101440/micromamba/envs/torch29/lib/python3.11/site-packages/scipy/_lib/_util.py:1181: RuntimeWarning: logm result may be inaccurate, approximate err = 7.286721483978909e-07
  return f(*arrays, *other_args, **kwargs)
/appdata/users/P101440/micromamba/envs/torch29/lib/python3.11/site-packages/scipy/_lib/_util.py:1181: RuntimeWarning: logm result may be inaccurate, approximate err = 9.306157835453632e-07
  return f(*arrays, *other_args, **kwargs)
/appdata/users/P101440/micromamba/envs/torch29/lib/python3.11/site-packages/scipy/_lib/_util.py:1181: RuntimeWarning: logm result may be inaccurate, approximate err = 6.862184704914398e-07
  return f(*arrays, *other_args, **kwargs)
/appdata/users/P101440/micromamba/envs/torch29/lib/python3.11/site-packages/scipy/_lib/_util.py:1181: RuntimeWarning: logm result may be inaccurate, approximate err = 6.750527745680301e-07
  return f(*arrays, *other_args, **kwargs)
/appdata/users/P101440/micromamba/envs/torch29/lib/python3.11/site-packages/scipy/_lib/_util.py:1181: RuntimeWarning: logm result may be inaccurate, approximate err = 1.0494874231881113e-06
  return f(*arrays, *other_args, **kwargs)
/appdata/users/P101440/micromamba/envs/torch29/lib/python3.11/site-packages/scipy/_lib/_util.py:1181: RuntimeWarning: logm result may be inaccurate, approximate err = 1.14606609713519e-06
  return f(*arrays, *other_args, **kwargs)
/appdata/users/P101440/micromamba/envs/torch29/lib/python3.11/site-packages/scipy/_lib/_util.py:1181: RuntimeWarning: logm result may be inaccurate, approximate err = 5.406952823250322e-07
  return f(*arrays, *other_args, **kwargs)
/appdata/users/P101440/micromamba/envs/torch29/lib/python3.11/site-packages/scipy/_lib/_util.py:1181: RuntimeWarning: logm result may be inaccurate, approximate err = 6.273569965742354e-07
  return f(*arrays, *other_args, **kwargs)
/appdata/users/P101440/micromamba/envs/torch29/lib/python3.11/site-packages/scipy/_lib/_util.py:1181: RuntimeWarning: logm result may be inaccurate, approximate err = 8.176803021342494e-07
  return f(*arrays, *other_args, **kwargs)
/appdata/users/P101440/micromamba/envs/torch29/lib/python3.11/site-packages/scipy/_lib/_util.py:1181: RuntimeWarning: logm result may be inaccurate, approximate err = 9.984295274989563e-07
  return f(*arrays, *other_args, **kwargs)
/appdata/users/P101440/micromamba/envs/torch29/lib/python3.11/site-packages/scipy/_lib/_util.py:1181: RuntimeWarning: logm result may be inaccurate, approximate err = 7.325335218411055e-07
  return f(*arrays, *other_args, **kwargs)
/appdata/users/P101440/micromamba/envs/torch29/lib/python3.11/site-packages/scipy/_lib/_util.py:1181: RuntimeWarning: logm result may be inaccurate, approximate err = 8.005678751032974e-07
  return f(*arrays, *other_args, **kwargs)
/appdata/users/P101440/micromamba/envs/torch29/lib/python3.11/site-packages/scipy/_lib/_util.py:1181: RuntimeWarning: logm result may be inaccurate, approximate err = 8.510516522619582e-07
  return f(*arrays, *other_args, **kwargs)
/appdata/users/P101440/micromamba/envs/torch29/lib/python3.11/site-packages/scipy/_lib/_util.py:1181: RuntimeWarning: logm result may be inaccurate, approximate err = 8.706097673893964e-07
  return f(*arrays, *other_args, **kwargs)
/appdata/users/P101440/micromamba/envs/torch29/lib/python3.11/site-packages/scipy/_lib/_util.py:1181: RuntimeWarning: logm result may be inaccurate, approximate err = 8.502738069182669e-07
  return f(*arrays, *other_args, **kwargs)
/appdata/users/P101440/micromamba/envs/torch29/lib/python3.11/site-packages/scipy/_lib/_util.py:1181: RuntimeWarning: logm result may be inaccurate, approximate err = 7.500433412133134e-07
  return f(*arrays, *other_args, **kwargs)
/appdata/users/P101440/micromamba/envs/torch29/lib/python3.11/site-packages/scipy/_lib/_util.py:1181: RuntimeWarning: logm result may be inaccurate, approximate err = 9.255583108824794e-07
  return f(*arrays, *other_args, **kwargs)
/appdata/users/P101440/micromamba/envs/torch29/lib/python3.11/site-packages/scipy/_lib/_util.py:1181: RuntimeWarning: logm result may be inaccurate, approximate err = 1.1503844916660455e-06
  return f(*arrays, *other_args, **kwargs)
/appdata/users/P101440/micromamba/envs/torch29/lib/python3.11/site-packages/scipy/_lib/_util.py:1181: RuntimeWarning: logm result may be inaccurate, approximate err = 1.0271193104927079e-06
  return f(*arrays, *other_args, **kwargs)
/appdata/users/P101440/micromamba/envs/torch29/lib/python3.11/site-packages/scipy/_lib/_util.py:1181: RuntimeWarning: logm result may be inaccurate, approximate err = 7.349188422267616e-07
  return f(*arrays, *other_args, **kwargs)
/appdata/users/P101440/micromamba/envs/torch29/lib/python3.11/site-packages/scipy/_lib/_util.py:1181: RuntimeWarning: logm result may be inaccurate, approximate err = 1.1199716709597851e-06
  return f(*arrays, *other_args, **kwargs)
/appdata/users/P101440/micromamba/envs/torch29/lib/python3.11/site-packages/scipy/_lib/_util.py:1181: RuntimeWarning: logm result may be inaccurate, approximate err = 7.041301159915747e-07
  return f(*arrays, *other_args, **kwargs)
/appdata/users/P101440/micromamba/envs/torch29/lib/python3.11/site-packages/scipy/_lib/_util.py:1181: RuntimeWarning: logm result may be inaccurate, approximate err = 6.597866217816772e-07
  return f(*arrays, *other_args, **kwargs)
/appdata/users/P101440/micromamba/envs/torch29/lib/python3.11/site-packages/scipy/_lib/_util.py:1181: RuntimeWarning: logm result may be inaccurate, approximate err = 1.118752265938383e-06
  return f(*arrays, *other_args, **kwargs)
/appdata/users/P101440/micromamba/envs/torch29/lib/python3.11/site-packages/scipy/_lib/_util.py:1181: RuntimeWarning: logm result may be inaccurate, approximate err = 8.978155960903678e-07
  return f(*arrays, *other_args, **kwargs)
/appdata/users/P101440/micromamba/envs/torch29/lib/python3.11/site-packages/scipy/_lib/_util.py:1181: RuntimeWarning: logm result may be inaccurate, approximate err = 5.935631293141341e-07
  return f(*arrays, *other_args, **kwargs)
/appdata/users/P101440/micromamba/envs/torch29/lib/python3.11/site-packages/scipy/_lib/_util.py:1181: RuntimeWarning: logm result may be inaccurate, approximate err = 7.597959097438434e-07
  return f(*arrays, *other_args, **kwargs)
/appdata/users/P101440/micromamba/envs/torch29/lib/python3.11/site-packages/scipy/_lib/_util.py:1181: RuntimeWarning: logm result may be inaccurate, approximate err = 6.030380745869479e-07
  return f(*arrays, *other_args, **kwargs)
/appdata/users/P101440/micromamba/envs/torch29/lib/python3.11/site-packages/scipy/_lib/_util.py:1181: RuntimeWarning: logm result may be inaccurate, approximate err = 1.0135511274711462e-06
  return f(*arrays, *other_args, **kwargs)
/appdata/users/P101440/micromamba/envs/torch29/lib/python3.11/site-packages/scipy/_lib/_util.py:1181: RuntimeWarning: logm result may be inaccurate, approximate err = 5.839814321006997e-07
  return f(*arrays, *other_args, **kwargs)
/appdata/users/P101440/micromamba/envs/torch29/lib/python3.11/site-packages/scipy/_lib/_util.py:1181: RuntimeWarning: logm result may be inaccurate, approximate err = 9.6839323759923e-07
  return f(*arrays, *other_args, **kwargs)
/appdata/users/P101440/micromamba/envs/torch29/lib/python3.11/site-packages/scipy/_lib/_util.py:1181: RuntimeWarning: logm result may be inaccurate, approximate err = 1.1894709359694389e-06
  return f(*arrays, *other_args, **kwargs)
/appdata/users/P101440/micromamba/envs/torch29/lib/python3.11/site-packages/scipy/_lib/_util.py:1181: RuntimeWarning: logm result may be inaccurate, approximate err = 6.937303282938956e-07
  return f(*arrays, *other_args, **kwargs)
/appdata/users/P101440/micromamba/envs/torch29/lib/python3.11/site-packages/scipy/_lib/_util.py:1181: RuntimeWarning: logm result may be inaccurate, approximate err = 9.14648978778132e-07
  return f(*arrays, *other_args, **kwargs)
/appdata/users/P101440/micromamba/envs/torch29/lib/python3.11/site-packages/scipy/_lib/_util.py:1181: RuntimeWarning: logm result may be inaccurate, approximate err = 8.940605198404228e-07
  return f(*arrays, *other_args, **kwargs)
/appdata/users/P101440/micromamba/envs/torch29/lib/python3.11/site-packages/scipy/_lib/_util.py:1181: RuntimeWarning: logm result may be inaccurate, approximate err = 9.905231763696065e-07
  return f(*arrays, *other_args, **kwargs)
/appdata/users/P101440/micromamba/envs/torch29/lib/python3.11/site-packages/scipy/_lib/_util.py:1181: RuntimeWarning: logm result may be inaccurate, approximate err = 7.274848030647263e-07
  return f(*arrays, *other_args, **kwargs)
/appdata/users/P101440/micromamba/envs/torch29/lib/python3.11/site-packages/scipy/_lib/_util.py:1181: RuntimeWarning: logm result may be inaccurate, approximate err = 8.486905471727368e-07
  return f(*arrays, *other_args, **kwargs)
/appdata/users/P101440/micromamba/envs/torch29/lib/python3.11/site-packages/scipy/_lib/_util.py:1181: RuntimeWarning: logm result may be inaccurate, approximate err = 8.590964739596529e-07
  return f(*arrays, *other_args, **kwargs)
/appdata/users/P101440/micromamba/envs/torch29/lib/python3.11/site-packages/scipy/_lib/_util.py:1181: RuntimeWarning: logm result may be inaccurate, approximate err = 1.0271076007484226e-06
  return f(*arrays, *other_args, **kwargs)
/appdata/users/P101440/micromamba/envs/torch29/lib/python3.11/site-packages/scipy/_lib/_util.py:1181: RuntimeWarning: logm result may be inaccurate, approximate err = 7.120802365534473e-07
  return f(*arrays, *other_args, **kwargs)
/appdata/users/P101440/micromamba/envs/torch29/lib/python3.11/site-packages/scipy/_lib/_util.py:1181: RuntimeWarning: logm result may be inaccurate, approximate err = 8.384835155084147e-07
  return f(*arrays, *other_args, **kwargs)
/appdata/users/P101440/micromamba/envs/torch29/lib/python3.11/site-packages/scipy/_lib/_util.py:1181: RuntimeWarning: logm result may be inaccurate, approximate err = 9.484601264375669e-07
  return f(*arrays, *other_args, **kwargs)
/appdata/users/P101440/micromamba/envs/torch29/lib/python3.11/site-packages/scipy/_lib/_util.py:1181: RuntimeWarning: logm result may be inaccurate, approximate err = 1.041153723235766e-06
  return f(*arrays, *other_args, **kwargs)
/appdata/users/P101440/micromamba/envs/torch29/lib/python3.11/site-packages/scipy/_lib/_util.py:1181: RuntimeWarning: logm result may be inaccurate, approximate err = 7.828976436030644e-07
  return f(*arrays, *other_args, **kwargs)
/appdata/users/P101440/micromamba/envs/torch29/lib/python3.11/site-packages/scipy/_lib/_util.py:1181: RuntimeWarning: logm result may be inaccurate, approximate err = 7.476144787688099e-07
  return f(*arrays, *other_args, **kwargs)
/appdata/users/P101440/micromamba/envs/torch29/lib/python3.11/site-packages/scipy/_lib/_util.py:1181: RuntimeWarning: logm result may be inaccurate, approximate err = 9.55183281803329e-07
  return f(*arrays, *other_args, **kwargs)
/appdata/users/P101440/micromamba/envs/torch29/lib/python3.11/site-packages/scipy/_lib/_util.py:1181: RuntimeWarning: logm result may be inaccurate, approximate err = 1.4088672060097451e-06
  return f(*arrays, *other_args, **kwargs)
/appdata/users/P101440/micromamba/envs/torch29/lib/python3.11/site-packages/scipy/_lib/_util.py:1181: RuntimeWarning: logm result may be inaccurate, approximate err = 9.302149237555568e-07
  return f(*arrays, *other_args, **kwargs)
/appdata/users/P101440/micromamba/envs/torch29/lib/python3.11/site-packages/scipy/_lib/_util.py:1181: RuntimeWarning: logm result may be inaccurate, approximate err = 7.71790610087919e-07
  return f(*arrays, *other_args, **kwargs)
/appdata/users/P101440/micromamba/envs/torch29/lib/python3.11/site-packages/scipy/_lib/_util.py:1181: RuntimeWarning: logm result may be inaccurate, approximate err = 1.0770864946607617e-06
  return f(*arrays, *other_args, **kwargs)
/appdata/users/P101440/micromamba/envs/torch29/lib/python3.11/site-packages/scipy/_lib/_util.py:1181: RuntimeWarning: logm result may be inaccurate, approximate err = 6.443759730245802e-07
  return f(*arrays, *other_args, **kwargs)
/appdata/users/P101440/micromamba/envs/torch29/lib/python3.11/site-packages/scipy/_lib/_util.py:1181: RuntimeWarning: logm result may be inaccurate, approximate err = 7.417644383167499e-07
  return f(*arrays, *other_args, **kwargs)
/appdata/users/P101440/micromamba/envs/torch29/lib/python3.11/site-packages/scipy/_lib/_util.py:1181: RuntimeWarning: logm result may be inaccurate, approximate err = 8.63640934767318e-07
  return f(*arrays, *other_args, **kwargs)
/appdata/users/P101440/micromamba/envs/torch29/lib/python3.11/site-packages/scipy/_lib/_util.py:1181: RuntimeWarning: logm result may be inaccurate, approximate err = 9.946926411430468e-07
  return f(*arrays, *other_args, **kwargs)
/appdata/users/P101440/micromamba/envs/torch29/lib/python3.11/site-packages/scipy/_lib/_util.py:1181: RuntimeWarning: logm result may be inaccurate, approximate err = 9.098577038457734e-07
  return f(*arrays, *other_args, **kwargs)
/appdata/users/P101440/micromamba/envs/torch29/lib/python3.11/site-packages/scipy/_lib/_util.py:1181: RuntimeWarning: logm result may be inaccurate, approximate err = 1.0641414291967521e-06
  return f(*arrays, *other_args, **kwargs)
/appdata/users/P101440/micromamba/envs/torch29/lib/python3.11/site-packages/scipy/_lib/_util.py:1181: RuntimeWarning: logm result may be inaccurate, approximate err = 1.0559663223830285e-06
  return f(*arrays, *other_args, **kwargs)
/appdata/users/P101440/micromamba/envs/torch29/lib/python3.11/site-packages/scipy/_lib/_util.py:1181: RuntimeWarning: logm result may be inaccurate, approximate err = 6.365104923133913e-07
  return f(*arrays, *other_args, **kwargs)
/appdata/users/P101440/micromamba/envs/torch29/lib/python3.11/site-packages/scipy/_lib/_util.py:1181: RuntimeWarning: logm result may be inaccurate, approximate err = 8.551872952011763e-07
  return f(*arrays, *other_args, **kwargs)
/appdata/users/P101440/micromamba/envs/torch29/lib/python3.11/site-packages/scipy/_lib/_util.py:1181: RuntimeWarning: logm result may be inaccurate, approximate err = 8.631816399429226e-07
  return f(*arrays, *other_args, **kwargs)
/appdata/users/P101440/micromamba/envs/torch29/lib/python3.11/site-packages/scipy/_lib/_util.py:1181: RuntimeWarning: logm result may be inaccurate, approximate err = 8.81188270795974e-07
  return f(*arrays, *other_args, **kwargs)
/appdata/users/P101440/micromamba/envs/torch29/lib/python3.11/site-packages/scipy/_lib/_util.py:1181: RuntimeWarning: logm result may be inaccurate, approximate err = 1.0059976602860843e-06
  return f(*arrays, *other_args, **kwargs)
/appdata/users/P101440/micromamba/envs/torch29/lib/python3.11/site-packages/scipy/_lib/_util.py:1181: RuntimeWarning: logm result may be inaccurate, approximate err = 6.419096507670474e-07
  return f(*arrays, *other_args, **kwargs)
/appdata/users/P101440/micromamba/envs/torch29/lib/python3.11/site-packages/scipy/_lib/_util.py:1181: RuntimeWarning: logm result may be inaccurate, approximate err = 7.712175715823832e-07
  return f(*arrays, *other_args, **kwargs)
/appdata/users/P101440/micromamba/envs/torch29/lib/python3.11/site-packages/scipy/_lib/_util.py:1181: RuntimeWarning: logm result may be inaccurate, approximate err = 8.032484402065165e-07
  return f(*arrays, *other_args, **kwargs)
/appdata/users/P101440/micromamba/envs/torch29/lib/python3.11/site-packages/scipy/_lib/_util.py:1181: RuntimeWarning: logm result may be inaccurate, approximate err = 6.514599135698518e-07
  return f(*arrays, *other_args, **kwargs)
/appdata/users/P101440/micromamba/envs/torch29/lib/python3.11/site-packages/scipy/_lib/_util.py:1181: RuntimeWarning: logm result may be inaccurate, approximate err = 7.136969770726864e-07
  return f(*arrays, *other_args, **kwargs)
/appdata/users/P101440/micromamba/envs/torch29/lib/python3.11/site-packages/scipy/_lib/_util.py:1181: RuntimeWarning: logm result may be inaccurate, approximate err = 1.0270435950587853e-06
  return f(*arrays, *other_args, **kwargs)
/appdata/users/P101440/micromamba/envs/torch29/lib/python3.11/site-packages/scipy/_lib/_util.py:1181: RuntimeWarning: logm result may be inaccurate, approximate err = 8.539648206351558e-07
  return f(*arrays, *other_args, **kwargs)
/appdata/users/P101440/micromamba/envs/torch29/lib/python3.11/site-packages/scipy/_lib/_util.py:1181: RuntimeWarning: logm result may be inaccurate, approximate err = 8.660567800689023e-07
  return f(*arrays, *other_args, **kwargs)
/appdata/users/P101440/micromamba/envs/torch29/lib/python3.11/site-packages/scipy/_lib/_util.py:1181: RuntimeWarning: logm result may be inaccurate, approximate err = 5.410606149780506e-07
  return f(*arrays, *other_args, **kwargs)
/appdata/users/P101440/micromamba/envs/torch29/lib/python3.11/site-packages/scipy/_lib/_util.py:1181: RuntimeWarning: logm result may be inaccurate, approximate err = 6.888020607220824e-07
  return f(*arrays, *other_args, **kwargs)
/appdata/users/P101440/micromamba/envs/torch29/lib/python3.11/site-packages/scipy/_lib/_util.py:1181: RuntimeWarning: logm result may be inaccurate, approximate err = 9.044738362717908e-07
  return f(*arrays, *other_args, **kwargs)
/appdata/users/P101440/micromamba/envs/torch29/lib/python3.11/site-packages/scipy/_lib/_util.py:1181: RuntimeWarning: logm result may be inaccurate, approximate err = 6.450262617363478e-07
  return f(*arrays, *other_args, **kwargs)
/appdata/users/P101440/micromamba/envs/torch29/lib/python3.11/site-packages/scipy/_lib/_util.py:1181: RuntimeWarning: logm result may be inaccurate, approximate err = 8.076874564721948e-07
  return f(*arrays, *other_args, **kwargs)
/appdata/users/P101440/micromamba/envs/torch29/lib/python3.11/site-packages/scipy/_lib/_util.py:1181: RuntimeWarning: logm result may be inaccurate, approximate err = 8.381882139474328e-07
  return f(*arrays, *other_args, **kwargs)
/appdata/users/P101440/micromamba/envs/torch29/lib/python3.11/site-packages/scipy/_lib/_util.py:1181: RuntimeWarning: logm result may be inaccurate, approximate err = 6.068786433388595e-07
  return f(*arrays, *other_args, **kwargs)
/appdata/users/P101440/micromamba/envs/torch29/lib/python3.11/site-packages/scipy/_lib/_util.py:1181: RuntimeWarning: logm result may be inaccurate, approximate err = 5.813707275592606e-07
  return f(*arrays, *other_args, **kwargs)
/appdata/users/P101440/micromamba/envs/torch29/lib/python3.11/site-packages/scipy/_lib/_util.py:1181: RuntimeWarning: logm result may be inaccurate, approximate err = 8.118215646391036e-07
  return f(*arrays, *other_args, **kwargs)
/appdata/users/P101440/micromamba/envs/torch29/lib/python3.11/site-packages/scipy/_lib/_util.py:1181: RuntimeWarning: logm result may be inaccurate, approximate err = 5.799151381324918e-07
  return f(*arrays, *other_args, **kwargs)
/appdata/users/P101440/micromamba/envs/torch29/lib/python3.11/site-packages/scipy/_lib/_util.py:1181: RuntimeWarning: logm result may be inaccurate, approximate err = 9.152467441708723e-07
  return f(*arrays, *other_args, **kwargs)
/appdata/users/P101440/micromamba/envs/torch29/lib/python3.11/site-packages/scipy/_lib/_util.py:1181: RuntimeWarning: logm result may be inaccurate, approximate err = 6.789066446799552e-07
  return f(*arrays, *other_args, **kwargs)
/appdata/users/P101440/micromamba/envs/torch29/lib/python3.11/site-packages/scipy/_lib/_util.py:1181: RuntimeWarning: logm result may be inaccurate, approximate err = 7.509513011427771e-07
  return f(*arrays, *other_args, **kwargs)
/appdata/users/P101440/micromamba/envs/torch29/lib/python3.11/site-packages/scipy/_lib/_util.py:1181: RuntimeWarning: logm result may be inaccurate, approximate err = 7.97060863533261e-07
  return f(*arrays, *other_args, **kwargs)
/appdata/users/P101440/micromamba/envs/torch29/lib/python3.11/site-packages/scipy/_lib/_util.py:1181: RuntimeWarning: logm result may be inaccurate, approximate err = 7.119239171515801e-07
  return f(*arrays, *other_args, **kwargs)
/appdata/users/P101440/micromamba/envs/torch29/lib/python3.11/site-packages/scipy/_lib/_util.py:1181: RuntimeWarning: logm result may be inaccurate, approximate err = 1.1013432867912343e-06
  return f(*arrays, *other_args, **kwargs)
/appdata/users/P101440/micromamba/envs/torch29/lib/python3.11/site-packages/scipy/_lib/_util.py:1181: RuntimeWarning: logm result may be inaccurate, approximate err = 8.406517508774414e-07
  return f(*arrays, *other_args, **kwargs)
/appdata/users/P101440/micromamba/envs/torch29/lib/python3.11/site-packages/scipy/_lib/_util.py:1181: RuntimeWarning: logm result may be inaccurate, approximate err = 1.0089889883602154e-06
  return f(*arrays, *other_args, **kwargs)
/appdata/users/P101440/micromamba/envs/torch29/lib/python3.11/site-packages/scipy/_lib/_util.py:1181: RuntimeWarning: logm result may be inaccurate, approximate err = 7.581410272905487e-07
  return f(*arrays, *other_args, **kwargs)
/appdata/users/P101440/micromamba/envs/torch29/lib/python3.11/site-packages/scipy/_lib/_util.py:1181: RuntimeWarning: logm result may be inaccurate, approximate err = 5.500987754203379e-07
  return f(*arrays, *other_args, **kwargs)
/appdata/users/P101440/micromamba/envs/torch29/lib/python3.11/site-packages/scipy/_lib/_util.py:1181: RuntimeWarning: logm result may be inaccurate, approximate err = 8.642595616947801e-07
  return f(*arrays, *other_args, **kwargs)
/appdata/users/P101440/micromamba/envs/torch29/lib/python3.11/site-packages/scipy/_lib/_util.py:1181: RuntimeWarning: logm result may be inaccurate, approximate err = 9.372402587359829e-07
  return f(*arrays, *other_args, **kwargs)
/appdata/users/P101440/micromamba/envs/torch29/lib/python3.11/site-packages/scipy/_lib/_util.py:1181: RuntimeWarning: logm result may be inaccurate, approximate err = 1.1892472002728027e-06
  return f(*arrays, *other_args, **kwargs)
/appdata/users/P101440/micromamba/envs/torch29/lib/python3.11/site-packages/scipy/_lib/_util.py:1181: RuntimeWarning: logm result may be inaccurate, approximate err = 6.335978923743824e-07
  return f(*arrays, *other_args, **kwargs)
/appdata/users/P101440/micromamba/envs/torch29/lib/python3.11/site-packages/scipy/_lib/_util.py:1181: RuntimeWarning: logm result may be inaccurate, approximate err = 6.354172796818602e-07
  return f(*arrays, *other_args, **kwargs)
/appdata/users/P101440/micromamba/envs/torch29/lib/python3.11/site-packages/scipy/_lib/_util.py:1181: RuntimeWarning: logm result may be inaccurate, approximate err = 1.0339064147046884e-06
  return f(*arrays, *other_args, **kwargs)
/appdata/users/P101440/micromamba/envs/torch29/lib/python3.11/site-packages/scipy/_lib/_util.py:1181: RuntimeWarning: logm result may be inaccurate, approximate err = 6.321336059045279e-07
  return f(*arrays, *other_args, **kwargs)
/appdata/users/P101440/micromamba/envs/torch29/lib/python3.11/site-packages/scipy/_lib/_util.py:1181: RuntimeWarning: logm result may be inaccurate, approximate err = 8.612099691163166e-07
  return f(*arrays, *other_args, **kwargs)
/appdata/users/P101440/micromamba/envs/torch29/lib/python3.11/site-packages/scipy/_lib/_util.py:1181: RuntimeWarning: logm result may be inaccurate, approximate err = 9.750618801263045e-07
  return f(*arrays, *other_args, **kwargs)
/appdata/users/P101440/micromamba/envs/torch29/lib/python3.11/site-packages/scipy/_lib/_util.py:1181: RuntimeWarning: logm result may be inaccurate, approximate err = 6.492755915132875e-07
  return f(*arrays, *other_args, **kwargs)
/appdata/users/P101440/micromamba/envs/torch29/lib/python3.11/site-packages/scipy/_lib/_util.py:1181: RuntimeWarning: logm result may be inaccurate, approximate err = 1.1728507161024027e-06
  return f(*arrays, *other_args, **kwargs)
/appdata/users/P101440/micromamba/envs/torch29/lib/python3.11/site-packages/scipy/_lib/_util.py:1181: RuntimeWarning: logm result may be inaccurate, approximate err = 1.0226101494481554e-06
  return f(*arrays, *other_args, **kwargs)
/appdata/users/P101440/micromamba/envs/torch29/lib/python3.11/site-packages/scipy/_lib/_util.py:1181: RuntimeWarning: logm result may be inaccurate, approximate err = 6.771443850084324e-07
  return f(*arrays, *other_args, **kwargs)
/appdata/users/P101440/micromamba/envs/torch29/lib/python3.11/site-packages/scipy/_lib/_util.py:1181: RuntimeWarning: logm result may be inaccurate, approximate err = 8.609404176240787e-07
  return f(*arrays, *other_args, **kwargs)
/appdata/users/P101440/micromamba/envs/torch29/lib/python3.11/site-packages/scipy/_lib/_util.py:1181: RuntimeWarning: logm result may be inaccurate, approximate err = 1.03677098195476e-06
  return f(*arrays, *other_args, **kwargs)
/appdata/users/P101440/micromamba/envs/torch29/lib/python3.11/site-packages/scipy/_lib/_util.py:1181: RuntimeWarning: logm result may be inaccurate, approximate err = 9.125269002652203e-07
  return f(*arrays, *other_args, **kwargs)
/appdata/users/P101440/micromamba/envs/torch29/lib/python3.11/site-packages/scipy/_lib/_util.py:1181: RuntimeWarning: logm result may be inaccurate, approximate err = 7.162633437474142e-07
  return f(*arrays, *other_args, **kwargs)
/appdata/users/P101440/micromamba/envs/torch29/lib/python3.11/site-packages/scipy/_lib/_util.py:1181: RuntimeWarning: logm result may be inaccurate, approximate err = 7.680391718167812e-07
  return f(*arrays, *other_args, **kwargs)
/appdata/users/P101440/micromamba/envs/torch29/lib/python3.11/site-packages/scipy/_lib/_util.py:1181: RuntimeWarning: logm result may be inaccurate, approximate err = 8.872100352164125e-07
  return f(*arrays, *other_args, **kwargs)
/appdata/users/P101440/micromamba/envs/torch29/lib/python3.11/site-packages/scipy/_lib/_util.py:1181: RuntimeWarning: logm result may be inaccurate, approximate err = 6.87648139319208e-07
  return f(*arrays, *other_args, **kwargs)
/appdata/users/P101440/micromamba/envs/torch29/lib/python3.11/site-packages/scipy/_lib/_util.py:1181: RuntimeWarning: logm result may be inaccurate, approximate err = 8.943163152252964e-07
  return f(*arrays, *other_args, **kwargs)
/appdata/users/P101440/micromamba/envs/torch29/lib/python3.11/site-packages/scipy/_lib/_util.py:1181: RuntimeWarning: logm result may be inaccurate, approximate err = 1.3260256537250825e-06
  return f(*arrays, *other_args, **kwargs)
/appdata/users/P101440/micromamba/envs/torch29/lib/python3.11/site-packages/scipy/_lib/_util.py:1181: RuntimeWarning: logm result may be inaccurate, approximate err = 8.31743079743319e-07
  return f(*arrays, *other_args, **kwargs)
/appdata/users/P101440/micromamba/envs/torch29/lib/python3.11/site-packages/scipy/_lib/_util.py:1181: RuntimeWarning: logm result may be inaccurate, approximate err = 1.1340704304529936e-06
  return f(*arrays, *other_args, **kwargs)
/appdata/users/P101440/micromamba/envs/torch29/lib/python3.11/site-packages/scipy/_lib/_util.py:1181: RuntimeWarning: logm result may be inaccurate, approximate err = 6.386025006577256e-07
  return f(*arrays, *other_args, **kwargs)
/appdata/users/P101440/micromamba/envs/torch29/lib/python3.11/site-packages/scipy/_lib/_util.py:1181: RuntimeWarning: logm result may be inaccurate, approximate err = 9.037534596245678e-07
  return f(*arrays, *other_args, **kwargs)
/appdata/users/P101440/micromamba/envs/torch29/lib/python3.11/site-packages/scipy/_lib/_util.py:1181: RuntimeWarning: logm result may be inaccurate, approximate err = 8.818967103252362e-07
  return f(*arrays, *other_args, **kwargs)
/appdata/users/P101440/micromamba/envs/torch29/lib/python3.11/site-packages/scipy/_lib/_util.py:1181: RuntimeWarning: logm result may be inaccurate, approximate err = 6.867351203254657e-07
  return f(*arrays, *other_args, **kwargs)
/appdata/users/P101440/micromamba/envs/torch29/lib/python3.11/site-packages/scipy/_lib/_util.py:1181: RuntimeWarning: logm result may be inaccurate, approximate err = 8.807419362710789e-07
  return f(*arrays, *other_args, **kwargs)
/appdata/users/P101440/micromamba/envs/torch29/lib/python3.11/site-packages/scipy/_lib/_util.py:1181: RuntimeWarning: logm result may be inaccurate, approximate err = 6.635816021116625e-07
  return f(*arrays, *other_args, **kwargs)
/appdata/users/P101440/micromamba/envs/torch29/lib/python3.11/site-packages/scipy/_lib/_util.py:1181: RuntimeWarning: logm result may be inaccurate, approximate err = 9.377291689816047e-07
  return f(*arrays, *other_args, **kwargs)
/appdata/users/P101440/micromamba/envs/torch29/lib/python3.11/site-packages/scipy/_lib/_util.py:1181: RuntimeWarning: logm result may be inaccurate, approximate err = 7.003323503340653e-07
  return f(*arrays, *other_args, **kwargs)
/appdata/users/P101440/micromamba/envs/torch29/lib/python3.11/site-packages/scipy/_lib/_util.py:1181: RuntimeWarning: logm result may be inaccurate, approximate err = 6.205518161550572e-07
  return f(*arrays, *other_args, **kwargs)
/appdata/users/P101440/micromamba/envs/torch29/lib/python3.11/site-packages/scipy/_lib/_util.py:1181: RuntimeWarning: logm result may be inaccurate, approximate err = 6.179726028676669e-07
  return f(*arrays, *other_args, **kwargs)
/appdata/users/P101440/micromamba/envs/torch29/lib/python3.11/site-packages/scipy/_lib/_util.py:1181: RuntimeWarning: logm result may be inaccurate, approximate err = 8.406922802350891e-07
  return f(*arrays, *other_args, **kwargs)
/appdata/users/P101440/micromamba/envs/torch29/lib/python3.11/site-packages/scipy/_lib/_util.py:1181: RuntimeWarning: logm result may be inaccurate, approximate err = 6.29581620614772e-07
  return f(*arrays, *other_args, **kwargs)
/appdata/users/P101440/micromamba/envs/torch29/lib/python3.11/site-packages/scipy/_lib/_util.py:1181: RuntimeWarning: logm result may be inaccurate, approximate err = 8.215583306991903e-07
  return f(*arrays, *other_args, **kwargs)
/appdata/users/P101440/micromamba/envs/torch29/lib/python3.11/site-packages/scipy/_lib/_util.py:1181: RuntimeWarning: logm result may be inaccurate, approximate err = 7.163071700233559e-07
  return f(*arrays, *other_args, **kwargs)
/appdata/users/P101440/micromamba/envs/torch29/lib/python3.11/site-packages/scipy/_lib/_util.py:1181: RuntimeWarning: logm result may be inaccurate, approximate err = 9.592670267011272e-07
  return f(*arrays, *other_args, **kwargs)
/appdata/users/P101440/micromamba/envs/torch29/lib/python3.11/site-packages/scipy/_lib/_util.py:1181: RuntimeWarning: logm result may be inaccurate, approximate err = 7.449702934536617e-07
  return f(*arrays, *other_args, **kwargs)
/appdata/users/P101440/micromamba/envs/torch29/lib/python3.11/site-packages/scipy/_lib/_util.py:1181: RuntimeWarning: logm result may be inaccurate, approximate err = 7.736563247817685e-07
  return f(*arrays, *other_args, **kwargs)
/appdata/users/P101440/micromamba/envs/torch29/lib/python3.11/site-packages/scipy/_lib/_util.py:1181: RuntimeWarning: logm result may be inaccurate, approximate err = 8.700197895450401e-07
  return f(*arrays, *other_args, **kwargs)
/appdata/users/P101440/micromamba/envs/torch29/lib/python3.11/site-packages/scipy/_lib/_util.py:1181: RuntimeWarning: logm result may be inaccurate, approximate err = 5.505621629708912e-07
  return f(*arrays, *other_args, **kwargs)
/appdata/users/P101440/micromamba/envs/torch29/lib/python3.11/site-packages/scipy/_lib/_util.py:1181: RuntimeWarning: logm result may be inaccurate, approximate err = 9.442054533792543e-07
  return f(*arrays, *other_args, **kwargs)
/appdata/users/P101440/micromamba/envs/torch29/lib/python3.11/site-packages/scipy/_lib/_util.py:1181: RuntimeWarning: logm result may be inaccurate, approximate err = 5.881681204300548e-07
  return f(*arrays, *other_args, **kwargs)
/appdata/users/P101440/micromamba/envs/torch29/lib/python3.11/site-packages/scipy/_lib/_util.py:1181: RuntimeWarning: logm result may be inaccurate, approximate err = 7.387997698060644e-07
  return f(*arrays, *other_args, **kwargs)
/appdata/users/P101440/micromamba/envs/torch29/lib/python3.11/site-packages/scipy/_lib/_util.py:1181: RuntimeWarning: logm result may be inaccurate, approximate err = 9.301998034061398e-07
  return f(*arrays, *other_args, **kwargs)
/appdata/users/P101440/micromamba/envs/torch29/lib/python3.11/site-packages/scipy/_lib/_util.py:1181: RuntimeWarning: logm result may be inaccurate, approximate err = 7.814260243321769e-07
  return f(*arrays, *other_args, **kwargs)
/appdata/users/P101440/micromamba/envs/torch29/lib/python3.11/site-packages/scipy/_lib/_util.py:1181: RuntimeWarning: logm result may be inaccurate, approximate err = 6.024859544595529e-07
  return f(*arrays, *other_args, **kwargs)
/appdata/users/P101440/micromamba/envs/torch29/lib/python3.11/site-packages/scipy/_lib/_util.py:1181: RuntimeWarning: logm result may be inaccurate, approximate err = 7.573515290459909e-07
  return f(*arrays, *other_args, **kwargs)
/appdata/users/P101440/micromamba/envs/torch29/lib/python3.11/site-packages/scipy/_lib/_util.py:1181: RuntimeWarning: logm result may be inaccurate, approximate err = 9.6982580544136e-07
  return f(*arrays, *other_args, **kwargs)
/appdata/users/P101440/micromamba/envs/torch29/lib/python3.11/site-packages/scipy/_lib/_util.py:1181: RuntimeWarning: logm result may be inaccurate, approximate err = 5.99570455506182e-07
  return f(*arrays, *other_args, **kwargs)
/appdata/users/P101440/micromamba/envs/torch29/lib/python3.11/site-packages/scipy/_lib/_util.py:1181: RuntimeWarning: logm result may be inaccurate, approximate err = 9.214226679432613e-07
  return f(*arrays, *other_args, **kwargs)
/appdata/users/P101440/micromamba/envs/torch29/lib/python3.11/site-packages/scipy/_lib/_util.py:1181: RuntimeWarning: logm result may be inaccurate, approximate err = 6.988460654611117e-07
  return f(*arrays, *other_args, **kwargs)
/appdata/users/P101440/micromamba/envs/torch29/lib/python3.11/site-packages/scipy/_lib/_util.py:1181: RuntimeWarning: logm result may be inaccurate, approximate err = 8.301064440274786e-07
  return f(*arrays, *other_args, **kwargs)
/appdata/users/P101440/micromamba/envs/torch29/lib/python3.11/site-packages/scipy/_lib/_util.py:1181: RuntimeWarning: logm result may be inaccurate, approximate err = 8.005258109733404e-07
  return f(*arrays, *other_args, **kwargs)
/appdata/users/P101440/micromamba/envs/torch29/lib/python3.11/site-packages/scipy/_lib/_util.py:1181: RuntimeWarning: logm result may be inaccurate, approximate err = 8.851513939589495e-07
  return f(*arrays, *other_args, **kwargs)
/appdata/users/P101440/micromamba/envs/torch29/lib/python3.11/site-packages/scipy/_lib/_util.py:1181: RuntimeWarning: logm result may be inaccurate, approximate err = 9.472963711232296e-07
  return f(*arrays, *other_args, **kwargs)
/appdata/users/P101440/micromamba/envs/torch29/lib/python3.11/site-packages/scipy/_lib/_util.py:1181: RuntimeWarning: logm result may be inaccurate, approximate err = 6.187295866766362e-07
  return f(*arrays, *other_args, **kwargs)
/appdata/users/P101440/micromamba/envs/torch29/lib/python3.11/site-packages/scipy/_lib/_util.py:1181: RuntimeWarning: logm result may be inaccurate, approximate err = 1.1809073612312204e-06
  return f(*arrays, *other_args, **kwargs)
/appdata/users/P101440/micromamba/envs/torch29/lib/python3.11/site-packages/scipy/_lib/_util.py:1181: RuntimeWarning: logm result may be inaccurate, approximate err = 8.614218813818297e-07
  return f(*arrays, *other_args, **kwargs)
/appdata/users/P101440/micromamba/envs/torch29/lib/python3.11/site-packages/scipy/_lib/_util.py:1181: RuntimeWarning: logm result may be inaccurate, approximate err = 7.528594778705155e-07
  return f(*arrays, *other_args, **kwargs)
/appdata/users/P101440/micromamba/envs/torch29/lib/python3.11/site-packages/scipy/_lib/_util.py:1181: RuntimeWarning: logm result may be inaccurate, approximate err = 1.1149692227263586e-06
  return f(*arrays, *other_args, **kwargs)
/appdata/users/P101440/micromamba/envs/torch29/lib/python3.11/site-packages/scipy/_lib/_util.py:1181: RuntimeWarning: logm result may be inaccurate, approximate err = 9.27171186049236e-07
  return f(*arrays, *other_args, **kwargs)
/appdata/users/P101440/micromamba/envs/torch29/lib/python3.11/site-packages/scipy/_lib/_util.py:1181: RuntimeWarning: logm result may be inaccurate, approximate err = 6.496101718767022e-07
  return f(*arrays, *other_args, **kwargs)
/appdata/users/P101440/micromamba/envs/torch29/lib/python3.11/site-packages/scipy/_lib/_util.py:1181: RuntimeWarning: logm result may be inaccurate, approximate err = 9.569799885866814e-07
  return f(*arrays, *other_args, **kwargs)
/appdata/users/P101440/micromamba/envs/torch29/lib/python3.11/site-packages/scipy/_lib/_util.py:1181: RuntimeWarning: logm result may be inaccurate, approximate err = 7.845000595807505e-07
  return f(*arrays, *other_args, **kwargs)
/appdata/users/P101440/micromamba/envs/torch29/lib/python3.11/site-packages/scipy/_lib/_util.py:1181: RuntimeWarning: logm result may be inaccurate, approximate err = 8.886577802513784e-07
  return f(*arrays, *other_args, **kwargs)
/appdata/users/P101440/micromamba/envs/torch29/lib/python3.11/site-packages/scipy/_lib/_util.py:1181: RuntimeWarning: logm result may be inaccurate, approximate err = 5.849722697348625e-07
  return f(*arrays, *other_args, **kwargs)
/appdata/users/P101440/micromamba/envs/torch29/lib/python3.11/site-packages/scipy/_lib/_util.py:1181: RuntimeWarning: logm result may be inaccurate, approximate err = 8.258009529527044e-07
  return f(*arrays, *other_args, **kwargs)
/appdata/users/P101440/micromamba/envs/torch29/lib/python3.11/site-packages/scipy/_lib/_util.py:1181: RuntimeWarning: logm result may be inaccurate, approximate err = 1.4016951581652393e-06
  return f(*arrays, *other_args, **kwargs)
/appdata/users/P101440/micromamba/envs/torch29/lib/python3.11/site-packages/scipy/_lib/_util.py:1181: RuntimeWarning: logm result may be inaccurate, approximate err = 7.689070002925291e-07
  return f(*arrays, *other_args, **kwargs)
/appdata/users/P101440/micromamba/envs/torch29/lib/python3.11/site-packages/scipy/_lib/_util.py:1181: RuntimeWarning: logm result may be inaccurate, approximate err = 7.462227245014219e-07
  return f(*arrays, *other_args, **kwargs)
/appdata/users/P101440/micromamba/envs/torch29/lib/python3.11/site-packages/scipy/_lib/_util.py:1181: RuntimeWarning: logm result may be inaccurate, approximate err = 7.450489079019462e-07
  return f(*arrays, *other_args, **kwargs)
/appdata/users/P101440/micromamba/envs/torch29/lib/python3.11/site-packages/scipy/_lib/_util.py:1181: RuntimeWarning: logm result may be inaccurate, approximate err = 9.018693276630074e-07
  return f(*arrays, *other_args, **kwargs)
/appdata/users/P101440/micromamba/envs/torch29/lib/python3.11/site-packages/scipy/_lib/_util.py:1181: RuntimeWarning: logm result may be inaccurate, approximate err = 8.923869927457417e-07
  return f(*arrays, *other_args, **kwargs)
/appdata/users/P101440/micromamba/envs/torch29/lib/python3.11/site-packages/scipy/_lib/_util.py:1181: RuntimeWarning: logm result may be inaccurate, approximate err = 7.480412591576169e-07
  return f(*arrays, *other_args, **kwargs)
/appdata/users/P101440/micromamba/envs/torch29/lib/python3.11/site-packages/scipy/_lib/_util.py:1181: RuntimeWarning: logm result may be inaccurate, approximate err = 1.0182881169384927e-06
  return f(*arrays, *other_args, **kwargs)
/appdata/users/P101440/micromamba/envs/torch29/lib/python3.11/site-packages/scipy/_lib/_util.py:1181: RuntimeWarning: logm result may be inaccurate, approximate err = 9.062438834916975e-07
  return f(*arrays, *other_args, **kwargs)
/appdata/users/P101440/micromamba/envs/torch29/lib/python3.11/site-packages/scipy/_lib/_util.py:1181: RuntimeWarning: logm result may be inaccurate, approximate err = 8.91788999979326e-07
  return f(*arrays, *other_args, **kwargs)
/appdata/users/P101440/micromamba/envs/torch29/lib/python3.11/site-packages/scipy/_lib/_util.py:1181: RuntimeWarning: logm result may be inaccurate, approximate err = 5.411473580352322e-07
  return f(*arrays, *other_args, **kwargs)
/appdata/users/P101440/micromamba/envs/torch29/lib/python3.11/site-packages/scipy/_lib/_util.py:1181: RuntimeWarning: logm result may be inaccurate, approximate err = 6.870761808386305e-07
  return f(*arrays, *other_args, **kwargs)
/appdata/users/P101440/micromamba/envs/torch29/lib/python3.11/site-packages/scipy/_lib/_util.py:1181: RuntimeWarning: logm result may be inaccurate, approximate err = 1.153974380940781e-06
  return f(*arrays, *other_args, **kwargs)
/appdata/users/P101440/micromamba/envs/torch29/lib/python3.11/site-packages/scipy/_lib/_util.py:1181: RuntimeWarning: logm result may be inaccurate, approximate err = 8.262825303972932e-07
  return f(*arrays, *other_args, **kwargs)
/appdata/users/P101440/micromamba/envs/torch29/lib/python3.11/site-packages/scipy/_lib/_util.py:1181: RuntimeWarning: logm result may be inaccurate, approximate err = 5.70436554880871e-07
  return f(*arrays, *other_args, **kwargs)
/appdata/users/P101440/micromamba/envs/torch29/lib/python3.11/site-packages/scipy/_lib/_util.py:1181: RuntimeWarning: logm result may be inaccurate, approximate err = 1.0268508958688471e-06
  return f(*arrays, *other_args, **kwargs)
/appdata/users/P101440/micromamba/envs/torch29/lib/python3.11/site-packages/scipy/_lib/_util.py:1181: RuntimeWarning: logm result may be inaccurate, approximate err = 9.003036325339053e-07
  return f(*arrays, *other_args, **kwargs)
/appdata/users/P101440/micromamba/envs/torch29/lib/python3.11/site-packages/scipy/_lib/_util.py:1181: RuntimeWarning: logm result may be inaccurate, approximate err = 7.758441142868833e-07
  return f(*arrays, *other_args, **kwargs)
/appdata/users/P101440/micromamba/envs/torch29/lib/python3.11/site-packages/scipy/_lib/_util.py:1181: RuntimeWarning: logm result may be inaccurate, approximate err = 7.37872085210256e-07
  return f(*arrays, *other_args, **kwargs)
/appdata/users/P101440/micromamba/envs/torch29/lib/python3.11/site-packages/scipy/_lib/_util.py:1181: RuntimeWarning: logm result may be inaccurate, approximate err = 1.2759247738358681e-06
  return f(*arrays, *other_args, **kwargs)
/appdata/users/P101440/micromamba/envs/torch29/lib/python3.11/site-packages/scipy/_lib/_util.py:1181: RuntimeWarning: logm result may be inaccurate, approximate err = 5.631619046653213e-07
  return f(*arrays, *other_args, **kwargs)
/appdata/users/P101440/micromamba/envs/torch29/lib/python3.11/site-packages/scipy/_lib/_util.py:1181: RuntimeWarning: logm result may be inaccurate, approximate err = 1.1187818245161907e-06
  return f(*arrays, *other_args, **kwargs)
/appdata/users/P101440/micromamba/envs/torch29/lib/python3.11/site-packages/scipy/_lib/_util.py:1181: RuntimeWarning: logm result may be inaccurate, approximate err = 8.642940656500286e-07
  return f(*arrays, *other_args, **kwargs)
/appdata/users/P101440/micromamba/envs/torch29/lib/python3.11/site-packages/scipy/_lib/_util.py:1181: RuntimeWarning: logm result may be inaccurate, approximate err = 6.284612936724443e-07
  return f(*arrays, *other_args, **kwargs)
/appdata/users/P101440/micromamba/envs/torch29/lib/python3.11/site-packages/scipy/_lib/_util.py:1181: RuntimeWarning: logm result may be inaccurate, approximate err = 8.393672601414437e-07
  return f(*arrays, *other_args, **kwargs)
/appdata/users/P101440/micromamba/envs/torch29/lib/python3.11/site-packages/scipy/_lib/_util.py:1181: RuntimeWarning: logm result may be inaccurate, approximate err = 6.611045364479651e-07
  return f(*arrays, *other_args, **kwargs)
/appdata/users/P101440/micromamba/envs/torch29/lib/python3.11/site-packages/scipy/_lib/_util.py:1181: RuntimeWarning: logm result may be inaccurate, approximate err = 6.707645638925896e-07
  return f(*arrays, *other_args, **kwargs)
/appdata/users/P101440/micromamba/envs/torch29/lib/python3.11/site-packages/scipy/_lib/_util.py:1181: RuntimeWarning: logm result may be inaccurate, approximate err = 8.68538222675852e-07
  return f(*arrays, *other_args, **kwargs)
/appdata/users/P101440/micromamba/envs/torch29/lib/python3.11/site-packages/scipy/_lib/_util.py:1181: RuntimeWarning: logm result may be inaccurate, approximate err = 8.424255497629929e-07
  return f(*arrays, *other_args, **kwargs)
/appdata/users/P101440/micromamba/envs/torch29/lib/python3.11/site-packages/scipy/_lib/_util.py:1181: RuntimeWarning: logm result may be inaccurate, approximate err = 9.557002158544492e-07
  return f(*arrays, *other_args, **kwargs)
/appdata/users/P101440/micromamba/envs/torch29/lib/python3.11/site-packages/scipy/_lib/_util.py:1181: RuntimeWarning: logm result may be inaccurate, approximate err = 9.374234082315525e-07
  return f(*arrays, *other_args, **kwargs)
/appdata/users/P101440/micromamba/envs/torch29/lib/python3.11/site-packages/scipy/_lib/_util.py:1181: RuntimeWarning: logm result may be inaccurate, approximate err = 1.1058058362323209e-06
  return f(*arrays, *other_args, **kwargs)
/appdata/users/P101440/micromamba/envs/torch29/lib/python3.11/site-packages/scipy/_lib/_util.py:1181: RuntimeWarning: logm result may be inaccurate, approximate err = 7.535838335570588e-07
  return f(*arrays, *other_args, **kwargs)
/appdata/users/P101440/micromamba/envs/torch29/lib/python3.11/site-packages/scipy/_lib/_util.py:1181: RuntimeWarning: logm result may be inaccurate, approximate err = 7.02054194334778e-07
  return f(*arrays, *other_args, **kwargs)
/appdata/users/P101440/micromamba/envs/torch29/lib/python3.11/site-packages/scipy/_lib/_util.py:1181: RuntimeWarning: logm result may be inaccurate, approximate err = 1.1991124893029337e-06
  return f(*arrays, *other_args, **kwargs)
/appdata/users/P101440/micromamba/envs/torch29/lib/python3.11/site-packages/scipy/_lib/_util.py:1181: RuntimeWarning: logm result may be inaccurate, approximate err = 7.768899195070844e-07
  return f(*arrays, *other_args, **kwargs)
/appdata/users/P101440/micromamba/envs/torch29/lib/python3.11/site-packages/scipy/_lib/_util.py:1181: RuntimeWarning: logm result may be inaccurate, approximate err = 6.650103046013101e-07
  return f(*arrays, *other_args, **kwargs)
/appdata/users/P101440/micromamba/envs/torch29/lib/python3.11/site-packages/scipy/_lib/_util.py:1181: RuntimeWarning: logm result may be inaccurate, approximate err = 1.0049091088148998e-06
  return f(*arrays, *other_args, **kwargs)
/appdata/users/P101440/micromamba/envs/torch29/lib/python3.11/site-packages/scipy/_lib/_util.py:1181: RuntimeWarning: logm result may be inaccurate, approximate err = 9.479626328356971e-07
  return f(*arrays, *other_args, **kwargs)
/appdata/users/P101440/micromamba/envs/torch29/lib/python3.11/site-packages/scipy/_lib/_util.py:1181: RuntimeWarning: logm result may be inaccurate, approximate err = 4.49594637075279e-07
  return f(*arrays, *other_args, **kwargs)
/appdata/users/P101440/micromamba/envs/torch29/lib/python3.11/site-packages/scipy/_lib/_util.py:1181: RuntimeWarning: logm result may be inaccurate, approximate err = 8.813189538159349e-07
  return f(*arrays, *other_args, **kwargs)
/appdata/users/P101440/micromamba/envs/torch29/lib/python3.11/site-packages/scipy/_lib/_util.py:1181: RuntimeWarning: logm result may be inaccurate, approximate err = 8.197883971661213e-07
  return f(*arrays, *other_args, **kwargs)
/appdata/users/P101440/micromamba/envs/torch29/lib/python3.11/site-packages/scipy/_lib/_util.py:1181: RuntimeWarning: logm result may be inaccurate, approximate err = 9.058018690666358e-07
  return f(*arrays, *other_args, **kwargs)
/appdata/users/P101440/micromamba/envs/torch29/lib/python3.11/site-packages/scipy/_lib/_util.py:1181: RuntimeWarning: logm result may be inaccurate, approximate err = 6.950216402401566e-07
  return f(*arrays, *other_args, **kwargs)
/appdata/users/P101440/micromamba/envs/torch29/lib/python3.11/site-packages/scipy/_lib/_util.py:1181: RuntimeWarning: logm result may be inaccurate, approximate err = 5.817272494823555e-07
  return f(*arrays, *other_args, **kwargs)
/appdata/users/P101440/micromamba/envs/torch29/lib/python3.11/site-packages/scipy/_lib/_util.py:1181: RuntimeWarning: logm result may be inaccurate, approximate err = 1.7791635400499217e-06
  return f(*arrays, *other_args, **kwargs)
/appdata/users/P101440/micromamba/envs/torch29/lib/python3.11/site-packages/scipy/_lib/_util.py:1181: RuntimeWarning: logm result may be inaccurate, approximate err = 5.041009671913343e-07
  return f(*arrays, *other_args, **kwargs)
/appdata/users/P101440/micromamba/envs/torch29/lib/python3.11/site-packages/scipy/_lib/_util.py:1181: RuntimeWarning: logm result may be inaccurate, approximate err = 9.779263336895383e-07
  return f(*arrays, *other_args, **kwargs)
/appdata/users/P101440/micromamba/envs/torch29/lib/python3.11/site-packages/scipy/_lib/_util.py:1181: RuntimeWarning: logm result may be inaccurate, approximate err = 1.299664404541545e-06
  return f(*arrays, *other_args, **kwargs)
/appdata/users/P101440/micromamba/envs/torch29/lib/python3.11/site-packages/scipy/_lib/_util.py:1181: RuntimeWarning: logm result may be inaccurate, approximate err = 9.641647693570121e-07
  return f(*arrays, *other_args, **kwargs)
/appdata/users/P101440/micromamba/envs/torch29/lib/python3.11/site-packages/scipy/_lib/_util.py:1181: RuntimeWarning: logm result may be inaccurate, approximate err = 1.1031285112039768e-06
  return f(*arrays, *other_args, **kwargs)
/appdata/users/P101440/micromamba/envs/torch29/lib/python3.11/site-packages/scipy/_lib/_util.py:1181: RuntimeWarning: logm result may be inaccurate, approximate err = 1.2439691090548877e-06
  return f(*arrays, *other_args, **kwargs)
/appdata/users/P101440/micromamba/envs/torch29/lib/python3.11/site-packages/scipy/_lib/_util.py:1181: RuntimeWarning: logm result may be inaccurate, approximate err = 7.096822400853853e-07
  return f(*arrays, *other_args, **kwargs)
/appdata/users/P101440/micromamba/envs/torch29/lib/python3.11/site-packages/scipy/_lib/_util.py:1181: RuntimeWarning: logm result may be inaccurate, approximate err = 5.742641633332823e-07
  return f(*arrays, *other_args, **kwargs)
/appdata/users/P101440/micromamba/envs/torch29/lib/python3.11/site-packages/scipy/_lib/_util.py:1181: RuntimeWarning: logm result may be inaccurate, approximate err = 9.182195981338737e-07
  return f(*arrays, *other_args, **kwargs)
/appdata/users/P101440/micromamba/envs/torch29/lib/python3.11/site-packages/scipy/_lib/_util.py:1181: RuntimeWarning: logm result may be inaccurate, approximate err = 9.296967959926405e-07
  return f(*arrays, *other_args, **kwargs)
/appdata/users/P101440/micromamba/envs/torch29/lib/python3.11/site-packages/scipy/_lib/_util.py:1181: RuntimeWarning: logm result may be inaccurate, approximate err = 6.058783696971659e-07
  return f(*arrays, *other_args, **kwargs)
/appdata/users/P101440/micromamba/envs/torch29/lib/python3.11/site-packages/scipy/_lib/_util.py:1181: RuntimeWarning: logm result may be inaccurate, approximate err = 6.839584898443718e-07
  return f(*arrays, *other_args, **kwargs)
/appdata/users/P101440/micromamba/envs/torch29/lib/python3.11/site-packages/scipy/_lib/_util.py:1181: RuntimeWarning: logm result may be inaccurate, approximate err = 8.978707342066627e-07
  return f(*arrays, *other_args, **kwargs)
/appdata/users/P101440/micromamba/envs/torch29/lib/python3.11/site-packages/scipy/_lib/_util.py:1181: RuntimeWarning: logm result may be inaccurate, approximate err = 1.001805344458262e-06
  return f(*arrays, *other_args, **kwargs)
/appdata/users/P101440/micromamba/envs/torch29/lib/python3.11/site-packages/scipy/_lib/_util.py:1181: RuntimeWarning: logm result may be inaccurate, approximate err = 7.73332260450843e-07
  return f(*arrays, *other_args, **kwargs)
/appdata/users/P101440/micromamba/envs/torch29/lib/python3.11/site-packages/scipy/_lib/_util.py:1181: RuntimeWarning: logm result may be inaccurate, approximate err = 1.0487755162102985e-06
  return f(*arrays, *other_args, **kwargs)
/appdata/users/P101440/micromamba/envs/torch29/lib/python3.11/site-packages/scipy/_lib/_util.py:1181: RuntimeWarning: logm result may be inaccurate, approximate err = 6.005505497341801e-07
  return f(*arrays, *other_args, **kwargs)
/appdata/users/P101440/micromamba/envs/torch29/lib/python3.11/site-packages/scipy/_lib/_util.py:1181: RuntimeWarning: logm result may be inaccurate, approximate err = 8.159469189195079e-07
  return f(*arrays, *other_args, **kwargs)
/appdata/users/P101440/micromamba/envs/torch29/lib/python3.11/site-packages/scipy/_lib/_util.py:1181: RuntimeWarning: logm result may be inaccurate, approximate err = 9.714894986245781e-07
  return f(*arrays, *other_args, **kwargs)
/appdata/users/P101440/micromamba/envs/torch29/lib/python3.11/site-packages/scipy/_lib/_util.py:1181: RuntimeWarning: logm result may be inaccurate, approximate err = 6.856238883301558e-07
  return f(*arrays, *other_args, **kwargs)
/appdata/users/P101440/micromamba/envs/torch29/lib/python3.11/site-packages/scipy/_lib/_util.py:1181: RuntimeWarning: logm result may be inaccurate, approximate err = 8.994185805022425e-07
  return f(*arrays, *other_args, **kwargs)
/appdata/users/P101440/micromamba/envs/torch29/lib/python3.11/site-packages/scipy/_lib/_util.py:1181: RuntimeWarning: logm result may be inaccurate, approximate err = 7.716917593825201e-07
  return f(*arrays, *other_args, **kwargs)
/appdata/users/P101440/micromamba/envs/torch29/lib/python3.11/site-packages/scipy/_lib/_util.py:1181: RuntimeWarning: logm result may be inaccurate, approximate err = 7.6746789545723e-07
  return f(*arrays, *other_args, **kwargs)
/appdata/users/P101440/micromamba/envs/torch29/lib/python3.11/site-packages/scipy/_lib/_util.py:1181: RuntimeWarning: logm result may be inaccurate, approximate err = 5.420876050266088e-07
  return f(*arrays, *other_args, **kwargs)
/appdata/users/P101440/micromamba/envs/torch29/lib/python3.11/site-packages/scipy/_lib/_util.py:1181: RuntimeWarning: logm result may be inaccurate, approximate err = 6.778535635021399e-07
  return f(*arrays, *other_args, **kwargs)
/appdata/users/P101440/micromamba/envs/torch29/lib/python3.11/site-packages/scipy/_lib/_util.py:1181: RuntimeWarning: logm result may be inaccurate, approximate err = 1.4288168586062966e-06
  return f(*arrays, *other_args, **kwargs)
/appdata/users/P101440/micromamba/envs/torch29/lib/python3.11/site-packages/scipy/_lib/_util.py:1181: RuntimeWarning: logm result may be inaccurate, approximate err = 7.650861562069622e-07
  return f(*arrays, *other_args, **kwargs)
/appdata/users/P101440/micromamba/envs/torch29/lib/python3.11/site-packages/scipy/_lib/_util.py:1181: RuntimeWarning: logm result may be inaccurate, approximate err = 8.6066791027406e-07
  return f(*arrays, *other_args, **kwargs)
/appdata/users/P101440/micromamba/envs/torch29/lib/python3.11/site-packages/scipy/_lib/_util.py:1181: RuntimeWarning: logm result may be inaccurate, approximate err = 6.931711595825618e-07
  return f(*arrays, *other_args, **kwargs)
/appdata/users/P101440/micromamba/envs/torch29/lib/python3.11/site-packages/scipy/_lib/_util.py:1181: RuntimeWarning: logm result may be inaccurate, approximate err = 5.785838084193529e-07
  return f(*arrays, *other_args, **kwargs)
/appdata/users/P101440/micromamba/envs/torch29/lib/python3.11/site-packages/scipy/_lib/_util.py:1181: RuntimeWarning: logm result may be inaccurate, approximate err = 8.905219033294998e-07
  return f(*arrays, *other_args, **kwargs)
/appdata/users/P101440/micromamba/envs/torch29/lib/python3.11/site-packages/scipy/_lib/_util.py:1181: RuntimeWarning: logm result may be inaccurate, approximate err = 6.532305292239471e-07
  return f(*arrays, *other_args, **kwargs)
/appdata/users/P101440/micromamba/envs/torch29/lib/python3.11/site-packages/scipy/_lib/_util.py:1181: RuntimeWarning: logm result may be inaccurate, approximate err = 8.516192337992834e-07
  return f(*arrays, *other_args, **kwargs)
/appdata/users/P101440/micromamba/envs/torch29/lib/python3.11/site-packages/scipy/_lib/_util.py:1181: RuntimeWarning: logm result may be inaccurate, approximate err = 6.580215767826303e-07
  return f(*arrays, *other_args, **kwargs)
/appdata/users/P101440/micromamba/envs/torch29/lib/python3.11/site-packages/scipy/_lib/_util.py:1181: RuntimeWarning: logm result may be inaccurate, approximate err = 1.183053200293216e-06
  return f(*arrays, *other_args, **kwargs)
/appdata/users/P101440/micromamba/envs/torch29/lib/python3.11/site-packages/scipy/_lib/_util.py:1181: RuntimeWarning: logm result may be inaccurate, approximate err = 9.923041943693534e-07
  return f(*arrays, *other_args, **kwargs)
/appdata/users/P101440/micromamba/envs/torch29/lib/python3.11/site-packages/scipy/_lib/_util.py:1181: RuntimeWarning: logm result may be inaccurate, approximate err = 7.961560868352535e-07
  return f(*arrays, *other_args, **kwargs)
/appdata/users/P101440/micromamba/envs/torch29/lib/python3.11/site-packages/scipy/_lib/_util.py:1181: RuntimeWarning: logm result may be inaccurate, approximate err = 1.3008063888264587e-06
  return f(*arrays, *other_args, **kwargs)
/appdata/users/P101440/micromamba/envs/torch29/lib/python3.11/site-packages/scipy/_lib/_util.py:1181: RuntimeWarning: logm result may be inaccurate, approximate err = 7.764078304717259e-07
  return f(*arrays, *other_args, **kwargs)
/appdata/users/P101440/micromamba/envs/torch29/lib/python3.11/site-packages/scipy/_lib/_util.py:1181: RuntimeWarning: logm result may be inaccurate, approximate err = 7.918920914562477e-07
  return f(*arrays, *other_args, **kwargs)
/appdata/users/P101440/micromamba/envs/torch29/lib/python3.11/site-packages/scipy/_lib/_util.py:1181: RuntimeWarning: logm result may be inaccurate, approximate err = 6.566306183231063e-07
  return f(*arrays, *other_args, **kwargs)
/appdata/users/P101440/micromamba/envs/torch29/lib/python3.11/site-packages/scipy/_lib/_util.py:1181: RuntimeWarning: logm result may be inaccurate, approximate err = 1.1179233752045548e-06
  return f(*arrays, *other_args, **kwargs)
/appdata/users/P101440/micromamba/envs/torch29/lib/python3.11/site-packages/scipy/_lib/_util.py:1181: RuntimeWarning: logm result may be inaccurate, approximate err = 7.355167781497585e-07
  return f(*arrays, *other_args, **kwargs)
/appdata/users/P101440/micromamba/envs/torch29/lib/python3.11/site-packages/scipy/_lib/_util.py:1181: RuntimeWarning: logm result may be inaccurate, approximate err = 8.991672757474589e-07
  return f(*arrays, *other_args, **kwargs)
/appdata/users/P101440/micromamba/envs/torch29/lib/python3.11/site-packages/scipy/_lib/_util.py:1181: RuntimeWarning: logm result may be inaccurate, approximate err = 9.478004017182684e-07
  return f(*arrays, *other_args, **kwargs)
/appdata/users/P101440/micromamba/envs/torch29/lib/python3.11/site-packages/scipy/_lib/_util.py:1181: RuntimeWarning: logm result may be inaccurate, approximate err = 1.1932228289879276e-06
  return f(*arrays, *other_args, **kwargs)
/appdata/users/P101440/micromamba/envs/torch29/lib/python3.11/site-packages/scipy/_lib/_util.py:1181: RuntimeWarning: logm result may be inaccurate, approximate err = 7.490603479709534e-07
  return f(*arrays, *other_args, **kwargs)
/appdata/users/P101440/micromamba/envs/torch29/lib/python3.11/site-packages/scipy/_lib/_util.py:1181: RuntimeWarning: logm result may be inaccurate, approximate err = 9.69238953985041e-07
  return f(*arrays, *other_args, **kwargs)
/appdata/users/P101440/micromamba/envs/torch29/lib/python3.11/site-packages/scipy/_lib/_util.py:1181: RuntimeWarning: logm result may be inaccurate, approximate err = 7.499839398406039e-07
  return f(*arrays, *other_args, **kwargs)
/appdata/users/P101440/micromamba/envs/torch29/lib/python3.11/site-packages/scipy/_lib/_util.py:1181: RuntimeWarning: logm result may be inaccurate, approximate err = 9.824666449276265e-07
  return f(*arrays, *other_args, **kwargs)
/appdata/users/P101440/micromamba/envs/torch29/lib/python3.11/site-packages/scipy/_lib/_util.py:1181: RuntimeWarning: logm result may be inaccurate, approximate err = 8.302060336973227e-07
  return f(*arrays, *other_args, **kwargs)
/appdata/users/P101440/micromamba/envs/torch29/lib/python3.11/site-packages/scipy/_lib/_util.py:1181: RuntimeWarning: logm result may be inaccurate, approximate err = 8.104257744889765e-07
  return f(*arrays, *other_args, **kwargs)
/appdata/users/P101440/micromamba/envs/torch29/lib/python3.11/site-packages/scipy/_lib/_util.py:1181: RuntimeWarning: logm result may be inaccurate, approximate err = 5.705210242012981e-07
  return f(*arrays, *other_args, **kwargs)
/appdata/users/P101440/micromamba/envs/torch29/lib/python3.11/site-packages/scipy/_lib/_util.py:1181: RuntimeWarning: logm result may be inaccurate, approximate err = 7.24927247119922e-07
  return f(*arrays, *other_args, **kwargs)
/appdata/users/P101440/micromamba/envs/torch29/lib/python3.11/site-packages/scipy/_lib/_util.py:1181: RuntimeWarning: logm result may be inaccurate, approximate err = 8.408637199863733e-07
  return f(*arrays, *other_args, **kwargs)
/appdata/users/P101440/micromamba/envs/torch29/lib/python3.11/site-packages/scipy/_lib/_util.py:1181: RuntimeWarning: logm result may be inaccurate, approximate err = 7.634463372596656e-07
  return f(*arrays, *other_args, **kwargs)
/appdata/users/P101440/micromamba/envs/torch29/lib/python3.11/site-packages/scipy/_lib/_util.py:1181: RuntimeWarning: logm result may be inaccurate, approximate err = 8.456972864223644e-07
  return f(*arrays, *other_args, **kwargs)
/appdata/users/P101440/micromamba/envs/torch29/lib/python3.11/site-packages/scipy/_lib/_util.py:1181: RuntimeWarning: logm result may be inaccurate, approximate err = 8.193493385988404e-07
  return f(*arrays, *other_args, **kwargs)
/appdata/users/P101440/micromamba/envs/torch29/lib/python3.11/site-packages/scipy/_lib/_util.py:1181: RuntimeWarning: logm result may be inaccurate, approximate err = 7.867257068028266e-07
  return f(*arrays, *other_args, **kwargs)
/appdata/users/P101440/micromamba/envs/torch29/lib/python3.11/site-packages/scipy/_lib/_util.py:1181: RuntimeWarning: logm result may be inaccurate, approximate err = 9.145610420091543e-07
  return f(*arrays, *other_args, **kwargs)
/appdata/users/P101440/micromamba/envs/torch29/lib/python3.11/site-packages/scipy/_lib/_util.py:1181: RuntimeWarning: logm result may be inaccurate, approximate err = 6.853991294519801e-07
  return f(*arrays, *other_args, **kwargs)
/appdata/users/P101440/micromamba/envs/torch29/lib/python3.11/site-packages/scipy/_lib/_util.py:1181: RuntimeWarning: logm result may be inaccurate, approximate err = 7.757467983537936e-07
  return f(*arrays, *other_args, **kwargs)
/appdata/users/P101440/micromamba/envs/torch29/lib/python3.11/site-packages/scipy/_lib/_util.py:1181: RuntimeWarning: logm result may be inaccurate, approximate err = 1.30530213482416e-06
  return f(*arrays, *other_args, **kwargs)
/appdata/users/P101440/micromamba/envs/torch29/lib/python3.11/site-packages/scipy/_lib/_util.py:1181: RuntimeWarning: logm result may be inaccurate, approximate err = 9.862944807537133e-07
  return f(*arrays, *other_args, **kwargs)
/appdata/users/P101440/micromamba/envs/torch29/lib/python3.11/site-packages/scipy/_lib/_util.py:1181: RuntimeWarning: logm result may be inaccurate, approximate err = 9.682115660325508e-07
  return f(*arrays, *other_args, **kwargs)
/appdata/users/P101440/micromamba/envs/torch29/lib/python3.11/site-packages/scipy/_lib/_util.py:1181: RuntimeWarning: logm result may be inaccurate, approximate err = 8.409923566432553e-07
  return f(*arrays, *other_args, **kwargs)
/appdata/users/P101440/micromamba/envs/torch29/lib/python3.11/site-packages/scipy/_lib/_util.py:1181: RuntimeWarning: logm result may be inaccurate, approximate err = 1.0448162583998055e-06
  return f(*arrays, *other_args, **kwargs)
/appdata/users/P101440/micromamba/envs/torch29/lib/python3.11/site-packages/scipy/_lib/_util.py:1181: RuntimeWarning: logm result may be inaccurate, approximate err = 7.773532502142189e-07
  return f(*arrays, *other_args, **kwargs)
/appdata/users/P101440/micromamba/envs/torch29/lib/python3.11/site-packages/scipy/_lib/_util.py:1181: RuntimeWarning: logm result may be inaccurate, approximate err = 6.621674515372433e-07
  return f(*arrays, *other_args, **kwargs)
/appdata/users/P101440/micromamba/envs/torch29/lib/python3.11/site-packages/scipy/_lib/_util.py:1181: RuntimeWarning: logm result may be inaccurate, approximate err = 8.518988465766597e-07
  return f(*arrays, *other_args, **kwargs)
/appdata/users/P101440/micromamba/envs/torch29/lib/python3.11/site-packages/scipy/_lib/_util.py:1181: RuntimeWarning: logm result may be inaccurate, approximate err = 1.0664564342732774e-06
  return f(*arrays, *other_args, **kwargs)
/appdata/users/P101440/micromamba/envs/torch29/lib/python3.11/site-packages/scipy/_lib/_util.py:1181: RuntimeWarning: logm result may be inaccurate, approximate err = 7.624840918651898e-07
  return f(*arrays, *other_args, **kwargs)
/appdata/users/P101440/micromamba/envs/torch29/lib/python3.11/site-packages/scipy/_lib/_util.py:1181: RuntimeWarning: logm result may be inaccurate, approximate err = 9.338986046714126e-07
  return f(*arrays, *other_args, **kwargs)
/appdata/users/P101440/micromamba/envs/torch29/lib/python3.11/site-packages/scipy/_lib/_util.py:1181: RuntimeWarning: logm result may be inaccurate, approximate err = 5.825983748763974e-07
  return f(*arrays, *other_args, **kwargs)
/appdata/users/P101440/micromamba/envs/torch29/lib/python3.11/site-packages/scipy/_lib/_util.py:1181: RuntimeWarning: logm result may be inaccurate, approximate err = 7.094220109138405e-07
  return f(*arrays, *other_args, **kwargs)
/appdata/users/P101440/micromamba/envs/torch29/lib/python3.11/site-packages/scipy/_lib/_util.py:1181: RuntimeWarning: logm result may be inaccurate, approximate err = 5.234011268839822e-07
  return f(*arrays, *other_args, **kwargs)
/appdata/users/P101440/micromamba/envs/torch29/lib/python3.11/site-packages/scipy/_lib/_util.py:1181: RuntimeWarning: logm result may be inaccurate, approximate err = 8.405033327107958e-07
  return f(*arrays, *other_args, **kwargs)
/appdata/users/P101440/micromamba/envs/torch29/lib/python3.11/site-packages/scipy/_lib/_util.py:1181: RuntimeWarning: logm result may be inaccurate, approximate err = 7.235460088850232e-07
  return f(*arrays, *other_args, **kwargs)
/appdata/users/P101440/micromamba/envs/torch29/lib/python3.11/site-packages/scipy/_lib/_util.py:1181: RuntimeWarning: logm result may be inaccurate, approximate err = 8.491992389281222e-07
  return f(*arrays, *other_args, **kwargs)
/appdata/users/P101440/micromamba/envs/torch29/lib/python3.11/site-packages/scipy/_lib/_util.py:1181: RuntimeWarning: logm result may be inaccurate, approximate err = 6.714297455800988e-07
  return f(*arrays, *other_args, **kwargs)
/appdata/users/P101440/micromamba/envs/torch29/lib/python3.11/site-packages/scipy/_lib/_util.py:1181: RuntimeWarning: logm result may be inaccurate, approximate err = 7.851650138945843e-07
  return f(*arrays, *other_args, **kwargs)
/appdata/users/P101440/micromamba/envs/torch29/lib/python3.11/site-packages/scipy/_lib/_util.py:1181: RuntimeWarning: logm result may be inaccurate, approximate err = 8.06319292223634e-07
  return f(*arrays, *other_args, **kwargs)
/appdata/users/P101440/micromamba/envs/torch29/lib/python3.11/site-packages/scipy/_lib/_util.py:1181: RuntimeWarning: logm result may be inaccurate, approximate err = 7.377101383099216e-07
  return f(*arrays, *other_args, **kwargs)
/appdata/users/P101440/micromamba/envs/torch29/lib/python3.11/site-packages/scipy/_lib/_util.py:1181: RuntimeWarning: logm result may be inaccurate, approximate err = 6.0091281284258e-07
  return f(*arrays, *other_args, **kwargs)
/appdata/users/P101440/micromamba/envs/torch29/lib/python3.11/site-packages/scipy/_lib/_util.py:1181: RuntimeWarning: logm result may be inaccurate, approximate err = 7.096390390870511e-07
  return f(*arrays, *other_args, **kwargs)
/appdata/users/P101440/micromamba/envs/torch29/lib/python3.11/site-packages/scipy/_lib/_util.py:1181: RuntimeWarning: logm result may be inaccurate, approximate err = 8.502864830006729e-07
  return f(*arrays, *other_args, **kwargs)
/appdata/users/P101440/micromamba/envs/torch29/lib/python3.11/site-packages/scipy/_lib/_util.py:1181: RuntimeWarning: logm result may be inaccurate, approximate err = 7.400993240480602e-07
  return f(*arrays, *other_args, **kwargs)
/appdata/users/P101440/micromamba/envs/torch29/lib/python3.11/site-packages/scipy/_lib/_util.py:1181: RuntimeWarning: logm result may be inaccurate, approximate err = 5.410063863564574e-07
  return f(*arrays, *other_args, **kwargs)
/appdata/users/P101440/micromamba/envs/torch29/lib/python3.11/site-packages/scipy/_lib/_util.py:1181: RuntimeWarning: logm result may be inaccurate, approximate err = 8.302516789626679e-07
  return f(*arrays, *other_args, **kwargs)
/appdata/users/P101440/micromamba/envs/torch29/lib/python3.11/site-packages/scipy/_lib/_util.py:1181: RuntimeWarning: logm result may be inaccurate, approximate err = 7.623777378285013e-07
  return f(*arrays, *other_args, **kwargs)
/appdata/users/P101440/micromamba/envs/torch29/lib/python3.11/site-packages/scipy/_lib/_util.py:1181: RuntimeWarning: logm result may be inaccurate, approximate err = 7.837783755348937e-07
  return f(*arrays, *other_args, **kwargs)
/appdata/users/P101440/micromamba/envs/torch29/lib/python3.11/site-packages/scipy/_lib/_util.py:1181: RuntimeWarning: logm result may be inaccurate, approximate err = 1.0861787131943856e-06
  return f(*arrays, *other_args, **kwargs)
/appdata/users/P101440/micromamba/envs/torch29/lib/python3.11/site-packages/scipy/_lib/_util.py:1181: RuntimeWarning: logm result may be inaccurate, approximate err = 9.061928381015605e-07
  return f(*arrays, *other_args, **kwargs)
/appdata/users/P101440/micromamba/envs/torch29/lib/python3.11/site-packages/scipy/_lib/_util.py:1181: RuntimeWarning: logm result may be inaccurate, approximate err = 7.151985528253135e-07
  return f(*arrays, *other_args, **kwargs)
/appdata/users/P101440/micromamba/envs/torch29/lib/python3.11/site-packages/scipy/_lib/_util.py:1181: RuntimeWarning: logm result may be inaccurate, approximate err = 9.763688240127522e-07
  return f(*arrays, *other_args, **kwargs)
/appdata/users/P101440/micromamba/envs/torch29/lib/python3.11/site-packages/scipy/_lib/_util.py:1181: RuntimeWarning: logm result may be inaccurate, approximate err = 1.341080860584043e-06
  return f(*arrays, *other_args, **kwargs)
/appdata/users/P101440/micromamba/envs/torch29/lib/python3.11/site-packages/scipy/_lib/_util.py:1181: RuntimeWarning: logm result may be inaccurate, approximate err = 7.521231850660115e-07
  return f(*arrays, *other_args, **kwargs)
/appdata/users/P101440/micromamba/envs/torch29/lib/python3.11/site-packages/scipy/_lib/_util.py:1181: RuntimeWarning: logm result may be inaccurate, approximate err = 8.052380735534825e-07
  return f(*arrays, *other_args, **kwargs)
/appdata/users/P101440/micromamba/envs/torch29/lib/python3.11/site-packages/scipy/_lib/_util.py:1181: RuntimeWarning: logm result may be inaccurate, approximate err = 7.40339942240098e-07
  return f(*arrays, *other_args, **kwargs)
/appdata/users/P101440/micromamba/envs/torch29/lib/python3.11/site-packages/scipy/_lib/_util.py:1181: RuntimeWarning: logm result may be inaccurate, approximate err = 7.422737553497427e-07
  return f(*arrays, *other_args, **kwargs)
/appdata/users/P101440/micromamba/envs/torch29/lib/python3.11/site-packages/scipy/_lib/_util.py:1181: RuntimeWarning: logm result may be inaccurate, approximate err = 7.275424422914512e-07
  return f(*arrays, *other_args, **kwargs)
/appdata/users/P101440/micromamba/envs/torch29/lib/python3.11/site-packages/scipy/_lib/_util.py:1181: RuntimeWarning: logm result may be inaccurate, approximate err = 8.622648692835355e-07
  return f(*arrays, *other_args, **kwargs)
/appdata/users/P101440/micromamba/envs/torch29/lib/python3.11/site-packages/scipy/_lib/_util.py:1181: RuntimeWarning: logm result may be inaccurate, approximate err = 8.845775028021308e-07
  return f(*arrays, *other_args, **kwargs)
/appdata/users/P101440/micromamba/envs/torch29/lib/python3.11/site-packages/scipy/_lib/_util.py:1181: RuntimeWarning: logm result may be inaccurate, approximate err = 6.543181143570109e-07
  return f(*arrays, *other_args, **kwargs)
/appdata/users/P101440/micromamba/envs/torch29/lib/python3.11/site-packages/scipy/_lib/_util.py:1181: RuntimeWarning: logm result may be inaccurate, approximate err = 8.61442174482363e-07
  return f(*arrays, *other_args, **kwargs)
/appdata/users/P101440/micromamba/envs/torch29/lib/python3.11/site-packages/scipy/_lib/_util.py:1181: RuntimeWarning: logm result may be inaccurate, approximate err = 1.020621880343242e-06
  return f(*arrays, *other_args, **kwargs)
/appdata/users/P101440/micromamba/envs/torch29/lib/python3.11/site-packages/scipy/_lib/_util.py:1181: RuntimeWarning: logm result may be inaccurate, approximate err = 7.744432650724775e-07
  return f(*arrays, *other_args, **kwargs)
/appdata/users/P101440/micromamba/envs/torch29/lib/python3.11/site-packages/scipy/_lib/_util.py:1181: RuntimeWarning: logm result may be inaccurate, approximate err = 8.784858209764934e-07
  return f(*arrays, *other_args, **kwargs)
/appdata/users/P101440/micromamba/envs/torch29/lib/python3.11/site-packages/scipy/_lib/_util.py:1181: RuntimeWarning: logm result may be inaccurate, approximate err = 6.95662208727299e-07
  return f(*arrays, *other_args, **kwargs)
/appdata/users/P101440/micromamba/envs/torch29/lib/python3.11/site-packages/scipy/_lib/_util.py:1181: RuntimeWarning: logm result may be inaccurate, approximate err = 8.9266501390739e-07
  return f(*arrays, *other_args, **kwargs)
/appdata/users/P101440/micromamba/envs/torch29/lib/python3.11/site-packages/scipy/_lib/_util.py:1181: RuntimeWarning: logm result may be inaccurate, approximate err = 7.166114528445178e-07
  return f(*arrays, *other_args, **kwargs)
/appdata/users/P101440/micromamba/envs/torch29/lib/python3.11/site-packages/scipy/_lib/_util.py:1181: RuntimeWarning: logm result may be inaccurate, approximate err = 9.333368780062301e-07
  return f(*arrays, *other_args, **kwargs)
/appdata/users/P101440/micromamba/envs/torch29/lib/python3.11/site-packages/scipy/_lib/_util.py:1181: RuntimeWarning: logm result may be inaccurate, approximate err = 8.248579206338036e-07
  return f(*arrays, *other_args, **kwargs)
/appdata/users/P101440/micromamba/envs/torch29/lib/python3.11/site-packages/scipy/_lib/_util.py:1181: RuntimeWarning: logm result may be inaccurate, approximate err = 8.769431474320299e-07
  return f(*arrays, *other_args, **kwargs)
/appdata/users/P101440/micromamba/envs/torch29/lib/python3.11/site-packages/scipy/_lib/_util.py:1181: RuntimeWarning: logm result may be inaccurate, approximate err = 8.56038468555198e-07
  return f(*arrays, *other_args, **kwargs)
/appdata/users/P101440/micromamba/envs/torch29/lib/python3.11/site-packages/scipy/_lib/_util.py:1181: RuntimeWarning: logm result may be inaccurate, approximate err = 8.773251352067746e-07
  return f(*arrays, *other_args, **kwargs)
/appdata/users/P101440/micromamba/envs/torch29/lib/python3.11/site-packages/scipy/_lib/_util.py:1181: RuntimeWarning: logm result may be inaccurate, approximate err = 1.0173873761232244e-06
  return f(*arrays, *other_args, **kwargs)
/appdata/users/P101440/micromamba/envs/torch29/lib/python3.11/site-packages/scipy/_lib/_util.py:1181: RuntimeWarning: logm result may be inaccurate, approximate err = 7.138163482522941e-07
  return f(*arrays, *other_args, **kwargs)
/appdata/users/P101440/micromamba/envs/torch29/lib/python3.11/site-packages/scipy/_lib/_util.py:1181: RuntimeWarning: logm result may be inaccurate, approximate err = 7.972731737027061e-07
  return f(*arrays, *other_args, **kwargs)
/appdata/users/P101440/micromamba/envs/torch29/lib/python3.11/site-packages/scipy/_lib/_util.py:1181: RuntimeWarning: logm result may be inaccurate, approximate err = 9.086335808206059e-07
  return f(*arrays, *other_args, **kwargs)
/appdata/users/P101440/micromamba/envs/torch29/lib/python3.11/site-packages/scipy/_lib/_util.py:1181: RuntimeWarning: logm result may be inaccurate, approximate err = 7.845484901736199e-07
  return f(*arrays, *other_args, **kwargs)
/appdata/users/P101440/micromamba/envs/torch29/lib/python3.11/site-packages/scipy/_lib/_util.py:1181: RuntimeWarning: logm result may be inaccurate, approximate err = 6.204452347446932e-07
  return f(*arrays, *other_args, **kwargs)
/appdata/users/P101440/micromamba/envs/torch29/lib/python3.11/site-packages/scipy/_lib/_util.py:1181: RuntimeWarning: logm result may be inaccurate, approximate err = 1.223417143592087e-06
  return f(*arrays, *other_args, **kwargs)
/appdata/users/P101440/micromamba/envs/torch29/lib/python3.11/site-packages/scipy/_lib/_util.py:1181: RuntimeWarning: logm result may be inaccurate, approximate err = 8.614764510639361e-07
  return f(*arrays, *other_args, **kwargs)
/appdata/users/P101440/micromamba/envs/torch29/lib/python3.11/site-packages/scipy/_lib/_util.py:1181: RuntimeWarning: logm result may be inaccurate, approximate err = 7.329393270083528e-07
  return f(*arrays, *other_args, **kwargs)
/appdata/users/P101440/micromamba/envs/torch29/lib/python3.11/site-packages/scipy/_lib/_util.py:1181: RuntimeWarning: logm result may be inaccurate, approximate err = 8.059624292400258e-07
  return f(*arrays, *other_args, **kwargs)
/appdata/users/P101440/micromamba/envs/torch29/lib/python3.11/site-packages/scipy/_lib/_util.py:1181: RuntimeWarning: logm result may be inaccurate, approximate err = 8.284389991786156e-07
  return f(*arrays, *other_args, **kwargs)
/appdata/users/P101440/micromamba/envs/torch29/lib/python3.11/site-packages/scipy/_lib/_util.py:1181: RuntimeWarning: logm result may be inaccurate, approximate err = 7.841995852686523e-07
  return f(*arrays, *other_args, **kwargs)
/appdata/users/P101440/micromamba/envs/torch29/lib/python3.11/site-packages/scipy/_lib/_util.py:1181: RuntimeWarning: logm result may be inaccurate, approximate err = 7.536539783359331e-07
  return f(*arrays, *other_args, **kwargs)
/appdata/users/P101440/micromamba/envs/torch29/lib/python3.11/site-packages/scipy/_lib/_util.py:1181: RuntimeWarning: logm result may be inaccurate, approximate err = 6.520388637909491e-07
  return f(*arrays, *other_args, **kwargs)
/appdata/users/P101440/micromamba/envs/torch29/lib/python3.11/site-packages/scipy/_lib/_util.py:1181: RuntimeWarning: logm result may be inaccurate, approximate err = 6.043493954166479e-07
  return f(*arrays, *other_args, **kwargs)
/appdata/users/P101440/micromamba/envs/torch29/lib/python3.11/site-packages/scipy/_lib/_util.py:1181: RuntimeWarning: logm result may be inaccurate, approximate err = 9.076376272787456e-07
  return f(*arrays, *other_args, **kwargs)
/appdata/users/P101440/micromamba/envs/torch29/lib/python3.11/site-packages/scipy/_lib/_util.py:1181: RuntimeWarning: logm result may be inaccurate, approximate err = 8.892760661183274e-07
  return f(*arrays, *other_args, **kwargs)
/appdata/users/P101440/micromamba/envs/torch29/lib/python3.11/site-packages/scipy/_lib/_util.py:1181: RuntimeWarning: logm result may be inaccurate, approximate err = 1.0488315638212953e-06
  return f(*arrays, *other_args, **kwargs)
/appdata/users/P101440/micromamba/envs/torch29/lib/python3.11/site-packages/scipy/_lib/_util.py:1181: RuntimeWarning: logm result may be inaccurate, approximate err = 1.0276426110067405e-06
  return f(*arrays, *other_args, **kwargs)
/appdata/users/P101440/micromamba/envs/torch29/lib/python3.11/site-packages/scipy/_lib/_util.py:1181: RuntimeWarning: logm result may be inaccurate, approximate err = 7.617605319865106e-07
  return f(*arrays, *other_args, **kwargs)
/appdata/users/P101440/micromamba/envs/torch29/lib/python3.11/site-packages/scipy/_lib/_util.py:1181: RuntimeWarning: logm result may be inaccurate, approximate err = 6.09762025760574e-07
  return f(*arrays, *other_args, **kwargs)
/appdata/users/P101440/micromamba/envs/torch29/lib/python3.11/site-packages/scipy/_lib/_util.py:1181: RuntimeWarning: logm result may be inaccurate, approximate err = 7.155282446547062e-07
  return f(*arrays, *other_args, **kwargs)
/appdata/users/P101440/micromamba/envs/torch29/lib/python3.11/site-packages/scipy/_lib/_util.py:1181: RuntimeWarning: logm result may be inaccurate, approximate err = 9.60605802902137e-07
  return f(*arrays, *other_args, **kwargs)
/appdata/users/P101440/micromamba/envs/torch29/lib/python3.11/site-packages/scipy/_lib/_util.py:1181: RuntimeWarning: logm result may be inaccurate, approximate err = 7.091124984981434e-07
  return f(*arrays, *other_args, **kwargs)
/appdata/users/P101440/micromamba/envs/torch29/lib/python3.11/site-packages/scipy/_lib/_util.py:1181: RuntimeWarning: logm result may be inaccurate, approximate err = 7.599580840178533e-07
  return f(*arrays, *other_args, **kwargs)
/appdata/users/P101440/micromamba/envs/torch29/lib/python3.11/site-packages/scipy/_lib/_util.py:1181: RuntimeWarning: logm result may be inaccurate, approximate err = 8.789427283772966e-07
  return f(*arrays, *other_args, **kwargs)
/appdata/users/P101440/micromamba/envs/torch29/lib/python3.11/site-packages/scipy/_lib/_util.py:1181: RuntimeWarning: logm result may be inaccurate, approximate err = 9.107926075557771e-07
  return f(*arrays, *other_args, **kwargs)
/appdata/users/P101440/micromamba/envs/torch29/lib/python3.11/site-packages/scipy/_lib/_util.py:1181: RuntimeWarning: logm result may be inaccurate, approximate err = 7.096753051882843e-07
  return f(*arrays, *other_args, **kwargs)
/appdata/users/P101440/micromamba/envs/torch29/lib/python3.11/site-packages/scipy/_lib/_util.py:1181: RuntimeWarning: logm result may be inaccurate, approximate err = 6.535025249831961e-07
  return f(*arrays, *other_args, **kwargs)
/appdata/users/P101440/micromamba/envs/torch29/lib/python3.11/site-packages/scipy/_lib/_util.py:1181: RuntimeWarning: logm result may be inaccurate, approximate err = 8.76951276040927e-07
  return f(*arrays, *other_args, **kwargs)
/appdata/users/P101440/micromamba/envs/torch29/lib/python3.11/site-packages/scipy/_lib/_util.py:1181: RuntimeWarning: logm result may be inaccurate, approximate err = 8.680896712576214e-07
  return f(*arrays, *other_args, **kwargs)
/appdata/users/P101440/micromamba/envs/torch29/lib/python3.11/site-packages/scipy/_lib/_util.py:1181: RuntimeWarning: logm result may be inaccurate, approximate err = 9.350367804472626e-07
  return f(*arrays, *other_args, **kwargs)
/appdata/users/P101440/micromamba/envs/torch29/lib/python3.11/site-packages/scipy/_lib/_util.py:1181: RuntimeWarning: logm result may be inaccurate, approximate err = 7.304320206458215e-07
  return f(*arrays, *other_args, **kwargs)
/appdata/users/P101440/micromamba/envs/torch29/lib/python3.11/site-packages/scipy/_lib/_util.py:1181: RuntimeWarning: logm result may be inaccurate, approximate err = 1.0639721494953847e-06
  return f(*arrays, *other_args, **kwargs)
/appdata/users/P101440/micromamba/envs/torch29/lib/python3.11/site-packages/scipy/_lib/_util.py:1181: RuntimeWarning: logm result may be inaccurate, approximate err = 7.505928465434408e-07
  return f(*arrays, *other_args, **kwargs)
/appdata/users/P101440/micromamba/envs/torch29/lib/python3.11/site-packages/scipy/_lib/_util.py:1181: RuntimeWarning: logm result may be inaccurate, approximate err = 7.845789014027105e-07
  return f(*arrays, *other_args, **kwargs)
/appdata/users/P101440/micromamba/envs/torch29/lib/python3.11/site-packages/scipy/_lib/_util.py:1181: RuntimeWarning: logm result may be inaccurate, approximate err = 7.399184482892451e-07
  return f(*arrays, *other_args, **kwargs)
/appdata/users/P101440/micromamba/envs/torch29/lib/python3.11/site-packages/scipy/_lib/_util.py:1181: RuntimeWarning: logm result may be inaccurate, approximate err = 7.129714845177659e-07
  return f(*arrays, *other_args, **kwargs)
/appdata/users/P101440/micromamba/envs/torch29/lib/python3.11/site-packages/scipy/_lib/_util.py:1181: RuntimeWarning: logm result may be inaccurate, approximate err = 8.796549764156225e-07
  return f(*arrays, *other_args, **kwargs)
/appdata/users/P101440/micromamba/envs/torch29/lib/python3.11/site-packages/scipy/_lib/_util.py:1181: RuntimeWarning: logm result may be inaccurate, approximate err = 6.026414780535561e-07
  return f(*arrays, *other_args, **kwargs)
/appdata/users/P101440/micromamba/envs/torch29/lib/python3.11/site-packages/scipy/_lib/_util.py:1181: RuntimeWarning: logm result may be inaccurate, approximate err = 9.648233572079334e-07
  return f(*arrays, *other_args, **kwargs)
/appdata/users/P101440/micromamba/envs/torch29/lib/python3.11/site-packages/scipy/_lib/_util.py:1181: RuntimeWarning: logm result may be inaccurate, approximate err = 9.412294161847967e-07
  return f(*arrays, *other_args, **kwargs)
/appdata/users/P101440/micromamba/envs/torch29/lib/python3.11/site-packages/scipy/_lib/_util.py:1181: RuntimeWarning: logm result may be inaccurate, approximate err = 5.154976179255755e-07
  return f(*arrays, *other_args, **kwargs)
/appdata/users/P101440/micromamba/envs/torch29/lib/python3.11/site-packages/scipy/_lib/_util.py:1181: RuntimeWarning: logm result may be inaccurate, approximate err = 1.1473682661744533e-06
  return f(*arrays, *other_args, **kwargs)
/appdata/users/P101440/micromamba/envs/torch29/lib/python3.11/site-packages/scipy/_lib/_util.py:1181: RuntimeWarning: logm result may be inaccurate, approximate err = 7.641958177373454e-07
  return f(*arrays, *other_args, **kwargs)
/appdata/users/P101440/micromamba/envs/torch29/lib/python3.11/site-packages/scipy/_lib/_util.py:1181: RuntimeWarning: logm result may be inaccurate, approximate err = 6.577860176548711e-07
  return f(*arrays, *other_args, **kwargs)
/appdata/users/P101440/micromamba/envs/torch29/lib/python3.11/site-packages/scipy/_lib/_util.py:1181: RuntimeWarning: logm result may be inaccurate, approximate err = 9.871837391983718e-07
  return f(*arrays, *other_args, **kwargs)
/appdata/users/P101440/micromamba/envs/torch29/lib/python3.11/site-packages/scipy/_lib/_util.py:1181: RuntimeWarning: logm result may be inaccurate, approximate err = 6.09167045695358e-07
  return f(*arrays, *other_args, **kwargs)
/appdata/users/P101440/micromamba/envs/torch29/lib/python3.11/site-packages/scipy/_lib/_util.py:1181: RuntimeWarning: logm result may be inaccurate, approximate err = 8.16294004835072e-07
  return f(*arrays, *other_args, **kwargs)
/appdata/users/P101440/micromamba/envs/torch29/lib/python3.11/site-packages/scipy/_lib/_util.py:1181: RuntimeWarning: logm result may be inaccurate, approximate err = 6.210365768311021e-07
  return f(*arrays, *other_args, **kwargs)
/appdata/users/P101440/micromamba/envs/torch29/lib/python3.11/site-packages/scipy/_lib/_util.py:1181: RuntimeWarning: logm result may be inaccurate, approximate err = 9.6714927622088e-07
  return f(*arrays, *other_args, **kwargs)
/appdata/users/P101440/micromamba/envs/torch29/lib/python3.11/site-packages/scipy/_lib/_util.py:1181: RuntimeWarning: logm result may be inaccurate, approximate err = 1.22434710192465e-06
  return f(*arrays, *other_args, **kwargs)
/appdata/users/P101440/micromamba/envs/torch29/lib/python3.11/site-packages/scipy/_lib/_util.py:1181: RuntimeWarning: logm result may be inaccurate, approximate err = 9.01916450857243e-07
  return f(*arrays, *other_args, **kwargs)
/appdata/users/P101440/micromamba/envs/torch29/lib/python3.11/site-packages/scipy/_lib/_util.py:1181: RuntimeWarning: logm result may be inaccurate, approximate err = 7.316024266401655e-07
  return f(*arrays, *other_args, **kwargs)
/appdata/users/P101440/micromamba/envs/torch29/lib/python3.11/site-packages/scipy/_lib/_util.py:1181: RuntimeWarning: logm result may be inaccurate, approximate err = 9.188799481307797e-07
  return f(*arrays, *other_args, **kwargs)
/appdata/users/P101440/micromamba/envs/torch29/lib/python3.11/site-packages/scipy/_lib/_util.py:1181: RuntimeWarning: logm result may be inaccurate, approximate err = 6.745892164872203e-07
  return f(*arrays, *other_args, **kwargs)
/appdata/users/P101440/micromamba/envs/torch29/lib/python3.11/site-packages/scipy/_lib/_util.py:1181: RuntimeWarning: logm result may be inaccurate, approximate err = 7.497667411371367e-07
  return f(*arrays, *other_args, **kwargs)
/appdata/users/P101440/micromamba/envs/torch29/lib/python3.11/site-packages/scipy/_lib/_util.py:1181: RuntimeWarning: logm result may be inaccurate, approximate err = 1.2821790278394474e-06
  return f(*arrays, *other_args, **kwargs)
/appdata/users/P101440/micromamba/envs/torch29/lib/python3.11/site-packages/scipy/_lib/_util.py:1181: RuntimeWarning: logm result may be inaccurate, approximate err = 7.984942271832551e-07
  return f(*arrays, *other_args, **kwargs)
/appdata/users/P101440/micromamba/envs/torch29/lib/python3.11/site-packages/scipy/_lib/_util.py:1181: RuntimeWarning: logm result may be inaccurate, approximate err = 7.037812679300259e-07
  return f(*arrays, *other_args, **kwargs)
/appdata/users/P101440/micromamba/envs/torch29/lib/python3.11/site-packages/scipy/_lib/_util.py:1181: RuntimeWarning: logm result may be inaccurate, approximate err = 6.509457080028369e-07
  return f(*arrays, *other_args, **kwargs)
/appdata/users/P101440/micromamba/envs/torch29/lib/python3.11/site-packages/scipy/_lib/_util.py:1181: RuntimeWarning: logm result may be inaccurate, approximate err = 1.1426825494709192e-06
  return f(*arrays, *other_args, **kwargs)
/appdata/users/P101440/micromamba/envs/torch29/lib/python3.11/site-packages/scipy/_lib/_util.py:1181: RuntimeWarning: logm result may be inaccurate, approximate err = 1.2202102652736357e-06
  return f(*arrays, *other_args, **kwargs)
/appdata/users/P101440/micromamba/envs/torch29/lib/python3.11/site-packages/scipy/_lib/_util.py:1181: RuntimeWarning: logm result may be inaccurate, approximate err = 7.364749876614951e-07
  return f(*arrays, *other_args, **kwargs)
/appdata/users/P101440/micromamba/envs/torch29/lib/python3.11/site-packages/scipy/_lib/_util.py:1181: RuntimeWarning: logm result may be inaccurate, approximate err = 9.887583019008162e-07
  return f(*arrays, *other_args, **kwargs)
/appdata/users/P101440/micromamba/envs/torch29/lib/python3.11/site-packages/scipy/_lib/_util.py:1181: RuntimeWarning: logm result may be inaccurate, approximate err = 8.58331134168111e-07
  return f(*arrays, *other_args, **kwargs)
/appdata/users/P101440/micromamba/envs/torch29/lib/python3.11/site-packages/scipy/_lib/_util.py:1181: RuntimeWarning: logm result may be inaccurate, approximate err = 8.875420576259785e-07
  return f(*arrays, *other_args, **kwargs)
/appdata/users/P101440/micromamba/envs/torch29/lib/python3.11/site-packages/scipy/_lib/_util.py:1181: RuntimeWarning: logm result may be inaccurate, approximate err = 8.344722459696641e-07
  return f(*arrays, *other_args, **kwargs)
/appdata/users/P101440/micromamba/envs/torch29/lib/python3.11/site-packages/scipy/_lib/_util.py:1181: RuntimeWarning: logm result may be inaccurate, approximate err = 1.1301721087875194e-06
  return f(*arrays, *other_args, **kwargs)
/appdata/users/P101440/micromamba/envs/torch29/lib/python3.11/site-packages/scipy/_lib/_util.py:1181: RuntimeWarning: logm result may be inaccurate, approximate err = 1.2517128880062955e-06
  return f(*arrays, *other_args, **kwargs)
/appdata/users/P101440/micromamba/envs/torch29/lib/python3.11/site-packages/scipy/_lib/_util.py:1181: RuntimeWarning: logm result may be inaccurate, approximate err = 8.507394113621558e-07
  return f(*arrays, *other_args, **kwargs)
/appdata/users/P101440/micromamba/envs/torch29/lib/python3.11/site-packages/scipy/_lib/_util.py:1181: RuntimeWarning: logm result may be inaccurate, approximate err = 8.249236884694255e-07
  return f(*arrays, *other_args, **kwargs)
/appdata/users/P101440/micromamba/envs/torch29/lib/python3.11/site-packages/scipy/_lib/_util.py:1181: RuntimeWarning: logm result may be inaccurate, approximate err = 1.0625686854837113e-06
  return f(*arrays, *other_args, **kwargs)
/appdata/users/P101440/micromamba/envs/torch29/lib/python3.11/site-packages/scipy/_lib/_util.py:1181: RuntimeWarning: logm result may be inaccurate, approximate err = 8.933158142099273e-07
  return f(*arrays, *other_args, **kwargs)
/appdata/users/P101440/micromamba/envs/torch29/lib/python3.11/site-packages/scipy/_lib/_util.py:1181: RuntimeWarning: logm result may be inaccurate, approximate err = 6.942095751583111e-07
  return f(*arrays, *other_args, **kwargs)
/appdata/users/P101440/micromamba/envs/torch29/lib/python3.11/site-packages/scipy/_lib/_util.py:1181: RuntimeWarning: logm result may be inaccurate, approximate err = 7.416866765197483e-07
  return f(*arrays, *other_args, **kwargs)
/appdata/users/P101440/micromamba/envs/torch29/lib/python3.11/site-packages/scipy/_lib/_util.py:1181: RuntimeWarning: logm result may be inaccurate, approximate err = 9.472584565628495e-07
  return f(*arrays, *other_args, **kwargs)
/appdata/users/P101440/micromamba/envs/torch29/lib/python3.11/site-packages/scipy/_lib/_util.py:1181: RuntimeWarning: logm result may be inaccurate, approximate err = 7.326204354285437e-07
  return f(*arrays, *other_args, **kwargs)
/appdata/users/P101440/micromamba/envs/torch29/lib/python3.11/site-packages/scipy/_lib/_util.py:1181: RuntimeWarning: logm result may be inaccurate, approximate err = 6.3737678601683e-07
  return f(*arrays, *other_args, **kwargs)
/appdata/users/P101440/micromamba/envs/torch29/lib/python3.11/site-packages/scipy/_lib/_util.py:1181: RuntimeWarning: logm result may be inaccurate, approximate err = 7.800433650118066e-07
  return f(*arrays, *other_args, **kwargs)
/appdata/users/P101440/micromamba/envs/torch29/lib/python3.11/site-packages/scipy/_lib/_util.py:1181: RuntimeWarning: logm result may be inaccurate, approximate err = 7.150727583393746e-07
  return f(*arrays, *other_args, **kwargs)
/appdata/users/P101440/micromamba/envs/torch29/lib/python3.11/site-packages/scipy/_lib/_util.py:1181: RuntimeWarning: logm result may be inaccurate, approximate err = 5.632617785522598e-07
  return f(*arrays, *other_args, **kwargs)
/appdata/users/P101440/micromamba/envs/torch29/lib/python3.11/site-packages/scipy/_lib/_util.py:1181: RuntimeWarning: logm result may be inaccurate, approximate err = 6.353097319333756e-07
  return f(*arrays, *other_args, **kwargs)
/appdata/users/P101440/micromamba/envs/torch29/lib/python3.11/site-packages/scipy/_lib/_util.py:1181: RuntimeWarning: logm result may be inaccurate, approximate err = 8.009303087419539e-07
  return f(*arrays, *other_args, **kwargs)
/appdata/users/P101440/micromamba/envs/torch29/lib/python3.11/site-packages/scipy/_lib/_util.py:1181: RuntimeWarning: logm result may be inaccurate, approximate err = 1.0042615485872375e-06
  return f(*arrays, *other_args, **kwargs)
/appdata/users/P101440/micromamba/envs/torch29/lib/python3.11/site-packages/scipy/_lib/_util.py:1181: RuntimeWarning: logm result may be inaccurate, approximate err = 8.443514047939971e-07
  return f(*arrays, *other_args, **kwargs)
/appdata/users/P101440/micromamba/envs/torch29/lib/python3.11/site-packages/scipy/_lib/_util.py:1181: RuntimeWarning: logm result may be inaccurate, approximate err = 9.52397329001542e-07
  return f(*arrays, *other_args, **kwargs)
/appdata/users/P101440/micromamba/envs/torch29/lib/python3.11/site-packages/scipy/_lib/_util.py:1181: RuntimeWarning: logm result may be inaccurate, approximate err = 1.0849147429325967e-06
  return f(*arrays, *other_args, **kwargs)
/appdata/users/P101440/micromamba/envs/torch29/lib/python3.11/site-packages/scipy/_lib/_util.py:1181: RuntimeWarning: logm result may be inaccurate, approximate err = 6.723433330080297e-07
  return f(*arrays, *other_args, **kwargs)
/appdata/users/P101440/micromamba/envs/torch29/lib/python3.11/site-packages/scipy/_lib/_util.py:1181: RuntimeWarning: logm result may be inaccurate, approximate err = 7.36196113848564e-07
  return f(*arrays, *other_args, **kwargs)
/appdata/users/P101440/micromamba/envs/torch29/lib/python3.11/site-packages/scipy/_lib/_util.py:1181: RuntimeWarning: logm result may be inaccurate, approximate err = 8.332884817718877e-07
  return f(*arrays, *other_args, **kwargs)
/appdata/users/P101440/micromamba/envs/torch29/lib/python3.11/site-packages/scipy/_lib/_util.py:1181: RuntimeWarning: logm result may be inaccurate, approximate err = 6.073728968658543e-07
  return f(*arrays, *other_args, **kwargs)
/appdata/users/P101440/micromamba/envs/torch29/lib/python3.11/site-packages/scipy/_lib/_util.py:1181: RuntimeWarning: logm result may be inaccurate, approximate err = 8.271240972135274e-07
  return f(*arrays, *other_args, **kwargs)
/appdata/users/P101440/micromamba/envs/torch29/lib/python3.11/site-packages/scipy/_lib/_util.py:1181: RuntimeWarning: logm result may be inaccurate, approximate err = 6.829162657595589e-07
  return f(*arrays, *other_args, **kwargs)
/appdata/users/P101440/micromamba/envs/torch29/lib/python3.11/site-packages/scipy/_lib/_util.py:1181: RuntimeWarning: logm result may be inaccurate, approximate err = 7.152386274356104e-07
  return f(*arrays, *other_args, **kwargs)
/appdata/users/P101440/micromamba/envs/torch29/lib/python3.11/site-packages/scipy/_lib/_util.py:1181: RuntimeWarning: logm result may be inaccurate, approximate err = 7.544624622823903e-07
  return f(*arrays, *other_args, **kwargs)
/appdata/users/P101440/micromamba/envs/torch29/lib/python3.11/site-packages/scipy/_lib/_util.py:1181: RuntimeWarning: logm result may be inaccurate, approximate err = 1.095314473786857e-06
  return f(*arrays, *other_args, **kwargs)
/appdata/users/P101440/micromamba/envs/torch29/lib/python3.11/site-packages/scipy/_lib/_util.py:1181: RuntimeWarning: logm result may be inaccurate, approximate err = 8.022377642191714e-07
  return f(*arrays, *other_args, **kwargs)
/appdata/users/P101440/micromamba/envs/torch29/lib/python3.11/site-packages/scipy/_lib/_util.py:1181: RuntimeWarning: logm result may be inaccurate, approximate err = 1.039209791997564e-06
  return f(*arrays, *other_args, **kwargs)
/appdata/users/P101440/micromamba/envs/torch29/lib/python3.11/site-packages/scipy/_lib/_util.py:1181: RuntimeWarning: logm result may be inaccurate, approximate err = 1.231040869242861e-06
  return f(*arrays, *other_args, **kwargs)
/appdata/users/P101440/micromamba/envs/torch29/lib/python3.11/site-packages/scipy/_lib/_util.py:1181: RuntimeWarning: logm result may be inaccurate, approximate err = 1.009100287774345e-06
  return f(*arrays, *other_args, **kwargs)
/appdata/users/P101440/micromamba/envs/torch29/lib/python3.11/site-packages/scipy/_lib/_util.py:1181: RuntimeWarning: logm result may be inaccurate, approximate err = 8.989296702566207e-07
  return f(*arrays, *other_args, **kwargs)
/appdata/users/P101440/micromamba/envs/torch29/lib/python3.11/site-packages/scipy/_lib/_util.py:1181: RuntimeWarning: logm result may be inaccurate, approximate err = 8.959476076597639e-07
  return f(*arrays, *other_args, **kwargs)
/appdata/users/P101440/micromamba/envs/torch29/lib/python3.11/site-packages/scipy/_lib/_util.py:1181: RuntimeWarning: logm result may be inaccurate, approximate err = 1.0448337661728146e-06
  return f(*arrays, *other_args, **kwargs)
/appdata/users/P101440/micromamba/envs/torch29/lib/python3.11/site-packages/scipy/_lib/_util.py:1181: RuntimeWarning: logm result may be inaccurate, approximate err = 7.783670525896014e-07
  return f(*arrays, *other_args, **kwargs)
/appdata/users/P101440/micromamba/envs/torch29/lib/python3.11/site-packages/scipy/_lib/_util.py:1181: RuntimeWarning: logm result may be inaccurate, approximate err = 8.184409807654447e-07
  return f(*arrays, *other_args, **kwargs)
/appdata/users/P101440/micromamba/envs/torch29/lib/python3.11/site-packages/scipy/_lib/_util.py:1181: RuntimeWarning: logm result may be inaccurate, approximate err = 8.057464810917736e-07
  return f(*arrays, *other_args, **kwargs)
/appdata/users/P101440/micromamba/envs/torch29/lib/python3.11/site-packages/scipy/_lib/_util.py:1181: RuntimeWarning: logm result may be inaccurate, approximate err = 8.210133159991528e-07
  return f(*arrays, *other_args, **kwargs)
/appdata/users/P101440/micromamba/envs/torch29/lib/python3.11/site-packages/scipy/_lib/_util.py:1181: RuntimeWarning: logm result may be inaccurate, approximate err = 7.917091124909348e-07
  return f(*arrays, *other_args, **kwargs)
/appdata/users/P101440/micromamba/envs/torch29/lib/python3.11/site-packages/scipy/_lib/_util.py:1181: RuntimeWarning: logm result may be inaccurate, approximate err = 1.1173352731930208e-06
  return f(*arrays, *other_args, **kwargs)
/appdata/users/P101440/micromamba/envs/torch29/lib/python3.11/site-packages/scipy/_lib/_util.py:1181: RuntimeWarning: logm result may be inaccurate, approximate err = 1.0009899824581225e-06
  return f(*arrays, *other_args, **kwargs)
/appdata/users/P101440/micromamba/envs/torch29/lib/python3.11/site-packages/scipy/_lib/_util.py:1181: RuntimeWarning: logm result may be inaccurate, approximate err = 6.868269224469259e-07
  return f(*arrays, *other_args, **kwargs)
/appdata/users/P101440/micromamba/envs/torch29/lib/python3.11/site-packages/scipy/_lib/_util.py:1181: RuntimeWarning: logm result may be inaccurate, approximate err = 7.364079692706582e-07
  return f(*arrays, *other_args, **kwargs)
/appdata/users/P101440/micromamba/envs/torch29/lib/python3.11/site-packages/scipy/_lib/_util.py:1181: RuntimeWarning: logm result may be inaccurate, approximate err = 7.208871579678089e-07
  return f(*arrays, *other_args, **kwargs)
/appdata/users/P101440/micromamba/envs/torch29/lib/python3.11/site-packages/scipy/_lib/_util.py:1181: RuntimeWarning: logm result may be inaccurate, approximate err = 6.559742473655206e-07
  return f(*arrays, *other_args, **kwargs)
/appdata/users/P101440/micromamba/envs/torch29/lib/python3.11/site-packages/scipy/_lib/_util.py:1181: RuntimeWarning: logm result may be inaccurate, approximate err = 8.879154052010563e-07
  return f(*arrays, *other_args, **kwargs)
/appdata/users/P101440/micromamba/envs/torch29/lib/python3.11/site-packages/scipy/_lib/_util.py:1181: RuntimeWarning: logm result may be inaccurate, approximate err = 8.477042001686641e-07
  return f(*arrays, *other_args, **kwargs)
/appdata/users/P101440/micromamba/envs/torch29/lib/python3.11/site-packages/scipy/_lib/_util.py:1181: RuntimeWarning: logm result may be inaccurate, approximate err = 6.684633149234287e-07
  return f(*arrays, *other_args, **kwargs)
/appdata/users/P101440/micromamba/envs/torch29/lib/python3.11/site-packages/scipy/_lib/_util.py:1181: RuntimeWarning: logm result may be inaccurate, approximate err = 7.859946435928578e-07
  return f(*arrays, *other_args, **kwargs)
/appdata/users/P101440/micromamba/envs/torch29/lib/python3.11/site-packages/scipy/_lib/_util.py:1181: RuntimeWarning: logm result may be inaccurate, approximate err = 1.0838979278560146e-06
  return f(*arrays, *other_args, **kwargs)
/appdata/users/P101440/micromamba/envs/torch29/lib/python3.11/site-packages/scipy/_lib/_util.py:1181: RuntimeWarning: logm result may be inaccurate, approximate err = 8.388731771447056e-07
  return f(*arrays, *other_args, **kwargs)
/appdata/users/P101440/micromamba/envs/torch29/lib/python3.11/site-packages/scipy/_lib/_util.py:1181: RuntimeWarning: logm result may be inaccurate, approximate err = 1.0016798341894173e-06
  return f(*arrays, *other_args, **kwargs)
/appdata/users/P101440/micromamba/envs/torch29/lib/python3.11/site-packages/scipy/_lib/_util.py:1181: RuntimeWarning: logm result may be inaccurate, approximate err = 1.1533733186297468e-06
  return f(*arrays, *other_args, **kwargs)
/appdata/users/P101440/micromamba/envs/torch29/lib/python3.11/site-packages/scipy/_lib/_util.py:1181: RuntimeWarning: logm result may be inaccurate, approximate err = 1.0559936072240816e-06
  return f(*arrays, *other_args, **kwargs)
/appdata/users/P101440/micromamba/envs/torch29/lib/python3.11/site-packages/scipy/_lib/_util.py:1181: RuntimeWarning: logm result may be inaccurate, approximate err = 8.240434112849471e-07
  return f(*arrays, *other_args, **kwargs)
/appdata/users/P101440/micromamba/envs/torch29/lib/python3.11/site-packages/scipy/_lib/_util.py:1181: RuntimeWarning: logm result may be inaccurate, approximate err = 1.0105594583365018e-06
  return f(*arrays, *other_args, **kwargs)
/appdata/users/P101440/micromamba/envs/torch29/lib/python3.11/site-packages/scipy/_lib/_util.py:1181: RuntimeWarning: logm result may be inaccurate, approximate err = 7.985043453118124e-07
  return f(*arrays, *other_args, **kwargs)
/appdata/users/P101440/micromamba/envs/torch29/lib/python3.11/site-packages/scipy/_lib/_util.py:1181: RuntimeWarning: logm result may be inaccurate, approximate err = 6.128755103418371e-07
  return f(*arrays, *other_args, **kwargs)
/appdata/users/P101440/micromamba/envs/torch29/lib/python3.11/site-packages/scipy/_lib/_util.py:1181: RuntimeWarning: logm result may be inaccurate, approximate err = 8.126302191158175e-07
  return f(*arrays, *other_args, **kwargs)
/appdata/users/P101440/micromamba/envs/torch29/lib/python3.11/site-packages/scipy/_lib/_util.py:1181: RuntimeWarning: logm result may be inaccurate, approximate err = 8.31853753879841e-07
  return f(*arrays, *other_args, **kwargs)
/appdata/users/P101440/micromamba/envs/torch29/lib/python3.11/site-packages/scipy/_lib/_util.py:1181: RuntimeWarning: logm result may be inaccurate, approximate err = 9.232664410774305e-07
  return f(*arrays, *other_args, **kwargs)
/appdata/users/P101440/micromamba/envs/torch29/lib/python3.11/site-packages/scipy/_lib/_util.py:1181: RuntimeWarning: logm result may be inaccurate, approximate err = 8.913183364711585e-07
  return f(*arrays, *other_args, **kwargs)
/appdata/users/P101440/micromamba/envs/torch29/lib/python3.11/site-packages/scipy/_lib/_util.py:1181: RuntimeWarning: logm result may be inaccurate, approximate err = 9.121926041188999e-07
  return f(*arrays, *other_args, **kwargs)
/appdata/users/P101440/micromamba/envs/torch29/lib/python3.11/site-packages/scipy/_lib/_util.py:1181: RuntimeWarning: logm result may be inaccurate, approximate err = 7.660481173843436e-07
  return f(*arrays, *other_args, **kwargs)
/appdata/users/P101440/micromamba/envs/torch29/lib/python3.11/site-packages/scipy/_lib/_util.py:1181: RuntimeWarning: logm result may be inaccurate, approximate err = 1.0964873808916309e-06
  return f(*arrays, *other_args, **kwargs)
/appdata/users/P101440/micromamba/envs/torch29/lib/python3.11/site-packages/scipy/_lib/_util.py:1181: RuntimeWarning: logm result may be inaccurate, approximate err = 8.083053444352117e-07
  return f(*arrays, *other_args, **kwargs)
/appdata/users/P101440/micromamba/envs/torch29/lib/python3.11/site-packages/scipy/_lib/_util.py:1181: RuntimeWarning: logm result may be inaccurate, approximate err = 8.13287499568105e-07
  return f(*arrays, *other_args, **kwargs)
/appdata/users/P101440/micromamba/envs/torch29/lib/python3.11/site-packages/scipy/_lib/_util.py:1181: RuntimeWarning: logm result may be inaccurate, approximate err = 1.1927111245313426e-06
  return f(*arrays, *other_args, **kwargs)
/appdata/users/P101440/micromamba/envs/torch29/lib/python3.11/site-packages/scipy/_lib/_util.py:1181: RuntimeWarning: logm result may be inaccurate, approximate err = 7.18843978120276e-07
  return f(*arrays, *other_args, **kwargs)
/appdata/users/P101440/micromamba/envs/torch29/lib/python3.11/site-packages/scipy/_lib/_util.py:1181: RuntimeWarning: logm result may be inaccurate, approximate err = 7.794401994942746e-07
  return f(*arrays, *other_args, **kwargs)
/appdata/users/P101440/micromamba/envs/torch29/lib/python3.11/site-packages/scipy/_lib/_util.py:1181: RuntimeWarning: logm result may be inaccurate, approximate err = 7.607974907841708e-07
  return f(*arrays, *other_args, **kwargs)
/appdata/users/P101440/micromamba/envs/torch29/lib/python3.11/site-packages/scipy/_lib/_util.py:1181: RuntimeWarning: logm result may be inaccurate, approximate err = 7.550929126409756e-07
  return f(*arrays, *other_args, **kwargs)
/appdata/users/P101440/micromamba/envs/torch29/lib/python3.11/site-packages/scipy/_lib/_util.py:1181: RuntimeWarning: logm result may be inaccurate, approximate err = 1.2364860140223755e-06
  return f(*arrays, *other_args, **kwargs)
/appdata/users/P101440/micromamba/envs/torch29/lib/python3.11/site-packages/scipy/_lib/_util.py:1181: RuntimeWarning: logm result may be inaccurate, approximate err = 1.1340817991367658e-06
  return f(*arrays, *other_args, **kwargs)
/appdata/users/P101440/micromamba/envs/torch29/lib/python3.11/site-packages/scipy/_lib/_util.py:1181: RuntimeWarning: logm result may be inaccurate, approximate err = 5.906238129682606e-07
  return f(*arrays, *other_args, **kwargs)
/appdata/users/P101440/micromamba/envs/torch29/lib/python3.11/site-packages/scipy/_lib/_util.py:1181: RuntimeWarning: logm result may be inaccurate, approximate err = 9.245738397112291e-07
  return f(*arrays, *other_args, **kwargs)
/appdata/users/P101440/micromamba/envs/torch29/lib/python3.11/site-packages/scipy/_lib/_util.py:1181: RuntimeWarning: logm result may be inaccurate, approximate err = 7.887857691457612e-07
  return f(*arrays, *other_args, **kwargs)
/appdata/users/P101440/micromamba/envs/torch29/lib/python3.11/site-packages/scipy/_lib/_util.py:1181: RuntimeWarning: logm result may be inaccurate, approximate err = 7.246803761518095e-07
  return f(*arrays, *other_args, **kwargs)
/appdata/users/P101440/micromamba/envs/torch29/lib/python3.11/site-packages/scipy/_lib/_util.py:1181: RuntimeWarning: logm result may be inaccurate, approximate err = 7.277383815562644e-07
  return f(*arrays, *other_args, **kwargs)
/appdata/users/P101440/micromamba/envs/torch29/lib/python3.11/site-packages/scipy/_lib/_util.py:1181: RuntimeWarning: logm result may be inaccurate, approximate err = 7.667075578865479e-07
  return f(*arrays, *other_args, **kwargs)
/appdata/users/P101440/micromamba/envs/torch29/lib/python3.11/site-packages/scipy/_lib/_util.py:1181: RuntimeWarning: logm result may be inaccurate, approximate err = 8.004494134183915e-07
  return f(*arrays, *other_args, **kwargs)
/appdata/users/P101440/micromamba/envs/torch29/lib/python3.11/site-packages/scipy/_lib/_util.py:1181: RuntimeWarning: logm result may be inaccurate, approximate err = 7.571446758447564e-07
  return f(*arrays, *other_args, **kwargs)
/appdata/users/P101440/micromamba/envs/torch29/lib/python3.11/site-packages/scipy/_lib/_util.py:1181: RuntimeWarning: logm result may be inaccurate, approximate err = 1.0605205034153187e-06
  return f(*arrays, *other_args, **kwargs)
/appdata/users/P101440/micromamba/envs/torch29/lib/python3.11/site-packages/scipy/_lib/_util.py:1181: RuntimeWarning: logm result may be inaccurate, approximate err = 1.0157202723348746e-06
  return f(*arrays, *other_args, **kwargs)
/appdata/users/P101440/micromamba/envs/torch29/lib/python3.11/site-packages/scipy/_lib/_util.py:1181: RuntimeWarning: logm result may be inaccurate, approximate err = 1.0339515483792638e-06
  return f(*arrays, *other_args, **kwargs)
/appdata/users/P101440/micromamba/envs/torch29/lib/python3.11/site-packages/scipy/_lib/_util.py:1181: RuntimeWarning: logm result may be inaccurate, approximate err = 1.1520295402078773e-06
  return f(*arrays, *other_args, **kwargs)
/appdata/users/P101440/micromamba/envs/torch29/lib/python3.11/site-packages/scipy/_lib/_util.py:1181: RuntimeWarning: logm result may be inaccurate, approximate err = 9.50443222791364e-07
  return f(*arrays, *other_args, **kwargs)
/appdata/users/P101440/micromamba/envs/torch29/lib/python3.11/site-packages/scipy/_lib/_util.py:1181: RuntimeWarning: logm result may be inaccurate, approximate err = 6.487505856966891e-07
  return f(*arrays, *other_args, **kwargs)
/appdata/users/P101440/micromamba/envs/torch29/lib/python3.11/site-packages/scipy/_lib/_util.py:1181: RuntimeWarning: logm result may be inaccurate, approximate err = 9.361079946756945e-07
  return f(*arrays, *other_args, **kwargs)
/appdata/users/P101440/micromamba/envs/torch29/lib/python3.11/site-packages/scipy/_lib/_util.py:1181: RuntimeWarning: logm result may be inaccurate, approximate err = 7.657585570086667e-07
  return f(*arrays, *other_args, **kwargs)
/appdata/users/P101440/micromamba/envs/torch29/lib/python3.11/site-packages/scipy/_lib/_util.py:1181: RuntimeWarning: logm result may be inaccurate, approximate err = 8.041685077841976e-07
  return f(*arrays, *other_args, **kwargs)
/appdata/users/P101440/micromamba/envs/torch29/lib/python3.11/site-packages/scipy/_lib/_util.py:1181: RuntimeWarning: logm result may be inaccurate, approximate err = 1.168521748695639e-06
  return f(*arrays, *other_args, **kwargs)
/appdata/users/P101440/micromamba/envs/torch29/lib/python3.11/site-packages/scipy/_lib/_util.py:1181: RuntimeWarning: logm result may be inaccurate, approximate err = 7.444472203133046e-07
  return f(*arrays, *other_args, **kwargs)
/appdata/users/P101440/micromamba/envs/torch29/lib/python3.11/site-packages/scipy/_lib/_util.py:1181: RuntimeWarning: logm result may be inaccurate, approximate err = 6.765137072761718e-07
  return f(*arrays, *other_args, **kwargs)
/appdata/users/P101440/micromamba/envs/torch29/lib/python3.11/site-packages/scipy/_lib/_util.py:1181: RuntimeWarning: logm result may be inaccurate, approximate err = 9.115774446399882e-07
  return f(*arrays, *other_args, **kwargs)
/appdata/users/P101440/micromamba/envs/torch29/lib/python3.11/site-packages/scipy/_lib/_util.py:1181: RuntimeWarning: logm result may be inaccurate, approximate err = 6.35209119081992e-07
  return f(*arrays, *other_args, **kwargs)
/appdata/users/P101440/micromamba/envs/torch29/lib/python3.11/site-packages/scipy/_lib/_util.py:1181: RuntimeWarning: logm result may be inaccurate, approximate err = 8.597661462772521e-07
  return f(*arrays, *other_args, **kwargs)
/appdata/users/P101440/micromamba/envs/torch29/lib/python3.11/site-packages/scipy/_lib/_util.py:1181: RuntimeWarning: logm result may be inaccurate, approximate err = 1.0257272151648067e-06
  return f(*arrays, *other_args, **kwargs)
/appdata/users/P101440/micromamba/envs/torch29/lib/python3.11/site-packages/scipy/_lib/_util.py:1181: RuntimeWarning: logm result may be inaccurate, approximate err = 8.100953436951386e-07
  return f(*arrays, *other_args, **kwargs)
/appdata/users/P101440/micromamba/envs/torch29/lib/python3.11/site-packages/scipy/_lib/_util.py:1181: RuntimeWarning: logm result may be inaccurate, approximate err = 8.281915029328957e-07
  return f(*arrays, *other_args, **kwargs)
/appdata/users/P101440/micromamba/envs/torch29/lib/python3.11/site-packages/scipy/_lib/_util.py:1181: RuntimeWarning: logm result may be inaccurate, approximate err = 5.268646532385901e-07
  return f(*arrays, *other_args, **kwargs)
/appdata/users/P101440/micromamba/envs/torch29/lib/python3.11/site-packages/scipy/_lib/_util.py:1181: RuntimeWarning: logm result may be inaccurate, approximate err = 8.36196477393969e-07
  return f(*arrays, *other_args, **kwargs)
/appdata/users/P101440/micromamba/envs/torch29/lib/python3.11/site-packages/scipy/_lib/_util.py:1181: RuntimeWarning: logm result may be inaccurate, approximate err = 5.757698886554863e-07
  return f(*arrays, *other_args, **kwargs)
/appdata/users/P101440/micromamba/envs/torch29/lib/python3.11/site-packages/scipy/_lib/_util.py:1181: RuntimeWarning: logm result may be inaccurate, approximate err = 8.952548569141072e-07
  return f(*arrays, *other_args, **kwargs)
/appdata/users/P101440/micromamba/envs/torch29/lib/python3.11/site-packages/scipy/_lib/_util.py:1181: RuntimeWarning: logm result may be inaccurate, approximate err = 1.2079244697815739e-06
  return f(*arrays, *other_args, **kwargs)
/appdata/users/P101440/micromamba/envs/torch29/lib/python3.11/site-packages/scipy/_lib/_util.py:1181: RuntimeWarning: logm result may be inaccurate, approximate err = 7.180414627327991e-07
  return f(*arrays, *other_args, **kwargs)
/appdata/users/P101440/micromamba/envs/torch29/lib/python3.11/site-packages/scipy/_lib/_util.py:1181: RuntimeWarning: logm result may be inaccurate, approximate err = 6.717164637848327e-07
  return f(*arrays, *other_args, **kwargs)
/appdata/users/P101440/micromamba/envs/torch29/lib/python3.11/site-packages/scipy/_lib/_util.py:1181: RuntimeWarning: logm result may be inaccurate, approximate err = 9.18105911296152e-07
  return f(*arrays, *other_args, **kwargs)
/appdata/users/P101440/micromamba/envs/torch29/lib/python3.11/site-packages/scipy/_lib/_util.py:1181: RuntimeWarning: logm result may be inaccurate, approximate err = 1.018615535031131e-06
  return f(*arrays, *other_args, **kwargs)
/appdata/users/P101440/micromamba/envs/torch29/lib/python3.11/site-packages/scipy/_lib/_util.py:1181: RuntimeWarning: logm result may be inaccurate, approximate err = 6.456454570979986e-07
  return f(*arrays, *other_args, **kwargs)
/appdata/users/P101440/micromamba/envs/torch29/lib/python3.11/site-packages/scipy/_lib/_util.py:1181: RuntimeWarning: logm result may be inaccurate, approximate err = 1.1586109849304194e-06
  return f(*arrays, *other_args, **kwargs)
/appdata/users/P101440/micromamba/envs/torch29/lib/python3.11/site-packages/scipy/_lib/_util.py:1181: RuntimeWarning: logm result may be inaccurate, approximate err = 9.222003996001149e-07
  return f(*arrays, *other_args, **kwargs)
/appdata/users/P101440/micromamba/envs/torch29/lib/python3.11/site-packages/scipy/_lib/_util.py:1181: RuntimeWarning: logm result may be inaccurate, approximate err = 9.007542871586338e-07
  return f(*arrays, *other_args, **kwargs)
/appdata/users/P101440/micromamba/envs/torch29/lib/python3.11/site-packages/scipy/_lib/_util.py:1181: RuntimeWarning: logm result may be inaccurate, approximate err = 5.703154783986975e-07
  return f(*arrays, *other_args, **kwargs)
/appdata/users/P101440/micromamba/envs/torch29/lib/python3.11/site-packages/scipy/_lib/_util.py:1181: RuntimeWarning: logm result may be inaccurate, approximate err = 8.588565378886415e-07
  return f(*arrays, *other_args, **kwargs)
/appdata/users/P101440/micromamba/envs/torch29/lib/python3.11/site-packages/scipy/_lib/_util.py:1181: RuntimeWarning: logm result may be inaccurate, approximate err = 8.224921543842356e-07
  return f(*arrays, *other_args, **kwargs)
/appdata/users/P101440/micromamba/envs/torch29/lib/python3.11/site-packages/scipy/_lib/_util.py:1181: RuntimeWarning: logm result may be inaccurate, approximate err = 9.131256319960812e-07
  return f(*arrays, *other_args, **kwargs)
/appdata/users/P101440/micromamba/envs/torch29/lib/python3.11/site-packages/scipy/_lib/_util.py:1181: RuntimeWarning: logm result may be inaccurate, approximate err = 8.882938118404127e-07
  return f(*arrays, *other_args, **kwargs)
/appdata/users/P101440/micromamba/envs/torch29/lib/python3.11/site-packages/scipy/_lib/_util.py:1181: RuntimeWarning: logm result may be inaccurate, approximate err = 7.765675604787248e-07
  return f(*arrays, *other_args, **kwargs)
/appdata/users/P101440/micromamba/envs/torch29/lib/python3.11/site-packages/scipy/_lib/_util.py:1181: RuntimeWarning: logm result may be inaccurate, approximate err = 9.281211532652378e-07
  return f(*arrays, *other_args, **kwargs)
/appdata/users/P101440/micromamba/envs/torch29/lib/python3.11/site-packages/scipy/_lib/_util.py:1181: RuntimeWarning: logm result may be inaccurate, approximate err = 7.197435252237483e-07
  return f(*arrays, *other_args, **kwargs)
/appdata/users/P101440/micromamba/envs/torch29/lib/python3.11/site-packages/scipy/_lib/_util.py:1181: RuntimeWarning: logm result may be inaccurate, approximate err = 9.301841146225343e-07
  return f(*arrays, *other_args, **kwargs)
/appdata/users/P101440/micromamba/envs/torch29/lib/python3.11/site-packages/scipy/_lib/_util.py:1181: RuntimeWarning: logm result may be inaccurate, approximate err = 6.877543796690588e-07
  return f(*arrays, *other_args, **kwargs)
/appdata/users/P101440/micromamba/envs/torch29/lib/python3.11/site-packages/scipy/_lib/_util.py:1181: RuntimeWarning: logm result may be inaccurate, approximate err = 6.664319585070189e-07
  return f(*arrays, *other_args, **kwargs)
/appdata/users/P101440/micromamba/envs/torch29/lib/python3.11/site-packages/scipy/_lib/_util.py:1181: RuntimeWarning: logm result may be inaccurate, approximate err = 7.358435141213704e-07
  return f(*arrays, *other_args, **kwargs)
/appdata/users/P101440/micromamba/envs/torch29/lib/python3.11/site-packages/scipy/_lib/_util.py:1181: RuntimeWarning: logm result may be inaccurate, approximate err = 6.67269489440514e-07
  return f(*arrays, *other_args, **kwargs)
/appdata/users/P101440/micromamba/envs/torch29/lib/python3.11/site-packages/scipy/_lib/_util.py:1181: RuntimeWarning: logm result may be inaccurate, approximate err = 6.901717028995336e-07
  return f(*arrays, *other_args, **kwargs)
/appdata/users/P101440/micromamba/envs/torch29/lib/python3.11/site-packages/scipy/_lib/_util.py:1181: RuntimeWarning: logm result may be inaccurate, approximate err = 1.1495753824419808e-06
  return f(*arrays, *other_args, **kwargs)
/appdata/users/P101440/micromamba/envs/torch29/lib/python3.11/site-packages/scipy/_lib/_util.py:1181: RuntimeWarning: logm result may be inaccurate, approximate err = 1.0669410812624847e-06
  return f(*arrays, *other_args, **kwargs)
/appdata/users/P101440/micromamba/envs/torch29/lib/python3.11/site-packages/scipy/_lib/_util.py:1181: RuntimeWarning: logm result may be inaccurate, approximate err = 6.757085770914273e-07
  return f(*arrays, *other_args, **kwargs)
/appdata/users/P101440/micromamba/envs/torch29/lib/python3.11/site-packages/scipy/_lib/_util.py:1181: RuntimeWarning: logm result may be inaccurate, approximate err = 9.99445319393999e-07
  return f(*arrays, *other_args, **kwargs)
/appdata/users/P101440/micromamba/envs/torch29/lib/python3.11/site-packages/scipy/_lib/_util.py:1181: RuntimeWarning: logm result may be inaccurate, approximate err = 6.884042704768945e-07
  return f(*arrays, *other_args, **kwargs)
/appdata/users/P101440/micromamba/envs/torch29/lib/python3.11/site-packages/scipy/_lib/_util.py:1181: RuntimeWarning: logm result may be inaccurate, approximate err = 1.148441583609383e-06
  return f(*arrays, *other_args, **kwargs)
/appdata/users/P101440/micromamba/envs/torch29/lib/python3.11/site-packages/scipy/_lib/_util.py:1181: RuntimeWarning: logm result may be inaccurate, approximate err = 6.404187615771662e-07
  return f(*arrays, *other_args, **kwargs)
/appdata/users/P101440/micromamba/envs/torch29/lib/python3.11/site-packages/scipy/_lib/_util.py:1181: RuntimeWarning: logm result may be inaccurate, approximate err = 5.91863511090196e-07
  return f(*arrays, *other_args, **kwargs)
/appdata/users/P101440/micromamba/envs/torch29/lib/python3.11/site-packages/scipy/_lib/_util.py:1181: RuntimeWarning: logm result may be inaccurate, approximate err = 9.86913278211432e-07
  return f(*arrays, *other_args, **kwargs)
/appdata/users/P101440/micromamba/envs/torch29/lib/python3.11/site-packages/scipy/_lib/_util.py:1181: RuntimeWarning: logm result may be inaccurate, approximate err = 8.609697488282109e-07
  return f(*arrays, *other_args, **kwargs)
/appdata/users/P101440/micromamba/envs/torch29/lib/python3.11/site-packages/scipy/_lib/_util.py:1181: RuntimeWarning: logm result may be inaccurate, approximate err = 7.15414387286728e-07
  return f(*arrays, *other_args, **kwargs)
/appdata/users/P101440/micromamba/envs/torch29/lib/python3.11/site-packages/scipy/_lib/_util.py:1181: RuntimeWarning: logm result may be inaccurate, approximate err = 8.383312888327055e-07
  return f(*arrays, *other_args, **kwargs)
/appdata/users/P101440/micromamba/envs/torch29/lib/python3.11/site-packages/scipy/_lib/_util.py:1181: RuntimeWarning: logm result may be inaccurate, approximate err = 1.065739525074605e-06
  return f(*arrays, *other_args, **kwargs)
/appdata/users/P101440/micromamba/envs/torch29/lib/python3.11/site-packages/scipy/_lib/_util.py:1181: RuntimeWarning: logm result may be inaccurate, approximate err = 8.704589617991587e-07
  return f(*arrays, *other_args, **kwargs)
/appdata/users/P101440/micromamba/envs/torch29/lib/python3.11/site-packages/scipy/_lib/_util.py:1181: RuntimeWarning: logm result may be inaccurate, approximate err = 1.0159571957046865e-06
  return f(*arrays, *other_args, **kwargs)
/appdata/users/P101440/micromamba/envs/torch29/lib/python3.11/site-packages/scipy/_lib/_util.py:1181: RuntimeWarning: logm result may be inaccurate, approximate err = 7.308300951081037e-07
  return f(*arrays, *other_args, **kwargs)
/appdata/users/P101440/micromamba/envs/torch29/lib/python3.11/site-packages/scipy/_lib/_util.py:1181: RuntimeWarning: logm result may be inaccurate, approximate err = 7.552803253929596e-07
  return f(*arrays, *other_args, **kwargs)
/appdata/users/P101440/micromamba/envs/torch29/lib/python3.11/site-packages/scipy/_lib/_util.py:1181: RuntimeWarning: logm result may be inaccurate, approximate err = 7.179164072113053e-07
  return f(*arrays, *other_args, **kwargs)
/appdata/users/P101440/micromamba/envs/torch29/lib/python3.11/site-packages/scipy/_lib/_util.py:1181: RuntimeWarning: logm result may be inaccurate, approximate err = 1.1678656619551475e-06
  return f(*arrays, *other_args, **kwargs)
/appdata/users/P101440/micromamba/envs/torch29/lib/python3.11/site-packages/scipy/_lib/_util.py:1181: RuntimeWarning: logm result may be inaccurate, approximate err = 7.626376827829517e-07
  return f(*arrays, *other_args, **kwargs)
/appdata/users/P101440/micromamba/envs/torch29/lib/python3.11/site-packages/scipy/_lib/_util.py:1181: RuntimeWarning: logm result may be inaccurate, approximate err = 7.106949055923906e-07
  return f(*arrays, *other_args, **kwargs)
/appdata/users/P101440/micromamba/envs/torch29/lib/python3.11/site-packages/scipy/_lib/_util.py:1181: RuntimeWarning: logm result may be inaccurate, approximate err = 1.0613256336000632e-06
  return f(*arrays, *other_args, **kwargs)
/appdata/users/P101440/micromamba/envs/torch29/lib/python3.11/site-packages/scipy/_lib/_util.py:1181: RuntimeWarning: logm result may be inaccurate, approximate err = 7.420056249429763e-07
  return f(*arrays, *other_args, **kwargs)
/appdata/users/P101440/micromamba/envs/torch29/lib/python3.11/site-packages/scipy/_lib/_util.py:1181: RuntimeWarning: logm result may be inaccurate, approximate err = 7.528603305217985e-07
  return f(*arrays, *other_args, **kwargs)
/appdata/users/P101440/micromamba/envs/torch29/lib/python3.11/site-packages/scipy/_lib/_util.py:1181: RuntimeWarning: logm result may be inaccurate, approximate err = 5.919262662246183e-07
  return f(*arrays, *other_args, **kwargs)
/appdata/users/P101440/micromamba/envs/torch29/lib/python3.11/site-packages/scipy/_lib/_util.py:1181: RuntimeWarning: logm result may be inaccurate, approximate err = 9.186538818539702e-07
  return f(*arrays, *other_args, **kwargs)
/appdata/users/P101440/micromamba/envs/torch29/lib/python3.11/site-packages/scipy/_lib/_util.py:1181: RuntimeWarning: logm result may be inaccurate, approximate err = 9.974341992347036e-07
  return f(*arrays, *other_args, **kwargs)
/appdata/users/P101440/micromamba/envs/torch29/lib/python3.11/site-packages/scipy/_lib/_util.py:1181: RuntimeWarning: logm result may be inaccurate, approximate err = 7.150123906285444e-07
  return f(*arrays, *other_args, **kwargs)
/appdata/users/P101440/micromamba/envs/torch29/lib/python3.11/site-packages/scipy/_lib/_util.py:1181: RuntimeWarning: logm result may be inaccurate, approximate err = 9.271931276089163e-07
  return f(*arrays, *other_args, **kwargs)
/appdata/users/P101440/micromamba/envs/torch29/lib/python3.11/site-packages/scipy/_lib/_util.py:1181: RuntimeWarning: logm result may be inaccurate, approximate err = 1.22084475151496e-06
  return f(*arrays, *other_args, **kwargs)
/appdata/users/P101440/micromamba/envs/torch29/lib/python3.11/site-packages/scipy/_lib/_util.py:1181: RuntimeWarning: logm result may be inaccurate, approximate err = 7.06066145994555e-07
  return f(*arrays, *other_args, **kwargs)
/appdata/users/P101440/micromamba/envs/torch29/lib/python3.11/site-packages/scipy/_lib/_util.py:1181: RuntimeWarning: logm result may be inaccurate, approximate err = 1.3726677252634545e-06
  return f(*arrays, *other_args, **kwargs)
/appdata/users/P101440/micromamba/envs/torch29/lib/python3.11/site-packages/scipy/_lib/_util.py:1181: RuntimeWarning: logm result may be inaccurate, approximate err = 6.730008976774116e-07
  return f(*arrays, *other_args, **kwargs)
/appdata/users/P101440/micromamba/envs/torch29/lib/python3.11/site-packages/scipy/_lib/_util.py:1181: RuntimeWarning: logm result may be inaccurate, approximate err = 1.167672735391534e-06
  return f(*arrays, *other_args, **kwargs)
/appdata/users/P101440/micromamba/envs/torch29/lib/python3.11/site-packages/scipy/_lib/_util.py:1181: RuntimeWarning: logm result may be inaccurate, approximate err = 8.877857453626348e-07
  return f(*arrays, *other_args, **kwargs)
/appdata/users/P101440/micromamba/envs/torch29/lib/python3.11/site-packages/scipy/_lib/_util.py:1181: RuntimeWarning: logm result may be inaccurate, approximate err = 8.026078717193741e-07
  return f(*arrays, *other_args, **kwargs)
/appdata/users/P101440/micromamba/envs/torch29/lib/python3.11/site-packages/scipy/_lib/_util.py:1181: RuntimeWarning: logm result may be inaccurate, approximate err = 5.861112413185765e-07
  return f(*arrays, *other_args, **kwargs)
/appdata/users/P101440/micromamba/envs/torch29/lib/python3.11/site-packages/scipy/_lib/_util.py:1181: RuntimeWarning: logm result may be inaccurate, approximate err = 9.195374559567426e-07
  return f(*arrays, *other_args, **kwargs)
/appdata/users/P101440/micromamba/envs/torch29/lib/python3.11/site-packages/scipy/_lib/_util.py:1181: RuntimeWarning: logm result may be inaccurate, approximate err = 8.711301688890671e-07
  return f(*arrays, *other_args, **kwargs)
/appdata/users/P101440/micromamba/envs/torch29/lib/python3.11/site-packages/scipy/_lib/_util.py:1181: RuntimeWarning: logm result may be inaccurate, approximate err = 9.333722914561804e-07
  return f(*arrays, *other_args, **kwargs)
/appdata/users/P101440/micromamba/envs/torch29/lib/python3.11/site-packages/scipy/_lib/_util.py:1181: RuntimeWarning: logm result may be inaccurate, approximate err = 8.695469659869559e-07
  return f(*arrays, *other_args, **kwargs)
/appdata/users/P101440/micromamba/envs/torch29/lib/python3.11/site-packages/scipy/_lib/_util.py:1181: RuntimeWarning: logm result may be inaccurate, approximate err = 9.60769511948456e-07
  return f(*arrays, *other_args, **kwargs)
/appdata/users/P101440/micromamba/envs/torch29/lib/python3.11/site-packages/scipy/_lib/_util.py:1181: RuntimeWarning: logm result may be inaccurate, approximate err = 9.78485559244291e-07
  return f(*arrays, *other_args, **kwargs)
/appdata/users/P101440/micromamba/envs/torch29/lib/python3.11/site-packages/scipy/_lib/_util.py:1181: RuntimeWarning: logm result may be inaccurate, approximate err = 8.10649339655356e-07
  return f(*arrays, *other_args, **kwargs)
/appdata/users/P101440/micromamba/envs/torch29/lib/python3.11/site-packages/scipy/_lib/_util.py:1181: RuntimeWarning: logm result may be inaccurate, approximate err = 7.694480359532463e-07
  return f(*arrays, *other_args, **kwargs)
/appdata/users/P101440/micromamba/envs/torch29/lib/python3.11/site-packages/scipy/_lib/_util.py:1181: RuntimeWarning: logm result may be inaccurate, approximate err = 1.1482432000775589e-06
  return f(*arrays, *other_args, **kwargs)
/appdata/users/P101440/micromamba/envs/torch29/lib/python3.11/site-packages/scipy/_lib/_util.py:1181: RuntimeWarning: logm result may be inaccurate, approximate err = 6.641683398811438e-07
  return f(*arrays, *other_args, **kwargs)
/appdata/users/P101440/micromamba/envs/torch29/lib/python3.11/site-packages/scipy/_lib/_util.py:1181: RuntimeWarning: logm result may be inaccurate, approximate err = 1.1390260397092788e-06
  return f(*arrays, *other_args, **kwargs)
/appdata/users/P101440/micromamba/envs/torch29/lib/python3.11/site-packages/scipy/_lib/_util.py:1181: RuntimeWarning: logm result may be inaccurate, approximate err = 1.111626829697343e-06
  return f(*arrays, *other_args, **kwargs)
/appdata/users/P101440/micromamba/envs/torch29/lib/python3.11/site-packages/scipy/_lib/_util.py:1181: RuntimeWarning: logm result may be inaccurate, approximate err = 9.135000595961174e-07
  return f(*arrays, *other_args, **kwargs)
/appdata/users/P101440/micromamba/envs/torch29/lib/python3.11/site-packages/scipy/_lib/_util.py:1181: RuntimeWarning: logm result may be inaccurate, approximate err = 6.963236387491634e-07
  return f(*arrays, *other_args, **kwargs)
/appdata/users/P101440/micromamba/envs/torch29/lib/python3.11/site-packages/scipy/_lib/_util.py:1181: RuntimeWarning: logm result may be inaccurate, approximate err = 1.0097662652697181e-06
  return f(*arrays, *other_args, **kwargs)
/appdata/users/P101440/micromamba/envs/torch29/lib/python3.11/site-packages/scipy/_lib/_util.py:1181: RuntimeWarning: logm result may be inaccurate, approximate err = 7.62560375733301e-07
  return f(*arrays, *other_args, **kwargs)
/appdata/users/P101440/micromamba/envs/torch29/lib/python3.11/site-packages/scipy/_lib/_util.py:1181: RuntimeWarning: logm result may be inaccurate, approximate err = 8.307041525768e-07
  return f(*arrays, *other_args, **kwargs)
/appdata/users/P101440/micromamba/envs/torch29/lib/python3.11/site-packages/scipy/_lib/_util.py:1181: RuntimeWarning: logm result may be inaccurate, approximate err = 7.664709187338303e-07
  return f(*arrays, *other_args, **kwargs)
/appdata/users/P101440/micromamba/envs/torch29/lib/python3.11/site-packages/scipy/_lib/_util.py:1181: RuntimeWarning: logm result may be inaccurate, approximate err = 9.390697073285992e-07
  return f(*arrays, *other_args, **kwargs)
/appdata/users/P101440/micromamba/envs/torch29/lib/python3.11/site-packages/scipy/_lib/_util.py:1181: RuntimeWarning: logm result may be inaccurate, approximate err = 9.240876579497126e-07
  return f(*arrays, *other_args, **kwargs)
/appdata/users/P101440/micromamba/envs/torch29/lib/python3.11/site-packages/scipy/_lib/_util.py:1181: RuntimeWarning: logm result may be inaccurate, approximate err = 7.473435061911005e-07
  return f(*arrays, *other_args, **kwargs)
/appdata/users/P101440/micromamba/envs/torch29/lib/python3.11/site-packages/scipy/_lib/_util.py:1181: RuntimeWarning: logm result may be inaccurate, approximate err = 7.732378435321152e-07
  return f(*arrays, *other_args, **kwargs)
/appdata/users/P101440/micromamba/envs/torch29/lib/python3.11/site-packages/scipy/_lib/_util.py:1181: RuntimeWarning: logm result may be inaccurate, approximate err = 7.502517291868571e-07
  return f(*arrays, *other_args, **kwargs)
/appdata/users/P101440/micromamba/envs/torch29/lib/python3.11/site-packages/scipy/_lib/_util.py:1181: RuntimeWarning: logm result may be inaccurate, approximate err = 8.870684951034491e-07
  return f(*arrays, *other_args, **kwargs)
/appdata/users/P101440/micromamba/envs/torch29/lib/python3.11/site-packages/scipy/_lib/_util.py:1181: RuntimeWarning: logm result may be inaccurate, approximate err = 8.479657935822615e-07
  return f(*arrays, *other_args, **kwargs)
/appdata/users/P101440/micromamba/envs/torch29/lib/python3.11/site-packages/scipy/_lib/_util.py:1181: RuntimeWarning: logm result may be inaccurate, approximate err = 6.722320335939003e-07
  return f(*arrays, *other_args, **kwargs)
/appdata/users/P101440/micromamba/envs/torch29/lib/python3.11/site-packages/scipy/_lib/_util.py:1181: RuntimeWarning: logm result may be inaccurate, approximate err = 4.931171133648604e-07
  return f(*arrays, *other_args, **kwargs)
/appdata/users/P101440/micromamba/envs/torch29/lib/python3.11/site-packages/scipy/_lib/_util.py:1181: RuntimeWarning: logm result may be inaccurate, approximate err = 9.594800758350175e-07
  return f(*arrays, *other_args, **kwargs)
/appdata/users/P101440/micromamba/envs/torch29/lib/python3.11/site-packages/scipy/_lib/_util.py:1181: RuntimeWarning: logm result may be inaccurate, approximate err = 8.003220273167244e-07
  return f(*arrays, *other_args, **kwargs)
/appdata/users/P101440/micromamba/envs/torch29/lib/python3.11/site-packages/scipy/_lib/_util.py:1181: RuntimeWarning: logm result may be inaccurate, approximate err = 6.91611887759791e-07
  return f(*arrays, *other_args, **kwargs)
/appdata/users/P101440/micromamba/envs/torch29/lib/python3.11/site-packages/scipy/_lib/_util.py:1181: RuntimeWarning: logm result may be inaccurate, approximate err = 1.670435153755534e-06
  return f(*arrays, *other_args, **kwargs)
/appdata/users/P101440/micromamba/envs/torch29/lib/python3.11/site-packages/scipy/_lib/_util.py:1181: RuntimeWarning: logm result may be inaccurate, approximate err = 6.834945338596299e-07
  return f(*arrays, *other_args, **kwargs)
/appdata/users/P101440/micromamba/envs/torch29/lib/python3.11/site-packages/scipy/_lib/_util.py:1181: RuntimeWarning: logm result may be inaccurate, approximate err = 7.540797355432005e-07
  return f(*arrays, *other_args, **kwargs)
/appdata/users/P101440/micromamba/envs/torch29/lib/python3.11/site-packages/scipy/_lib/_util.py:1181: RuntimeWarning: logm result may be inaccurate, approximate err = 7.078746762090304e-07
  return f(*arrays, *other_args, **kwargs)
/appdata/users/P101440/micromamba/envs/torch29/lib/python3.11/site-packages/scipy/_lib/_util.py:1181: RuntimeWarning: logm result may be inaccurate, approximate err = 9.880347988655558e-07
  return f(*arrays, *other_args, **kwargs)
/appdata/users/P101440/micromamba/envs/torch29/lib/python3.11/site-packages/scipy/_lib/_util.py:1181: RuntimeWarning: logm result may be inaccurate, approximate err = 6.031047519172716e-07
  return f(*arrays, *other_args, **kwargs)
/appdata/users/P101440/micromamba/envs/torch29/lib/python3.11/site-packages/scipy/_lib/_util.py:1181: RuntimeWarning: logm result may be inaccurate, approximate err = 9.334767128166277e-07
  return f(*arrays, *other_args, **kwargs)
/appdata/users/P101440/micromamba/envs/torch29/lib/python3.11/site-packages/scipy/_lib/_util.py:1181: RuntimeWarning: logm result may be inaccurate, approximate err = 9.629144415157498e-07
  return f(*arrays, *other_args, **kwargs)
/appdata/users/P101440/micromamba/envs/torch29/lib/python3.11/site-packages/scipy/_lib/_util.py:1181: RuntimeWarning: logm result may be inaccurate, approximate err = 6.087514066166477e-07
  return f(*arrays, *other_args, **kwargs)
/appdata/users/P101440/micromamba/envs/torch29/lib/python3.11/site-packages/scipy/_lib/_util.py:1181: RuntimeWarning: logm result may be inaccurate, approximate err = 8.639821089673205e-07
  return f(*arrays, *other_args, **kwargs)
/appdata/users/P101440/micromamba/envs/torch29/lib/python3.11/site-packages/scipy/_lib/_util.py:1181: RuntimeWarning: logm result may be inaccurate, approximate err = 1.084851305677148e-06
  return f(*arrays, *other_args, **kwargs)
/appdata/users/P101440/micromamba/envs/torch29/lib/python3.11/site-packages/scipy/_lib/_util.py:1181: RuntimeWarning: logm result may be inaccurate, approximate err = 5.925539880990982e-07
  return f(*arrays, *other_args, **kwargs)
/appdata/users/P101440/micromamba/envs/torch29/lib/python3.11/site-packages/scipy/_lib/_util.py:1181: RuntimeWarning: logm result may be inaccurate, approximate err = 1.131175281443575e-06
  return f(*arrays, *other_args, **kwargs)
/appdata/users/P101440/micromamba/envs/torch29/lib/python3.11/site-packages/scipy/_lib/_util.py:1181: RuntimeWarning: logm result may be inaccurate, approximate err = 1.0673209089873126e-06
  return f(*arrays, *other_args, **kwargs)
/appdata/users/P101440/micromamba/envs/torch29/lib/python3.11/site-packages/scipy/_lib/_util.py:1181: RuntimeWarning: logm result may be inaccurate, approximate err = 7.630004574821214e-07
  return f(*arrays, *other_args, **kwargs)
/appdata/users/P101440/micromamba/envs/torch29/lib/python3.11/site-packages/scipy/_lib/_util.py:1181: RuntimeWarning: logm result may be inaccurate, approximate err = 7.810799615981523e-07
  return f(*arrays, *other_args, **kwargs)
/appdata/users/P101440/micromamba/envs/torch29/lib/python3.11/site-packages/scipy/_lib/_util.py:1181: RuntimeWarning: logm result may be inaccurate, approximate err = 7.563228336948669e-07
  return f(*arrays, *other_args, **kwargs)
/appdata/users/P101440/micromamba/envs/torch29/lib/python3.11/site-packages/scipy/_lib/_util.py:1181: RuntimeWarning: logm result may be inaccurate, approximate err = 8.26876771498064e-07
  return f(*arrays, *other_args, **kwargs)
/appdata/users/P101440/micromamba/envs/torch29/lib/python3.11/site-packages/scipy/_lib/_util.py:1181: RuntimeWarning: logm result may be inaccurate, approximate err = 7.120011105143931e-07
  return f(*arrays, *other_args, **kwargs)
/appdata/users/P101440/micromamba/envs/torch29/lib/python3.11/site-packages/scipy/_lib/_util.py:1181: RuntimeWarning: logm result may be inaccurate, approximate err = 9.926023949446972e-07
  return f(*arrays, *other_args, **kwargs)
/appdata/users/P101440/micromamba/envs/torch29/lib/python3.11/site-packages/scipy/_lib/_util.py:1181: RuntimeWarning: logm result may be inaccurate, approximate err = 9.259080115953111e-07
  return f(*arrays, *other_args, **kwargs)
/appdata/users/P101440/micromamba/envs/torch29/lib/python3.11/site-packages/scipy/_lib/_util.py:1181: RuntimeWarning: logm result may be inaccurate, approximate err = 1.1982516525677056e-06
  return f(*arrays, *other_args, **kwargs)
/appdata/users/P101440/micromamba/envs/torch29/lib/python3.11/site-packages/scipy/_lib/_util.py:1181: RuntimeWarning: logm result may be inaccurate, approximate err = 1.1065152420997038e-06
  return f(*arrays, *other_args, **kwargs)
/appdata/users/P101440/micromamba/envs/torch29/lib/python3.11/site-packages/scipy/_lib/_util.py:1181: RuntimeWarning: logm result may be inaccurate, approximate err = 6.882640377625648e-07
  return f(*arrays, *other_args, **kwargs)
/appdata/users/P101440/micromamba/envs/torch29/lib/python3.11/site-packages/scipy/_lib/_util.py:1181: RuntimeWarning: logm result may be inaccurate, approximate err = 9.077451750272303e-07
  return f(*arrays, *other_args, **kwargs)
/appdata/users/P101440/micromamba/envs/torch29/lib/python3.11/site-packages/scipy/_lib/_util.py:1181: RuntimeWarning: logm result may be inaccurate, approximate err = 9.016770263770013e-07
  return f(*arrays, *other_args, **kwargs)
/appdata/users/P101440/micromamba/envs/torch29/lib/python3.11/site-packages/scipy/_lib/_util.py:1181: RuntimeWarning: logm result may be inaccurate, approximate err = 8.806568985164631e-07
  return f(*arrays, *other_args, **kwargs)
/appdata/users/P101440/micromamba/envs/torch29/lib/python3.11/site-packages/scipy/_lib/_util.py:1181: RuntimeWarning: logm result may be inaccurate, approximate err = 8.670912734487501e-07
  return f(*arrays, *other_args, **kwargs)
/appdata/users/P101440/micromamba/envs/torch29/lib/python3.11/site-packages/scipy/_lib/_util.py:1181: RuntimeWarning: logm result may be inaccurate, approximate err = 6.821572924309294e-07
  return f(*arrays, *other_args, **kwargs)
/appdata/users/P101440/micromamba/envs/torch29/lib/python3.11/site-packages/scipy/_lib/_util.py:1181: RuntimeWarning: logm result may be inaccurate, approximate err = 6.159971803754161e-07
  return f(*arrays, *other_args, **kwargs)
/appdata/users/P101440/micromamba/envs/torch29/lib/python3.11/site-packages/scipy/_lib/_util.py:1181: RuntimeWarning: logm result may be inaccurate, approximate err = 8.372049364879786e-07
  return f(*arrays, *other_args, **kwargs)
/appdata/users/P101440/micromamba/envs/torch29/lib/python3.11/site-packages/scipy/_lib/_util.py:1181: RuntimeWarning: logm result may be inaccurate, approximate err = 5.62152933980542e-07
  return f(*arrays, *other_args, **kwargs)
/appdata/users/P101440/micromamba/envs/torch29/lib/python3.11/site-packages/scipy/_lib/_util.py:1181: RuntimeWarning: logm result may be inaccurate, approximate err = 1.1615761650318746e-06
  return f(*arrays, *other_args, **kwargs)
/appdata/users/P101440/micromamba/envs/torch29/lib/python3.11/site-packages/scipy/_lib/_util.py:1181: RuntimeWarning: logm result may be inaccurate, approximate err = 7.55298970034346e-07
  return f(*arrays, *other_args, **kwargs)
/appdata/users/P101440/micromamba/envs/torch29/lib/python3.11/site-packages/scipy/_lib/_util.py:1181: RuntimeWarning: logm result may be inaccurate, approximate err = 8.026158866414335e-07
  return f(*arrays, *other_args, **kwargs)
/appdata/users/P101440/micromamba/envs/torch29/lib/python3.11/site-packages/scipy/_lib/_util.py:1181: RuntimeWarning: logm result may be inaccurate, approximate err = 7.800110211064748e-07
  return f(*arrays, *other_args, **kwargs)
/appdata/users/P101440/micromamba/envs/torch29/lib/python3.11/site-packages/scipy/_lib/_util.py:1181: RuntimeWarning: logm result may be inaccurate, approximate err = 8.161829896380368e-07
  return f(*arrays, *other_args, **kwargs)
/appdata/users/P101440/micromamba/envs/torch29/lib/python3.11/site-packages/scipy/_lib/_util.py:1181: RuntimeWarning: logm result may be inaccurate, approximate err = 8.114368483802537e-07
  return f(*arrays, *other_args, **kwargs)
/appdata/users/P101440/micromamba/envs/torch29/lib/python3.11/site-packages/scipy/_lib/_util.py:1181: RuntimeWarning: logm result may be inaccurate, approximate err = 8.964793778432067e-07
  return f(*arrays, *other_args, **kwargs)
/appdata/users/P101440/micromamba/envs/torch29/lib/python3.11/site-packages/scipy/_lib/_util.py:1181: RuntimeWarning: logm result may be inaccurate, approximate err = 7.001481776569562e-07
  return f(*arrays, *other_args, **kwargs)
/appdata/users/P101440/micromamba/envs/torch29/lib/python3.11/site-packages/scipy/_lib/_util.py:1181: RuntimeWarning: logm result may be inaccurate, approximate err = 9.590850140739349e-07
  return f(*arrays, *other_args, **kwargs)
/appdata/users/P101440/micromamba/envs/torch29/lib/python3.11/site-packages/scipy/_lib/_util.py:1181: RuntimeWarning: logm result may be inaccurate, approximate err = 7.679940381422057e-07
  return f(*arrays, *other_args, **kwargs)
/appdata/users/P101440/micromamba/envs/torch29/lib/python3.11/site-packages/scipy/_lib/_util.py:1181: RuntimeWarning: logm result may be inaccurate, approximate err = 7.024125352472765e-07
  return f(*arrays, *other_args, **kwargs)
/appdata/users/P101440/micromamba/envs/torch29/lib/python3.11/site-packages/scipy/_lib/_util.py:1181: RuntimeWarning: logm result may be inaccurate, approximate err = 8.61332750901056e-07
  return f(*arrays, *other_args, **kwargs)
/appdata/users/P101440/micromamba/envs/torch29/lib/python3.11/site-packages/scipy/_lib/_util.py:1181: RuntimeWarning: logm result may be inaccurate, approximate err = 9.878501714410959e-07
  return f(*arrays, *other_args, **kwargs)
/appdata/users/P101440/micromamba/envs/torch29/lib/python3.11/site-packages/scipy/_lib/_util.py:1181: RuntimeWarning: logm result may be inaccurate, approximate err = 1.098216444006539e-06
  return f(*arrays, *other_args, **kwargs)
/appdata/users/P101440/micromamba/envs/torch29/lib/python3.11/site-packages/scipy/_lib/_util.py:1181: RuntimeWarning: logm result may be inaccurate, approximate err = 1.2529926607385278e-06
  return f(*arrays, *other_args, **kwargs)
/appdata/users/P101440/micromamba/envs/torch29/lib/python3.11/site-packages/scipy/_lib/_util.py:1181: RuntimeWarning: logm result may be inaccurate, approximate err = 8.706599032848317e-07
  return f(*arrays, *other_args, **kwargs)
/appdata/users/P101440/micromamba/envs/torch29/lib/python3.11/site-packages/scipy/_lib/_util.py:1181: RuntimeWarning: logm result may be inaccurate, approximate err = 7.866684086366149e-07
  return f(*arrays, *other_args, **kwargs)
/appdata/users/P101440/micromamba/envs/torch29/lib/python3.11/site-packages/scipy/_lib/_util.py:1181: RuntimeWarning: logm result may be inaccurate, approximate err = 7.02277588970901e-07
  return f(*arrays, *other_args, **kwargs)
/appdata/users/P101440/micromamba/envs/torch29/lib/python3.11/site-packages/scipy/_lib/_util.py:1181: RuntimeWarning: logm result may be inaccurate, approximate err = 7.397017043331289e-07
  return f(*arrays, *other_args, **kwargs)
/appdata/users/P101440/micromamba/envs/torch29/lib/python3.11/site-packages/scipy/_lib/_util.py:1181: RuntimeWarning: logm result may be inaccurate, approximate err = 6.643282404183992e-07
  return f(*arrays, *other_args, **kwargs)
/appdata/users/P101440/micromamba/envs/torch29/lib/python3.11/site-packages/scipy/_lib/_util.py:1181: RuntimeWarning: logm result may be inaccurate, approximate err = 8.760472951507836e-07
  return f(*arrays, *other_args, **kwargs)
/appdata/users/P101440/micromamba/envs/torch29/lib/python3.11/site-packages/scipy/_lib/_util.py:1181: RuntimeWarning: logm result may be inaccurate, approximate err = 6.426733420994424e-07
  return f(*arrays, *other_args, **kwargs)
/appdata/users/P101440/micromamba/envs/torch29/lib/python3.11/site-packages/scipy/_lib/_util.py:1181: RuntimeWarning: logm result may be inaccurate, approximate err = 8.5803179672439e-07
  return f(*arrays, *other_args, **kwargs)
/appdata/users/P101440/micromamba/envs/torch29/lib/python3.11/site-packages/scipy/_lib/_util.py:1181: RuntimeWarning: logm result may be inaccurate, approximate err = 9.245464411833382e-07
  return f(*arrays, *other_args, **kwargs)
/appdata/users/P101440/micromamba/envs/torch29/lib/python3.11/site-packages/scipy/_lib/_util.py:1181: RuntimeWarning: logm result may be inaccurate, approximate err = 1.057198574017093e-06
  return f(*arrays, *other_args, **kwargs)
/appdata/users/P101440/micromamba/envs/torch29/lib/python3.11/site-packages/scipy/_lib/_util.py:1181: RuntimeWarning: logm result may be inaccurate, approximate err = 9.77280024017091e-07
  return f(*arrays, *other_args, **kwargs)
/appdata/users/P101440/micromamba/envs/torch29/lib/python3.11/site-packages/scipy/_lib/_util.py:1181: RuntimeWarning: logm result may be inaccurate, approximate err = 8.515671652276069e-07
  return f(*arrays, *other_args, **kwargs)
/appdata/users/P101440/micromamba/envs/torch29/lib/python3.11/site-packages/scipy/_lib/_util.py:1181: RuntimeWarning: logm result may be inaccurate, approximate err = 9.081004463951103e-07
  return f(*arrays, *other_args, **kwargs)
/appdata/users/P101440/micromamba/envs/torch29/lib/python3.11/site-packages/scipy/_lib/_util.py:1181: RuntimeWarning: logm result may be inaccurate, approximate err = 8.21334651845973e-07
  return f(*arrays, *other_args, **kwargs)
/appdata/users/P101440/micromamba/envs/torch29/lib/python3.11/site-packages/scipy/_lib/_util.py:1181: RuntimeWarning: logm result may be inaccurate, approximate err = 9.317517424278776e-07
  return f(*arrays, *other_args, **kwargs)
/appdata/users/P101440/micromamba/envs/torch29/lib/python3.11/site-packages/scipy/_lib/_util.py:1181: RuntimeWarning: logm result may be inaccurate, approximate err = 1.000707584353222e-06
  return f(*arrays, *other_args, **kwargs)
/appdata/users/P101440/micromamba/envs/torch29/lib/python3.11/site-packages/scipy/_lib/_util.py:1181: RuntimeWarning: logm result may be inaccurate, approximate err = 9.79927563093952e-07
  return f(*arrays, *other_args, **kwargs)
/appdata/users/P101440/micromamba/envs/torch29/lib/python3.11/site-packages/scipy/_lib/_util.py:1181: RuntimeWarning: logm result may be inaccurate, approximate err = 8.388129231207131e-07
  return f(*arrays, *other_args, **kwargs)
/appdata/users/P101440/micromamba/envs/torch29/lib/python3.11/site-packages/scipy/_lib/_util.py:1181: RuntimeWarning: logm result may be inaccurate, approximate err = 7.026826551737031e-07
  return f(*arrays, *other_args, **kwargs)
/appdata/users/P101440/micromamba/envs/torch29/lib/python3.11/site-packages/scipy/_lib/_util.py:1181: RuntimeWarning: logm result may be inaccurate, approximate err = 6.699276013932831e-07
  return f(*arrays, *other_args, **kwargs)
/appdata/users/P101440/micromamba/envs/torch29/lib/python3.11/site-packages/scipy/_lib/_util.py:1181: RuntimeWarning: logm result may be inaccurate, approximate err = 9.841388646236737e-07
  return f(*arrays, *other_args, **kwargs)
/appdata/users/P101440/micromamba/envs/torch29/lib/python3.11/site-packages/scipy/_lib/_util.py:1181: RuntimeWarning: logm result may be inaccurate, approximate err = 8.846743071444507e-07
  return f(*arrays, *other_args, **kwargs)
/appdata/users/P101440/micromamba/envs/torch29/lib/python3.11/site-packages/scipy/_lib/_util.py:1181: RuntimeWarning: logm result may be inaccurate, approximate err = 8.704630545253167e-07
  return f(*arrays, *other_args, **kwargs)
/appdata/users/P101440/micromamba/envs/torch29/lib/python3.11/site-packages/scipy/_lib/_util.py:1181: RuntimeWarning: logm result may be inaccurate, approximate err = 8.98075654731656e-07
  return f(*arrays, *other_args, **kwargs)
/appdata/users/P101440/micromamba/envs/torch29/lib/python3.11/site-packages/scipy/_lib/_util.py:1181: RuntimeWarning: logm result may be inaccurate, approximate err = 8.390511538891587e-07
  return f(*arrays, *other_args, **kwargs)
/appdata/users/P101440/micromamba/envs/torch29/lib/python3.11/site-packages/scipy/_lib/_util.py:1181: RuntimeWarning: logm result may be inaccurate, approximate err = 1.9487015379127115e-06
  return f(*arrays, *other_args, **kwargs)
/appdata/users/P101440/micromamba/envs/torch29/lib/python3.11/site-packages/scipy/_lib/_util.py:1181: RuntimeWarning: logm result may be inaccurate, approximate err = 5.883546236873372e-07
  return f(*arrays, *other_args, **kwargs)
/appdata/users/P101440/micromamba/envs/torch29/lib/python3.11/site-packages/scipy/_lib/_util.py:1181: RuntimeWarning: logm result may be inaccurate, approximate err = 1.0176122486882377e-06
  return f(*arrays, *other_args, **kwargs)
/appdata/users/P101440/micromamba/envs/torch29/lib/python3.11/site-packages/scipy/_lib/_util.py:1181: RuntimeWarning: logm result may be inaccurate, approximate err = 9.547800345899304e-07
  return f(*arrays, *other_args, **kwargs)
/appdata/users/P101440/micromamba/envs/torch29/lib/python3.11/site-packages/scipy/_lib/_util.py:1181: RuntimeWarning: logm result may be inaccurate, approximate err = 7.25749316643487e-07
  return f(*arrays, *other_args, **kwargs)
/appdata/users/P101440/micromamba/envs/torch29/lib/python3.11/site-packages/scipy/_lib/_util.py:1181: RuntimeWarning: logm result may be inaccurate, approximate err = 9.49327898069896e-07
  return f(*arrays, *other_args, **kwargs)
/appdata/users/P101440/micromamba/envs/torch29/lib/python3.11/site-packages/scipy/_lib/_util.py:1181: RuntimeWarning: logm result may be inaccurate, approximate err = 5.396191795625782e-07
  return f(*arrays, *other_args, **kwargs)
/appdata/users/P101440/micromamba/envs/torch29/lib/python3.11/site-packages/scipy/_lib/_util.py:1181: RuntimeWarning: logm result may be inaccurate, approximate err = 7.599286391268834e-07
  return f(*arrays, *other_args, **kwargs)
/appdata/users/P101440/micromamba/envs/torch29/lib/python3.11/site-packages/scipy/_lib/_util.py:1181: RuntimeWarning: logm result may be inaccurate, approximate err = 1.0303606359229889e-06
  return f(*arrays, *other_args, **kwargs)
/appdata/users/P101440/micromamba/envs/torch29/lib/python3.11/site-packages/scipy/_lib/_util.py:1181: RuntimeWarning: logm result may be inaccurate, approximate err = 1.0536667787164333e-06
  return f(*arrays, *other_args, **kwargs)
/appdata/users/P101440/micromamba/envs/torch29/lib/python3.11/site-packages/scipy/_lib/_util.py:1181: RuntimeWarning: logm result may be inaccurate, approximate err = 8.710679821888334e-07
  return f(*arrays, *other_args, **kwargs)
/appdata/users/P101440/micromamba/envs/torch29/lib/python3.11/site-packages/scipy/_lib/_util.py:1181: RuntimeWarning: logm result may be inaccurate, approximate err = 1.090847149498586e-06
  return f(*arrays, *other_args, **kwargs)
/appdata/users/P101440/micromamba/envs/torch29/lib/python3.11/site-packages/scipy/_lib/_util.py:1181: RuntimeWarning: logm result may be inaccurate, approximate err = 6.376665737661824e-07
  return f(*arrays, *other_args, **kwargs)
/appdata/users/P101440/micromamba/envs/torch29/lib/python3.11/site-packages/scipy/_lib/_util.py:1181: RuntimeWarning: logm result may be inaccurate, approximate err = 1.1506433565955376e-06
  return f(*arrays, *other_args, **kwargs)
/appdata/users/P101440/micromamba/envs/torch29/lib/python3.11/site-packages/scipy/_lib/_util.py:1181: RuntimeWarning: logm result may be inaccurate, approximate err = 6.635177669522818e-07
  return f(*arrays, *other_args, **kwargs)
/appdata/users/P101440/micromamba/envs/torch29/lib/python3.11/site-packages/scipy/_lib/_util.py:1181: RuntimeWarning: logm result may be inaccurate, approximate err = 7.806630151208083e-07
  return f(*arrays, *other_args, **kwargs)
/appdata/users/P101440/micromamba/envs/torch29/lib/python3.11/site-packages/scipy/_lib/_util.py:1181: RuntimeWarning: logm result may be inaccurate, approximate err = 1.213800601362891e-06
  return f(*arrays, *other_args, **kwargs)
/appdata/users/P101440/micromamba/envs/torch29/lib/python3.11/site-packages/scipy/_lib/_util.py:1181: RuntimeWarning: logm result may be inaccurate, approximate err = 9.49240529735107e-07
  return f(*arrays, *other_args, **kwargs)
/appdata/users/P101440/micromamba/envs/torch29/lib/python3.11/site-packages/scipy/_lib/_util.py:1181: RuntimeWarning: logm result may be inaccurate, approximate err = 9.93302023744036e-07
  return f(*arrays, *other_args, **kwargs)
/appdata/users/P101440/micromamba/envs/torch29/lib/python3.11/site-packages/scipy/_lib/_util.py:1181: RuntimeWarning: logm result may be inaccurate, approximate err = 9.455742429054226e-07
  return f(*arrays, *other_args, **kwargs)
/appdata/users/P101440/micromamba/envs/torch29/lib/python3.11/site-packages/scipy/_lib/_util.py:1181: RuntimeWarning: logm result may be inaccurate, approximate err = 9.651173513702815e-07
  return f(*arrays, *other_args, **kwargs)
/appdata/users/P101440/micromamba/envs/torch29/lib/python3.11/site-packages/scipy/_lib/_util.py:1181: RuntimeWarning: logm result may be inaccurate, approximate err = 1.3203544995121774e-06
  return f(*arrays, *other_args, **kwargs)
/appdata/users/P101440/micromamba/envs/torch29/lib/python3.11/site-packages/scipy/_lib/_util.py:1181: RuntimeWarning: logm result may be inaccurate, approximate err = 7.188583595052478e-07
  return f(*arrays, *other_args, **kwargs)
/appdata/users/P101440/micromamba/envs/torch29/lib/python3.11/site-packages/scipy/_lib/_util.py:1181: RuntimeWarning: logm result may be inaccurate, approximate err = 6.00784176185698e-07
  return f(*arrays, *other_args, **kwargs)
/appdata/users/P101440/micromamba/envs/torch29/lib/python3.11/site-packages/scipy/_lib/_util.py:1181: RuntimeWarning: logm result may be inaccurate, approximate err = 7.25935535683675e-07
  return f(*arrays, *other_args, **kwargs)
/appdata/users/P101440/micromamba/envs/torch29/lib/python3.11/site-packages/scipy/_lib/_util.py:1181: RuntimeWarning: logm result may be inaccurate, approximate err = 5.655433596984949e-07
  return f(*arrays, *other_args, **kwargs)
/appdata/users/P101440/micromamba/envs/torch29/lib/python3.11/site-packages/scipy/_lib/_util.py:1181: RuntimeWarning: logm result may be inaccurate, approximate err = 7.762458267279726e-07
  return f(*arrays, *other_args, **kwargs)
/appdata/users/P101440/micromamba/envs/torch29/lib/python3.11/site-packages/scipy/_lib/_util.py:1181: RuntimeWarning: logm result may be inaccurate, approximate err = 8.055390594563505e-07
  return f(*arrays, *other_args, **kwargs)
/appdata/users/P101440/micromamba/envs/torch29/lib/python3.11/site-packages/scipy/_lib/_util.py:1181: RuntimeWarning: logm result may be inaccurate, approximate err = 9.214726901518588e-07
  return f(*arrays, *other_args, **kwargs)
/appdata/users/P101440/micromamba/envs/torch29/lib/python3.11/site-packages/scipy/_lib/_util.py:1181: RuntimeWarning: logm result may be inaccurate, approximate err = 9.75002421910176e-07
  return f(*arrays, *other_args, **kwargs)
/appdata/users/P101440/micromamba/envs/torch29/lib/python3.11/site-packages/scipy/_lib/_util.py:1181: RuntimeWarning: logm result may be inaccurate, approximate err = 1.1102713415311882e-06
  return f(*arrays, *other_args, **kwargs)
/appdata/users/P101440/micromamba/envs/torch29/lib/python3.11/site-packages/scipy/_lib/_util.py:1181: RuntimeWarning: logm result may be inaccurate, approximate err = 1.0506082617212087e-06
  return f(*arrays, *other_args, **kwargs)
/appdata/users/P101440/micromamba/envs/torch29/lib/python3.11/site-packages/scipy/_lib/_util.py:1181: RuntimeWarning: logm result may be inaccurate, approximate err = 1.0090195701195626e-06
  return f(*arrays, *other_args, **kwargs)
/appdata/users/P101440/micromamba/envs/torch29/lib/python3.11/site-packages/scipy/_lib/_util.py:1181: RuntimeWarning: logm result may be inaccurate, approximate err = 8.212501825255458e-07
  return f(*arrays, *other_args, **kwargs)
/appdata/users/P101440/micromamba/envs/torch29/lib/python3.11/site-packages/scipy/_lib/_util.py:1181: RuntimeWarning: logm result may be inaccurate, approximate err = 6.749274348294421e-07
  return f(*arrays, *other_args, **kwargs)
/appdata/users/P101440/micromamba/envs/torch29/lib/python3.11/site-packages/scipy/_lib/_util.py:1181: RuntimeWarning: logm result may be inaccurate, approximate err = 7.707211580054718e-07
  return f(*arrays, *other_args, **kwargs)
/appdata/users/P101440/micromamba/envs/torch29/lib/python3.11/site-packages/scipy/_lib/_util.py:1181: RuntimeWarning: logm result may be inaccurate, approximate err = 7.341479886235902e-07
  return f(*arrays, *other_args, **kwargs)
/appdata/users/P101440/micromamba/envs/torch29/lib/python3.11/site-packages/scipy/_lib/_util.py:1181: RuntimeWarning: logm result may be inaccurate, approximate err = 8.943645752879092e-07
  return f(*arrays, *other_args, **kwargs)
/appdata/users/P101440/micromamba/envs/torch29/lib/python3.11/site-packages/scipy/_lib/_util.py:1181: RuntimeWarning: logm result may be inaccurate, approximate err = 7.618255608576874e-07
  return f(*arrays, *other_args, **kwargs)
/appdata/users/P101440/micromamba/envs/torch29/lib/python3.11/site-packages/scipy/_lib/_util.py:1181: RuntimeWarning: logm result may be inaccurate, approximate err = 7.977955647220369e-07
  return f(*arrays, *other_args, **kwargs)
/appdata/users/P101440/micromamba/envs/torch29/lib/python3.11/site-packages/scipy/_lib/_util.py:1181: RuntimeWarning: logm result may be inaccurate, approximate err = 8.287378818749858e-07
  return f(*arrays, *other_args, **kwargs)
/appdata/users/P101440/micromamba/envs/torch29/lib/python3.11/site-packages/scipy/_lib/_util.py:1181: RuntimeWarning: logm result may be inaccurate, approximate err = 6.01433100655413e-07
  return f(*arrays, *other_args, **kwargs)
/appdata/users/P101440/micromamba/envs/torch29/lib/python3.11/site-packages/scipy/_lib/_util.py:1181: RuntimeWarning: logm result may be inaccurate, approximate err = 1.014023268908204e-06
  return f(*arrays, *other_args, **kwargs)
/appdata/users/P101440/micromamba/envs/torch29/lib/python3.11/site-packages/scipy/_lib/_util.py:1181: RuntimeWarning: logm result may be inaccurate, approximate err = 7.156671131269832e-07
  return f(*arrays, *other_args, **kwargs)
/appdata/users/P101440/micromamba/envs/torch29/lib/python3.11/site-packages/scipy/_lib/_util.py:1181: RuntimeWarning: logm result may be inaccurate, approximate err = 9.799582585401367e-07
  return f(*arrays, *other_args, **kwargs)
/appdata/users/P101440/micromamba/envs/torch29/lib/python3.11/site-packages/scipy/_lib/_util.py:1181: RuntimeWarning: logm result may be inaccurate, approximate err = 8.978772143564129e-07
  return f(*arrays, *other_args, **kwargs)
/appdata/users/P101440/micromamba/envs/torch29/lib/python3.11/site-packages/scipy/_lib/_util.py:1181: RuntimeWarning: logm result may be inaccurate, approximate err = 7.336929002121906e-07
  return f(*arrays, *other_args, **kwargs)
/appdata/users/P101440/micromamba/envs/torch29/lib/python3.11/site-packages/scipy/_lib/_util.py:1181: RuntimeWarning: logm result may be inaccurate, approximate err = 7.730101287961588e-07
  return f(*arrays, *other_args, **kwargs)
/appdata/users/P101440/micromamba/envs/torch29/lib/python3.11/site-packages/scipy/_lib/_util.py:1181: RuntimeWarning: logm result may be inaccurate, approximate err = 8.882558972800325e-07
  return f(*arrays, *other_args, **kwargs)
/appdata/users/P101440/micromamba/envs/torch29/lib/python3.11/site-packages/scipy/_lib/_util.py:1181: RuntimeWarning: logm result may be inaccurate, approximate err = 5.977873911433562e-07
  return f(*arrays, *other_args, **kwargs)
/appdata/users/P101440/micromamba/envs/torch29/lib/python3.11/site-packages/scipy/_lib/_util.py:1181: RuntimeWarning: logm result may be inaccurate, approximate err = 7.457989568138146e-07
  return f(*arrays, *other_args, **kwargs)
/appdata/users/P101440/micromamba/envs/torch29/lib/python3.11/site-packages/scipy/_lib/_util.py:1181: RuntimeWarning: logm result may be inaccurate, approximate err = 8.562279276702611e-07
  return f(*arrays, *other_args, **kwargs)
/appdata/users/P101440/micromamba/envs/torch29/lib/python3.11/site-packages/scipy/_lib/_util.py:1181: RuntimeWarning: logm result may be inaccurate, approximate err = 1.0486636483619804e-06
  return f(*arrays, *other_args, **kwargs)
/appdata/users/P101440/micromamba/envs/torch29/lib/python3.11/site-packages/scipy/_lib/_util.py:1181: RuntimeWarning: logm result may be inaccurate, approximate err = 1.023179606818303e-06
  return f(*arrays, *other_args, **kwargs)
/appdata/users/P101440/micromamba/envs/torch29/lib/python3.11/site-packages/scipy/_lib/_util.py:1181: RuntimeWarning: logm result may be inaccurate, approximate err = 1.057775193658017e-06
  return f(*arrays, *other_args, **kwargs)
/appdata/users/P101440/micromamba/envs/torch29/lib/python3.11/site-packages/scipy/_lib/_util.py:1181: RuntimeWarning: logm result may be inaccurate, approximate err = 9.190931109515077e-07
  return f(*arrays, *other_args, **kwargs)
/appdata/users/P101440/micromamba/envs/torch29/lib/python3.11/site-packages/scipy/_lib/_util.py:1181: RuntimeWarning: logm result may be inaccurate, approximate err = 6.868755235700519e-07
  return f(*arrays, *other_args, **kwargs)
/appdata/users/P101440/micromamba/envs/torch29/lib/python3.11/site-packages/scipy/_lib/_util.py:1181: RuntimeWarning: logm result may be inaccurate, approximate err = 9.266063329960161e-07
  return f(*arrays, *other_args, **kwargs)
/appdata/users/P101440/micromamba/envs/torch29/lib/python3.11/site-packages/scipy/_lib/_util.py:1181: RuntimeWarning: logm result may be inaccurate, approximate err = 1.0636988463375019e-06
  return f(*arrays, *other_args, **kwargs)
/appdata/users/P101440/micromamba/envs/torch29/lib/python3.11/site-packages/scipy/_lib/_util.py:1181: RuntimeWarning: logm result may be inaccurate, approximate err = 8.361243999388535e-07
  return f(*arrays, *other_args, **kwargs)
/appdata/users/P101440/micromamba/envs/torch29/lib/python3.11/site-packages/scipy/_lib/_util.py:1181: RuntimeWarning: logm result may be inaccurate, approximate err = 9.342070370621514e-07
  return f(*arrays, *other_args, **kwargs)
/appdata/users/P101440/micromamba/envs/torch29/lib/python3.11/site-packages/scipy/_lib/_util.py:1181: RuntimeWarning: logm result may be inaccurate, approximate err = 9.261282229999779e-07
  return f(*arrays, *other_args, **kwargs)
/appdata/users/P101440/micromamba/envs/torch29/lib/python3.11/site-packages/scipy/_lib/_util.py:1181: RuntimeWarning: logm result may be inaccurate, approximate err = 5.71448936170782e-07
  return f(*arrays, *other_args, **kwargs)
/appdata/users/P101440/micromamba/envs/torch29/lib/python3.11/site-packages/scipy/_lib/_util.py:1181: RuntimeWarning: logm result may be inaccurate, approximate err = 9.816860710998299e-07
  return f(*arrays, *other_args, **kwargs)
/appdata/users/P101440/micromamba/envs/torch29/lib/python3.11/site-packages/scipy/_lib/_util.py:1181: RuntimeWarning: logm result may be inaccurate, approximate err = 8.816338663564238e-07
  return f(*arrays, *other_args, **kwargs)
/appdata/users/P101440/micromamba/envs/torch29/lib/python3.11/site-packages/scipy/_lib/_util.py:1181: RuntimeWarning: logm result may be inaccurate, approximate err = 9.321628908764978e-07
  return f(*arrays, *other_args, **kwargs)
/appdata/users/P101440/micromamba/envs/torch29/lib/python3.11/site-packages/scipy/_lib/_util.py:1181: RuntimeWarning: logm result may be inaccurate, approximate err = 6.294690706454276e-07
  return f(*arrays, *other_args, **kwargs)
/appdata/users/P101440/micromamba/envs/torch29/lib/python3.11/site-packages/scipy/_lib/_util.py:1181: RuntimeWarning: logm result may be inaccurate, approximate err = 9.731559202919016e-07
  return f(*arrays, *other_args, **kwargs)
/appdata/users/P101440/micromamba/envs/torch29/lib/python3.11/site-packages/scipy/_lib/_util.py:1181: RuntimeWarning: logm result may be inaccurate, approximate err = 8.328302101290319e-07
  return f(*arrays, *other_args, **kwargs)
/appdata/users/P101440/micromamba/envs/torch29/lib/python3.11/site-packages/scipy/_lib/_util.py:1181: RuntimeWarning: logm result may be inaccurate, approximate err = 5.455123073261348e-07
  return f(*arrays, *other_args, **kwargs)
/appdata/users/P101440/micromamba/envs/torch29/lib/python3.11/site-packages/scipy/_lib/_util.py:1181: RuntimeWarning: logm result may be inaccurate, approximate err = 8.478634754283121e-07
  return f(*arrays, *other_args, **kwargs)
/appdata/users/P101440/micromamba/envs/torch29/lib/python3.11/site-packages/scipy/_lib/_util.py:1181: RuntimeWarning: logm result may be inaccurate, approximate err = 1.0405985904071713e-06
  return f(*arrays, *other_args, **kwargs)
/appdata/users/P101440/micromamba/envs/torch29/lib/python3.11/site-packages/scipy/_lib/_util.py:1181: RuntimeWarning: logm result may be inaccurate, approximate err = 8.326011311510229e-07
  return f(*arrays, *other_args, **kwargs)
/appdata/users/P101440/micromamba/envs/torch29/lib/python3.11/site-packages/scipy/_lib/_util.py:1181: RuntimeWarning: logm result may be inaccurate, approximate err = 8.074512720668281e-07
  return f(*arrays, *other_args, **kwargs)
/appdata/users/P101440/micromamba/envs/torch29/lib/python3.11/site-packages/scipy/_lib/_util.py:1181: RuntimeWarning: logm result may be inaccurate, approximate err = 8.78351613664563e-07
  return f(*arrays, *other_args, **kwargs)
/appdata/users/P101440/micromamba/envs/torch29/lib/python3.11/site-packages/scipy/_lib/_util.py:1181: RuntimeWarning: logm result may be inaccurate, approximate err = 9.604459592083003e-07
  return f(*arrays, *other_args, **kwargs)
/appdata/users/P101440/micromamba/envs/torch29/lib/python3.11/site-packages/scipy/_lib/_util.py:1181: RuntimeWarning: logm result may be inaccurate, approximate err = 8.647000981909514e-07
  return f(*arrays, *other_args, **kwargs)
/appdata/users/P101440/micromamba/envs/torch29/lib/python3.11/site-packages/scipy/_lib/_util.py:1181: RuntimeWarning: logm result may be inaccurate, approximate err = 9.222572430189757e-07
  return f(*arrays, *other_args, **kwargs)
/appdata/users/P101440/micromamba/envs/torch29/lib/python3.11/site-packages/scipy/_lib/_util.py:1181: RuntimeWarning: logm result may be inaccurate, approximate err = 8.202864023587608e-07
  return f(*arrays, *other_args, **kwargs)
/appdata/users/P101440/micromamba/envs/torch29/lib/python3.11/site-packages/scipy/_lib/_util.py:1181: RuntimeWarning: logm result may be inaccurate, approximate err = 8.708078098607075e-07
  return f(*arrays, *other_args, **kwargs)
/appdata/users/P101440/micromamba/envs/torch29/lib/python3.11/site-packages/scipy/_lib/_util.py:1181: RuntimeWarning: logm result may be inaccurate, approximate err = 6.936669478818658e-07
  return f(*arrays, *other_args, **kwargs)
/appdata/users/P101440/micromamba/envs/torch29/lib/python3.11/site-packages/scipy/_lib/_util.py:1181: RuntimeWarning: logm result may be inaccurate, approximate err = 7.98220241904346e-07
  return f(*arrays, *other_args, **kwargs)
/appdata/users/P101440/micromamba/envs/torch29/lib/python3.11/site-packages/scipy/_lib/_util.py:1181: RuntimeWarning: logm result may be inaccurate, approximate err = 7.943069135762926e-07
  return f(*arrays, *other_args, **kwargs)
/appdata/users/P101440/micromamba/envs/torch29/lib/python3.11/site-packages/scipy/_lib/_util.py:1181: RuntimeWarning: logm result may be inaccurate, approximate err = 1.0210708296654047e-06
  return f(*arrays, *other_args, **kwargs)
/appdata/users/P101440/micromamba/envs/torch29/lib/python3.11/site-packages/scipy/_lib/_util.py:1181: RuntimeWarning: logm result may be inaccurate, approximate err = 9.598973065294558e-07
  return f(*arrays, *other_args, **kwargs)
/appdata/users/P101440/micromamba/envs/torch29/lib/python3.11/site-packages/scipy/_lib/_util.py:1181: RuntimeWarning: logm result may be inaccurate, approximate err = 8.754757345741382e-07
  return f(*arrays, *other_args, **kwargs)
/appdata/users/P101440/micromamba/envs/torch29/lib/python3.11/site-packages/scipy/_lib/_util.py:1181: RuntimeWarning: logm result may be inaccurate, approximate err = 1.136957507696934e-06
  return f(*arrays, *other_args, **kwargs)
/appdata/users/P101440/micromamba/envs/torch29/lib/python3.11/site-packages/scipy/_lib/_util.py:1181: RuntimeWarning: logm result may be inaccurate, approximate err = 5.719612659049744e-07
  return f(*arrays, *other_args, **kwargs)
/appdata/users/P101440/micromamba/envs/torch29/lib/python3.11/site-packages/scipy/_lib/_util.py:1181: RuntimeWarning: logm result may be inaccurate, approximate err = 6.857748076072312e-07
  return f(*arrays, *other_args, **kwargs)
/appdata/users/P101440/micromamba/envs/torch29/lib/python3.11/site-packages/scipy/_lib/_util.py:1181: RuntimeWarning: logm result may be inaccurate, approximate err = 7.182323429333337e-07
  return f(*arrays, *other_args, **kwargs)
/appdata/users/P101440/micromamba/envs/torch29/lib/python3.11/site-packages/scipy/_lib/_util.py:1181: RuntimeWarning: logm result may be inaccurate, approximate err = 9.731321597428177e-07
  return f(*arrays, *other_args, **kwargs)
/appdata/users/P101440/micromamba/envs/torch29/lib/python3.11/site-packages/scipy/_lib/_util.py:1181: RuntimeWarning: logm result may be inaccurate, approximate err = 9.255537065655517e-07
  return f(*arrays, *other_args, **kwargs)
/appdata/users/P101440/micromamba/envs/torch29/lib/python3.11/site-packages/scipy/_lib/_util.py:1181: RuntimeWarning: logm result may be inaccurate, approximate err = 6.772138476662803e-07
  return f(*arrays, *other_args, **kwargs)
/appdata/users/P101440/micromamba/envs/torch29/lib/python3.11/site-packages/scipy/_lib/_util.py:1181: RuntimeWarning: logm result may be inaccurate, approximate err = 7.641217507625697e-07
  return f(*arrays, *other_args, **kwargs)
/appdata/users/P101440/micromamba/envs/torch29/lib/python3.11/site-packages/scipy/_lib/_util.py:1181: RuntimeWarning: logm result may be inaccurate, approximate err = 1.1215029189770576e-06
  return f(*arrays, *other_args, **kwargs)
/appdata/users/P101440/micromamba/envs/torch29/lib/python3.11/site-packages/scipy/_lib/_util.py:1181: RuntimeWarning: logm result may be inaccurate, approximate err = 7.618954782628862e-07
  return f(*arrays, *other_args, **kwargs)
/appdata/users/P101440/micromamba/envs/torch29/lib/python3.11/site-packages/scipy/_lib/_util.py:1181: RuntimeWarning: logm result may be inaccurate, approximate err = 7.161827397794696e-07
  return f(*arrays, *other_args, **kwargs)
/appdata/users/P101440/micromamba/envs/torch29/lib/python3.11/site-packages/scipy/_lib/_util.py:1181: RuntimeWarning: logm result may be inaccurate, approximate err = 8.279817507172993e-07
  return f(*arrays, *other_args, **kwargs)
/appdata/users/P101440/micromamba/envs/torch29/lib/python3.11/site-packages/scipy/_lib/_util.py:1181: RuntimeWarning: logm result may be inaccurate, approximate err = 6.715976041959948e-07
  return f(*arrays, *other_args, **kwargs)
/appdata/users/P101440/micromamba/envs/torch29/lib/python3.11/site-packages/scipy/_lib/_util.py:1181: RuntimeWarning: logm result may be inaccurate, approximate err = 9.688924365036655e-07
  return f(*arrays, *other_args, **kwargs)
/appdata/users/P101440/micromamba/envs/torch29/lib/python3.11/site-packages/scipy/_lib/_util.py:1181: RuntimeWarning: logm result may be inaccurate, approximate err = 7.310638352464593e-07
  return f(*arrays, *other_args, **kwargs)
/appdata/users/P101440/micromamba/envs/torch29/lib/python3.11/site-packages/scipy/_lib/_util.py:1181: RuntimeWarning: logm result may be inaccurate, approximate err = 7.089696509865462e-07
  return f(*arrays, *other_args, **kwargs)
/appdata/users/P101440/micromamba/envs/torch29/lib/python3.11/site-packages/scipy/_lib/_util.py:1181: RuntimeWarning: logm result may be inaccurate, approximate err = 7.662417260689836e-07
  return f(*arrays, *other_args, **kwargs)
/appdata/users/P101440/micromamba/envs/torch29/lib/python3.11/site-packages/scipy/_lib/_util.py:1181: RuntimeWarning: logm result may be inaccurate, approximate err = 9.898971029542736e-07
  return f(*arrays, *other_args, **kwargs)
/appdata/users/P101440/micromamba/envs/torch29/lib/python3.11/site-packages/scipy/_lib/_util.py:1181: RuntimeWarning: logm result may be inaccurate, approximate err = 6.552660352099338e-07
  return f(*arrays, *other_args, **kwargs)
/appdata/users/P101440/micromamba/envs/torch29/lib/python3.11/site-packages/scipy/_lib/_util.py:1181: RuntimeWarning: logm result may be inaccurate, approximate err = 8.612451551925915e-07
  return f(*arrays, *other_args, **kwargs)
/appdata/users/P101440/micromamba/envs/torch29/lib/python3.11/site-packages/scipy/_lib/_util.py:1181: RuntimeWarning: logm result may be inaccurate, approximate err = 8.101742992039362e-07
  return f(*arrays, *other_args, **kwargs)
/appdata/users/P101440/micromamba/envs/torch29/lib/python3.11/site-packages/scipy/_lib/_util.py:1181: RuntimeWarning: logm result may be inaccurate, approximate err = 8.627362717561482e-07
  return f(*arrays, *other_args, **kwargs)
/appdata/users/P101440/micromamba/envs/torch29/lib/python3.11/site-packages/scipy/_lib/_util.py:1181: RuntimeWarning: logm result may be inaccurate, approximate err = 1.0867156561289448e-06
  return f(*arrays, *other_args, **kwargs)
/appdata/users/P101440/micromamba/envs/torch29/lib/python3.11/site-packages/scipy/_lib/_util.py:1181: RuntimeWarning: logm result may be inaccurate, approximate err = 8.581022825637774e-07
  return f(*arrays, *other_args, **kwargs)
/appdata/users/P101440/micromamba/envs/torch29/lib/python3.11/site-packages/scipy/_lib/_util.py:1181: RuntimeWarning: logm result may be inaccurate, approximate err = 6.846935889370798e-07
  return f(*arrays, *other_args, **kwargs)
/appdata/users/P101440/micromamba/envs/torch29/lib/python3.11/site-packages/scipy/_lib/_util.py:1181: RuntimeWarning: logm result may be inaccurate, approximate err = 7.120267468962993e-07
  return f(*arrays, *other_args, **kwargs)
/appdata/users/P101440/micromamba/envs/torch29/lib/python3.11/site-packages/scipy/_lib/_util.py:1181: RuntimeWarning: logm result may be inaccurate, approximate err = 7.456265507244098e-07
  return f(*arrays, *other_args, **kwargs)
/appdata/users/P101440/micromamba/envs/torch29/lib/python3.11/site-packages/scipy/_lib/_util.py:1181: RuntimeWarning: logm result may be inaccurate, approximate err = 1.0469734661455732e-06
  return f(*arrays, *other_args, **kwargs)
/appdata/users/P101440/micromamba/envs/torch29/lib/python3.11/site-packages/scipy/_lib/_util.py:1181: RuntimeWarning: logm result may be inaccurate, approximate err = 7.178542205110716e-07
  return f(*arrays, *other_args, **kwargs)
/appdata/users/P101440/micromamba/envs/torch29/lib/python3.11/site-packages/scipy/_lib/_util.py:1181: RuntimeWarning: logm result may be inaccurate, approximate err = 1.0263723879688769e-06
  return f(*arrays, *other_args, **kwargs)
/appdata/users/P101440/micromamba/envs/torch29/lib/python3.11/site-packages/scipy/_lib/_util.py:1181: RuntimeWarning: logm result may be inaccurate, approximate err = 8.30519127248408e-07
  return f(*arrays, *other_args, **kwargs)
/appdata/users/P101440/micromamba/envs/torch29/lib/python3.11/site-packages/scipy/_lib/_util.py:1181: RuntimeWarning: logm result may be inaccurate, approximate err = 7.418549330395763e-07
  return f(*arrays, *other_args, **kwargs)
/appdata/users/P101440/micromamba/envs/torch29/lib/python3.11/site-packages/scipy/_lib/_util.py:1181: RuntimeWarning: logm result may be inaccurate, approximate err = 6.869221351735177e-07
  return f(*arrays, *other_args, **kwargs)
/appdata/users/P101440/micromamba/envs/torch29/lib/python3.11/site-packages/scipy/_lib/_util.py:1181: RuntimeWarning: logm result may be inaccurate, approximate err = 7.461184168278123e-07
  return f(*arrays, *other_args, **kwargs)
/appdata/users/P101440/micromamba/envs/torch29/lib/python3.11/site-packages/scipy/_lib/_util.py:1181: RuntimeWarning: logm result may be inaccurate, approximate err = 1.157295741904818e-06
  return f(*arrays, *other_args, **kwargs)
/appdata/users/P101440/micromamba/envs/torch29/lib/python3.11/site-packages/scipy/_lib/_util.py:1181: RuntimeWarning: logm result may be inaccurate, approximate err = 6.985848131080274e-07
  return f(*arrays, *other_args, **kwargs)
/appdata/users/P101440/micromamba/envs/torch29/lib/python3.11/site-packages/scipy/_lib/_util.py:1181: RuntimeWarning: logm result may be inaccurate, approximate err = 7.201213634289161e-07
  return f(*arrays, *other_args, **kwargs)
/appdata/users/P101440/micromamba/envs/torch29/lib/python3.11/site-packages/scipy/_lib/_util.py:1181: RuntimeWarning: logm result may be inaccurate, approximate err = 1.0129209613296553e-06
  return f(*arrays, *other_args, **kwargs)
/appdata/users/P101440/micromamba/envs/torch29/lib/python3.11/site-packages/scipy/_lib/_util.py:1181: RuntimeWarning: logm result may be inaccurate, approximate err = 1.0351626542615122e-06
  return f(*arrays, *other_args, **kwargs)
/appdata/users/P101440/micromamba/envs/torch29/lib/python3.11/site-packages/scipy/_lib/_util.py:1181: RuntimeWarning: logm result may be inaccurate, approximate err = 7.963340067362878e-07
  return f(*arrays, *other_args, **kwargs)
/appdata/users/P101440/micromamba/envs/torch29/lib/python3.11/site-packages/scipy/_lib/_util.py:1181: RuntimeWarning: logm result may be inaccurate, approximate err = 1.0985520475514932e-06
  return f(*arrays, *other_args, **kwargs)
/appdata/users/P101440/micromamba/envs/torch29/lib/python3.11/site-packages/scipy/_lib/_util.py:1181: RuntimeWarning: logm result may be inaccurate, approximate err = 9.314257454207109e-07
  return f(*arrays, *other_args, **kwargs)
/appdata/users/P101440/micromamba/envs/torch29/lib/python3.11/site-packages/scipy/_lib/_util.py:1181: RuntimeWarning: logm result may be inaccurate, approximate err = 8.375947118111071e-07
  return f(*arrays, *other_args, **kwargs)
/appdata/users/P101440/micromamba/envs/torch29/lib/python3.11/site-packages/scipy/_lib/_util.py:1181: RuntimeWarning: logm result may be inaccurate, approximate err = 7.060629059196799e-07
  return f(*arrays, *other_args, **kwargs)
/appdata/users/P101440/micromamba/envs/torch29/lib/python3.11/site-packages/scipy/_lib/_util.py:1181: RuntimeWarning: logm result may be inaccurate, approximate err = 6.1693157249465e-07
  return f(*arrays, *other_args, **kwargs)
/appdata/users/P101440/micromamba/envs/torch29/lib/python3.11/site-packages/scipy/_lib/_util.py:1181: RuntimeWarning: logm result may be inaccurate, approximate err = 6.867910542496247e-07
  return f(*arrays, *other_args, **kwargs)
/appdata/users/P101440/micromamba/envs/torch29/lib/python3.11/site-packages/scipy/_lib/_util.py:1181: RuntimeWarning: logm result may be inaccurate, approximate err = 1.0041754876510822e-06
  return f(*arrays, *other_args, **kwargs)
/appdata/users/P101440/micromamba/envs/torch29/lib/python3.11/site-packages/scipy/_lib/_util.py:1181: RuntimeWarning: logm result may be inaccurate, approximate err = 9.930815849656938e-07
  return f(*arrays, *other_args, **kwargs)
/appdata/users/P101440/micromamba/envs/torch29/lib/python3.11/site-packages/scipy/_lib/_util.py:1181: RuntimeWarning: logm result may be inaccurate, approximate err = 7.82507356689166e-07
  return f(*arrays, *other_args, **kwargs)
/appdata/users/P101440/micromamba/envs/torch29/lib/python3.11/site-packages/scipy/_lib/_util.py:1181: RuntimeWarning: logm result may be inaccurate, approximate err = 7.335703458011267e-07
  return f(*arrays, *other_args, **kwargs)
/appdata/users/P101440/micromamba/envs/torch29/lib/python3.11/site-packages/scipy/_lib/_util.py:1181: RuntimeWarning: logm result may be inaccurate, approximate err = 8.547850143258984e-07
  return f(*arrays, *other_args, **kwargs)
/appdata/users/P101440/micromamba/envs/torch29/lib/python3.11/site-packages/scipy/_lib/_util.py:1181: RuntimeWarning: logm result may be inaccurate, approximate err = 7.215340360744449e-07
  return f(*arrays, *other_args, **kwargs)
/appdata/users/P101440/micromamba/envs/torch29/lib/python3.11/site-packages/scipy/_lib/_util.py:1181: RuntimeWarning: logm result may be inaccurate, approximate err = 1.0130034979738411e-06
  return f(*arrays, *other_args, **kwargs)
/appdata/users/P101440/micromamba/envs/torch29/lib/python3.11/site-packages/scipy/_lib/_util.py:1181: RuntimeWarning: logm result may be inaccurate, approximate err = 7.980193572620919e-07
  return f(*arrays, *other_args, **kwargs)
/appdata/users/P101440/micromamba/envs/torch29/lib/python3.11/site-packages/scipy/_lib/_util.py:1181: RuntimeWarning: logm result may be inaccurate, approximate err = 1.1558279311429942e-06
  return f(*arrays, *other_args, **kwargs)
/appdata/users/P101440/micromamba/envs/torch29/lib/python3.11/site-packages/scipy/_lib/_util.py:1181: RuntimeWarning: logm result may be inaccurate, approximate err = 1.0001029977502185e-06
  return f(*arrays, *other_args, **kwargs)
/appdata/users/P101440/micromamba/envs/torch29/lib/python3.11/site-packages/scipy/_lib/_util.py:1181: RuntimeWarning: logm result may be inaccurate, approximate err = 9.358445254292747e-07
  return f(*arrays, *other_args, **kwargs)
/appdata/users/P101440/micromamba/envs/torch29/lib/python3.11/site-packages/scipy/_lib/_util.py:1181: RuntimeWarning: logm result may be inaccurate, approximate err = 1.2740614465656108e-06
  return f(*arrays, *other_args, **kwargs)
/appdata/users/P101440/micromamba/envs/torch29/lib/python3.11/site-packages/scipy/_lib/_util.py:1181: RuntimeWarning: logm result may be inaccurate, approximate err = 6.336115916383278e-07
  return f(*arrays, *other_args, **kwargs)
/appdata/users/P101440/micromamba/envs/torch29/lib/python3.11/site-packages/scipy/_lib/_util.py:1181: RuntimeWarning: logm result may be inaccurate, approximate err = 1.1993899988738121e-06
  return f(*arrays, *other_args, **kwargs)
/appdata/users/P101440/micromamba/envs/torch29/lib/python3.11/site-packages/scipy/_lib/_util.py:1181: RuntimeWarning: logm result may be inaccurate, approximate err = 6.891117436680361e-07
  return f(*arrays, *other_args, **kwargs)
/appdata/users/P101440/micromamba/envs/torch29/lib/python3.11/site-packages/scipy/_lib/_util.py:1181: RuntimeWarning: logm result may be inaccurate, approximate err = 7.911676789262856e-07
  return f(*arrays, *other_args, **kwargs)
/appdata/users/P101440/micromamba/envs/torch29/lib/python3.11/site-packages/scipy/_lib/_util.py:1181: RuntimeWarning: logm result may be inaccurate, approximate err = 7.799666832397634e-07
  return f(*arrays, *other_args, **kwargs)
/appdata/users/P101440/micromamba/envs/torch29/lib/python3.11/site-packages/scipy/_lib/_util.py:1181: RuntimeWarning: logm result may be inaccurate, approximate err = 7.622287512276671e-07
  return f(*arrays, *other_args, **kwargs)
/appdata/users/P101440/micromamba/envs/torch29/lib/python3.11/site-packages/scipy/_lib/_util.py:1181: RuntimeWarning: logm result may be inaccurate, approximate err = 5.962702971373801e-07
  return f(*arrays, *other_args, **kwargs)
/appdata/users/P101440/micromamba/envs/torch29/lib/python3.11/site-packages/scipy/_lib/_util.py:1181: RuntimeWarning: logm result may be inaccurate, approximate err = 1.289842430196586e-06
  return f(*arrays, *other_args, **kwargs)
/appdata/users/P101440/micromamba/envs/torch29/lib/python3.11/site-packages/scipy/_lib/_util.py:1181: RuntimeWarning: logm result may be inaccurate, approximate err = 8.173917649401119e-07
  return f(*arrays, *other_args, **kwargs)
/appdata/users/P101440/micromamba/envs/torch29/lib/python3.11/site-packages/scipy/_lib/_util.py:1181: RuntimeWarning: logm result may be inaccurate, approximate err = 7.313503260775178e-07
  return f(*arrays, *other_args, **kwargs)
/appdata/users/P101440/micromamba/envs/torch29/lib/python3.11/site-packages/scipy/_lib/_util.py:1181: RuntimeWarning: logm result may be inaccurate, approximate err = 9.245757155440515e-07
  return f(*arrays, *other_args, **kwargs)
/appdata/users/P101440/micromamba/envs/torch29/lib/python3.11/site-packages/scipy/_lib/_util.py:1181: RuntimeWarning: logm result may be inaccurate, approximate err = 8.1379022276451e-07
  return f(*arrays, *other_args, **kwargs)
/appdata/users/P101440/micromamba/envs/torch29/lib/python3.11/site-packages/scipy/_lib/_util.py:1181: RuntimeWarning: logm result may be inaccurate, approximate err = 7.08634843249456e-07
  return f(*arrays, *other_args, **kwargs)
/appdata/users/P101440/micromamba/envs/torch29/lib/python3.11/site-packages/scipy/_lib/_util.py:1181: RuntimeWarning: logm result may be inaccurate, approximate err = 6.239736194402212e-07
  return f(*arrays, *other_args, **kwargs)
/appdata/users/P101440/micromamba/envs/torch29/lib/python3.11/site-packages/scipy/_lib/_util.py:1181: RuntimeWarning: logm result may be inaccurate, approximate err = 1.0728786037361715e-06
  return f(*arrays, *other_args, **kwargs)
/appdata/users/P101440/micromamba/envs/torch29/lib/python3.11/site-packages/scipy/_lib/_util.py:1181: RuntimeWarning: logm result may be inaccurate, approximate err = 5.998074357194128e-07
  return f(*arrays, *other_args, **kwargs)
/appdata/users/P101440/micromamba/envs/torch29/lib/python3.11/site-packages/scipy/_lib/_util.py:1181: RuntimeWarning: logm result may be inaccurate, approximate err = 9.528002919978462e-07
  return f(*arrays, *other_args, **kwargs)
/appdata/users/P101440/micromamba/envs/torch29/lib/python3.11/site-packages/scipy/_lib/_util.py:1181: RuntimeWarning: logm result may be inaccurate, approximate err = 7.244528319461097e-07
  return f(*arrays, *other_args, **kwargs)
/appdata/users/P101440/micromamba/envs/torch29/lib/python3.11/site-packages/scipy/_lib/_util.py:1181: RuntimeWarning: logm result may be inaccurate, approximate err = 7.288660981430439e-07
  return f(*arrays, *other_args, **kwargs)
/appdata/users/P101440/micromamba/envs/torch29/lib/python3.11/site-packages/scipy/_lib/_util.py:1181: RuntimeWarning: logm result may be inaccurate, approximate err = 9.234586286765989e-07
  return f(*arrays, *other_args, **kwargs)
/appdata/users/P101440/micromamba/envs/torch29/lib/python3.11/site-packages/scipy/_lib/_util.py:1181: RuntimeWarning: logm result may be inaccurate, approximate err = 8.604334311712591e-07
  return f(*arrays, *other_args, **kwargs)
/appdata/users/P101440/micromamba/envs/torch29/lib/python3.11/site-packages/scipy/_lib/_util.py:1181: RuntimeWarning: logm result may be inaccurate, approximate err = 9.969734264814178e-07
  return f(*arrays, *other_args, **kwargs)
/appdata/users/P101440/micromamba/envs/torch29/lib/python3.11/site-packages/scipy/_lib/_util.py:1181: RuntimeWarning: logm result may be inaccurate, approximate err = 8.170201226675999e-07
  return f(*arrays, *other_args, **kwargs)
/appdata/users/P101440/micromamba/envs/torch29/lib/python3.11/site-packages/scipy/_lib/_util.py:1181: RuntimeWarning: logm result may be inaccurate, approximate err = 9.768073141458444e-07
  return f(*arrays, *other_args, **kwargs)
/appdata/users/P101440/micromamba/envs/torch29/lib/python3.11/site-packages/scipy/_lib/_util.py:1181: RuntimeWarning: logm result may be inaccurate, approximate err = 6.953972047085699e-07
  return f(*arrays, *other_args, **kwargs)
/appdata/users/P101440/micromamba/envs/torch29/lib/python3.11/site-packages/scipy/_lib/_util.py:1181: RuntimeWarning: logm result may be inaccurate, approximate err = 7.263371912813454e-07
  return f(*arrays, *other_args, **kwargs)
/appdata/users/P101440/micromamba/envs/torch29/lib/python3.11/site-packages/scipy/_lib/_util.py:1181: RuntimeWarning: logm result may be inaccurate, approximate err = 8.391638743887597e-07
  return f(*arrays, *other_args, **kwargs)
/appdata/users/P101440/micromamba/envs/torch29/lib/python3.11/site-packages/scipy/_lib/_util.py:1181: RuntimeWarning: logm result may be inaccurate, approximate err = 1.0742588756329496e-06
  return f(*arrays, *other_args, **kwargs)
/appdata/users/P101440/micromamba/envs/torch29/lib/python3.11/site-packages/scipy/_lib/_util.py:1181: RuntimeWarning: logm result may be inaccurate, approximate err = 5.170887789063272e-07
  return f(*arrays, *other_args, **kwargs)
/appdata/users/P101440/micromamba/envs/torch29/lib/python3.11/site-packages/scipy/_lib/_util.py:1181: RuntimeWarning: logm result may be inaccurate, approximate err = 7.608580290252576e-07
  return f(*arrays, *other_args, **kwargs)
/appdata/users/P101440/micromamba/envs/torch29/lib/python3.11/site-packages/scipy/_lib/_util.py:1181: RuntimeWarning: logm result may be inaccurate, approximate err = 9.58662326411286e-07
  return f(*arrays, *other_args, **kwargs)
/appdata/users/P101440/micromamba/envs/torch29/lib/python3.11/site-packages/scipy/_lib/_util.py:1181: RuntimeWarning: logm result may be inaccurate, approximate err = 1.3116000445734244e-06
  return f(*arrays, *other_args, **kwargs)
/appdata/users/P101440/micromamba/envs/torch29/lib/python3.11/site-packages/scipy/_lib/_util.py:1181: RuntimeWarning: logm result may be inaccurate, approximate err = 7.953915996949945e-07
  return f(*arrays, *other_args, **kwargs)
/appdata/users/P101440/micromamba/envs/torch29/lib/python3.11/site-packages/scipy/_lib/_util.py:1181: RuntimeWarning: logm result may be inaccurate, approximate err = 8.460265803478251e-07
  return f(*arrays, *other_args, **kwargs)
/appdata/users/P101440/micromamba/envs/torch29/lib/python3.11/site-packages/scipy/_lib/_util.py:1181: RuntimeWarning: logm result may be inaccurate, approximate err = 1.0635286571414326e-06
  return f(*arrays, *other_args, **kwargs)
/appdata/users/P101440/micromamba/envs/torch29/lib/python3.11/site-packages/scipy/_lib/_util.py:1181: RuntimeWarning: logm result may be inaccurate, approximate err = 6.138416779322142e-07
  return f(*arrays, *other_args, **kwargs)
/appdata/users/P101440/micromamba/envs/torch29/lib/python3.11/site-packages/scipy/_lib/_util.py:1181: RuntimeWarning: logm result may be inaccurate, approximate err = 7.800852017680882e-07
  return f(*arrays, *other_args, **kwargs)
/appdata/users/P101440/micromamba/envs/torch29/lib/python3.11/site-packages/scipy/_lib/_util.py:1181: RuntimeWarning: logm result may be inaccurate, approximate err = 6.875997655697574e-07
  return f(*arrays, *other_args, **kwargs)
/appdata/users/P101440/micromamba/envs/torch29/lib/python3.11/site-packages/scipy/_lib/_util.py:1181: RuntimeWarning: logm result may be inaccurate, approximate err = 7.127683261387574e-07
  return f(*arrays, *other_args, **kwargs)
/appdata/users/P101440/micromamba/envs/torch29/lib/python3.11/site-packages/scipy/_lib/_util.py:1181: RuntimeWarning: logm result may be inaccurate, approximate err = 7.056102617752913e-07
  return f(*arrays, *other_args, **kwargs)
/appdata/users/P101440/micromamba/envs/torch29/lib/python3.11/site-packages/scipy/_lib/_util.py:1181: RuntimeWarning: logm result may be inaccurate, approximate err = 8.061878133958089e-07
  return f(*arrays, *other_args, **kwargs)
/appdata/users/P101440/micromamba/envs/torch29/lib/python3.11/site-packages/scipy/_lib/_util.py:1181: RuntimeWarning: logm result may be inaccurate, approximate err = 7.876643053350563e-07
  return f(*arrays, *other_args, **kwargs)
/appdata/users/P101440/micromamba/envs/torch29/lib/python3.11/site-packages/scipy/_lib/_util.py:1181: RuntimeWarning: logm result may be inaccurate, approximate err = 6.328830863822077e-07
  return f(*arrays, *other_args, **kwargs)
/appdata/users/P101440/micromamba/envs/torch29/lib/python3.11/site-packages/scipy/_lib/_util.py:1181: RuntimeWarning: logm result may be inaccurate, approximate err = 8.661460810799326e-07
  return f(*arrays, *other_args, **kwargs)
/appdata/users/P101440/micromamba/envs/torch29/lib/python3.11/site-packages/scipy/_lib/_util.py:1181: RuntimeWarning: logm result may be inaccurate, approximate err = 1.4645152077719104e-06
  return f(*arrays, *other_args, **kwargs)
/appdata/users/P101440/micromamba/envs/torch29/lib/python3.11/site-packages/scipy/_lib/_util.py:1181: RuntimeWarning: logm result may be inaccurate, approximate err = 8.420632298111741e-07
  return f(*arrays, *other_args, **kwargs)
/appdata/users/P101440/micromamba/envs/torch29/lib/python3.11/site-packages/scipy/_lib/_util.py:1181: RuntimeWarning: logm result may be inaccurate, approximate err = 6.37757409549522e-07
  return f(*arrays, *other_args, **kwargs)
/appdata/users/P101440/micromamba/envs/torch29/lib/python3.11/site-packages/scipy/_lib/_util.py:1181: RuntimeWarning: logm result may be inaccurate, approximate err = 8.939592248680128e-07
  return f(*arrays, *other_args, **kwargs)
/appdata/users/P101440/micromamba/envs/torch29/lib/python3.11/site-packages/scipy/_lib/_util.py:1181: RuntimeWarning: logm result may be inaccurate, approximate err = 6.178909188747639e-07
  return f(*arrays, *other_args, **kwargs)
/appdata/users/P101440/micromamba/envs/torch29/lib/python3.11/site-packages/scipy/_lib/_util.py:1181: RuntimeWarning: logm result may be inaccurate, approximate err = 1.1462900602055015e-06
  return f(*arrays, *other_args, **kwargs)
/appdata/users/P101440/micromamba/envs/torch29/lib/python3.11/site-packages/scipy/_lib/_util.py:1181: RuntimeWarning: logm result may be inaccurate, approximate err = 8.4987846094009e-07
  return f(*arrays, *other_args, **kwargs)
/appdata/users/P101440/micromamba/envs/torch29/lib/python3.11/site-packages/scipy/_lib/_util.py:1181: RuntimeWarning: logm result may be inaccurate, approximate err = 9.493764423496032e-07
  return f(*arrays, *other_args, **kwargs)
/appdata/users/P101440/micromamba/envs/torch29/lib/python3.11/site-packages/scipy/_lib/_util.py:1181: RuntimeWarning: logm result may be inaccurate, approximate err = 1.0503928251637262e-06
  return f(*arrays, *other_args, **kwargs)
/appdata/users/P101440/micromamba/envs/torch29/lib/python3.11/site-packages/scipy/_lib/_util.py:1181: RuntimeWarning: logm result may be inaccurate, approximate err = 7.915086257526127e-07
  return f(*arrays, *other_args, **kwargs)
/appdata/users/P101440/micromamba/envs/torch29/lib/python3.11/site-packages/scipy/_lib/_util.py:1181: RuntimeWarning: logm result may be inaccurate, approximate err = 1.3186332807890722e-06
  return f(*arrays, *other_args, **kwargs)
/appdata/users/P101440/micromamba/envs/torch29/lib/python3.11/site-packages/scipy/_lib/_util.py:1181: RuntimeWarning: logm result may be inaccurate, approximate err = 8.671931936987676e-07
  return f(*arrays, *other_args, **kwargs)
/appdata/users/P101440/micromamba/envs/torch29/lib/python3.11/site-packages/scipy/_lib/_util.py:1181: RuntimeWarning: logm result may be inaccurate, approximate err = 9.453336815568036e-07
  return f(*arrays, *other_args, **kwargs)
/appdata/users/P101440/micromamba/envs/torch29/lib/python3.11/site-packages/scipy/_lib/_util.py:1181: RuntimeWarning: logm result may be inaccurate, approximate err = 7.252457407957991e-07
  return f(*arrays, *other_args, **kwargs)
/appdata/users/P101440/micromamba/envs/torch29/lib/python3.11/site-packages/scipy/_lib/_util.py:1181: RuntimeWarning: logm result may be inaccurate, approximate err = 8.345704145540367e-07
  return f(*arrays, *other_args, **kwargs)
/appdata/users/P101440/micromamba/envs/torch29/lib/python3.11/site-packages/scipy/_lib/_util.py:1181: RuntimeWarning: logm result may be inaccurate, approximate err = 8.368011208403914e-07
  return f(*arrays, *other_args, **kwargs)
/appdata/users/P101440/micromamba/envs/torch29/lib/python3.11/site-packages/scipy/_lib/_util.py:1181: RuntimeWarning: logm result may be inaccurate, approximate err = 8.818076935313002e-07
  return f(*arrays, *other_args, **kwargs)
/appdata/users/P101440/micromamba/envs/torch29/lib/python3.11/site-packages/scipy/_lib/_util.py:1181: RuntimeWarning: logm result may be inaccurate, approximate err = 1.0465151945027173e-06
  return f(*arrays, *other_args, **kwargs)
/appdata/users/P101440/micromamba/envs/torch29/lib/python3.11/site-packages/scipy/_lib/_util.py:1181: RuntimeWarning: logm result may be inaccurate, approximate err = 9.6663632120908e-07
  return f(*arrays, *other_args, **kwargs)
/appdata/users/P101440/micromamba/envs/torch29/lib/python3.11/site-packages/scipy/_lib/_util.py:1181: RuntimeWarning: logm result may be inaccurate, approximate err = 8.126964416987903e-07
  return f(*arrays, *other_args, **kwargs)
/appdata/users/P101440/micromamba/envs/torch29/lib/python3.11/site-packages/scipy/_lib/_util.py:1181: RuntimeWarning: logm result may be inaccurate, approximate err = 1.1862362043757457e-06
  return f(*arrays, *other_args, **kwargs)
/appdata/users/P101440/micromamba/envs/torch29/lib/python3.11/site-packages/scipy/_lib/_util.py:1181: RuntimeWarning: logm result may be inaccurate, approximate err = 8.143119885062333e-07
  return f(*arrays, *other_args, **kwargs)
/appdata/users/P101440/micromamba/envs/torch29/lib/python3.11/site-packages/scipy/_lib/_util.py:1181: RuntimeWarning: logm result may be inaccurate, approximate err = 1.0729444284152123e-06
  return f(*arrays, *other_args, **kwargs)
/appdata/users/P101440/micromamba/envs/torch29/lib/python3.11/site-packages/scipy/_lib/_util.py:1181: RuntimeWarning: logm result may be inaccurate, approximate err = 6.950750162104669e-07
  return f(*arrays, *other_args, **kwargs)
/appdata/users/P101440/micromamba/envs/torch29/lib/python3.11/site-packages/scipy/_lib/_util.py:1181: RuntimeWarning: logm result may be inaccurate, approximate err = 8.944522278397926e-07
  return f(*arrays, *other_args, **kwargs)
/appdata/users/P101440/micromamba/envs/torch29/lib/python3.11/site-packages/scipy/_lib/_util.py:1181: RuntimeWarning: logm result may be inaccurate, approximate err = 9.75249122348032e-07
  return f(*arrays, *other_args, **kwargs)
/appdata/users/P101440/micromamba/envs/torch29/lib/python3.11/site-packages/scipy/_lib/_util.py:1181: RuntimeWarning: logm result may be inaccurate, approximate err = 9.033020091919752e-07
  return f(*arrays, *other_args, **kwargs)
/appdata/users/P101440/micromamba/envs/torch29/lib/python3.11/site-packages/scipy/_lib/_util.py:1181: RuntimeWarning: logm result may be inaccurate, approximate err = 6.810562922510144e-07
  return f(*arrays, *other_args, **kwargs)
/appdata/users/P101440/micromamba/envs/torch29/lib/python3.11/site-packages/scipy/_lib/_util.py:1181: RuntimeWarning: logm result may be inaccurate, approximate err = 1.0921587545453804e-06
  return f(*arrays, *other_args, **kwargs)
/appdata/users/P101440/micromamba/envs/torch29/lib/python3.11/site-packages/scipy/_lib/_util.py:1181: RuntimeWarning: logm result may be inaccurate, approximate err = 8.959484034676279e-07
  return f(*arrays, *other_args, **kwargs)
/appdata/users/P101440/micromamba/envs/torch29/lib/python3.11/site-packages/scipy/_lib/_util.py:1181: RuntimeWarning: logm result may be inaccurate, approximate err = 1.3973898376207217e-06
  return f(*arrays, *other_args, **kwargs)
/appdata/users/P101440/micromamba/envs/torch29/lib/python3.11/site-packages/scipy/_lib/_util.py:1181: RuntimeWarning: logm result may be inaccurate, approximate err = 8.31726310934755e-07
  return f(*arrays, *other_args, **kwargs)
/appdata/users/P101440/micromamba/envs/torch29/lib/python3.11/site-packages/scipy/_lib/_util.py:1181: RuntimeWarning: logm result may be inaccurate, approximate err = 1.1318446695440798e-06
  return f(*arrays, *other_args, **kwargs)
/appdata/users/P101440/micromamba/envs/torch29/lib/python3.11/site-packages/scipy/_lib/_util.py:1181: RuntimeWarning: logm result may be inaccurate, approximate err = 6.690918894491915e-07
  return f(*arrays, *other_args, **kwargs)
/appdata/users/P101440/micromamba/envs/torch29/lib/python3.11/site-packages/scipy/_lib/_util.py:1181: RuntimeWarning: logm result may be inaccurate, approximate err = 1.443312612536829e-06
  return f(*arrays, *other_args, **kwargs)
/appdata/users/P101440/micromamba/envs/torch29/lib/python3.11/site-packages/scipy/_lib/_util.py:1181: RuntimeWarning: logm result may be inaccurate, approximate err = 7.698399144828727e-07
  return f(*arrays, *other_args, **kwargs)
/appdata/users/P101440/micromamba/envs/torch29/lib/python3.11/site-packages/scipy/_lib/_util.py:1181: RuntimeWarning: logm result may be inaccurate, approximate err = 7.928416607683175e-07
  return f(*arrays, *other_args, **kwargs)
/appdata/users/P101440/micromamba/envs/torch29/lib/python3.11/site-packages/scipy/_lib/_util.py:1181: RuntimeWarning: logm result may be inaccurate, approximate err = 5.818397994516999e-07
  return f(*arrays, *other_args, **kwargs)
/appdata/users/P101440/micromamba/envs/torch29/lib/python3.11/site-packages/scipy/_lib/_util.py:1181: RuntimeWarning: logm result may be inaccurate, approximate err = 7.996185331649031e-07
  return f(*arrays, *other_args, **kwargs)
/appdata/users/P101440/micromamba/envs/torch29/lib/python3.11/site-packages/scipy/_lib/_util.py:1181: RuntimeWarning: logm result may be inaccurate, approximate err = 5.721595357499609e-07
  return f(*arrays, *other_args, **kwargs)
/appdata/users/P101440/micromamba/envs/torch29/lib/python3.11/site-packages/scipy/_lib/_util.py:1181: RuntimeWarning: logm result may be inaccurate, approximate err = 1.0363211231378955e-06
  return f(*arrays, *other_args, **kwargs)
/appdata/users/P101440/micromamba/envs/torch29/lib/python3.11/site-packages/scipy/_lib/_util.py:1181: RuntimeWarning: logm result may be inaccurate, approximate err = 1.2306988992349943e-06
  return f(*arrays, *other_args, **kwargs)
/appdata/users/P101440/micromamba/envs/torch29/lib/python3.11/site-packages/scipy/_lib/_util.py:1181: RuntimeWarning: logm result may be inaccurate, approximate err = 7.759754794278706e-07
  return f(*arrays, *other_args, **kwargs)
/appdata/users/P101440/micromamba/envs/torch29/lib/python3.11/site-packages/scipy/_lib/_util.py:1181: RuntimeWarning: logm result may be inaccurate, approximate err = 7.645590471838659e-07
  return f(*arrays, *other_args, **kwargs)
/appdata/users/P101440/micromamba/envs/torch29/lib/python3.11/site-packages/scipy/_lib/_util.py:1181: RuntimeWarning: logm result may be inaccurate, approximate err = 1.0007540822698502e-06
  return f(*arrays, *other_args, **kwargs)
/appdata/users/P101440/micromamba/envs/torch29/lib/python3.11/site-packages/scipy/_lib/_util.py:1181: RuntimeWarning: logm result may be inaccurate, approximate err = 1.2048111557305674e-06
  return f(*arrays, *other_args, **kwargs)
/appdata/users/P101440/micromamba/envs/torch29/lib/python3.11/site-packages/scipy/_lib/_util.py:1181: RuntimeWarning: logm result may be inaccurate, approximate err = 5.28719567682856e-07
  return f(*arrays, *other_args, **kwargs)
/appdata/users/P101440/micromamba/envs/torch29/lib/python3.11/site-packages/scipy/_lib/_util.py:1181: RuntimeWarning: logm result may be inaccurate, approximate err = 1.2435179996828083e-06
  return f(*arrays, *other_args, **kwargs)
/appdata/users/P101440/micromamba/envs/torch29/lib/python3.11/site-packages/scipy/_lib/_util.py:1181: RuntimeWarning: logm result may be inaccurate, approximate err = 8.494225198774075e-07
  return f(*arrays, *other_args, **kwargs)
/appdata/users/P101440/micromamba/envs/torch29/lib/python3.11/site-packages/scipy/_lib/_util.py:1181: RuntimeWarning: logm result may be inaccurate, approximate err = 7.504058885388076e-07
  return f(*arrays, *other_args, **kwargs)
/appdata/users/P101440/micromamba/envs/torch29/lib/python3.11/site-packages/scipy/_lib/_util.py:1181: RuntimeWarning: logm result may be inaccurate, approximate err = 7.429783295265224e-07
  return f(*arrays, *other_args, **kwargs)
/appdata/users/P101440/micromamba/envs/torch29/lib/python3.11/site-packages/scipy/_lib/_util.py:1181: RuntimeWarning: logm result may be inaccurate, approximate err = 7.700949709033011e-07
  return f(*arrays, *other_args, **kwargs)
/appdata/users/P101440/micromamba/envs/torch29/lib/python3.11/site-packages/scipy/_lib/_util.py:1181: RuntimeWarning: logm result may be inaccurate, approximate err = 6.478705927293049e-07
  return f(*arrays, *other_args, **kwargs)
/appdata/users/P101440/micromamba/envs/torch29/lib/python3.11/site-packages/scipy/_lib/_util.py:1181: RuntimeWarning: logm result may be inaccurate, approximate err = 8.883698114914296e-07
  return f(*arrays, *other_args, **kwargs)
/appdata/users/P101440/micromamba/envs/torch29/lib/python3.11/site-packages/scipy/_lib/_util.py:1181: RuntimeWarning: logm result may be inaccurate, approximate err = 1.0309599929314572e-06
  return f(*arrays, *other_args, **kwargs)
/appdata/users/P101440/micromamba/envs/torch29/lib/python3.11/site-packages/scipy/_lib/_util.py:1181: RuntimeWarning: logm result may be inaccurate, approximate err = 1.0085841495310888e-06
  return f(*arrays, *other_args, **kwargs)
/appdata/users/P101440/micromamba/envs/torch29/lib/python3.11/site-packages/scipy/_lib/_util.py:1181: RuntimeWarning: logm result may be inaccurate, approximate err = 6.201339601830114e-07
  return f(*arrays, *other_args, **kwargs)
/appdata/users/P101440/micromamba/envs/torch29/lib/python3.11/site-packages/scipy/_lib/_util.py:1181: RuntimeWarning: logm result may be inaccurate, approximate err = 7.64668470765173e-07
  return f(*arrays, *other_args, **kwargs)
/appdata/users/P101440/micromamba/envs/torch29/lib/python3.11/site-packages/scipy/_lib/_util.py:1181: RuntimeWarning: logm result may be inaccurate, approximate err = 1.1843972060887609e-06
  return f(*arrays, *other_args, **kwargs)
/appdata/users/P101440/micromamba/envs/torch29/lib/python3.11/site-packages/scipy/_lib/_util.py:1181: RuntimeWarning: logm result may be inaccurate, approximate err = 5.916254508520069e-07
  return f(*arrays, *other_args, **kwargs)
/appdata/users/P101440/micromamba/envs/torch29/lib/python3.11/site-packages/scipy/_lib/_util.py:1181: RuntimeWarning: logm result may be inaccurate, approximate err = 9.250173889086e-07
  return f(*arrays, *other_args, **kwargs)
/appdata/users/P101440/micromamba/envs/torch29/lib/python3.11/site-packages/scipy/_lib/_util.py:1181: RuntimeWarning: logm result may be inaccurate, approximate err = 6.885397283440398e-07
  return f(*arrays, *other_args, **kwargs)
/appdata/users/P101440/micromamba/envs/torch29/lib/python3.11/site-packages/scipy/_lib/_util.py:1181: RuntimeWarning: logm result may be inaccurate, approximate err = 9.850025435298448e-07
  return f(*arrays, *other_args, **kwargs)
/appdata/users/P101440/micromamba/envs/torch29/lib/python3.11/site-packages/scipy/_lib/_util.py:1181: RuntimeWarning: logm result may be inaccurate, approximate err = 7.483800459340273e-07
  return f(*arrays, *other_args, **kwargs)
/appdata/users/P101440/micromamba/envs/torch29/lib/python3.11/site-packages/scipy/_lib/_util.py:1181: RuntimeWarning: logm result may be inaccurate, approximate err = 5.486942882271251e-07
  return f(*arrays, *other_args, **kwargs)
/appdata/users/P101440/micromamba/envs/torch29/lib/python3.11/site-packages/scipy/_lib/_util.py:1181: RuntimeWarning: logm result may be inaccurate, approximate err = 8.352267855116224e-07
  return f(*arrays, *other_args, **kwargs)
/appdata/users/P101440/micromamba/envs/torch29/lib/python3.11/site-packages/scipy/_lib/_util.py:1181: RuntimeWarning: logm result may be inaccurate, approximate err = 6.064809099370905e-07
  return f(*arrays, *other_args, **kwargs)
/appdata/users/P101440/micromamba/envs/torch29/lib/python3.11/site-packages/scipy/_lib/_util.py:1181: RuntimeWarning: logm result may be inaccurate, approximate err = 8.315669219882693e-07
  return f(*arrays, *other_args, **kwargs)
/appdata/users/P101440/micromamba/envs/torch29/lib/python3.11/site-packages/scipy/_lib/_util.py:1181: RuntimeWarning: logm result may be inaccurate, approximate err = 1.1598691571634845e-06
  return f(*arrays, *other_args, **kwargs)
/appdata/users/P101440/micromamba/envs/torch29/lib/python3.11/site-packages/scipy/_lib/_util.py:1181: RuntimeWarning: logm result may be inaccurate, approximate err = 8.417704862040409e-07
  return f(*arrays, *other_args, **kwargs)
/appdata/users/P101440/micromamba/envs/torch29/lib/python3.11/site-packages/scipy/_lib/_util.py:1181: RuntimeWarning: logm result may be inaccurate, approximate err = 9.202859132528829e-07
  return f(*arrays, *other_args, **kwargs)
/appdata/users/P101440/micromamba/envs/torch29/lib/python3.11/site-packages/scipy/_lib/_util.py:1181: RuntimeWarning: logm result may be inaccurate, approximate err = 6.547608109030989e-07
  return f(*arrays, *other_args, **kwargs)
/appdata/users/P101440/micromamba/envs/torch29/lib/python3.11/site-packages/scipy/_lib/_util.py:1181: RuntimeWarning: logm result may be inaccurate, approximate err = 1.0048133844975382e-06
  return f(*arrays, *other_args, **kwargs)
/appdata/users/P101440/micromamba/envs/torch29/lib/python3.11/site-packages/scipy/_lib/_util.py:1181: RuntimeWarning: logm result may be inaccurate, approximate err = 1.1556210210983409e-06
  return f(*arrays, *other_args, **kwargs)
/appdata/users/P101440/micromamba/envs/torch29/lib/python3.11/site-packages/scipy/_lib/_util.py:1181: RuntimeWarning: logm result may be inaccurate, approximate err = 7.863687869757996e-07
  return f(*arrays, *other_args, **kwargs)
/appdata/users/P101440/micromamba/envs/torch29/lib/python3.11/site-packages/scipy/_lib/_util.py:1181: RuntimeWarning: logm result may be inaccurate, approximate err = 7.029961466287205e-07
  return f(*arrays, *other_args, **kwargs)
/appdata/users/P101440/micromamba/envs/torch29/lib/python3.11/site-packages/scipy/_lib/_util.py:1181: RuntimeWarning: logm result may be inaccurate, approximate err = 8.455497209070018e-07
  return f(*arrays, *other_args, **kwargs)
/appdata/users/P101440/micromamba/envs/torch29/lib/python3.11/site-packages/scipy/_lib/_util.py:1181: RuntimeWarning: logm result may be inaccurate, approximate err = 8.960601576291083e-07
  return f(*arrays, *other_args, **kwargs)
/appdata/users/P101440/micromamba/envs/torch29/lib/python3.11/site-packages/scipy/_lib/_util.py:1181: RuntimeWarning: logm result may be inaccurate, approximate err = 8.184332500604796e-07
  return f(*arrays, *other_args, **kwargs)
/appdata/users/P101440/micromamba/envs/torch29/lib/python3.11/site-packages/scipy/_lib/_util.py:1181: RuntimeWarning: logm result may be inaccurate, approximate err = 7.049735586406314e-07
  return f(*arrays, *other_args, **kwargs)
/appdata/users/P101440/micromamba/envs/torch29/lib/python3.11/site-packages/scipy/_lib/_util.py:1181: RuntimeWarning: logm result may be inaccurate, approximate err = 1.126664301409619e-06
  return f(*arrays, *other_args, **kwargs)
/appdata/users/P101440/micromamba/envs/torch29/lib/python3.11/site-packages/scipy/_lib/_util.py:1181: RuntimeWarning: logm result may be inaccurate, approximate err = 8.549209837838134e-07
  return f(*arrays, *other_args, **kwargs)
/appdata/users/P101440/micromamba/envs/torch29/lib/python3.11/site-packages/scipy/_lib/_util.py:1181: RuntimeWarning: logm result may be inaccurate, approximate err = 7.44046417366917e-07
  return f(*arrays, *other_args, **kwargs)
/appdata/users/P101440/micromamba/envs/torch29/lib/python3.11/site-packages/scipy/_lib/_util.py:1181: RuntimeWarning: logm result may be inaccurate, approximate err = 7.265629164976417e-07
  return f(*arrays, *other_args, **kwargs)
/appdata/users/P101440/micromamba/envs/torch29/lib/python3.11/site-packages/scipy/_lib/_util.py:1181: RuntimeWarning: logm result may be inaccurate, approximate err = 8.038891792239156e-07
  return f(*arrays, *other_args, **kwargs)
/appdata/users/P101440/micromamba/envs/torch29/lib/python3.11/site-packages/scipy/_lib/_util.py:1181: RuntimeWarning: logm result may be inaccurate, approximate err = 6.30382032795751e-07
  return f(*arrays, *other_args, **kwargs)
/appdata/users/P101440/micromamba/envs/torch29/lib/python3.11/site-packages/scipy/_lib/_util.py:1181: RuntimeWarning: logm result may be inaccurate, approximate err = 7.696286274949671e-07
  return f(*arrays, *other_args, **kwargs)
/appdata/users/P101440/micromamba/envs/torch29/lib/python3.11/site-packages/scipy/_lib/_util.py:1181: RuntimeWarning: logm result may be inaccurate, approximate err = 8.164321343429037e-07
  return f(*arrays, *other_args, **kwargs)
/appdata/users/P101440/micromamba/envs/torch29/lib/python3.11/site-packages/scipy/_lib/_util.py:1181: RuntimeWarning: logm result may be inaccurate, approximate err = 8.642369948574924e-07
  return f(*arrays, *other_args, **kwargs)
/appdata/users/P101440/micromamba/envs/torch29/lib/python3.11/site-packages/scipy/_lib/_util.py:1181: RuntimeWarning: logm result may be inaccurate, approximate err = 8.655646865918243e-07
  return f(*arrays, *other_args, **kwargs)
/appdata/users/P101440/micromamba/envs/torch29/lib/python3.11/site-packages/scipy/_lib/_util.py:1181: RuntimeWarning: logm result may be inaccurate, approximate err = 6.094888931329479e-07
  return f(*arrays, *other_args, **kwargs)
/appdata/users/P101440/micromamba/envs/torch29/lib/python3.11/site-packages/scipy/_lib/_util.py:1181: RuntimeWarning: logm result may be inaccurate, approximate err = 6.310768867479055e-07
  return f(*arrays, *other_args, **kwargs)
/appdata/users/P101440/micromamba/envs/torch29/lib/python3.11/site-packages/scipy/_lib/_util.py:1181: RuntimeWarning: logm result may be inaccurate, approximate err = 7.216236213025695e-07
  return f(*arrays, *other_args, **kwargs)
/appdata/users/P101440/micromamba/envs/torch29/lib/python3.11/site-packages/scipy/_lib/_util.py:1181: RuntimeWarning: logm result may be inaccurate, approximate err = 1.032654836308211e-06
  return f(*arrays, *other_args, **kwargs)
/appdata/users/P101440/micromamba/envs/torch29/lib/python3.11/site-packages/scipy/_lib/_util.py:1181: RuntimeWarning: logm result may be inaccurate, approximate err = 6.694552894259687e-07
  return f(*arrays, *other_args, **kwargs)
/appdata/users/P101440/micromamba/envs/torch29/lib/python3.11/site-packages/scipy/_lib/_util.py:1181: RuntimeWarning: logm result may be inaccurate, approximate err = 9.18022635687521e-07
  return f(*arrays, *other_args, **kwargs)
/appdata/users/P101440/micromamba/envs/torch29/lib/python3.11/site-packages/scipy/_lib/_util.py:1181: RuntimeWarning: logm result may be inaccurate, approximate err = 8.657002581458073e-07
  return f(*arrays, *other_args, **kwargs)
/appdata/users/P101440/micromamba/envs/torch29/lib/python3.11/site-packages/scipy/_lib/_util.py:1181: RuntimeWarning: logm result may be inaccurate, approximate err = 8.941802320805436e-07
  return f(*arrays, *other_args, **kwargs)
/appdata/users/P101440/micromamba/envs/torch29/lib/python3.11/site-packages/scipy/_lib/_util.py:1181: RuntimeWarning: logm result may be inaccurate, approximate err = 8.732737342143082e-07
  return f(*arrays, *other_args, **kwargs)
/appdata/users/P101440/micromamba/envs/torch29/lib/python3.11/site-packages/scipy/_lib/_util.py:1181: RuntimeWarning: logm result may be inaccurate, approximate err = 1.0142427981918445e-06
  return f(*arrays, *other_args, **kwargs)
/appdata/users/P101440/micromamba/envs/torch29/lib/python3.11/site-packages/scipy/_lib/_util.py:1181: RuntimeWarning: logm result may be inaccurate, approximate err = 1.353298785033985e-06
  return f(*arrays, *other_args, **kwargs)
/appdata/users/P101440/micromamba/envs/torch29/lib/python3.11/site-packages/scipy/_lib/_util.py:1181: RuntimeWarning: logm result may be inaccurate, approximate err = 6.670557013421785e-07
  return f(*arrays, *other_args, **kwargs)
/appdata/users/P101440/micromamba/envs/torch29/lib/python3.11/site-packages/scipy/_lib/_util.py:1181: RuntimeWarning: logm result may be inaccurate, approximate err = 1.0180092431255616e-06
  return f(*arrays, *other_args, **kwargs)
/appdata/users/P101440/micromamba/envs/torch29/lib/python3.11/site-packages/scipy/_lib/_util.py:1181: RuntimeWarning: logm result may be inaccurate, approximate err = 7.056755180201435e-07
  return f(*arrays, *other_args, **kwargs)
/appdata/users/P101440/micromamba/envs/torch29/lib/python3.11/site-packages/scipy/_lib/_util.py:1181: RuntimeWarning: logm result may be inaccurate, approximate err = 6.699810910504311e-07
  return f(*arrays, *other_args, **kwargs)
/appdata/users/P101440/micromamba/envs/torch29/lib/python3.11/site-packages/scipy/_lib/_util.py:1181: RuntimeWarning: logm result may be inaccurate, approximate err = 8.193698022296303e-07
  return f(*arrays, *other_args, **kwargs)
/appdata/users/P101440/micromamba/envs/torch29/lib/python3.11/site-packages/scipy/_lib/_util.py:1181: RuntimeWarning: logm result may be inaccurate, approximate err = 7.954450325087237e-07
  return f(*arrays, *other_args, **kwargs)
/appdata/users/P101440/micromamba/envs/torch29/lib/python3.11/site-packages/scipy/_lib/_util.py:1181: RuntimeWarning: logm result may be inaccurate, approximate err = 7.314272352232365e-07
  return f(*arrays, *other_args, **kwargs)
/appdata/users/P101440/micromamba/envs/torch29/lib/python3.11/site-packages/scipy/_lib/_util.py:1181: RuntimeWarning: logm result may be inaccurate, approximate err = 7.223912348308659e-07
  return f(*arrays, *other_args, **kwargs)
/appdata/users/P101440/micromamba/envs/torch29/lib/python3.11/site-packages/scipy/_lib/_util.py:1181: RuntimeWarning: logm result may be inaccurate, approximate err = 1.1792902796514682e-06
  return f(*arrays, *other_args, **kwargs)
/appdata/users/P101440/micromamba/envs/torch29/lib/python3.11/site-packages/scipy/_lib/_util.py:1181: RuntimeWarning: logm result may be inaccurate, approximate err = 8.421432653449301e-07
  return f(*arrays, *other_args, **kwargs)
/appdata/users/P101440/micromamba/envs/torch29/lib/python3.11/site-packages/scipy/_lib/_util.py:1181: RuntimeWarning: logm result may be inaccurate, approximate err = 8.753152087592753e-07
  return f(*arrays, *other_args, **kwargs)
/appdata/users/P101440/micromamba/envs/torch29/lib/python3.11/site-packages/scipy/_lib/_util.py:1181: RuntimeWarning: logm result may be inaccurate, approximate err = 8.933467370297876e-07
  return f(*arrays, *other_args, **kwargs)
/appdata/users/P101440/micromamba/envs/torch29/lib/python3.11/site-packages/scipy/_lib/_util.py:1181: RuntimeWarning: logm result may be inaccurate, approximate err = 1.0050290484286961e-06
  return f(*arrays, *other_args, **kwargs)
/appdata/users/P101440/micromamba/envs/torch29/lib/python3.11/site-packages/scipy/_lib/_util.py:1181: RuntimeWarning: logm result may be inaccurate, approximate err = 6.887934205224155e-07
  return f(*arrays, *other_args, **kwargs)
/appdata/users/P101440/micromamba/envs/torch29/lib/python3.11/site-packages/scipy/_lib/_util.py:1181: RuntimeWarning: logm result may be inaccurate, approximate err = 9.121882271756476e-07
  return f(*arrays, *other_args, **kwargs)
/appdata/users/P101440/micromamba/envs/torch29/lib/python3.11/site-packages/scipy/_lib/_util.py:1181: RuntimeWarning: logm result may be inaccurate, approximate err = 8.276209086943709e-07
  return f(*arrays, *other_args, **kwargs)
/appdata/users/P101440/micromamba/envs/torch29/lib/python3.11/site-packages/scipy/_lib/_util.py:1181: RuntimeWarning: logm result may be inaccurate, approximate err = 9.346884439764835e-07
  return f(*arrays, *other_args, **kwargs)
/appdata/users/P101440/micromamba/envs/torch29/lib/python3.11/site-packages/scipy/_lib/_util.py:1181: RuntimeWarning: logm result may be inaccurate, approximate err = 8.62570971094101e-07
  return f(*arrays, *other_args, **kwargs)
/appdata/users/P101440/micromamba/envs/torch29/lib/python3.11/site-packages/scipy/_lib/_util.py:1181: RuntimeWarning: logm result may be inaccurate, approximate err = 1.0611208836053265e-06
  return f(*arrays, *other_args, **kwargs)
/appdata/users/P101440/micromamba/envs/torch29/lib/python3.11/site-packages/scipy/_lib/_util.py:1181: RuntimeWarning: logm result may be inaccurate, approximate err = 7.460005804205139e-07
  return f(*arrays, *other_args, **kwargs)
/appdata/users/P101440/micromamba/envs/torch29/lib/python3.11/site-packages/scipy/_lib/_util.py:1181: RuntimeWarning: logm result may be inaccurate, approximate err = 8.412561669501883e-07
  return f(*arrays, *other_args, **kwargs)
/appdata/users/P101440/micromamba/envs/torch29/lib/python3.11/site-packages/scipy/_lib/_util.py:1181: RuntimeWarning: logm result may be inaccurate, approximate err = 1.0855502523554605e-06
  return f(*arrays, *other_args, **kwargs)
/appdata/users/P101440/micromamba/envs/torch29/lib/python3.11/site-packages/scipy/_lib/_util.py:1181: RuntimeWarning: logm result may be inaccurate, approximate err = 9.730239298733068e-07
  return f(*arrays, *other_args, **kwargs)
/appdata/users/P101440/micromamba/envs/torch29/lib/python3.11/site-packages/scipy/_lib/_util.py:1181: RuntimeWarning: logm result may be inaccurate, approximate err = 6.987341407693748e-07
  return f(*arrays, *other_args, **kwargs)
/appdata/users/P101440/micromamba/envs/torch29/lib/python3.11/site-packages/scipy/_lib/_util.py:1181: RuntimeWarning: logm result may be inaccurate, approximate err = 7.833158406356233e-07
  return f(*arrays, *other_args, **kwargs)
/appdata/users/P101440/micromamba/envs/torch29/lib/python3.11/site-packages/scipy/_lib/_util.py:1181: RuntimeWarning: logm result may be inaccurate, approximate err = 9.132348850471317e-07
  return f(*arrays, *other_args, **kwargs)
/appdata/users/P101440/micromamba/envs/torch29/lib/python3.11/site-packages/scipy/_lib/_util.py:1181: RuntimeWarning: logm result may be inaccurate, approximate err = 7.156425567700353e-07
  return f(*arrays, *other_args, **kwargs)
/appdata/users/P101440/micromamba/envs/torch29/lib/python3.11/site-packages/scipy/_lib/_util.py:1181: RuntimeWarning: logm result may be inaccurate, approximate err = 8.072707373685262e-07
  return f(*arrays, *other_args, **kwargs)
/appdata/users/P101440/micromamba/envs/torch29/lib/python3.11/site-packages/scipy/_lib/_util.py:1181: RuntimeWarning: logm result may be inaccurate, approximate err = 7.949494715830951e-07
  return f(*arrays, *other_args, **kwargs)
/appdata/users/P101440/micromamba/envs/torch29/lib/python3.11/site-packages/scipy/_lib/_util.py:1181: RuntimeWarning: logm result may be inaccurate, approximate err = 8.979992003332882e-07
  return f(*arrays, *other_args, **kwargs)
/appdata/users/P101440/micromamba/envs/torch29/lib/python3.11/site-packages/scipy/_lib/_util.py:1181: RuntimeWarning: logm result may be inaccurate, approximate err = 1.0042457461167942e-06
  return f(*arrays, *other_args, **kwargs)
/appdata/users/P101440/micromamba/envs/torch29/lib/python3.11/site-packages/scipy/_lib/_util.py:1181: RuntimeWarning: logm result may be inaccurate, approximate err = 9.217970386998786e-07
  return f(*arrays, *other_args, **kwargs)
/appdata/users/P101440/micromamba/envs/torch29/lib/python3.11/site-packages/scipy/_lib/_util.py:1181: RuntimeWarning: logm result may be inaccurate, approximate err = 6.007067554492096e-07
  return f(*arrays, *other_args, **kwargs)
/appdata/users/P101440/micromamba/envs/torch29/lib/python3.11/site-packages/scipy/_lib/_util.py:1181: RuntimeWarning: logm result may be inaccurate, approximate err = 8.167949090420734e-07
  return f(*arrays, *other_args, **kwargs)
/appdata/users/P101440/micromamba/envs/torch29/lib/python3.11/site-packages/scipy/_lib/_util.py:1181: RuntimeWarning: logm result may be inaccurate, approximate err = 8.830195952214126e-07
  return f(*arrays, *other_args, **kwargs)
/appdata/users/P101440/micromamba/envs/torch29/lib/python3.11/site-packages/scipy/_lib/_util.py:1181: RuntimeWarning: logm result may be inaccurate, approximate err = 7.124244234546495e-07
  return f(*arrays, *other_args, **kwargs)
/appdata/users/P101440/micromamba/envs/torch29/lib/python3.11/site-packages/scipy/_lib/_util.py:1181: RuntimeWarning: logm result may be inaccurate, approximate err = 6.48990749141376e-07
  return f(*arrays, *other_args, **kwargs)
/appdata/users/P101440/micromamba/envs/torch29/lib/python3.11/site-packages/scipy/_lib/_util.py:1181: RuntimeWarning: logm result may be inaccurate, approximate err = 7.58897613195586e-07
  return f(*arrays, *other_args, **kwargs)
/appdata/users/P101440/micromamba/envs/torch29/lib/python3.11/site-packages/scipy/_lib/_util.py:1181: RuntimeWarning: logm result may be inaccurate, approximate err = 5.334887873686966e-07
  return f(*arrays, *other_args, **kwargs)
/appdata/users/P101440/micromamba/envs/torch29/lib/python3.11/site-packages/scipy/_lib/_util.py:1181: RuntimeWarning: logm result may be inaccurate, approximate err = 8.519875223100826e-07
  return f(*arrays, *other_args, **kwargs)
/appdata/users/P101440/micromamba/envs/torch29/lib/python3.11/site-packages/scipy/_lib/_util.py:1181: RuntimeWarning: logm result may be inaccurate, approximate err = 7.649064173165243e-07
  return f(*arrays, *other_args, **kwargs)
/appdata/users/P101440/micromamba/envs/torch29/lib/python3.11/site-packages/scipy/_lib/_util.py:1181: RuntimeWarning: logm result may be inaccurate, approximate err = 1.0417436442367034e-06
  return f(*arrays, *other_args, **kwargs)
/appdata/users/P101440/micromamba/envs/torch29/lib/python3.11/site-packages/scipy/_lib/_util.py:1181: RuntimeWarning: logm result may be inaccurate, approximate err = 7.512875299653388e-07
  return f(*arrays, *other_args, **kwargs)
/appdata/users/P101440/micromamba/envs/torch29/lib/python3.11/site-packages/scipy/_lib/_util.py:1181: RuntimeWarning: logm result may be inaccurate, approximate err = 1.122804292208457e-06
  return f(*arrays, *other_args, **kwargs)
/appdata/users/P101440/micromamba/envs/torch29/lib/python3.11/site-packages/scipy/_lib/_util.py:1181: RuntimeWarning: logm result may be inaccurate, approximate err = 6.832170242887514e-07
  return f(*arrays, *other_args, **kwargs)
/appdata/users/P101440/micromamba/envs/torch29/lib/python3.11/site-packages/scipy/_lib/_util.py:1181: RuntimeWarning: logm result may be inaccurate, approximate err = 8.504758852723171e-07
  return f(*arrays, *other_args, **kwargs)
/appdata/users/P101440/micromamba/envs/torch29/lib/python3.11/site-packages/scipy/_lib/_util.py:1181: RuntimeWarning: logm result may be inaccurate, approximate err = 6.072650080568565e-07
  return f(*arrays, *other_args, **kwargs)
/appdata/users/P101440/micromamba/envs/torch29/lib/python3.11/site-packages/scipy/_lib/_util.py:1181: RuntimeWarning: logm result may be inaccurate, approximate err = 8.983167845144635e-07
  return f(*arrays, *other_args, **kwargs)
/appdata/users/P101440/micromamba/envs/torch29/lib/python3.11/site-packages/scipy/_lib/_util.py:1181: RuntimeWarning: logm result may be inaccurate, approximate err = 6.996773436185322e-07
  return f(*arrays, *other_args, **kwargs)
/appdata/users/P101440/micromamba/envs/torch29/lib/python3.11/site-packages/scipy/_lib/_util.py:1181: RuntimeWarning: logm result may be inaccurate, approximate err = 7.016704444140487e-07
  return f(*arrays, *other_args, **kwargs)
/appdata/users/P101440/micromamba/envs/torch29/lib/python3.11/site-packages/scipy/_lib/_util.py:1181: RuntimeWarning: logm result may be inaccurate, approximate err = 8.354758165296516e-07
  return f(*arrays, *other_args, **kwargs)
/appdata/users/P101440/micromamba/envs/torch29/lib/python3.11/site-packages/scipy/_lib/_util.py:1181: RuntimeWarning: logm result may be inaccurate, approximate err = 7.698938020439527e-07
  return f(*arrays, *other_args, **kwargs)
/appdata/users/P101440/micromamba/envs/torch29/lib/python3.11/site-packages/scipy/_lib/_util.py:1181: RuntimeWarning: logm result may be inaccurate, approximate err = 8.725144766685844e-07
  return f(*arrays, *other_args, **kwargs)
/appdata/users/P101440/micromamba/envs/torch29/lib/python3.11/site-packages/scipy/_lib/_util.py:1181: RuntimeWarning: logm result may be inaccurate, approximate err = 1.0848377769434592e-06
  return f(*arrays, *other_args, **kwargs)
/appdata/users/P101440/micromamba/envs/torch29/lib/python3.11/site-packages/scipy/_lib/_util.py:1181: RuntimeWarning: logm result may be inaccurate, approximate err = 9.035699690684851e-07
  return f(*arrays, *other_args, **kwargs)
/appdata/users/P101440/micromamba/envs/torch29/lib/python3.11/site-packages/scipy/_lib/_util.py:1181: RuntimeWarning: logm result may be inaccurate, approximate err = 7.583763022012135e-07
  return f(*arrays, *other_args, **kwargs)
/appdata/users/P101440/micromamba/envs/torch29/lib/python3.11/site-packages/scipy/_lib/_util.py:1181: RuntimeWarning: logm result may be inaccurate, approximate err = 6.424064622478909e-07
  return f(*arrays, *other_args, **kwargs)
/appdata/users/P101440/micromamba/envs/torch29/lib/python3.11/site-packages/scipy/_lib/_util.py:1181: RuntimeWarning: logm result may be inaccurate, approximate err = 9.572188446327345e-07
  return f(*arrays, *other_args, **kwargs)
/appdata/users/P101440/micromamba/envs/torch29/lib/python3.11/site-packages/scipy/_lib/_util.py:1181: RuntimeWarning: logm result may be inaccurate, approximate err = 7.235462931021175e-07
  return f(*arrays, *other_args, **kwargs)
/appdata/users/P101440/micromamba/envs/torch29/lib/python3.11/site-packages/scipy/_lib/_util.py:1181: RuntimeWarning: logm result may be inaccurate, approximate err = 1.1354306934663327e-06
  return f(*arrays, *other_args, **kwargs)
/appdata/users/P101440/micromamba/envs/torch29/lib/python3.11/site-packages/scipy/_lib/_util.py:1181: RuntimeWarning: logm result may be inaccurate, approximate err = 8.272746185866708e-07
  return f(*arrays, *other_args, **kwargs)
/appdata/users/P101440/micromamba/envs/torch29/lib/python3.11/site-packages/scipy/_lib/_util.py:1181: RuntimeWarning: logm result may be inaccurate, approximate err = 6.082491381675936e-07
  return f(*arrays, *other_args, **kwargs)
/appdata/users/P101440/micromamba/envs/torch29/lib/python3.11/site-packages/scipy/_lib/_util.py:1181: RuntimeWarning: logm result may be inaccurate, approximate err = 8.873159913491691e-07
  return f(*arrays, *other_args, **kwargs)
/appdata/users/P101440/micromamba/envs/torch29/lib/python3.11/site-packages/scipy/_lib/_util.py:1181: RuntimeWarning: logm result may be inaccurate, approximate err = 9.293894436268602e-07
  return f(*arrays, *other_args, **kwargs)
/appdata/users/P101440/micromamba/envs/torch29/lib/python3.11/site-packages/scipy/_lib/_util.py:1181: RuntimeWarning: logm result may be inaccurate, approximate err = 7.58105784370855e-07
  return f(*arrays, *other_args, **kwargs)
/appdata/users/P101440/micromamba/envs/torch29/lib/python3.11/site-packages/scipy/_lib/_util.py:1181: RuntimeWarning: logm result may be inaccurate, approximate err = 6.979101954129874e-07
  return f(*arrays, *other_args, **kwargs)
/appdata/users/P101440/micromamba/envs/torch29/lib/python3.11/site-packages/scipy/_lib/_util.py:1181: RuntimeWarning: logm result may be inaccurate, approximate err = 5.615798386315873e-07
  return f(*arrays, *other_args, **kwargs)
/appdata/users/P101440/micromamba/envs/torch29/lib/python3.11/site-packages/scipy/_lib/_util.py:1181: RuntimeWarning: logm result may be inaccurate, approximate err = 8.455854185740463e-07
  return f(*arrays, *other_args, **kwargs)
/appdata/users/P101440/micromamba/envs/torch29/lib/python3.11/site-packages/scipy/_lib/_util.py:1181: RuntimeWarning: logm result may be inaccurate, approximate err = 7.237900376821926e-07
  return f(*arrays, *other_args, **kwargs)
/appdata/users/P101440/micromamba/envs/torch29/lib/python3.11/site-packages/scipy/_lib/_util.py:1181: RuntimeWarning: logm result may be inaccurate, approximate err = 1.5933716213112348e-06
  return f(*arrays, *other_args, **kwargs)
/appdata/users/P101440/micromamba/envs/torch29/lib/python3.11/site-packages/scipy/_lib/_util.py:1181: RuntimeWarning: logm result may be inaccurate, approximate err = 9.199909527524142e-07
  return f(*arrays, *other_args, **kwargs)
/appdata/users/P101440/micromamba/envs/torch29/lib/python3.11/site-packages/scipy/_lib/_util.py:1181: RuntimeWarning: logm result may be inaccurate, approximate err = 1.2746602351398906e-06
  return f(*arrays, *other_args, **kwargs)
/appdata/users/P101440/micromamba/envs/torch29/lib/python3.11/site-packages/scipy/_lib/_util.py:1181: RuntimeWarning: logm result may be inaccurate, approximate err = 1.085797521227505e-06
  return f(*arrays, *other_args, **kwargs)
/appdata/users/P101440/micromamba/envs/torch29/lib/python3.11/site-packages/scipy/_lib/_util.py:1181: RuntimeWarning: logm result may be inaccurate, approximate err = 7.767088732180127e-07
  return f(*arrays, *other_args, **kwargs)
/appdata/users/P101440/micromamba/envs/torch29/lib/python3.11/site-packages/scipy/_lib/_util.py:1181: RuntimeWarning: logm result may be inaccurate, approximate err = 5.95574476847105e-07
  return f(*arrays, *other_args, **kwargs)
/appdata/users/P101440/micromamba/envs/torch29/lib/python3.11/site-packages/scipy/_lib/_util.py:1181: RuntimeWarning: logm result may be inaccurate, approximate err = 6.070443987482577e-07
  return f(*arrays, *other_args, **kwargs)
/appdata/users/P101440/micromamba/envs/torch29/lib/python3.11/site-packages/scipy/_lib/_util.py:1181: RuntimeWarning: logm result may be inaccurate, approximate err = 7.413655112031847e-07
  return f(*arrays, *other_args, **kwargs)
/appdata/users/P101440/micromamba/envs/torch29/lib/python3.11/site-packages/scipy/_lib/_util.py:1181: RuntimeWarning: logm result may be inaccurate, approximate err = 7.71274017097312e-07
  return f(*arrays, *other_args, **kwargs)
/appdata/users/P101440/micromamba/envs/torch29/lib/python3.11/site-packages/scipy/_lib/_util.py:1181: RuntimeWarning: logm result may be inaccurate, approximate err = 8.149272048285638e-07
  return f(*arrays, *other_args, **kwargs)
/appdata/users/P101440/micromamba/envs/torch29/lib/python3.11/site-packages/scipy/_lib/_util.py:1181: RuntimeWarning: logm result may be inaccurate, approximate err = 6.718672125316516e-07
  return f(*arrays, *other_args, **kwargs)
/appdata/users/P101440/micromamba/envs/torch29/lib/python3.11/site-packages/scipy/_lib/_util.py:1181: RuntimeWarning: logm result may be inaccurate, approximate err = 1.2663305142268655e-06
  return f(*arrays, *other_args, **kwargs)
/appdata/users/P101440/micromamba/envs/torch29/lib/python3.11/site-packages/scipy/_lib/_util.py:1181: RuntimeWarning: logm result may be inaccurate, approximate err = 7.718605843365367e-07
  return f(*arrays, *other_args, **kwargs)
/appdata/users/P101440/micromamba/envs/torch29/lib/python3.11/site-packages/scipy/_lib/_util.py:1181: RuntimeWarning: logm result may be inaccurate, approximate err = 7.291723136404471e-07
  return f(*arrays, *other_args, **kwargs)
/appdata/users/P101440/micromamba/envs/torch29/lib/python3.11/site-packages/scipy/_lib/_util.py:1181: RuntimeWarning: logm result may be inaccurate, approximate err = 9.583932296663988e-07
  return f(*arrays, *other_args, **kwargs)
/appdata/users/P101440/micromamba/envs/torch29/lib/python3.11/site-packages/scipy/_lib/_util.py:1181: RuntimeWarning: logm result may be inaccurate, approximate err = 1.065608785211225e-06
  return f(*arrays, *other_args, **kwargs)
/appdata/users/P101440/micromamba/envs/torch29/lib/python3.11/site-packages/scipy/_lib/_util.py:1181: RuntimeWarning: logm result may be inaccurate, approximate err = 1.0075517593577388e-06
  return f(*arrays, *other_args, **kwargs)
/appdata/users/P101440/micromamba/envs/torch29/lib/python3.11/site-packages/scipy/_lib/_util.py:1181: RuntimeWarning: logm result may be inaccurate, approximate err = 7.389627398879384e-07
  return f(*arrays, *other_args, **kwargs)
/appdata/users/P101440/micromamba/envs/torch29/lib/python3.11/site-packages/scipy/_lib/_util.py:1181: RuntimeWarning: logm result may be inaccurate, approximate err = 7.61561068429728e-07
  return f(*arrays, *other_args, **kwargs)
/appdata/users/P101440/micromamba/envs/torch29/lib/python3.11/site-packages/scipy/_lib/_util.py:1181: RuntimeWarning: logm result may be inaccurate, approximate err = 7.751779094178346e-07
  return f(*arrays, *other_args, **kwargs)
/appdata/users/P101440/micromamba/envs/torch29/lib/python3.11/site-packages/scipy/_lib/_util.py:1181: RuntimeWarning: logm result may be inaccurate, approximate err = 1.0131376484423527e-06
  return f(*arrays, *other_args, **kwargs)
/appdata/users/P101440/micromamba/envs/torch29/lib/python3.11/site-packages/scipy/_lib/_util.py:1181: RuntimeWarning: logm result may be inaccurate, approximate err = 7.728785362814961e-07
  return f(*arrays, *other_args, **kwargs)
/appdata/users/P101440/micromamba/envs/torch29/lib/python3.11/site-packages/scipy/_lib/_util.py:1181: RuntimeWarning: logm result may be inaccurate, approximate err = 1.2818644563594717e-06
  return f(*arrays, *other_args, **kwargs)
/appdata/users/P101440/micromamba/envs/torch29/lib/python3.11/site-packages/scipy/_lib/_util.py:1181: RuntimeWarning: logm result may be inaccurate, approximate err = 7.879756935835758e-07
  return f(*arrays, *other_args, **kwargs)
/appdata/users/P101440/micromamba/envs/torch29/lib/python3.11/site-packages/scipy/_lib/_util.py:1181: RuntimeWarning: logm result may be inaccurate, approximate err = 9.559228146827081e-07
  return f(*arrays, *other_args, **kwargs)
/appdata/users/P101440/micromamba/envs/torch29/lib/python3.11/site-packages/scipy/_lib/_util.py:1181: RuntimeWarning: logm result may be inaccurate, approximate err = 7.712354772593244e-07
  return f(*arrays, *other_args, **kwargs)
/appdata/users/P101440/micromamba/envs/torch29/lib/python3.11/site-packages/scipy/_lib/_util.py:1181: RuntimeWarning: logm result may be inaccurate, approximate err = 8.661725701131218e-07
  return f(*arrays, *other_args, **kwargs)
/appdata/users/P101440/micromamba/envs/torch29/lib/python3.11/site-packages/scipy/_lib/_util.py:1181: RuntimeWarning: logm result may be inaccurate, approximate err = 1.0952433058264432e-06
  return f(*arrays, *other_args, **kwargs)
/appdata/users/P101440/micromamba/envs/torch29/lib/python3.11/site-packages/scipy/_lib/_util.py:1181: RuntimeWarning: logm result may be inaccurate, approximate err = 7.510999466830981e-07
  return f(*arrays, *other_args, **kwargs)
/appdata/users/P101440/micromamba/envs/torch29/lib/python3.11/site-packages/scipy/_lib/_util.py:1181: RuntimeWarning: logm result may be inaccurate, approximate err = 8.994795734906802e-07
  return f(*arrays, *other_args, **kwargs)
/appdata/users/P101440/micromamba/envs/torch29/lib/python3.11/site-packages/scipy/_lib/_util.py:1181: RuntimeWarning: logm result may be inaccurate, approximate err = 1.116814132728905e-06
  return f(*arrays, *other_args, **kwargs)
/appdata/users/P101440/micromamba/envs/torch29/lib/python3.11/site-packages/scipy/_lib/_util.py:1181: RuntimeWarning: logm result may be inaccurate, approximate err = 6.023275886946067e-07
  return f(*arrays, *other_args, **kwargs)
/appdata/users/P101440/micromamba/envs/torch29/lib/python3.11/site-packages/scipy/_lib/_util.py:1181: RuntimeWarning: logm result may be inaccurate, approximate err = 5.987865279166726e-07
  return f(*arrays, *other_args, **kwargs)
/appdata/users/P101440/micromamba/envs/torch29/lib/python3.11/site-packages/scipy/_lib/_util.py:1181: RuntimeWarning: logm result may be inaccurate, approximate err = 7.931946583994431e-07
  return f(*arrays, *other_args, **kwargs)
/appdata/users/P101440/micromamba/envs/torch29/lib/python3.11/site-packages/scipy/_lib/_util.py:1181: RuntimeWarning: logm result may be inaccurate, approximate err = 9.391687854076736e-07
  return f(*arrays, *other_args, **kwargs)
/appdata/users/P101440/micromamba/envs/torch29/lib/python3.11/site-packages/scipy/_lib/_util.py:1181: RuntimeWarning: logm result may be inaccurate, approximate err = 7.444614880114386e-07
  return f(*arrays, *other_args, **kwargs)
/appdata/users/P101440/micromamba/envs/torch29/lib/python3.11/site-packages/scipy/_lib/_util.py:1181: RuntimeWarning: logm result may be inaccurate, approximate err = 8.977223160400172e-07
  return f(*arrays, *other_args, **kwargs)
/appdata/users/P101440/micromamba/envs/torch29/lib/python3.11/site-packages/scipy/_lib/_util.py:1181: RuntimeWarning: logm result may be inaccurate, approximate err = 7.858122899051523e-07
  return f(*arrays, *other_args, **kwargs)
/appdata/users/P101440/micromamba/envs/torch29/lib/python3.11/site-packages/scipy/_lib/_util.py:1181: RuntimeWarning: logm result may be inaccurate, approximate err = 7.97116001649556e-07
  return f(*arrays, *other_args, **kwargs)
/appdata/users/P101440/micromamba/envs/torch29/lib/python3.11/site-packages/scipy/_lib/_util.py:1181: RuntimeWarning: logm result may be inaccurate, approximate err = 1.0526381402087281e-06
  return f(*arrays, *other_args, **kwargs)
/appdata/users/P101440/micromamba/envs/torch29/lib/python3.11/site-packages/scipy/_lib/_util.py:1181: RuntimeWarning: logm result may be inaccurate, approximate err = 8.435148970420414e-07
  return f(*arrays, *other_args, **kwargs)
/appdata/users/P101440/micromamba/envs/torch29/lib/python3.11/site-packages/scipy/_lib/_util.py:1181: RuntimeWarning: logm result may be inaccurate, approximate err = 5.308929189595801e-07
  return f(*arrays, *other_args, **kwargs)
/appdata/users/P101440/micromamba/envs/torch29/lib/python3.11/site-packages/scipy/_lib/_util.py:1181: RuntimeWarning: logm result may be inaccurate, approximate err = 1.1310534091535374e-06
  return f(*arrays, *other_args, **kwargs)
/appdata/users/P101440/micromamba/envs/torch29/lib/python3.11/site-packages/scipy/_lib/_util.py:1181: RuntimeWarning: logm result may be inaccurate, approximate err = 8.182800570466497e-07
  return f(*arrays, *other_args, **kwargs)
/appdata/users/P101440/micromamba/envs/torch29/lib/python3.11/site-packages/scipy/_lib/_util.py:1181: RuntimeWarning: logm result may be inaccurate, approximate err = 5.047529612056678e-07
  return f(*arrays, *other_args, **kwargs)
/appdata/users/P101440/micromamba/envs/torch29/lib/python3.11/site-packages/scipy/_lib/_util.py:1181: RuntimeWarning: logm result may be inaccurate, approximate err = 1.0511091659282101e-06
  return f(*arrays, *other_args, **kwargs)
/appdata/users/P101440/micromamba/envs/torch29/lib/python3.11/site-packages/scipy/_lib/_util.py:1181: RuntimeWarning: logm result may be inaccurate, approximate err = 8.983985253507853e-07
  return f(*arrays, *other_args, **kwargs)
/appdata/users/P101440/micromamba/envs/torch29/lib/python3.11/site-packages/scipy/_lib/_util.py:1181: RuntimeWarning: logm result may be inaccurate, approximate err = 6.382183528330643e-07
  return f(*arrays, *other_args, **kwargs)
/appdata/users/P101440/micromamba/envs/torch29/lib/python3.11/site-packages/scipy/_lib/_util.py:1181: RuntimeWarning: logm result may be inaccurate, approximate err = 9.055626151166507e-07
  return f(*arrays, *other_args, **kwargs)
/appdata/users/P101440/micromamba/envs/torch29/lib/python3.11/site-packages/scipy/_lib/_util.py:1181: RuntimeWarning: logm result may be inaccurate, approximate err = 9.227510417986196e-07
  return f(*arrays, *other_args, **kwargs)
/appdata/users/P101440/micromamba/envs/torch29/lib/python3.11/site-packages/scipy/_lib/_util.py:1181: RuntimeWarning: logm result may be inaccurate, approximate err = 6.792790827603312e-07
  return f(*arrays, *other_args, **kwargs)
/appdata/users/P101440/micromamba/envs/torch29/lib/python3.11/site-packages/scipy/_lib/_util.py:1181: RuntimeWarning: logm result may be inaccurate, approximate err = 7.524022862526181e-07
  return f(*arrays, *other_args, **kwargs)
/appdata/users/P101440/micromamba/envs/torch29/lib/python3.11/site-packages/scipy/_lib/_util.py:1181: RuntimeWarning: logm result may be inaccurate, approximate err = 7.862875577302475e-07
  return f(*arrays, *other_args, **kwargs)
/appdata/users/P101440/micromamba/envs/torch29/lib/python3.11/site-packages/scipy/_lib/_util.py:1181: RuntimeWarning: logm result may be inaccurate, approximate err = 7.515427000726049e-07
  return f(*arrays, *other_args, **kwargs)
/appdata/users/P101440/micromamba/envs/torch29/lib/python3.11/site-packages/scipy/_lib/_util.py:1181: RuntimeWarning: logm result may be inaccurate, approximate err = 5.418987143457343e-07
  return f(*arrays, *other_args, **kwargs)
/appdata/users/P101440/micromamba/envs/torch29/lib/python3.11/site-packages/scipy/_lib/_util.py:1181: RuntimeWarning: logm result may be inaccurate, approximate err = 9.138174732470361e-07
  return f(*arrays, *other_args, **kwargs)
/appdata/users/P101440/micromamba/envs/torch29/lib/python3.11/site-packages/scipy/_lib/_util.py:1181: RuntimeWarning: logm result may be inaccurate, approximate err = 1.0683643267839216e-06
  return f(*arrays, *other_args, **kwargs)
/appdata/users/P101440/micromamba/envs/torch29/lib/python3.11/site-packages/scipy/_lib/_util.py:1181: RuntimeWarning: logm result may be inaccurate, approximate err = 8.709405392437475e-07
  return f(*arrays, *other_args, **kwargs)
/appdata/users/P101440/micromamba/envs/torch29/lib/python3.11/site-packages/scipy/_lib/_util.py:1181: RuntimeWarning: logm result may be inaccurate, approximate err = 7.122911256374209e-07
  return f(*arrays, *other_args, **kwargs)
/appdata/users/P101440/micromamba/envs/torch29/lib/python3.11/site-packages/scipy/_lib/_util.py:1181: RuntimeWarning: logm result may be inaccurate, approximate err = 5.842297809977026e-07
  return f(*arrays, *other_args, **kwargs)
/appdata/users/P101440/micromamba/envs/torch29/lib/python3.11/site-packages/scipy/_lib/_util.py:1181: RuntimeWarning: logm result may be inaccurate, approximate err = 6.893451427458785e-07
  return f(*arrays, *other_args, **kwargs)
/appdata/users/P101440/micromamba/envs/torch29/lib/python3.11/site-packages/scipy/_lib/_util.py:1181: RuntimeWarning: logm result may be inaccurate, approximate err = 5.636405262521293e-07
  return f(*arrays, *other_args, **kwargs)
/appdata/users/P101440/micromamba/envs/torch29/lib/python3.11/site-packages/scipy/_lib/_util.py:1181: RuntimeWarning: logm result may be inaccurate, approximate err = 9.109489269576443e-07
  return f(*arrays, *other_args, **kwargs)
/appdata/users/P101440/micromamba/envs/torch29/lib/python3.11/site-packages/scipy/_lib/_util.py:1181: RuntimeWarning: logm result may be inaccurate, approximate err = 1.523193645880383e-06
  return f(*arrays, *other_args, **kwargs)
/appdata/users/P101440/micromamba/envs/torch29/lib/python3.11/site-packages/scipy/_lib/_util.py:1181: RuntimeWarning: logm result may be inaccurate, approximate err = 7.072423500176228e-07
  return f(*arrays, *other_args, **kwargs)
/appdata/users/P101440/micromamba/envs/torch29/lib/python3.11/site-packages/scipy/_lib/_util.py:1181: RuntimeWarning: logm result may be inaccurate, approximate err = 6.490009241133521e-07
  return f(*arrays, *other_args, **kwargs)
/appdata/users/P101440/micromamba/envs/torch29/lib/python3.11/site-packages/scipy/_lib/_util.py:1181: RuntimeWarning: logm result may be inaccurate, approximate err = 8.987157684714475e-07
  return f(*arrays, *other_args, **kwargs)
/appdata/users/P101440/micromamba/envs/torch29/lib/python3.11/site-packages/scipy/_lib/_util.py:1181: RuntimeWarning: logm result may be inaccurate, approximate err = 8.698295914655318e-07
  return f(*arrays, *other_args, **kwargs)
/appdata/users/P101440/micromamba/envs/torch29/lib/python3.11/site-packages/scipy/_lib/_util.py:1181: RuntimeWarning: logm result may be inaccurate, approximate err = 1.0687764415706624e-06
  return f(*arrays, *other_args, **kwargs)
/appdata/users/P101440/micromamba/envs/torch29/lib/python3.11/site-packages/scipy/_lib/_util.py:1181: RuntimeWarning: logm result may be inaccurate, approximate err = 1.205115609081986e-06
  return f(*arrays, *other_args, **kwargs)
/appdata/users/P101440/micromamba/envs/torch29/lib/python3.11/site-packages/scipy/_lib/_util.py:1181: RuntimeWarning: logm result may be inaccurate, approximate err = 1.5205367844828288e-06
  return f(*arrays, *other_args, **kwargs)
/appdata/users/P101440/micromamba/envs/torch29/lib/python3.11/site-packages/scipy/_lib/_util.py:1181: RuntimeWarning: logm result may be inaccurate, approximate err = 8.124477517412743e-07
  return f(*arrays, *other_args, **kwargs)
/appdata/users/P101440/micromamba/envs/torch29/lib/python3.11/site-packages/scipy/_lib/_util.py:1181: RuntimeWarning: logm result may be inaccurate, approximate err = 7.62049921831931e-07
  return f(*arrays, *other_args, **kwargs)
/appdata/users/P101440/micromamba/envs/torch29/lib/python3.11/site-packages/scipy/_lib/_util.py:1181: RuntimeWarning: logm result may be inaccurate, approximate err = 8.875031198840588e-07
  return f(*arrays, *other_args, **kwargs)
/appdata/users/P101440/micromamba/envs/torch29/lib/python3.11/site-packages/scipy/_lib/_util.py:1181: RuntimeWarning: logm result may be inaccurate, approximate err = 5.767665811617917e-07
  return f(*arrays, *other_args, **kwargs)
/appdata/users/P101440/micromamba/envs/torch29/lib/python3.11/site-packages/scipy/_lib/_util.py:1181: RuntimeWarning: logm result may be inaccurate, approximate err = 9.304405352850154e-07
  return f(*arrays, *other_args, **kwargs)
/appdata/users/P101440/micromamba/envs/torch29/lib/python3.11/site-packages/scipy/_lib/_util.py:1181: RuntimeWarning: logm result may be inaccurate, approximate err = 8.299665523736621e-07
  return f(*arrays, *other_args, **kwargs)
/appdata/users/P101440/micromamba/envs/torch29/lib/python3.11/site-packages/scipy/_lib/_util.py:1181: RuntimeWarning: logm result may be inaccurate, approximate err = 8.543290732632158e-07
  return f(*arrays, *other_args, **kwargs)
/appdata/users/P101440/micromamba/envs/torch29/lib/python3.11/site-packages/scipy/_lib/_util.py:1181: RuntimeWarning: logm result may be inaccurate, approximate err = 1.0520815294512431e-06
  return f(*arrays, *other_args, **kwargs)
/appdata/users/P101440/micromamba/envs/torch29/lib/python3.11/site-packages/scipy/_lib/_util.py:1181: RuntimeWarning: logm result may be inaccurate, approximate err = 9.908256970447837e-07
  return f(*arrays, *other_args, **kwargs)
/appdata/users/P101440/micromamba/envs/torch29/lib/python3.11/site-packages/scipy/_lib/_util.py:1181: RuntimeWarning: logm result may be inaccurate, approximate err = 7.975048106345639e-07
  return f(*arrays, *other_args, **kwargs)
/appdata/users/P101440/micromamba/envs/torch29/lib/python3.11/site-packages/scipy/_lib/_util.py:1181: RuntimeWarning: logm result may be inaccurate, approximate err = 8.883122859515424e-07
  return f(*arrays, *other_args, **kwargs)
/appdata/users/P101440/micromamba/envs/torch29/lib/python3.11/site-packages/scipy/_lib/_util.py:1181: RuntimeWarning: logm result may be inaccurate, approximate err = 8.722903430680162e-07
  return f(*arrays, *other_args, **kwargs)
/appdata/users/P101440/micromamba/envs/torch29/lib/python3.11/site-packages/scipy/_lib/_util.py:1181: RuntimeWarning: logm result may be inaccurate, approximate err = 6.389656732608273e-07
  return f(*arrays, *other_args, **kwargs)
/appdata/users/P101440/micromamba/envs/torch29/lib/python3.11/site-packages/scipy/_lib/_util.py:1181: RuntimeWarning: logm result may be inaccurate, approximate err = 7.606536200910341e-07
  return f(*arrays, *other_args, **kwargs)
/appdata/users/P101440/micromamba/envs/torch29/lib/python3.11/site-packages/scipy/_lib/_util.py:1181: RuntimeWarning: logm result may be inaccurate, approximate err = 6.189437158354849e-07
  return f(*arrays, *other_args, **kwargs)
/appdata/users/P101440/micromamba/envs/torch29/lib/python3.11/site-packages/scipy/_lib/_util.py:1181: RuntimeWarning: logm result may be inaccurate, approximate err = 6.51661991923902e-07
  return f(*arrays, *other_args, **kwargs)
/appdata/users/P101440/micromamba/envs/torch29/lib/python3.11/site-packages/scipy/_lib/_util.py:1181: RuntimeWarning: logm result may be inaccurate, approximate err = 7.927288834252977e-07
  return f(*arrays, *other_args, **kwargs)
/appdata/users/P101440/micromamba/envs/torch29/lib/python3.11/site-packages/scipy/_lib/_util.py:1181: RuntimeWarning: logm result may be inaccurate, approximate err = 9.176009712064115e-07
  return f(*arrays, *other_args, **kwargs)
/appdata/users/P101440/micromamba/envs/torch29/lib/python3.11/site-packages/scipy/_lib/_util.py:1181: RuntimeWarning: logm result may be inaccurate, approximate err = 8.032833989091159e-07
  return f(*arrays, *other_args, **kwargs)
/appdata/users/P101440/micromamba/envs/torch29/lib/python3.11/site-packages/scipy/_lib/_util.py:1181: RuntimeWarning: logm result may be inaccurate, approximate err = 1.069805307452043e-06
  return f(*arrays, *other_args, **kwargs)
/appdata/users/P101440/micromamba/envs/torch29/lib/python3.11/site-packages/scipy/_lib/_util.py:1181: RuntimeWarning: logm result may be inaccurate, approximate err = 8.085087301878957e-07
  return f(*arrays, *other_args, **kwargs)
/appdata/users/P101440/micromamba/envs/torch29/lib/python3.11/site-packages/scipy/_lib/_util.py:1181: RuntimeWarning: logm result may be inaccurate, approximate err = 9.831417173700174e-07
  return f(*arrays, *other_args, **kwargs)
/appdata/users/P101440/micromamba/envs/torch29/lib/python3.11/site-packages/scipy/_lib/_util.py:1181: RuntimeWarning: logm result may be inaccurate, approximate err = 7.808486088833888e-07
  return f(*arrays, *other_args, **kwargs)
/appdata/users/P101440/micromamba/envs/torch29/lib/python3.11/site-packages/scipy/_lib/_util.py:1181: RuntimeWarning: logm result may be inaccurate, approximate err = 7.695312547184585e-07
  return f(*arrays, *other_args, **kwargs)
/appdata/users/P101440/micromamba/envs/torch29/lib/python3.11/site-packages/scipy/_lib/_util.py:1181: RuntimeWarning: logm result may be inaccurate, approximate err = 1.0347680472477805e-06
  return f(*arrays, *other_args, **kwargs)
/appdata/users/P101440/micromamba/envs/torch29/lib/python3.11/site-packages/scipy/_lib/_util.py:1181: RuntimeWarning: logm result may be inaccurate, approximate err = 6.728294010827085e-07
  return f(*arrays, *other_args, **kwargs)
/appdata/users/P101440/micromamba/envs/torch29/lib/python3.11/site-packages/scipy/_lib/_util.py:1181: RuntimeWarning: logm result may be inaccurate, approximate err = 8.903132879822806e-07
  return f(*arrays, *other_args, **kwargs)
/appdata/users/P101440/micromamba/envs/torch29/lib/python3.11/site-packages/scipy/_lib/_util.py:1181: RuntimeWarning: logm result may be inaccurate, approximate err = 7.263333259288629e-07
  return f(*arrays, *other_args, **kwargs)
/appdata/users/P101440/micromamba/envs/torch29/lib/python3.11/site-packages/scipy/_lib/_util.py:1181: RuntimeWarning: logm result may be inaccurate, approximate err = 8.196838621188363e-07
  return f(*arrays, *other_args, **kwargs)
/appdata/users/P101440/micromamba/envs/torch29/lib/python3.11/site-packages/scipy/_lib/_util.py:1181: RuntimeWarning: logm result may be inaccurate, approximate err = 7.001908670645207e-07
  return f(*arrays, *other_args, **kwargs)
/appdata/users/P101440/micromamba/envs/torch29/lib/python3.11/site-packages/scipy/_lib/_util.py:1181: RuntimeWarning: logm result may be inaccurate, approximate err = 9.129223030868161e-07
  return f(*arrays, *other_args, **kwargs)
/appdata/users/P101440/micromamba/envs/torch29/lib/python3.11/site-packages/scipy/_lib/_util.py:1181: RuntimeWarning: logm result may be inaccurate, approximate err = 6.60181626699341e-07
  return f(*arrays, *other_args, **kwargs)
/appdata/users/P101440/micromamba/envs/torch29/lib/python3.11/site-packages/scipy/_lib/_util.py:1181: RuntimeWarning: logm result may be inaccurate, approximate err = 9.845118711382383e-07
  return f(*arrays, *other_args, **kwargs)
/appdata/users/P101440/micromamba/envs/torch29/lib/python3.11/site-packages/scipy/_lib/_util.py:1181: RuntimeWarning: logm result may be inaccurate, approximate err = 9.70389351095946e-07
  return f(*arrays, *other_args, **kwargs)
/appdata/users/P101440/micromamba/envs/torch29/lib/python3.11/site-packages/scipy/_lib/_util.py:1181: RuntimeWarning: logm result may be inaccurate, approximate err = 5.921519914409146e-07
  return f(*arrays, *other_args, **kwargs)
/appdata/users/P101440/micromamba/envs/torch29/lib/python3.11/site-packages/scipy/_lib/_util.py:1181: RuntimeWarning: logm result may be inaccurate, approximate err = 8.201719197131752e-07
  return f(*arrays, *other_args, **kwargs)
/appdata/users/P101440/micromamba/envs/torch29/lib/python3.11/site-packages/scipy/_lib/_util.py:1181: RuntimeWarning: logm result may be inaccurate, approximate err = 7.319735004784889e-07
  return f(*arrays, *other_args, **kwargs)
/appdata/users/P101440/micromamba/envs/torch29/lib/python3.11/site-packages/scipy/_lib/_util.py:1181: RuntimeWarning: logm result may be inaccurate, approximate err = 9.88039232652227e-07
  return f(*arrays, *other_args, **kwargs)
/appdata/users/P101440/micromamba/envs/torch29/lib/python3.11/site-packages/scipy/_lib/_util.py:1181: RuntimeWarning: logm result may be inaccurate, approximate err = 7.997615512067568e-07
  return f(*arrays, *other_args, **kwargs)
/appdata/users/P101440/micromamba/envs/torch29/lib/python3.11/site-packages/scipy/_lib/_util.py:1181: RuntimeWarning: logm result may be inaccurate, approximate err = 7.083867785695475e-07
  return f(*arrays, *other_args, **kwargs)
/appdata/users/P101440/micromamba/envs/torch29/lib/python3.11/site-packages/scipy/_lib/_util.py:1181: RuntimeWarning: logm result may be inaccurate, approximate err = 8.557922797081119e-07
  return f(*arrays, *other_args, **kwargs)
/appdata/users/P101440/micromamba/envs/torch29/lib/python3.11/site-packages/scipy/_lib/_util.py:1181: RuntimeWarning: logm result may be inaccurate, approximate err = 1.0780814818645013e-06
  return f(*arrays, *other_args, **kwargs)
/appdata/users/P101440/micromamba/envs/torch29/lib/python3.11/site-packages/scipy/_lib/_util.py:1181: RuntimeWarning: logm result may be inaccurate, approximate err = 9.162879450741457e-07
  return f(*arrays, *other_args, **kwargs)
/appdata/users/P101440/micromamba/envs/torch29/lib/python3.11/site-packages/scipy/_lib/_util.py:1181: RuntimeWarning: logm result may be inaccurate, approximate err = 9.63776415119355e-07
  return f(*arrays, *other_args, **kwargs)
/appdata/users/P101440/micromamba/envs/torch29/lib/python3.11/site-packages/scipy/_lib/_util.py:1181: RuntimeWarning: logm result may be inaccurate, approximate err = 7.315550192288356e-07
  return f(*arrays, *other_args, **kwargs)
/appdata/users/P101440/micromamba/envs/torch29/lib/python3.11/site-packages/scipy/_lib/_util.py:1181: RuntimeWarning: logm result may be inaccurate, approximate err = 8.428186220044154e-07
  return f(*arrays, *other_args, **kwargs)
/appdata/users/P101440/micromamba/envs/torch29/lib/python3.11/site-packages/scipy/_lib/_util.py:1181: RuntimeWarning: logm result may be inaccurate, approximate err = 1.3822924529449665e-06
  return f(*arrays, *other_args, **kwargs)
/appdata/users/P101440/micromamba/envs/torch29/lib/python3.11/site-packages/scipy/_lib/_util.py:1181: RuntimeWarning: logm result may be inaccurate, approximate err = 9.814541499508778e-07
  return f(*arrays, *other_args, **kwargs)
/appdata/users/P101440/micromamba/envs/torch29/lib/python3.11/site-packages/scipy/_lib/_util.py:1181: RuntimeWarning: logm result may be inaccurate, approximate err = 8.053044098232931e-07
  return f(*arrays, *other_args, **kwargs)
/appdata/users/P101440/micromamba/envs/torch29/lib/python3.11/site-packages/scipy/_lib/_util.py:1181: RuntimeWarning: logm result may be inaccurate, approximate err = 6.018147473696445e-07
  return f(*arrays, *other_args, **kwargs)
/appdata/users/P101440/micromamba/envs/torch29/lib/python3.11/site-packages/scipy/_lib/_util.py:1181: RuntimeWarning: logm result may be inaccurate, approximate err = 9.685734312370187e-07
  return f(*arrays, *other_args, **kwargs)
/appdata/users/P101440/micromamba/envs/torch29/lib/python3.11/site-packages/scipy/_lib/_util.py:1181: RuntimeWarning: logm result may be inaccurate, approximate err = 6.0696993386955e-07
  return f(*arrays, *other_args, **kwargs)
/appdata/users/P101440/micromamba/envs/torch29/lib/python3.11/site-packages/scipy/_lib/_util.py:1181: RuntimeWarning: logm result may be inaccurate, approximate err = 6.914685855008429e-07
  return f(*arrays, *other_args, **kwargs)
/appdata/users/P101440/micromamba/envs/torch29/lib/python3.11/site-packages/scipy/_lib/_util.py:1181: RuntimeWarning: logm result may be inaccurate, approximate err = 9.479552431912452e-07
  return f(*arrays, *other_args, **kwargs)
/appdata/users/P101440/micromamba/envs/torch29/lib/python3.11/site-packages/scipy/_lib/_util.py:1181: RuntimeWarning: logm result may be inaccurate, approximate err = 1.1527620245033177e-06
  return f(*arrays, *other_args, **kwargs)
/appdata/users/P101440/micromamba/envs/torch29/lib/python3.11/site-packages/scipy/_lib/_util.py:1181: RuntimeWarning: logm result may be inaccurate, approximate err = 9.52302968926233e-07
  return f(*arrays, *other_args, **kwargs)
/appdata/users/P101440/micromamba/envs/torch29/lib/python3.11/site-packages/scipy/_lib/_util.py:1181: RuntimeWarning: logm result may be inaccurate, approximate err = 1.0431181181047577e-06
  return f(*arrays, *other_args, **kwargs)
/appdata/users/P101440/micromamba/envs/torch29/lib/python3.11/site-packages/scipy/_lib/_util.py:1181: RuntimeWarning: logm result may be inaccurate, approximate err = 7.259973244799767e-07
  return f(*arrays, *other_args, **kwargs)
/appdata/users/P101440/micromamba/envs/torch29/lib/python3.11/site-packages/scipy/_lib/_util.py:1181: RuntimeWarning: logm result may be inaccurate, approximate err = 1.0226644917565864e-06
  return f(*arrays, *other_args, **kwargs)
/appdata/users/P101440/micromamba/envs/torch29/lib/python3.11/site-packages/scipy/_lib/_util.py:1181: RuntimeWarning: logm result may be inaccurate, approximate err = 8.432830327365082e-07
  return f(*arrays, *other_args, **kwargs)
/appdata/users/P101440/micromamba/envs/torch29/lib/python3.11/site-packages/scipy/_lib/_util.py:1181: RuntimeWarning: logm result may be inaccurate, approximate err = 7.780586201988626e-07
  return f(*arrays, *other_args, **kwargs)
/appdata/users/P101440/micromamba/envs/torch29/lib/python3.11/site-packages/scipy/_lib/_util.py:1181: RuntimeWarning: logm result may be inaccurate, approximate err = 7.490590405723196e-07
  return f(*arrays, *other_args, **kwargs)
/appdata/users/P101440/micromamba/envs/torch29/lib/python3.11/site-packages/scipy/_lib/_util.py:1181: RuntimeWarning: logm result may be inaccurate, approximate err = 6.242683525670145e-07
  return f(*arrays, *other_args, **kwargs)
/appdata/users/P101440/micromamba/envs/torch29/lib/python3.11/site-packages/scipy/_lib/_util.py:1181: RuntimeWarning: logm result may be inaccurate, approximate err = 8.083698048721999e-07
  return f(*arrays, *other_args, **kwargs)
/appdata/users/P101440/micromamba/envs/torch29/lib/python3.11/site-packages/scipy/_lib/_util.py:1181: RuntimeWarning: logm result may be inaccurate, approximate err = 6.150761464596144e-07
  return f(*arrays, *other_args, **kwargs)
/appdata/users/P101440/micromamba/envs/torch29/lib/python3.11/site-packages/scipy/_lib/_util.py:1181: RuntimeWarning: logm result may be inaccurate, approximate err = 1.1450052852524095e-06
  return f(*arrays, *other_args, **kwargs)
/appdata/users/P101440/micromamba/envs/torch29/lib/python3.11/site-packages/scipy/_lib/_util.py:1181: RuntimeWarning: logm result may be inaccurate, approximate err = 8.956300803220074e-07
  return f(*arrays, *other_args, **kwargs)
/appdata/users/P101440/micromamba/envs/torch29/lib/python3.11/site-packages/scipy/_lib/_util.py:1181: RuntimeWarning: logm result may be inaccurate, approximate err = 1.0314116707377252e-06
  return f(*arrays, *other_args, **kwargs)
/appdata/users/P101440/micromamba/envs/torch29/lib/python3.11/site-packages/scipy/_lib/_util.py:1181: RuntimeWarning: logm result may be inaccurate, approximate err = 8.890472713574127e-07
  return f(*arrays, *other_args, **kwargs)
/appdata/users/P101440/micromamba/envs/torch29/lib/python3.11/site-packages/scipy/_lib/_util.py:1181: RuntimeWarning: logm result may be inaccurate, approximate err = 8.232090635829081e-07
  return f(*arrays, *other_args, **kwargs)
/appdata/users/P101440/micromamba/envs/torch29/lib/python3.11/site-packages/scipy/_lib/_util.py:1181: RuntimeWarning: logm result may be inaccurate, approximate err = 8.229858963204606e-07
  return f(*arrays, *other_args, **kwargs)
/appdata/users/P101440/micromamba/envs/torch29/lib/python3.11/site-packages/scipy/_lib/_util.py:1181: RuntimeWarning: logm result may be inaccurate, approximate err = 7.011416869318055e-07
  return f(*arrays, *other_args, **kwargs)
/appdata/users/P101440/micromamba/envs/torch29/lib/python3.11/site-packages/scipy/_lib/_util.py:1181: RuntimeWarning: logm result may be inaccurate, approximate err = 1.0330523991797236e-06
  return f(*arrays, *other_args, **kwargs)
/appdata/users/P101440/micromamba/envs/torch29/lib/python3.11/site-packages/scipy/_lib/_util.py:1181: RuntimeWarning: logm result may be inaccurate, approximate err = 1.0013202427217038e-06
  return f(*arrays, *other_args, **kwargs)
/appdata/users/P101440/micromamba/envs/torch29/lib/python3.11/site-packages/scipy/_lib/_util.py:1181: RuntimeWarning: logm result may be inaccurate, approximate err = 1.0967946764139924e-06
  return f(*arrays, *other_args, **kwargs)
/appdata/users/P101440/micromamba/envs/torch29/lib/python3.11/site-packages/scipy/_lib/_util.py:1181: RuntimeWarning: logm result may be inaccurate, approximate err = 7.153115575420088e-07
  return f(*arrays, *other_args, **kwargs)
/appdata/users/P101440/micromamba/envs/torch29/lib/python3.11/site-packages/scipy/_lib/_util.py:1181: RuntimeWarning: logm result may be inaccurate, approximate err = 8.926995178626385e-07
  return f(*arrays, *other_args, **kwargs)
/appdata/users/P101440/micromamba/envs/torch29/lib/python3.11/site-packages/scipy/_lib/_util.py:1181: RuntimeWarning: logm result may be inaccurate, approximate err = 6.605347380173043e-07
  return f(*arrays, *other_args, **kwargs)
/appdata/users/P101440/micromamba/envs/torch29/lib/python3.11/site-packages/scipy/_lib/_util.py:1181: RuntimeWarning: logm result may be inaccurate, approximate err = 9.899646329358802e-07
  return f(*arrays, *other_args, **kwargs)
/appdata/users/P101440/micromamba/envs/torch29/lib/python3.11/site-packages/scipy/_lib/_util.py:1181: RuntimeWarning: logm result may be inaccurate, approximate err = 1.0408610933154705e-06
  return f(*arrays, *other_args, **kwargs)
/appdata/users/P101440/micromamba/envs/torch29/lib/python3.11/site-packages/scipy/_lib/_util.py:1181: RuntimeWarning: logm result may be inaccurate, approximate err = 9.039767974172719e-07
  return f(*arrays, *other_args, **kwargs)
/appdata/users/P101440/micromamba/envs/torch29/lib/python3.11/site-packages/scipy/_lib/_util.py:1181: RuntimeWarning: logm result may be inaccurate, approximate err = 7.810351121406711e-07
  return f(*arrays, *other_args, **kwargs)
/appdata/users/P101440/micromamba/envs/torch29/lib/python3.11/site-packages/scipy/_lib/_util.py:1181: RuntimeWarning: logm result may be inaccurate, approximate err = 8.972270961749018e-07
  return f(*arrays, *other_args, **kwargs)
/appdata/users/P101440/micromamba/envs/torch29/lib/python3.11/site-packages/scipy/_lib/_util.py:1181: RuntimeWarning: logm result may be inaccurate, approximate err = 7.797613648108381e-07
  return f(*arrays, *other_args, **kwargs)
/appdata/users/P101440/micromamba/envs/torch29/lib/python3.11/site-packages/scipy/_lib/_util.py:1181: RuntimeWarning: logm result may be inaccurate, approximate err = 8.811292673271964e-07
  return f(*arrays, *other_args, **kwargs)
/appdata/users/P101440/micromamba/envs/torch29/lib/python3.11/site-packages/scipy/_lib/_util.py:1181: RuntimeWarning: logm result may be inaccurate, approximate err = 7.625544640177395e-07
  return f(*arrays, *other_args, **kwargs)
/appdata/users/P101440/micromamba/envs/torch29/lib/python3.11/site-packages/scipy/_lib/_util.py:1181: RuntimeWarning: logm result may be inaccurate, approximate err = 6.361849500535754e-07
  return f(*arrays, *other_args, **kwargs)
/appdata/users/P101440/micromamba/envs/torch29/lib/python3.11/site-packages/scipy/_lib/_util.py:1181: RuntimeWarning: logm result may be inaccurate, approximate err = 8.668558280078287e-07
  return f(*arrays, *other_args, **kwargs)
/appdata/users/P101440/micromamba/envs/torch29/lib/python3.11/site-packages/scipy/_lib/_util.py:1181: RuntimeWarning: logm result may be inaccurate, approximate err = 1.3150544191375957e-06
  return f(*arrays, *other_args, **kwargs)
/appdata/users/P101440/micromamba/envs/torch29/lib/python3.11/site-packages/scipy/_lib/_util.py:1181: RuntimeWarning: logm result may be inaccurate, approximate err = 8.695022302163125e-07
  return f(*arrays, *other_args, **kwargs)
/appdata/users/P101440/micromamba/envs/torch29/lib/python3.11/site-packages/scipy/_lib/_util.py:1181: RuntimeWarning: logm result may be inaccurate, approximate err = 1.0223419621979701e-06
  return f(*arrays, *other_args, **kwargs)
/appdata/users/P101440/micromamba/envs/torch29/lib/python3.11/site-packages/scipy/_lib/_util.py:1181: RuntimeWarning: logm result may be inaccurate, approximate err = 1.0471321729710326e-06
  return f(*arrays, *other_args, **kwargs)
/appdata/users/P101440/micromamba/envs/torch29/lib/python3.11/site-packages/scipy/_lib/_util.py:1181: RuntimeWarning: logm result may be inaccurate, approximate err = 7.949924452077539e-07
  return f(*arrays, *other_args, **kwargs)
/appdata/users/P101440/micromamba/envs/torch29/lib/python3.11/site-packages/scipy/_lib/_util.py:1181: RuntimeWarning: logm result may be inaccurate, approximate err = 7.18564251656062e-07
  return f(*arrays, *other_args, **kwargs)
/appdata/users/P101440/micromamba/envs/torch29/lib/python3.11/site-packages/scipy/_lib/_util.py:1181: RuntimeWarning: logm result may be inaccurate, approximate err = 1.1199607570233638e-06
  return f(*arrays, *other_args, **kwargs)
/appdata/users/P101440/micromamba/envs/torch29/lib/python3.11/site-packages/scipy/_lib/_util.py:1181: RuntimeWarning: logm result may be inaccurate, approximate err = 1.1567127558009815e-06
  return f(*arrays, *other_args, **kwargs)
/appdata/users/P101440/micromamba/envs/torch29/lib/python3.11/site-packages/scipy/_lib/_util.py:1181: RuntimeWarning: logm result may be inaccurate, approximate err = 4.98195504405885e-07
  return f(*arrays, *other_args, **kwargs)
/appdata/users/P101440/micromamba/envs/torch29/lib/python3.11/site-packages/scipy/_lib/_util.py:1181: RuntimeWarning: logm result may be inaccurate, approximate err = 8.392986501348787e-07
  return f(*arrays, *other_args, **kwargs)
/appdata/users/P101440/micromamba/envs/torch29/lib/python3.11/site-packages/scipy/_lib/_util.py:1181: RuntimeWarning: logm result may be inaccurate, approximate err = 9.849948128248798e-07
  return f(*arrays, *other_args, **kwargs)
/appdata/users/P101440/micromamba/envs/torch29/lib/python3.11/site-packages/scipy/_lib/_util.py:1181: RuntimeWarning: logm result may be inaccurate, approximate err = 5.784879135717347e-07
  return f(*arrays, *other_args, **kwargs)
/appdata/users/P101440/micromamba/envs/torch29/lib/python3.11/site-packages/scipy/_lib/_util.py:1181: RuntimeWarning: logm result may be inaccurate, approximate err = 1.0517926511965925e-06
  return f(*arrays, *other_args, **kwargs)
/appdata/users/P101440/micromamba/envs/torch29/lib/python3.11/site-packages/scipy/_lib/_util.py:1181: RuntimeWarning: logm result may be inaccurate, approximate err = 7.63346520216146e-07
  return f(*arrays, *other_args, **kwargs)
/appdata/users/P101440/micromamba/envs/torch29/lib/python3.11/site-packages/scipy/_lib/_util.py:1181: RuntimeWarning: logm result may be inaccurate, approximate err = 1.1561422752492945e-06
  return f(*arrays, *other_args, **kwargs)
/appdata/users/P101440/micromamba/envs/torch29/lib/python3.11/site-packages/scipy/_lib/_util.py:1181: RuntimeWarning: logm result may be inaccurate, approximate err = 1.0029830264102202e-06
  return f(*arrays, *other_args, **kwargs)
/appdata/users/P101440/micromamba/envs/torch29/lib/python3.11/site-packages/scipy/_lib/_util.py:1181: RuntimeWarning: logm result may be inaccurate, approximate err = 5.850309321431268e-07
  return f(*arrays, *other_args, **kwargs)
/appdata/users/P101440/micromamba/envs/torch29/lib/python3.11/site-packages/scipy/_lib/_util.py:1181: RuntimeWarning: logm result may be inaccurate, approximate err = 7.835830047042691e-07
  return f(*arrays, *other_args, **kwargs)
/appdata/users/P101440/micromamba/envs/torch29/lib/python3.11/site-packages/scipy/_lib/_util.py:1181: RuntimeWarning: logm result may be inaccurate, approximate err = 5.790756745227554e-07
  return f(*arrays, *other_args, **kwargs)
/appdata/users/P101440/micromamba/envs/torch29/lib/python3.11/site-packages/scipy/_lib/_util.py:1181: RuntimeWarning: logm result may be inaccurate, approximate err = 7.593025657115504e-07
  return f(*arrays, *other_args, **kwargs)
/appdata/users/P101440/micromamba/envs/torch29/lib/python3.11/site-packages/scipy/_lib/_util.py:1181: RuntimeWarning: logm result may be inaccurate, approximate err = 8.202447929761547e-07
  return f(*arrays, *other_args, **kwargs)
/appdata/users/P101440/micromamba/envs/torch29/lib/python3.11/site-packages/scipy/_lib/_util.py:1181: RuntimeWarning: logm result may be inaccurate, approximate err = 7.989279424691631e-07
  return f(*arrays, *other_args, **kwargs)
/appdata/users/P101440/micromamba/envs/torch29/lib/python3.11/site-packages/scipy/_lib/_util.py:1181: RuntimeWarning: logm result may be inaccurate, approximate err = 9.381760719406884e-07
  return f(*arrays, *other_args, **kwargs)
/appdata/users/P101440/micromamba/envs/torch29/lib/python3.11/site-packages/scipy/_lib/_util.py:1181: RuntimeWarning: logm result may be inaccurate, approximate err = 8.84332791883935e-07
  return f(*arrays, *other_args, **kwargs)
/appdata/users/P101440/micromamba/envs/torch29/lib/python3.11/site-packages/scipy/_lib/_util.py:1181: RuntimeWarning: logm result may be inaccurate, approximate err = 8.235644486376259e-07
  return f(*arrays, *other_args, **kwargs)
/appdata/users/P101440/micromamba/envs/torch29/lib/python3.11/site-packages/scipy/_lib/_util.py:1181: RuntimeWarning: logm result may be inaccurate, approximate err = 9.367474831378786e-07
  return f(*arrays, *other_args, **kwargs)
/appdata/users/P101440/micromamba/envs/torch29/lib/python3.11/site-packages/scipy/_lib/_util.py:1181: RuntimeWarning: logm result may be inaccurate, approximate err = 8.496068630847731e-07
  return f(*arrays, *other_args, **kwargs)
/appdata/users/P101440/micromamba/envs/torch29/lib/python3.11/site-packages/scipy/_lib/_util.py:1181: RuntimeWarning: logm result may be inaccurate, approximate err = 8.958676289694267e-07
  return f(*arrays, *other_args, **kwargs)
/appdata/users/P101440/micromamba/envs/torch29/lib/python3.11/site-packages/scipy/_lib/_util.py:1181: RuntimeWarning: logm result may be inaccurate, approximate err = 8.566676683585683e-07
  return f(*arrays, *other_args, **kwargs)
/appdata/users/P101440/micromamba/envs/torch29/lib/python3.11/site-packages/scipy/_lib/_util.py:1181: RuntimeWarning: logm result may be inaccurate, approximate err = 6.846917699476762e-07
  return f(*arrays, *other_args, **kwargs)
/appdata/users/P101440/micromamba/envs/torch29/lib/python3.11/site-packages/scipy/_lib/_util.py:1181: RuntimeWarning: logm result may be inaccurate, approximate err = 1.3208763220973196e-06
  return f(*arrays, *other_args, **kwargs)
/appdata/users/P101440/micromamba/envs/torch29/lib/python3.11/site-packages/scipy/_lib/_util.py:1181: RuntimeWarning: logm result may be inaccurate, approximate err = 6.902069458192273e-07
  return f(*arrays, *other_args, **kwargs)
/appdata/users/P101440/micromamba/envs/torch29/lib/python3.11/site-packages/scipy/_lib/_util.py:1181: RuntimeWarning: logm result may be inaccurate, approximate err = 7.786603077875043e-07
  return f(*arrays, *other_args, **kwargs)
/appdata/users/P101440/micromamba/envs/torch29/lib/python3.11/site-packages/scipy/_lib/_util.py:1181: RuntimeWarning: logm result may be inaccurate, approximate err = 7.047441386021092e-07
  return f(*arrays, *other_args, **kwargs)
/appdata/users/P101440/micromamba/envs/torch29/lib/python3.11/site-packages/scipy/_lib/_util.py:1181: RuntimeWarning: logm result may be inaccurate, approximate err = 9.711517350297072e-07
  return f(*arrays, *other_args, **kwargs)
/appdata/users/P101440/micromamba/envs/torch29/lib/python3.11/site-packages/scipy/_lib/_util.py:1181: RuntimeWarning: logm result may be inaccurate, approximate err = 7.659580205654493e-07
  return f(*arrays, *other_args, **kwargs)
/appdata/users/P101440/micromamba/envs/torch29/lib/python3.11/site-packages/scipy/_lib/_util.py:1181: RuntimeWarning: logm result may be inaccurate, approximate err = 8.904717105906457e-07
  return f(*arrays, *other_args, **kwargs)
/appdata/users/P101440/micromamba/envs/torch29/lib/python3.11/site-packages/scipy/_lib/_util.py:1181: RuntimeWarning: logm result may be inaccurate, approximate err = 7.860773507673002e-07
  return f(*arrays, *other_args, **kwargs)
/appdata/users/P101440/micromamba/envs/torch29/lib/python3.11/site-packages/scipy/_lib/_util.py:1181: RuntimeWarning: logm result may be inaccurate, approximate err = 7.120498253243568e-07
  return f(*arrays, *other_args, **kwargs)
/appdata/users/P101440/micromamba/envs/torch29/lib/python3.11/site-packages/scipy/_lib/_util.py:1181: RuntimeWarning: logm result may be inaccurate, approximate err = 1.0028466022049543e-06
  return f(*arrays, *other_args, **kwargs)
/appdata/users/P101440/micromamba/envs/torch29/lib/python3.11/site-packages/scipy/_lib/_util.py:1181: RuntimeWarning: logm result may be inaccurate, approximate err = 8.210864166358078e-07
  return f(*arrays, *other_args, **kwargs)
/appdata/users/P101440/micromamba/envs/torch29/lib/python3.11/site-packages/scipy/_lib/_util.py:1181: RuntimeWarning: logm result may be inaccurate, approximate err = 8.668000646139262e-07
  return f(*arrays, *other_args, **kwargs)
/appdata/users/P101440/micromamba/envs/torch29/lib/python3.11/site-packages/scipy/_lib/_util.py:1181: RuntimeWarning: logm result may be inaccurate, approximate err = 6.574622943844588e-07
  return f(*arrays, *other_args, **kwargs)
/appdata/users/P101440/micromamba/envs/torch29/lib/python3.11/site-packages/scipy/_lib/_util.py:1181: RuntimeWarning: logm result may be inaccurate, approximate err = 8.053378905970021e-07
  return f(*arrays, *other_args, **kwargs)
/appdata/users/P101440/micromamba/envs/torch29/lib/python3.11/site-packages/scipy/_lib/_util.py:1181: RuntimeWarning: logm result may be inaccurate, approximate err = 1.0240867140964838e-06
  return f(*arrays, *other_args, **kwargs)
/appdata/users/P101440/micromamba/envs/torch29/lib/python3.11/site-packages/scipy/_lib/_util.py:1181: RuntimeWarning: logm result may be inaccurate, approximate err = 7.757362254778855e-07
  return f(*arrays, *other_args, **kwargs)
/appdata/users/P101440/micromamba/envs/torch29/lib/python3.11/site-packages/scipy/_lib/_util.py:1181: RuntimeWarning: logm result may be inaccurate, approximate err = 1.003207671601558e-06
  return f(*arrays, *other_args, **kwargs)
/appdata/users/P101440/micromamba/envs/torch29/lib/python3.11/site-packages/scipy/_lib/_util.py:1181: RuntimeWarning: logm result may be inaccurate, approximate err = 6.641713525823434e-07
  return f(*arrays, *other_args, **kwargs)
/appdata/users/P101440/micromamba/envs/torch29/lib/python3.11/site-packages/scipy/_lib/_util.py:1181: RuntimeWarning: logm result may be inaccurate, approximate err = 9.643515568313887e-07
  return f(*arrays, *other_args, **kwargs)
/appdata/users/P101440/micromamba/envs/torch29/lib/python3.11/site-packages/scipy/_lib/_util.py:1181: RuntimeWarning: logm result may be inaccurate, approximate err = 9.655049098000745e-07
  return f(*arrays, *other_args, **kwargs)
/appdata/users/P101440/micromamba/envs/torch29/lib/python3.11/site-packages/scipy/_lib/_util.py:1181: RuntimeWarning: logm result may be inaccurate, approximate err = 6.583537697224529e-07
  return f(*arrays, *other_args, **kwargs)
/appdata/users/P101440/micromamba/envs/torch29/lib/python3.11/site-packages/scipy/_lib/_util.py:1181: RuntimeWarning: logm result may be inaccurate, approximate err = 6.965273655623605e-07
  return f(*arrays, *other_args, **kwargs)
/appdata/users/P101440/micromamba/envs/torch29/lib/python3.11/site-packages/scipy/_lib/_util.py:1181: RuntimeWarning: logm result may be inaccurate, approximate err = 8.493207701576466e-07
  return f(*arrays, *other_args, **kwargs)
/appdata/users/P101440/micromamba/envs/torch29/lib/python3.11/site-packages/scipy/_lib/_util.py:1181: RuntimeWarning: logm result may be inaccurate, approximate err = 6.418206339731114e-07
  return f(*arrays, *other_args, **kwargs)
/appdata/users/P101440/micromamba/envs/torch29/lib/python3.11/site-packages/scipy/_lib/_util.py:1181: RuntimeWarning: logm result may be inaccurate, approximate err = 8.840130476528429e-07
  return f(*arrays, *other_args, **kwargs)
/appdata/users/P101440/micromamba/envs/torch29/lib/python3.11/site-packages/scipy/_lib/_util.py:1181: RuntimeWarning: logm result may be inaccurate, approximate err = 8.419684718319331e-07
  return f(*arrays, *other_args, **kwargs)
/appdata/users/P101440/micromamba/envs/torch29/lib/python3.11/site-packages/scipy/_lib/_util.py:1181: RuntimeWarning: logm result may be inaccurate, approximate err = 1.0140206541109364e-06
  return f(*arrays, *other_args, **kwargs)
/appdata/users/P101440/micromamba/envs/torch29/lib/python3.11/site-packages/scipy/_lib/_util.py:1181: RuntimeWarning: logm result may be inaccurate, approximate err = 8.649368510305067e-07
  return f(*arrays, *other_args, **kwargs)
/appdata/users/P101440/micromamba/envs/torch29/lib/python3.11/site-packages/scipy/_lib/_util.py:1181: RuntimeWarning: logm result may be inaccurate, approximate err = 6.805603334214538e-07
  return f(*arrays, *other_args, **kwargs)
/appdata/users/P101440/micromamba/envs/torch29/lib/python3.11/site-packages/scipy/_lib/_util.py:1181: RuntimeWarning: logm result may be inaccurate, approximate err = 1.1294528121652547e-06
  return f(*arrays, *other_args, **kwargs)
/appdata/users/P101440/micromamba/envs/torch29/lib/python3.11/site-packages/scipy/_lib/_util.py:1181: RuntimeWarning: logm result may be inaccurate, approximate err = 6.506383556370565e-07
  return f(*arrays, *other_args, **kwargs)
/appdata/users/P101440/micromamba/envs/torch29/lib/python3.11/site-packages/scipy/_lib/_util.py:1181: RuntimeWarning: logm result may be inaccurate, approximate err = 8.597569376433967e-07
  return f(*arrays, *other_args, **kwargs)
/appdata/users/P101440/micromamba/envs/torch29/lib/python3.11/site-packages/scipy/_lib/_util.py:1181: RuntimeWarning: logm result may be inaccurate, approximate err = 7.930545393719513e-07
  return f(*arrays, *other_args, **kwargs)
/appdata/users/P101440/micromamba/envs/torch29/lib/python3.11/site-packages/scipy/_lib/_util.py:1181: RuntimeWarning: logm result may be inaccurate, approximate err = 1.0010913911173702e-06
  return f(*arrays, *other_args, **kwargs)
/appdata/users/P101440/micromamba/envs/torch29/lib/python3.11/site-packages/scipy/_lib/_util.py:1181: RuntimeWarning: logm result may be inaccurate, approximate err = 8.208983217627974e-07
  return f(*arrays, *other_args, **kwargs)
/appdata/users/P101440/micromamba/envs/torch29/lib/python3.11/site-packages/scipy/_lib/_util.py:1181: RuntimeWarning: logm result may be inaccurate, approximate err = 6.806847636653401e-07
  return f(*arrays, *other_args, **kwargs)
/appdata/users/P101440/micromamba/envs/torch29/lib/python3.11/site-packages/scipy/_lib/_util.py:1181: RuntimeWarning: logm result may be inaccurate, approximate err = 7.202302185760345e-07
  return f(*arrays, *other_args, **kwargs)
/appdata/users/P101440/micromamba/envs/torch29/lib/python3.11/site-packages/scipy/_lib/_util.py:1181: RuntimeWarning: logm result may be inaccurate, approximate err = 1.0671707286746823e-06
  return f(*arrays, *other_args, **kwargs)
/appdata/users/P101440/micromamba/envs/torch29/lib/python3.11/site-packages/scipy/_lib/_util.py:1181: RuntimeWarning: logm result may be inaccurate, approximate err = 9.787361250346294e-07
  return f(*arrays, *other_args, **kwargs)
/appdata/users/P101440/micromamba/envs/torch29/lib/python3.11/site-packages/scipy/_lib/_util.py:1181: RuntimeWarning: logm result may be inaccurate, approximate err = 1.3704162711292156e-06
  return f(*arrays, *other_args, **kwargs)
/appdata/users/P101440/micromamba/envs/torch29/lib/python3.11/site-packages/scipy/_lib/_util.py:1181: RuntimeWarning: logm result may be inaccurate, approximate err = 8.692101118867868e-07
  return f(*arrays, *other_args, **kwargs)
/appdata/users/P101440/micromamba/envs/torch29/lib/python3.11/site-packages/scipy/_lib/_util.py:1181: RuntimeWarning: logm result may be inaccurate, approximate err = 5.449691116155009e-07
  return f(*arrays, *other_args, **kwargs)
/appdata/users/P101440/micromamba/envs/torch29/lib/python3.11/site-packages/scipy/_lib/_util.py:1181: RuntimeWarning: logm result may be inaccurate, approximate err = 7.862852839934931e-07
  return f(*arrays, *other_args, **kwargs)
/appdata/users/P101440/micromamba/envs/torch29/lib/python3.11/site-packages/scipy/_lib/_util.py:1181: RuntimeWarning: logm result may be inaccurate, approximate err = 7.277374720615626e-07
  return f(*arrays, *other_args, **kwargs)
/appdata/users/P101440/micromamba/envs/torch29/lib/python3.11/site-packages/scipy/_lib/_util.py:1181: RuntimeWarning: logm result may be inaccurate, approximate err = 1.103861109186255e-06
  return f(*arrays, *other_args, **kwargs)
/appdata/users/P101440/micromamba/envs/torch29/lib/python3.11/site-packages/scipy/_lib/_util.py:1181: RuntimeWarning: logm result may be inaccurate, approximate err = 1.2182694035800523e-06
  return f(*arrays, *other_args, **kwargs)
/appdata/users/P101440/micromamba/envs/torch29/lib/python3.11/site-packages/scipy/_lib/_util.py:1181: RuntimeWarning: logm result may be inaccurate, approximate err = 9.500145097263157e-07
  return f(*arrays, *other_args, **kwargs)
/appdata/users/P101440/micromamba/envs/torch29/lib/python3.11/site-packages/scipy/_lib/_util.py:1181: RuntimeWarning: logm result may be inaccurate, approximate err = 8.138632665577461e-07
  return f(*arrays, *other_args, **kwargs)
/appdata/users/P101440/micromamba/envs/torch29/lib/python3.11/site-packages/scipy/_lib/_util.py:1181: RuntimeWarning: logm result may be inaccurate, approximate err = 9.62094304668426e-07
  return f(*arrays, *other_args, **kwargs)
/appdata/users/P101440/micromamba/envs/torch29/lib/python3.11/site-packages/scipy/_lib/_util.py:1181: RuntimeWarning: logm result may be inaccurate, approximate err = 7.278329121618299e-07
  return f(*arrays, *other_args, **kwargs)
/appdata/users/P101440/micromamba/envs/torch29/lib/python3.11/site-packages/scipy/_lib/_util.py:1181: RuntimeWarning: logm result may be inaccurate, approximate err = 8.753225415603083e-07
  return f(*arrays, *other_args, **kwargs)
/appdata/users/P101440/micromamba/envs/torch29/lib/python3.11/site-packages/scipy/_lib/_util.py:1181: RuntimeWarning: logm result may be inaccurate, approximate err = 9.545785815134877e-07
  return f(*arrays, *other_args, **kwargs)
/appdata/users/P101440/micromamba/envs/torch29/lib/python3.11/site-packages/scipy/_lib/_util.py:1181: RuntimeWarning: logm result may be inaccurate, approximate err = 6.30787951649836e-07
  return f(*arrays, *other_args, **kwargs)
/appdata/users/P101440/micromamba/envs/torch29/lib/python3.11/site-packages/scipy/_lib/_util.py:1181: RuntimeWarning: logm result may be inaccurate, approximate err = 6.539932542182214e-07
  return f(*arrays, *other_args, **kwargs)
/appdata/users/P101440/micromamba/envs/torch29/lib/python3.11/site-packages/scipy/_lib/_util.py:1181: RuntimeWarning: logm result may be inaccurate, approximate err = 8.117323204714921e-07
  return f(*arrays, *other_args, **kwargs)
/appdata/users/P101440/micromamba/envs/torch29/lib/python3.11/site-packages/scipy/_lib/_util.py:1181: RuntimeWarning: logm result may be inaccurate, approximate err = 8.178928965207888e-07
  return f(*arrays, *other_args, **kwargs)
/appdata/users/P101440/micromamba/envs/torch29/lib/python3.11/site-packages/scipy/_lib/_util.py:1181: RuntimeWarning: logm result may be inaccurate, approximate err = 6.446368274737324e-07
  return f(*arrays, *other_args, **kwargs)
/appdata/users/P101440/micromamba/envs/torch29/lib/python3.11/site-packages/scipy/_lib/_util.py:1181: RuntimeWarning: logm result may be inaccurate, approximate err = 6.516674488921126e-07
  return f(*arrays, *other_args, **kwargs)
/appdata/users/P101440/micromamba/envs/torch29/lib/python3.11/site-packages/scipy/_lib/_util.py:1181: RuntimeWarning: logm result may be inaccurate, approximate err = 1.007499008665036e-06
  return f(*arrays, *other_args, **kwargs)
/appdata/users/P101440/micromamba/envs/torch29/lib/python3.11/site-packages/scipy/_lib/_util.py:1181: RuntimeWarning: logm result may be inaccurate, approximate err = 6.750146894773934e-07
  return f(*arrays, *other_args, **kwargs)
/appdata/users/P101440/micromamba/envs/torch29/lib/python3.11/site-packages/scipy/_lib/_util.py:1181: RuntimeWarning: logm result may be inaccurate, approximate err = 7.101396022335393e-07
  return f(*arrays, *other_args, **kwargs)
/appdata/users/P101440/micromamba/envs/torch29/lib/python3.11/site-packages/scipy/_lib/_util.py:1181: RuntimeWarning: logm result may be inaccurate, approximate err = 6.67763231376739e-07
  return f(*arrays, *other_args, **kwargs)
/appdata/users/P101440/micromamba/envs/torch29/lib/python3.11/site-packages/scipy/_lib/_util.py:1181: RuntimeWarning: logm result may be inaccurate, approximate err = 1.0335857041354757e-06
  return f(*arrays, *other_args, **kwargs)
/appdata/users/P101440/micromamba/envs/torch29/lib/python3.11/site-packages/scipy/_lib/_util.py:1181: RuntimeWarning: logm result may be inaccurate, approximate err = 5.377016805141466e-07
  return f(*arrays, *other_args, **kwargs)
/appdata/users/P101440/micromamba/envs/torch29/lib/python3.11/site-packages/scipy/_lib/_util.py:1181: RuntimeWarning: logm result may be inaccurate, approximate err = 9.301708701059397e-07
  return f(*arrays, *other_args, **kwargs)
/appdata/users/P101440/micromamba/envs/torch29/lib/python3.11/site-packages/scipy/_lib/_util.py:1181: RuntimeWarning: logm result may be inaccurate, approximate err = 8.546394951736147e-07
  return f(*arrays, *other_args, **kwargs)
/appdata/users/P101440/micromamba/envs/torch29/lib/python3.11/site-packages/scipy/_lib/_util.py:1181: RuntimeWarning: logm result may be inaccurate, approximate err = 1.2122923180868383e-06
  return f(*arrays, *other_args, **kwargs)
/appdata/users/P101440/micromamba/envs/torch29/lib/python3.11/site-packages/scipy/_lib/_util.py:1181: RuntimeWarning: logm result may be inaccurate, approximate err = 1.0538477681620861e-06
  return f(*arrays, *other_args, **kwargs)
/appdata/users/P101440/micromamba/envs/torch29/lib/python3.11/site-packages/scipy/_lib/_util.py:1181: RuntimeWarning: logm result may be inaccurate, approximate err = 1.171808776234684e-06
  return f(*arrays, *other_args, **kwargs)
/appdata/users/P101440/micromamba/envs/torch29/lib/python3.11/site-packages/scipy/_lib/_util.py:1181: RuntimeWarning: logm result may be inaccurate, approximate err = 8.462089340355305e-07
  return f(*arrays, *other_args, **kwargs)
/appdata/users/P101440/micromamba/envs/torch29/lib/python3.11/site-packages/scipy/_lib/_util.py:1181: RuntimeWarning: logm result may be inaccurate, approximate err = 1.2376985978335142e-06
  return f(*arrays, *other_args, **kwargs)
/appdata/users/P101440/micromamba/envs/torch29/lib/python3.11/site-packages/scipy/_lib/_util.py:1181: RuntimeWarning: logm result may be inaccurate, approximate err = 9.810349865801982e-07
  return f(*arrays, *other_args, **kwargs)
/appdata/users/P101440/micromamba/envs/torch29/lib/python3.11/site-packages/scipy/_lib/_util.py:1181: RuntimeWarning: logm result may be inaccurate, approximate err = 7.946904929667653e-07
  return f(*arrays, *other_args, **kwargs)
/appdata/users/P101440/micromamba/envs/torch29/lib/python3.11/site-packages/scipy/_lib/_util.py:1181: RuntimeWarning: logm result may be inaccurate, approximate err = 8.688602406436985e-07
  return f(*arrays, *other_args, **kwargs)
/appdata/users/P101440/micromamba/envs/torch29/lib/python3.11/site-packages/scipy/_lib/_util.py:1181: RuntimeWarning: logm result may be inaccurate, approximate err = 7.782113016219228e-07
  return f(*arrays, *other_args, **kwargs)
/appdata/users/P101440/micromamba/envs/torch29/lib/python3.11/site-packages/scipy/_lib/_util.py:1181: RuntimeWarning: logm result may be inaccurate, approximate err = 6.376281476150325e-07
  return f(*arrays, *other_args, **kwargs)
/appdata/users/P101440/micromamba/envs/torch29/lib/python3.11/site-packages/scipy/_lib/_util.py:1181: RuntimeWarning: logm result may be inaccurate, approximate err = 8.514120963809546e-07
  return f(*arrays, *other_args, **kwargs)
/appdata/users/P101440/micromamba/envs/torch29/lib/python3.11/site-packages/scipy/_lib/_util.py:1181: RuntimeWarning: logm result may be inaccurate, approximate err = 9.104271043725021e-07
  return f(*arrays, *other_args, **kwargs)
/appdata/users/P101440/micromamba/envs/torch29/lib/python3.11/site-packages/scipy/_lib/_util.py:1181: RuntimeWarning: logm result may be inaccurate, approximate err = 6.234147349459818e-07
  return f(*arrays, *other_args, **kwargs)
/appdata/users/P101440/micromamba/envs/torch29/lib/python3.11/site-packages/scipy/_lib/_util.py:1181: RuntimeWarning: logm result may be inaccurate, approximate err = 7.169040259213944e-07
  return f(*arrays, *other_args, **kwargs)
/appdata/users/P101440/micromamba/envs/torch29/lib/python3.11/site-packages/scipy/_lib/_util.py:1181: RuntimeWarning: logm result may be inaccurate, approximate err = 8.448625408163934e-07
  return f(*arrays, *other_args, **kwargs)
/appdata/users/P101440/micromamba/envs/torch29/lib/python3.11/site-packages/scipy/_lib/_util.py:1181: RuntimeWarning: logm result may be inaccurate, approximate err = 7.963646453390538e-07
  return f(*arrays, *other_args, **kwargs)
/appdata/users/P101440/micromamba/envs/torch29/lib/python3.11/site-packages/scipy/_lib/_util.py:1181: RuntimeWarning: logm result may be inaccurate, approximate err = 8.29768111998419e-07
  return f(*arrays, *other_args, **kwargs)
/appdata/users/P101440/micromamba/envs/torch29/lib/python3.11/site-packages/scipy/_lib/_util.py:1181: RuntimeWarning: logm result may be inaccurate, approximate err = 7.206587042674073e-07
  return f(*arrays, *other_args, **kwargs)
/appdata/users/P101440/micromamba/envs/torch29/lib/python3.11/site-packages/scipy/_lib/_util.py:1181: RuntimeWarning: logm result may be inaccurate, approximate err = 7.594877615701989e-07
  return f(*arrays, *other_args, **kwargs)
/appdata/users/P101440/micromamba/envs/torch29/lib/python3.11/site-packages/scipy/_lib/_util.py:1181: RuntimeWarning: logm result may be inaccurate, approximate err = 5.807876846120053e-07
  return f(*arrays, *other_args, **kwargs)
/appdata/users/P101440/micromamba/envs/torch29/lib/python3.11/site-packages/scipy/_lib/_util.py:1181: RuntimeWarning: logm result may be inaccurate, approximate err = 9.459910756959289e-07
  return f(*arrays, *other_args, **kwargs)
/appdata/users/P101440/micromamba/envs/torch29/lib/python3.11/site-packages/scipy/_lib/_util.py:1181: RuntimeWarning: logm result may be inaccurate, approximate err = 9.493123229731282e-07
  return f(*arrays, *other_args, **kwargs)
/appdata/users/P101440/micromamba/envs/torch29/lib/python3.11/site-packages/scipy/_lib/_util.py:1181: RuntimeWarning: logm result may be inaccurate, approximate err = 6.957439495636208e-07
  return f(*arrays, *other_args, **kwargs)
/appdata/users/P101440/micromamba/envs/torch29/lib/python3.11/site-packages/scipy/_lib/_util.py:1181: RuntimeWarning: logm result may be inaccurate, approximate err = 8.234933943640499e-07
  return f(*arrays, *other_args, **kwargs)
/appdata/users/P101440/micromamba/envs/torch29/lib/python3.11/site-packages/scipy/_lib/_util.py:1181: RuntimeWarning: logm result may be inaccurate, approximate err = 7.539192665717565e-07
  return f(*arrays, *other_args, **kwargs)
/appdata/users/P101440/micromamba/envs/torch29/lib/python3.11/site-packages/scipy/_lib/_util.py:1181: RuntimeWarning: logm result may be inaccurate, approximate err = 5.701699024029949e-07
  return f(*arrays, *other_args, **kwargs)
/appdata/users/P101440/micromamba/envs/torch29/lib/python3.11/site-packages/scipy/_lib/_util.py:1181: RuntimeWarning: logm result may be inaccurate, approximate err = 9.09869299903221e-07
  return f(*arrays, *other_args, **kwargs)
/appdata/users/P101440/micromamba/envs/torch29/lib/python3.11/site-packages/scipy/_lib/_util.py:1181: RuntimeWarning: logm result may be inaccurate, approximate err = 7.711268494858814e-07
  return f(*arrays, *other_args, **kwargs)
/appdata/users/P101440/micromamba/envs/torch29/lib/python3.11/site-packages/scipy/_lib/_util.py:1181: RuntimeWarning: logm result may be inaccurate, approximate err = 1.179159653474926e-06
  return f(*arrays, *other_args, **kwargs)
/appdata/users/P101440/micromamba/envs/torch29/lib/python3.11/site-packages/scipy/_lib/_util.py:1181: RuntimeWarning: logm result may be inaccurate, approximate err = 1.1720817383320536e-06
  return f(*arrays, *other_args, **kwargs)
/appdata/users/P101440/micromamba/envs/torch29/lib/python3.11/site-packages/scipy/_lib/_util.py:1181: RuntimeWarning: logm result may be inaccurate, approximate err = 8.951191716732865e-07
  return f(*arrays, *other_args, **kwargs)
/appdata/users/P101440/micromamba/envs/torch29/lib/python3.11/site-packages/scipy/_lib/_util.py:1181: RuntimeWarning: logm result may be inaccurate, approximate err = 7.131843631213997e-07
  return f(*arrays, *other_args, **kwargs)
/appdata/users/P101440/micromamba/envs/torch29/lib/python3.11/site-packages/scipy/_lib/_util.py:1181: RuntimeWarning: logm result may be inaccurate, approximate err = 1.0088218687087647e-06
  return f(*arrays, *other_args, **kwargs)
0   , obj: 0.000182, L-S: 0
1   , obj: 0.000160, L-S: 3
2   , obj: 0.000152, L-S: 2
3   , obj: 0.000139, L-S: 1
4   , obj: 0.000136, L-S: 2
5   , obj: 0.000135, L-S: 4
0   , obj: 0.000132, L-S: 2
1   , obj: 0.000130, L-S: 2
2   , obj: 0.000129, L-S: 2
3   , obj: 0.000129, L-S: 3
4   , obj: 0.000128, L-S: 2
5   , obj: 0.000128, L-S: 2
0   , obj: 0.000125, L-S: 3
1   , obj: 0.000124, L-S: 2
2   , obj: 0.000124, L-S: 2
3   , obj: 0.000124, L-S: 2
4   , obj: 0.000123, L-S: 3
5   , obj: 0.000123, L-S: 2
slice 21/30  cs (256, 256, 431)  (1193s)
done 1224s | saved 1 slice(s) [21] (no cs_recon for partial run) to results_ref_p14
PRECOMPUTE 21 exit 0
slice 21: sign -1 corr 0.9967 | arrival 48s pre 219 spokes -> /net/beegfs/users/P101440/DCE_NIK/results_nufft_p14_slice21
RULERS DONE
RULERS 21 exit 0
slice 21: model-free windows (304, 256, 256) (W=31 step=7)
signal rank (Gavish-Donoho) r_sig=108  |  raw spectrum r@90=105 r@99=251  (nwin=304)
K5 residual (denoised r=108): median 0.99  p85 1.00  p95 1.00  max 1.00
wrote 20260924_1956_step2_p14_slice21.png + step2_slice21.npz
STEP2 21 exit 0
===== AIF GATE slice 21 =====
aorta ROI 30 vox | TTP 85s onset 48s rise10-90 11s mono 0.97 baseNeg -0.10 recirc True(amp 0.41)
  [OK] sharp_first_pass_rise<40s
  [OK] physiological_TTP_45-110s
  [OK] monotonic_onset>0.8
  [OK] no_negative_baseline>-0.15
  [OK] recirculation_bump
VERDICT: PASS  (proceed to P3)
wrote 20260924_1956_aif_gate_p14_slice21.png
AIF 21 exit 0
