host worker07.cluster task 1 slice 27
-rw-rw---- 1 P101440 P101440 5457026560 Sep 24 16:38 /net/beegfs/users/P101440/dce_data/orig/meas_topqmri_p14.dat
loaded kdata (512, 2172, 25, 24) TA=390.0 geom={'nz_acq': 25, 'nz_full': 36, 'slab_os': 0.2, 'n_images_per_slab': 60, 'pf_slice_code': 2, 'slice_res': 0.5, 'n_keep': 30, 'nz_recon': 72, 'n_keep_full': 60, 'center_par': 7, 'center_col': 256}
kz DC: MDH CenterPar=7 (energy argmax said 6); using MDH
kz partial fourier: DC=7 -> zero-filled to 36 partitions (start=11)
slab crop: slab_os=0.200 keep 30/36 [3:33] -> nzz=30
front-end 112s | nzz=30 ntviews=2157 nt=431 bas=256
/appdata/users/P101440/micromamba/envs/torch29/lib/python3.11/site-packages/scipy/_lib/_util.py:1181: RuntimeWarning: logm result may be inaccurate, approximate err = 8.080069164861925e-07
  return f(*arrays, *other_args, **kwargs)
/appdata/users/P101440/micromamba/envs/torch29/lib/python3.11/site-packages/scipy/_lib/_util.py:1181: RuntimeWarning: logm result may be inaccurate, approximate err = 7.231100767057796e-07
  return f(*arrays, *other_args, **kwargs)
/appdata/users/P101440/micromamba/envs/torch29/lib/python3.11/site-packages/scipy/_lib/_util.py:1181: RuntimeWarning: logm result may be inaccurate, approximate err = 8.574726848564751e-07
  return f(*arrays, *other_args, **kwargs)
/appdata/users/P101440/micromamba/envs/torch29/lib/python3.11/site-packages/scipy/_lib/_util.py:1181: RuntimeWarning: logm result may be inaccurate, approximate err = 8.798055546321848e-07
  return f(*arrays, *other_args, **kwargs)
/appdata/users/P101440/micromamba/envs/torch29/lib/python3.11/site-packages/scipy/_lib/_util.py:1181: RuntimeWarning: logm result may be inaccurate, approximate err = 9.049771847458032e-07
  return f(*arrays, *other_args, **kwargs)
/appdata/users/P101440/micromamba/envs/torch29/lib/python3.11/site-packages/scipy/_lib/_util.py:1181: RuntimeWarning: logm result may be inaccurate, approximate err = 8.411944918407244e-07
  return f(*arrays, *other_args, **kwargs)
/appdata/users/P101440/micromamba/envs/torch29/lib/python3.11/site-packages/scipy/_lib/_util.py:1181: RuntimeWarning: logm result may be inaccurate, approximate err = 6.693268232993432e-07
  return f(*arrays, *other_args, **kwargs)
/appdata/users/P101440/micromamba/envs/torch29/lib/python3.11/site-packages/scipy/_lib/_util.py:1181: RuntimeWarning: logm result may be inaccurate, approximate err = 7.807479960320052e-07
  return f(*arrays, *other_args, **kwargs)
/appdata/users/P101440/micromamba/envs/torch29/lib/python3.11/site-packages/scipy/_lib/_util.py:1181: RuntimeWarning: logm result may be inaccurate, approximate err = 7.219842359518225e-07
  return f(*arrays, *other_args, **kwargs)
/appdata/users/P101440/micromamba/envs/torch29/lib/python3.11/site-packages/scipy/_lib/_util.py:1181: RuntimeWarning: logm result may be inaccurate, approximate err = 9.188742637888936e-07
  return f(*arrays, *other_args, **kwargs)
/appdata/users/P101440/micromamba/envs/torch29/lib/python3.11/site-packages/scipy/_lib/_util.py:1181: RuntimeWarning: logm result may be inaccurate, approximate err = 1.0153988796446356e-06
  return f(*arrays, *other_args, **kwargs)
/appdata/users/P101440/micromamba/envs/torch29/lib/python3.11/site-packages/scipy/_lib/_util.py:1181: RuntimeWarning: logm result may be inaccurate, approximate err = 8.123516863633995e-07
  return f(*arrays, *other_args, **kwargs)
/appdata/users/P101440/micromamba/envs/torch29/lib/python3.11/site-packages/scipy/_lib/_util.py:1181: RuntimeWarning: logm result may be inaccurate, approximate err = 7.405537303384335e-07
  return f(*arrays, *other_args, **kwargs)
/appdata/users/P101440/micromamba/envs/torch29/lib/python3.11/site-packages/scipy/_lib/_util.py:1181: RuntimeWarning: logm result may be inaccurate, approximate err = 1.1948915243920055e-06
  return f(*arrays, *other_args, **kwargs)
/appdata/users/P101440/micromamba/envs/torch29/lib/python3.11/site-packages/scipy/_lib/_util.py:1181: RuntimeWarning: logm result may be inaccurate, approximate err = 8.288010349133401e-07
  return f(*arrays, *other_args, **kwargs)
/appdata/users/P101440/micromamba/envs/torch29/lib/python3.11/site-packages/scipy/_lib/_util.py:1181: RuntimeWarning: logm result may be inaccurate, approximate err = 1.053473738465982e-06
  return f(*arrays, *other_args, **kwargs)
/appdata/users/P101440/micromamba/envs/torch29/lib/python3.11/site-packages/scipy/_lib/_util.py:1181: RuntimeWarning: logm result may be inaccurate, approximate err = 7.525745786551852e-07
  return f(*arrays, *other_args, **kwargs)
/appdata/users/P101440/micromamba/envs/torch29/lib/python3.11/site-packages/scipy/_lib/_util.py:1181: RuntimeWarning: logm result may be inaccurate, approximate err = 8.526743613401777e-07
  return f(*arrays, *other_args, **kwargs)
/appdata/users/P101440/micromamba/envs/torch29/lib/python3.11/site-packages/scipy/_lib/_util.py:1181: RuntimeWarning: logm result may be inaccurate, approximate err = 9.482442919761525e-07
  return f(*arrays, *other_args, **kwargs)
/appdata/users/P101440/micromamba/envs/torch29/lib/python3.11/site-packages/scipy/_lib/_util.py:1181: RuntimeWarning: logm result may be inaccurate, approximate err = 8.297331532958196e-07
  return f(*arrays, *other_args, **kwargs)
/appdata/users/P101440/micromamba/envs/torch29/lib/python3.11/site-packages/scipy/_lib/_util.py:1181: RuntimeWarning: logm result may be inaccurate, approximate err = 6.609473075513961e-07
  return f(*arrays, *other_args, **kwargs)
/appdata/users/P101440/micromamba/envs/torch29/lib/python3.11/site-packages/scipy/_lib/_util.py:1181: RuntimeWarning: logm result may be inaccurate, approximate err = 1.0182468486163998e-06
  return f(*arrays, *other_args, **kwargs)
/appdata/users/P101440/micromamba/envs/torch29/lib/python3.11/site-packages/scipy/_lib/_util.py:1181: RuntimeWarning: logm result may be inaccurate, approximate err = 8.925721886043902e-07
  return f(*arrays, *other_args, **kwargs)
/appdata/users/P101440/micromamba/envs/torch29/lib/python3.11/site-packages/scipy/_lib/_util.py:1181: RuntimeWarning: logm result may be inaccurate, approximate err = 1.174814883597719e-06
  return f(*arrays, *other_args, **kwargs)
/appdata/users/P101440/micromamba/envs/torch29/lib/python3.11/site-packages/scipy/_lib/_util.py:1181: RuntimeWarning: logm result may be inaccurate, approximate err = 9.715073474581004e-07
  return f(*arrays, *other_args, **kwargs)
/appdata/users/P101440/micromamba/envs/torch29/lib/python3.11/site-packages/scipy/_lib/_util.py:1181: RuntimeWarning: logm result may be inaccurate, approximate err = 8.071886554716912e-07
  return f(*arrays, *other_args, **kwargs)
/appdata/users/P101440/micromamba/envs/torch29/lib/python3.11/site-packages/scipy/_lib/_util.py:1181: RuntimeWarning: logm result may be inaccurate, approximate err = 9.482402560934133e-07
  return f(*arrays, *other_args, **kwargs)
/appdata/users/P101440/micromamba/envs/torch29/lib/python3.11/site-packages/scipy/_lib/_util.py:1181: RuntimeWarning: logm result may be inaccurate, approximate err = 8.07185870144167e-07
  return f(*arrays, *other_args, **kwargs)
/appdata/users/P101440/micromamba/envs/torch29/lib/python3.11/site-packages/scipy/_lib/_util.py:1181: RuntimeWarning: logm result may be inaccurate, approximate err = 6.963055056985468e-07
  return f(*arrays, *other_args, **kwargs)
/appdata/users/P101440/micromamba/envs/torch29/lib/python3.11/site-packages/scipy/_lib/_util.py:1181: RuntimeWarning: logm result may be inaccurate, approximate err = 9.121959010371938e-07
  return f(*arrays, *other_args, **kwargs)
/appdata/users/P101440/micromamba/envs/torch29/lib/python3.11/site-packages/scipy/_lib/_util.py:1181: RuntimeWarning: logm result may be inaccurate, approximate err = 6.956080937925435e-07
  return f(*arrays, *other_args, **kwargs)
/appdata/users/P101440/micromamba/envs/torch29/lib/python3.11/site-packages/scipy/_lib/_util.py:1181: RuntimeWarning: logm result may be inaccurate, approximate err = 7.971803483997064e-07
  return f(*arrays, *other_args, **kwargs)
/appdata/users/P101440/micromamba/envs/torch29/lib/python3.11/site-packages/scipy/_lib/_util.py:1181: RuntimeWarning: logm result may be inaccurate, approximate err = 8.925736665332806e-07
  return f(*arrays, *other_args, **kwargs)
/appdata/users/P101440/micromamba/envs/torch29/lib/python3.11/site-packages/scipy/_lib/_util.py:1181: RuntimeWarning: logm result may be inaccurate, approximate err = 1.1617640893746284e-06
  return f(*arrays, *other_args, **kwargs)
/appdata/users/P101440/micromamba/envs/torch29/lib/python3.11/site-packages/scipy/_lib/_util.py:1181: RuntimeWarning: logm result may be inaccurate, approximate err = 9.674200782683329e-07
  return f(*arrays, *other_args, **kwargs)
/appdata/users/P101440/micromamba/envs/torch29/lib/python3.11/site-packages/scipy/_lib/_util.py:1181: RuntimeWarning: logm result may be inaccurate, approximate err = 7.22476954706508e-07
  return f(*arrays, *other_args, **kwargs)
/appdata/users/P101440/micromamba/envs/torch29/lib/python3.11/site-packages/scipy/_lib/_util.py:1181: RuntimeWarning: logm result may be inaccurate, approximate err = 9.451960636397416e-07
  return f(*arrays, *other_args, **kwargs)
/appdata/users/P101440/micromamba/envs/torch29/lib/python3.11/site-packages/scipy/_lib/_util.py:1181: RuntimeWarning: logm result may be inaccurate, approximate err = 8.478112931697979e-07
  return f(*arrays, *other_args, **kwargs)
/appdata/users/P101440/micromamba/envs/torch29/lib/python3.11/site-packages/scipy/_lib/_util.py:1181: RuntimeWarning: logm result may be inaccurate, approximate err = 1.190469788525661e-06
  return f(*arrays, *other_args, **kwargs)
/appdata/users/P101440/micromamba/envs/torch29/lib/python3.11/site-packages/scipy/_lib/_util.py:1181: RuntimeWarning: logm result may be inaccurate, approximate err = 8.91549689185922e-07
  return f(*arrays, *other_args, **kwargs)
/appdata/users/P101440/micromamba/envs/torch29/lib/python3.11/site-packages/scipy/_lib/_util.py:1181: RuntimeWarning: logm result may be inaccurate, approximate err = 6.875589519950154e-07
  return f(*arrays, *other_args, **kwargs)
/appdata/users/P101440/micromamba/envs/torch29/lib/python3.11/site-packages/scipy/_lib/_util.py:1181: RuntimeWarning: logm result may be inaccurate, approximate err = 9.456882139602385e-07
  return f(*arrays, *other_args, **kwargs)
/appdata/users/P101440/micromamba/envs/torch29/lib/python3.11/site-packages/scipy/_lib/_util.py:1181: RuntimeWarning: logm result may be inaccurate, approximate err = 1.0574333373369882e-06
  return f(*arrays, *other_args, **kwargs)
/appdata/users/P101440/micromamba/envs/torch29/lib/python3.11/site-packages/scipy/_lib/_util.py:1181: RuntimeWarning: logm result may be inaccurate, approximate err = 7.989670507413393e-07
  return f(*arrays, *other_args, **kwargs)
/appdata/users/P101440/micromamba/envs/torch29/lib/python3.11/site-packages/scipy/_lib/_util.py:1181: RuntimeWarning: logm result may be inaccurate, approximate err = 8.459479090561217e-07
  return f(*arrays, *other_args, **kwargs)
/appdata/users/P101440/micromamba/envs/torch29/lib/python3.11/site-packages/scipy/_lib/_util.py:1181: RuntimeWarning: logm result may be inaccurate, approximate err = 1.2071573110006284e-06
  return f(*arrays, *other_args, **kwargs)
/appdata/users/P101440/micromamba/envs/torch29/lib/python3.11/site-packages/scipy/_lib/_util.py:1181: RuntimeWarning: logm result may be inaccurate, approximate err = 9.43440682021901e-07
  return f(*arrays, *other_args, **kwargs)
/appdata/users/P101440/micromamba/envs/torch29/lib/python3.11/site-packages/scipy/_lib/_util.py:1181: RuntimeWarning: logm result may be inaccurate, approximate err = 8.440364354100893e-07
  return f(*arrays, *other_args, **kwargs)
/appdata/users/P101440/micromamba/envs/torch29/lib/python3.11/site-packages/scipy/_lib/_util.py:1181: RuntimeWarning: logm result may be inaccurate, approximate err = 6.213284677869524e-07
  return f(*arrays, *other_args, **kwargs)
/appdata/users/P101440/micromamba/envs/torch29/lib/python3.11/site-packages/scipy/_lib/_util.py:1181: RuntimeWarning: logm result may be inaccurate, approximate err = 8.973177045845659e-07
  return f(*arrays, *other_args, **kwargs)
/appdata/users/P101440/micromamba/envs/torch29/lib/python3.11/site-packages/scipy/_lib/_util.py:1181: RuntimeWarning: logm result may be inaccurate, approximate err = 7.377736324087891e-07
  return f(*arrays, *other_args, **kwargs)
/appdata/users/P101440/micromamba/envs/torch29/lib/python3.11/site-packages/scipy/_lib/_util.py:1181: RuntimeWarning: logm result may be inaccurate, approximate err = 6.899401228110946e-07
  return f(*arrays, *other_args, **kwargs)
/appdata/users/P101440/micromamba/envs/torch29/lib/python3.11/site-packages/scipy/_lib/_util.py:1181: RuntimeWarning: logm result may be inaccurate, approximate err = 9.326681151833327e-07
  return f(*arrays, *other_args, **kwargs)
/appdata/users/P101440/micromamba/envs/torch29/lib/python3.11/site-packages/scipy/_lib/_util.py:1181: RuntimeWarning: logm result may be inaccurate, approximate err = 5.908775619900553e-07
  return f(*arrays, *other_args, **kwargs)
/appdata/users/P101440/micromamba/envs/torch29/lib/python3.11/site-packages/scipy/_lib/_util.py:1181: RuntimeWarning: logm result may be inaccurate, approximate err = 1.0401073495813762e-06
  return f(*arrays, *other_args, **kwargs)
/appdata/users/P101440/micromamba/envs/torch29/lib/python3.11/site-packages/scipy/_lib/_util.py:1181: RuntimeWarning: logm result may be inaccurate, approximate err = 1.0235374929834506e-06
  return f(*arrays, *other_args, **kwargs)
/appdata/users/P101440/micromamba/envs/torch29/lib/python3.11/site-packages/scipy/_lib/_util.py:1181: RuntimeWarning: logm result may be inaccurate, approximate err = 7.577704081995762e-07
  return f(*arrays, *other_args, **kwargs)
/appdata/users/P101440/micromamba/envs/torch29/lib/python3.11/site-packages/scipy/_lib/_util.py:1181: RuntimeWarning: logm result may be inaccurate, approximate err = 8.299516025545017e-07
  return f(*arrays, *other_args, **kwargs)
/appdata/users/P101440/micromamba/envs/torch29/lib/python3.11/site-packages/scipy/_lib/_util.py:1181: RuntimeWarning: logm result may be inaccurate, approximate err = 7.503570031985873e-07
  return f(*arrays, *other_args, **kwargs)
/appdata/users/P101440/micromamba/envs/torch29/lib/python3.11/site-packages/scipy/_lib/_util.py:1181: RuntimeWarning: logm result may be inaccurate, approximate err = 1.0428642553961254e-06
  return f(*arrays, *other_args, **kwargs)
/appdata/users/P101440/micromamba/envs/torch29/lib/python3.11/site-packages/scipy/_lib/_util.py:1181: RuntimeWarning: logm result may be inaccurate, approximate err = 7.595533020321454e-07
  return f(*arrays, *other_args, **kwargs)
/appdata/users/P101440/micromamba/envs/torch29/lib/python3.11/site-packages/scipy/_lib/_util.py:1181: RuntimeWarning: logm result may be inaccurate, approximate err = 9.518109322925739e-07
  return f(*arrays, *other_args, **kwargs)
/appdata/users/P101440/micromamba/envs/torch29/lib/python3.11/site-packages/scipy/_lib/_util.py:1181: RuntimeWarning: logm result may be inaccurate, approximate err = 6.104119734118285e-07
  return f(*arrays, *other_args, **kwargs)
/appdata/users/P101440/micromamba/envs/torch29/lib/python3.11/site-packages/scipy/_lib/_util.py:1181: RuntimeWarning: logm result may be inaccurate, approximate err = 8.980100574262906e-07
  return f(*arrays, *other_args, **kwargs)
/appdata/users/P101440/micromamba/envs/torch29/lib/python3.11/site-packages/scipy/_lib/_util.py:1181: RuntimeWarning: logm result may be inaccurate, approximate err = 7.796325007802807e-07
  return f(*arrays, *other_args, **kwargs)
/appdata/users/P101440/micromamba/envs/torch29/lib/python3.11/site-packages/scipy/_lib/_util.py:1181: RuntimeWarning: logm result may be inaccurate, approximate err = 7.604888878631755e-07
  return f(*arrays, *other_args, **kwargs)
/appdata/users/P101440/micromamba/envs/torch29/lib/python3.11/site-packages/scipy/_lib/_util.py:1181: RuntimeWarning: logm result may be inaccurate, approximate err = 8.36698347939091e-07
  return f(*arrays, *other_args, **kwargs)
/appdata/users/P101440/micromamba/envs/torch29/lib/python3.11/site-packages/scipy/_lib/_util.py:1181: RuntimeWarning: logm result may be inaccurate, approximate err = 5.904192903471994e-07
  return f(*arrays, *other_args, **kwargs)
/appdata/users/P101440/micromamba/envs/torch29/lib/python3.11/site-packages/scipy/_lib/_util.py:1181: RuntimeWarning: logm result may be inaccurate, approximate err = 1.0319909051759169e-06
  return f(*arrays, *other_args, **kwargs)
/appdata/users/P101440/micromamba/envs/torch29/lib/python3.11/site-packages/scipy/_lib/_util.py:1181: RuntimeWarning: logm result may be inaccurate, approximate err = 1.218507236444566e-06
  return f(*arrays, *other_args, **kwargs)
/appdata/users/P101440/micromamba/envs/torch29/lib/python3.11/site-packages/scipy/_lib/_util.py:1181: RuntimeWarning: logm result may be inaccurate, approximate err = 9.85735141512123e-07
  return f(*arrays, *other_args, **kwargs)
/appdata/users/P101440/micromamba/envs/torch29/lib/python3.11/site-packages/scipy/_lib/_util.py:1181: RuntimeWarning: logm result may be inaccurate, approximate err = 9.640477856009966e-07
  return f(*arrays, *other_args, **kwargs)
/appdata/users/P101440/micromamba/envs/torch29/lib/python3.11/site-packages/scipy/_lib/_util.py:1181: RuntimeWarning: logm result may be inaccurate, approximate err = 6.57306202356267e-07
  return f(*arrays, *other_args, **kwargs)
/appdata/users/P101440/micromamba/envs/torch29/lib/python3.11/site-packages/scipy/_lib/_util.py:1181: RuntimeWarning: logm result may be inaccurate, approximate err = 8.400206752412487e-07
  return f(*arrays, *other_args, **kwargs)
/appdata/users/P101440/micromamba/envs/torch29/lib/python3.11/site-packages/scipy/_lib/_util.py:1181: RuntimeWarning: logm result may be inaccurate, approximate err = 8.951195127337996e-07
  return f(*arrays, *other_args, **kwargs)
/appdata/users/P101440/micromamba/envs/torch29/lib/python3.11/site-packages/scipy/_lib/_util.py:1181: RuntimeWarning: logm result may be inaccurate, approximate err = 8.751247264626727e-07
  return f(*arrays, *other_args, **kwargs)
/appdata/users/P101440/micromamba/envs/torch29/lib/python3.11/site-packages/scipy/_lib/_util.py:1181: RuntimeWarning: logm result may be inaccurate, approximate err = 9.665604920883197e-07
  return f(*arrays, *other_args, **kwargs)
/appdata/users/P101440/micromamba/envs/torch29/lib/python3.11/site-packages/scipy/_lib/_util.py:1181: RuntimeWarning: logm result may be inaccurate, approximate err = 8.078241080511361e-07
  return f(*arrays, *other_args, **kwargs)
/appdata/users/P101440/micromamba/envs/torch29/lib/python3.11/site-packages/scipy/_lib/_util.py:1181: RuntimeWarning: logm result may be inaccurate, approximate err = 9.842476629273733e-07
  return f(*arrays, *other_args, **kwargs)
/appdata/users/P101440/micromamba/envs/torch29/lib/python3.11/site-packages/scipy/_lib/_util.py:1181: RuntimeWarning: logm result may be inaccurate, approximate err = 9.345857847620209e-07
  return f(*arrays, *other_args, **kwargs)
/appdata/users/P101440/micromamba/envs/torch29/lib/python3.11/site-packages/scipy/_lib/_util.py:1181: RuntimeWarning: logm result may be inaccurate, approximate err = 7.985113370523322e-07
  return f(*arrays, *other_args, **kwargs)
/appdata/users/P101440/micromamba/envs/torch29/lib/python3.11/site-packages/scipy/_lib/_util.py:1181: RuntimeWarning: logm result may be inaccurate, approximate err = 1.0531954330872395e-06
  return f(*arrays, *other_args, **kwargs)
/appdata/users/P101440/micromamba/envs/torch29/lib/python3.11/site-packages/scipy/_lib/_util.py:1181: RuntimeWarning: logm result may be inaccurate, approximate err = 1.3257233604235807e-06
  return f(*arrays, *other_args, **kwargs)
/appdata/users/P101440/micromamba/envs/torch29/lib/python3.11/site-packages/scipy/_lib/_util.py:1181: RuntimeWarning: logm result may be inaccurate, approximate err = 8.427774105257413e-07
  return f(*arrays, *other_args, **kwargs)
/appdata/users/P101440/micromamba/envs/torch29/lib/python3.11/site-packages/scipy/_lib/_util.py:1181: RuntimeWarning: logm result may be inaccurate, approximate err = 1.0780768207041547e-06
  return f(*arrays, *other_args, **kwargs)
/appdata/users/P101440/micromamba/envs/torch29/lib/python3.11/site-packages/scipy/_lib/_util.py:1181: RuntimeWarning: logm result may be inaccurate, approximate err = 1.3014368960284628e-06
  return f(*arrays, *other_args, **kwargs)
/appdata/users/P101440/micromamba/envs/torch29/lib/python3.11/site-packages/scipy/_lib/_util.py:1181: RuntimeWarning: logm result may be inaccurate, approximate err = 5.854112146153057e-07
  return f(*arrays, *other_args, **kwargs)
/appdata/users/P101440/micromamba/envs/torch29/lib/python3.11/site-packages/scipy/_lib/_util.py:1181: RuntimeWarning: logm result may be inaccurate, approximate err = 7.781599151712726e-07
  return f(*arrays, *other_args, **kwargs)
/appdata/users/P101440/micromamba/envs/torch29/lib/python3.11/site-packages/scipy/_lib/_util.py:1181: RuntimeWarning: logm result may be inaccurate, approximate err = 7.168396223278251e-07
  return f(*arrays, *other_args, **kwargs)
/appdata/users/P101440/micromamba/envs/torch29/lib/python3.11/site-packages/scipy/_lib/_util.py:1181: RuntimeWarning: logm result may be inaccurate, approximate err = 6.920540727151092e-07
  return f(*arrays, *other_args, **kwargs)
/appdata/users/P101440/micromamba/envs/torch29/lib/python3.11/site-packages/scipy/_lib/_util.py:1181: RuntimeWarning: logm result may be inaccurate, approximate err = 6.755261097168841e-07
  return f(*arrays, *other_args, **kwargs)
/appdata/users/P101440/micromamba/envs/torch29/lib/python3.11/site-packages/scipy/_lib/_util.py:1181: RuntimeWarning: logm result may be inaccurate, approximate err = 8.301292382384418e-07
  return f(*arrays, *other_args, **kwargs)
/appdata/users/P101440/micromamba/envs/torch29/lib/python3.11/site-packages/scipy/_lib/_util.py:1181: RuntimeWarning: logm result may be inaccurate, approximate err = 1.0319326975150034e-06
  return f(*arrays, *other_args, **kwargs)
/appdata/users/P101440/micromamba/envs/torch29/lib/python3.11/site-packages/scipy/_lib/_util.py:1181: RuntimeWarning: logm result may be inaccurate, approximate err = 7.590023756165465e-07
  return f(*arrays, *other_args, **kwargs)
/appdata/users/P101440/micromamba/envs/torch29/lib/python3.11/site-packages/scipy/_lib/_util.py:1181: RuntimeWarning: logm result may be inaccurate, approximate err = 6.829327503510285e-07
  return f(*arrays, *other_args, **kwargs)
/appdata/users/P101440/micromamba/envs/torch29/lib/python3.11/site-packages/scipy/_lib/_util.py:1181: RuntimeWarning: logm result may be inaccurate, approximate err = 9.527994393465633e-07
  return f(*arrays, *other_args, **kwargs)
/appdata/users/P101440/micromamba/envs/torch29/lib/python3.11/site-packages/scipy/_lib/_util.py:1181: RuntimeWarning: logm result may be inaccurate, approximate err = 1.3462690731103066e-06
  return f(*arrays, *other_args, **kwargs)
/appdata/users/P101440/micromamba/envs/torch29/lib/python3.11/site-packages/scipy/_lib/_util.py:1181: RuntimeWarning: logm result may be inaccurate, approximate err = 7.417900746986561e-07
  return f(*arrays, *other_args, **kwargs)
/appdata/users/P101440/micromamba/envs/torch29/lib/python3.11/site-packages/scipy/_lib/_util.py:1181: RuntimeWarning: logm result may be inaccurate, approximate err = 8.82040524174954e-07
  return f(*arrays, *other_args, **kwargs)
/appdata/users/P101440/micromamba/envs/torch29/lib/python3.11/site-packages/scipy/_lib/_util.py:1181: RuntimeWarning: logm result may be inaccurate, approximate err = 7.908756174401788e-07
  return f(*arrays, *other_args, **kwargs)
/appdata/users/P101440/micromamba/envs/torch29/lib/python3.11/site-packages/scipy/_lib/_util.py:1181: RuntimeWarning: logm result may be inaccurate, approximate err = 7.066018383738992e-07
  return f(*arrays, *other_args, **kwargs)
/appdata/users/P101440/micromamba/envs/torch29/lib/python3.11/site-packages/scipy/_lib/_util.py:1181: RuntimeWarning: logm result may be inaccurate, approximate err = 1.0760880968518904e-06
  return f(*arrays, *other_args, **kwargs)
/appdata/users/P101440/micromamba/envs/torch29/lib/python3.11/site-packages/scipy/_lib/_util.py:1181: RuntimeWarning: logm result may be inaccurate, approximate err = 1.0804103567352286e-06
  return f(*arrays, *other_args, **kwargs)
/appdata/users/P101440/micromamba/envs/torch29/lib/python3.11/site-packages/scipy/_lib/_util.py:1181: RuntimeWarning: logm result may be inaccurate, approximate err = 8.411134899688477e-07
  return f(*arrays, *other_args, **kwargs)
/appdata/users/P101440/micromamba/envs/torch29/lib/python3.11/site-packages/scipy/_lib/_util.py:1181: RuntimeWarning: logm result may be inaccurate, approximate err = 8.597707505941798e-07
  return f(*arrays, *other_args, **kwargs)
/appdata/users/P101440/micromamba/envs/torch29/lib/python3.11/site-packages/scipy/_lib/_util.py:1181: RuntimeWarning: logm result may be inaccurate, approximate err = 7.135997179830156e-07
  return f(*arrays, *other_args, **kwargs)
/appdata/users/P101440/micromamba/envs/torch29/lib/python3.11/site-packages/scipy/_lib/_util.py:1181: RuntimeWarning: logm result may be inaccurate, approximate err = 9.909584832712426e-07
  return f(*arrays, *other_args, **kwargs)
/appdata/users/P101440/micromamba/envs/torch29/lib/python3.11/site-packages/scipy/_lib/_util.py:1181: RuntimeWarning: logm result may be inaccurate, approximate err = 7.326044624278438e-07
  return f(*arrays, *other_args, **kwargs)
/appdata/users/P101440/micromamba/envs/torch29/lib/python3.11/site-packages/scipy/_lib/_util.py:1181: RuntimeWarning: logm result may be inaccurate, approximate err = 7.514890398852003e-07
  return f(*arrays, *other_args, **kwargs)
/appdata/users/P101440/micromamba/envs/torch29/lib/python3.11/site-packages/scipy/_lib/_util.py:1181: RuntimeWarning: logm result may be inaccurate, approximate err = 9.508938774160924e-07
  return f(*arrays, *other_args, **kwargs)
/appdata/users/P101440/micromamba/envs/torch29/lib/python3.11/site-packages/scipy/_lib/_util.py:1181: RuntimeWarning: logm result may be inaccurate, approximate err = 9.679563390818657e-07
  return f(*arrays, *other_args, **kwargs)
/appdata/users/P101440/micromamba/envs/torch29/lib/python3.11/site-packages/scipy/_lib/_util.py:1181: RuntimeWarning: logm result may be inaccurate, approximate err = 8.747869060243829e-07
  return f(*arrays, *other_args, **kwargs)
/appdata/users/P101440/micromamba/envs/torch29/lib/python3.11/site-packages/scipy/_lib/_util.py:1181: RuntimeWarning: logm result may be inaccurate, approximate err = 6.83917960486724e-07
  return f(*arrays, *other_args, **kwargs)
/appdata/users/P101440/micromamba/envs/torch29/lib/python3.11/site-packages/scipy/_lib/_util.py:1181: RuntimeWarning: logm result may be inaccurate, approximate err = 1.037442302731506e-06
  return f(*arrays, *other_args, **kwargs)
/appdata/users/P101440/micromamba/envs/torch29/lib/python3.11/site-packages/scipy/_lib/_util.py:1181: RuntimeWarning: logm result may be inaccurate, approximate err = 7.241698085636017e-07
  return f(*arrays, *other_args, **kwargs)
/appdata/users/P101440/micromamba/envs/torch29/lib/python3.11/site-packages/scipy/_lib/_util.py:1181: RuntimeWarning: logm result may be inaccurate, approximate err = 9.098462783185823e-07
  return f(*arrays, *other_args, **kwargs)
/appdata/users/P101440/micromamba/envs/torch29/lib/python3.11/site-packages/scipy/_lib/_util.py:1181: RuntimeWarning: logm result may be inaccurate, approximate err = 7.276402698153106e-07
  return f(*arrays, *other_args, **kwargs)
/appdata/users/P101440/micromamba/envs/torch29/lib/python3.11/site-packages/scipy/_lib/_util.py:1181: RuntimeWarning: logm result may be inaccurate, approximate err = 8.924999406190182e-07
  return f(*arrays, *other_args, **kwargs)
/appdata/users/P101440/micromamba/envs/torch29/lib/python3.11/site-packages/scipy/_lib/_util.py:1181: RuntimeWarning: logm result may be inaccurate, approximate err = 6.355172672556364e-07
  return f(*arrays, *other_args, **kwargs)
/appdata/users/P101440/micromamba/envs/torch29/lib/python3.11/site-packages/scipy/_lib/_util.py:1181: RuntimeWarning: logm result may be inaccurate, approximate err = 8.822397603580612e-07
  return f(*arrays, *other_args, **kwargs)
/appdata/users/P101440/micromamba/envs/torch29/lib/python3.11/site-packages/scipy/_lib/_util.py:1181: RuntimeWarning: logm result may be inaccurate, approximate err = 1.1025334742953419e-06
  return f(*arrays, *other_args, **kwargs)
/appdata/users/P101440/micromamba/envs/torch29/lib/python3.11/site-packages/scipy/_lib/_util.py:1181: RuntimeWarning: logm result may be inaccurate, approximate err = 8.516514071743586e-07
  return f(*arrays, *other_args, **kwargs)
/appdata/users/P101440/micromamba/envs/torch29/lib/python3.11/site-packages/scipy/_lib/_util.py:1181: RuntimeWarning: logm result may be inaccurate, approximate err = 8.653605618746951e-07
  return f(*arrays, *other_args, **kwargs)
/appdata/users/P101440/micromamba/envs/torch29/lib/python3.11/site-packages/scipy/_lib/_util.py:1181: RuntimeWarning: logm result may be inaccurate, approximate err = 1.2138773399783531e-06
  return f(*arrays, *other_args, **kwargs)
/appdata/users/P101440/micromamba/envs/torch29/lib/python3.11/site-packages/scipy/_lib/_util.py:1181: RuntimeWarning: logm result may be inaccurate, approximate err = 7.108416752998892e-07
  return f(*arrays, *other_args, **kwargs)
/appdata/users/P101440/micromamba/envs/torch29/lib/python3.11/site-packages/scipy/_lib/_util.py:1181: RuntimeWarning: logm result may be inaccurate, approximate err = 1.0202063549513696e-06
  return f(*arrays, *other_args, **kwargs)
/appdata/users/P101440/micromamba/envs/torch29/lib/python3.11/site-packages/scipy/_lib/_util.py:1181: RuntimeWarning: logm result may be inaccurate, approximate err = 7.995657824722002e-07
  return f(*arrays, *other_args, **kwargs)
/appdata/users/P101440/micromamba/envs/torch29/lib/python3.11/site-packages/scipy/_lib/_util.py:1181: RuntimeWarning: logm result may be inaccurate, approximate err = 7.793527743160666e-07
  return f(*arrays, *other_args, **kwargs)
/appdata/users/P101440/micromamba/envs/torch29/lib/python3.11/site-packages/scipy/_lib/_util.py:1181: RuntimeWarning: logm result may be inaccurate, approximate err = 7.138721684896154e-07
  return f(*arrays, *other_args, **kwargs)
/appdata/users/P101440/micromamba/envs/torch29/lib/python3.11/site-packages/scipy/_lib/_util.py:1181: RuntimeWarning: logm result may be inaccurate, approximate err = 6.312328082458407e-07
  return f(*arrays, *other_args, **kwargs)
/appdata/users/P101440/micromamba/envs/torch29/lib/python3.11/site-packages/scipy/_lib/_util.py:1181: RuntimeWarning: logm result may be inaccurate, approximate err = 8.278978498310607e-07
  return f(*arrays, *other_args, **kwargs)
/appdata/users/P101440/micromamba/envs/torch29/lib/python3.11/site-packages/scipy/_lib/_util.py:1181: RuntimeWarning: logm result may be inaccurate, approximate err = 8.636575330456253e-07
  return f(*arrays, *other_args, **kwargs)
/appdata/users/P101440/micromamba/envs/torch29/lib/python3.11/site-packages/scipy/_lib/_util.py:1181: RuntimeWarning: logm result may be inaccurate, approximate err = 6.641089953518531e-07
  return f(*arrays, *other_args, **kwargs)
/appdata/users/P101440/micromamba/envs/torch29/lib/python3.11/site-packages/scipy/_lib/_util.py:1181: RuntimeWarning: logm result may be inaccurate, approximate err = 6.195178912093979e-07
  return f(*arrays, *other_args, **kwargs)
/appdata/users/P101440/micromamba/envs/torch29/lib/python3.11/site-packages/scipy/_lib/_util.py:1181: RuntimeWarning: logm result may be inaccurate, approximate err = 8.36601998344122e-07
  return f(*arrays, *other_args, **kwargs)
/appdata/users/P101440/micromamba/envs/torch29/lib/python3.11/site-packages/scipy/_lib/_util.py:1181: RuntimeWarning: logm result may be inaccurate, approximate err = 1.0677911177481292e-06
  return f(*arrays, *other_args, **kwargs)
/appdata/users/P101440/micromamba/envs/torch29/lib/python3.11/site-packages/scipy/_lib/_util.py:1181: RuntimeWarning: logm result may be inaccurate, approximate err = 7.349768793574185e-07
  return f(*arrays, *other_args, **kwargs)
/appdata/users/P101440/micromamba/envs/torch29/lib/python3.11/site-packages/scipy/_lib/_util.py:1181: RuntimeWarning: logm result may be inaccurate, approximate err = 9.612168696548906e-07
  return f(*arrays, *other_args, **kwargs)
/appdata/users/P101440/micromamba/envs/torch29/lib/python3.11/site-packages/scipy/_lib/_util.py:1181: RuntimeWarning: logm result may be inaccurate, approximate err = 1.1922479643544648e-06
  return f(*arrays, *other_args, **kwargs)
/appdata/users/P101440/micromamba/envs/torch29/lib/python3.11/site-packages/scipy/_lib/_util.py:1181: RuntimeWarning: logm result may be inaccurate, approximate err = 7.894383315942832e-07
  return f(*arrays, *other_args, **kwargs)
/appdata/users/P101440/micromamba/envs/torch29/lib/python3.11/site-packages/scipy/_lib/_util.py:1181: RuntimeWarning: logm result may be inaccurate, approximate err = 1.0449118690303294e-06
  return f(*arrays, *other_args, **kwargs)
/appdata/users/P101440/micromamba/envs/torch29/lib/python3.11/site-packages/scipy/_lib/_util.py:1181: RuntimeWarning: logm result may be inaccurate, approximate err = 8.308905421472446e-07
  return f(*arrays, *other_args, **kwargs)
/appdata/users/P101440/micromamba/envs/torch29/lib/python3.11/site-packages/scipy/_lib/_util.py:1181: RuntimeWarning: logm result may be inaccurate, approximate err = 5.73120416902384e-07
  return f(*arrays, *other_args, **kwargs)
/appdata/users/P101440/micromamba/envs/torch29/lib/python3.11/site-packages/scipy/_lib/_util.py:1181: RuntimeWarning: logm result may be inaccurate, approximate err = 1.1223155524930917e-06
  return f(*arrays, *other_args, **kwargs)
/appdata/users/P101440/micromamba/envs/torch29/lib/python3.11/site-packages/scipy/_lib/_util.py:1181: RuntimeWarning: logm result may be inaccurate, approximate err = 8.676391303197306e-07
  return f(*arrays, *other_args, **kwargs)
/appdata/users/P101440/micromamba/envs/torch29/lib/python3.11/site-packages/scipy/_lib/_util.py:1181: RuntimeWarning: logm result may be inaccurate, approximate err = 7.975028779583226e-07
  return f(*arrays, *other_args, **kwargs)
/appdata/users/P101440/micromamba/envs/torch29/lib/python3.11/site-packages/scipy/_lib/_util.py:1181: RuntimeWarning: logm result may be inaccurate, approximate err = 9.249947083844745e-07
  return f(*arrays, *other_args, **kwargs)
/appdata/users/P101440/micromamba/envs/torch29/lib/python3.11/site-packages/scipy/_lib/_util.py:1181: RuntimeWarning: logm result may be inaccurate, approximate err = 7.170513072196627e-07
  return f(*arrays, *other_args, **kwargs)
/appdata/users/P101440/micromamba/envs/torch29/lib/python3.11/site-packages/scipy/_lib/_util.py:1181: RuntimeWarning: logm result may be inaccurate, approximate err = 1.0066285085486015e-06
  return f(*arrays, *other_args, **kwargs)
/appdata/users/P101440/micromamba/envs/torch29/lib/python3.11/site-packages/scipy/_lib/_util.py:1181: RuntimeWarning: logm result may be inaccurate, approximate err = 1.1570458582355059e-06
  return f(*arrays, *other_args, **kwargs)
/appdata/users/P101440/micromamba/envs/torch29/lib/python3.11/site-packages/scipy/_lib/_util.py:1181: RuntimeWarning: logm result may be inaccurate, approximate err = 7.873757112975e-07
  return f(*arrays, *other_args, **kwargs)
/appdata/users/P101440/micromamba/envs/torch29/lib/python3.11/site-packages/scipy/_lib/_util.py:1181: RuntimeWarning: logm result may be inaccurate, approximate err = 7.761703386677254e-07
  return f(*arrays, *other_args, **kwargs)
/appdata/users/P101440/micromamba/envs/torch29/lib/python3.11/site-packages/scipy/_lib/_util.py:1181: RuntimeWarning: logm result may be inaccurate, approximate err = 1.0121891591552412e-06
  return f(*arrays, *other_args, **kwargs)
/appdata/users/P101440/micromamba/envs/torch29/lib/python3.11/site-packages/scipy/_lib/_util.py:1181: RuntimeWarning: logm result may be inaccurate, approximate err = 7.445158871632884e-07
  return f(*arrays, *other_args, **kwargs)
/appdata/users/P101440/micromamba/envs/torch29/lib/python3.11/site-packages/scipy/_lib/_util.py:1181: RuntimeWarning: logm result may be inaccurate, approximate err = 7.361914526882174e-07
  return f(*arrays, *other_args, **kwargs)
/appdata/users/P101440/micromamba/envs/torch29/lib/python3.11/site-packages/scipy/_lib/_util.py:1181: RuntimeWarning: logm result may be inaccurate, approximate err = 7.104970336513361e-07
  return f(*arrays, *other_args, **kwargs)
/appdata/users/P101440/micromamba/envs/torch29/lib/python3.11/site-packages/scipy/_lib/_util.py:1181: RuntimeWarning: logm result may be inaccurate, approximate err = 8.341878015016846e-07
  return f(*arrays, *other_args, **kwargs)
/appdata/users/P101440/micromamba/envs/torch29/lib/python3.11/site-packages/scipy/_lib/_util.py:1181: RuntimeWarning: logm result may be inaccurate, approximate err = 8.420562380706542e-07
  return f(*arrays, *other_args, **kwargs)
/appdata/users/P101440/micromamba/envs/torch29/lib/python3.11/site-packages/scipy/_lib/_util.py:1181: RuntimeWarning: logm result may be inaccurate, approximate err = 8.447744335171592e-07
  return f(*arrays, *other_args, **kwargs)
/appdata/users/P101440/micromamba/envs/torch29/lib/python3.11/site-packages/scipy/_lib/_util.py:1181: RuntimeWarning: logm result may be inaccurate, approximate err = 8.561727895539661e-07
  return f(*arrays, *other_args, **kwargs)
/appdata/users/P101440/micromamba/envs/torch29/lib/python3.11/site-packages/scipy/_lib/_util.py:1181: RuntimeWarning: logm result may be inaccurate, approximate err = 7.792780820636835e-07
  return f(*arrays, *other_args, **kwargs)
/appdata/users/P101440/micromamba/envs/torch29/lib/python3.11/site-packages/scipy/_lib/_util.py:1181: RuntimeWarning: logm result may be inaccurate, approximate err = 8.551082260055409e-07
  return f(*arrays, *other_args, **kwargs)
/appdata/users/P101440/micromamba/envs/torch29/lib/python3.11/site-packages/scipy/_lib/_util.py:1181: RuntimeWarning: logm result may be inaccurate, approximate err = 7.648849873476138e-07
  return f(*arrays, *other_args, **kwargs)
/appdata/users/P101440/micromamba/envs/torch29/lib/python3.11/site-packages/scipy/_lib/_util.py:1181: RuntimeWarning: logm result may be inaccurate, approximate err = 7.972556090862781e-07
  return f(*arrays, *other_args, **kwargs)
/appdata/users/P101440/micromamba/envs/torch29/lib/python3.11/site-packages/scipy/_lib/_util.py:1181: RuntimeWarning: logm result may be inaccurate, approximate err = 8.401558488912997e-07
  return f(*arrays, *other_args, **kwargs)
/appdata/users/P101440/micromamba/envs/torch29/lib/python3.11/site-packages/scipy/_lib/_util.py:1181: RuntimeWarning: logm result may be inaccurate, approximate err = 8.455856459477218e-07
  return f(*arrays, *other_args, **kwargs)
/appdata/users/P101440/micromamba/envs/torch29/lib/python3.11/site-packages/scipy/_lib/_util.py:1181: RuntimeWarning: logm result may be inaccurate, approximate err = 8.102977631097019e-07
  return f(*arrays, *other_args, **kwargs)
/appdata/users/P101440/micromamba/envs/torch29/lib/python3.11/site-packages/scipy/_lib/_util.py:1181: RuntimeWarning: logm result may be inaccurate, approximate err = 7.787037930029328e-07
  return f(*arrays, *other_args, **kwargs)
/appdata/users/P101440/micromamba/envs/torch29/lib/python3.11/site-packages/scipy/_lib/_util.py:1181: RuntimeWarning: logm result may be inaccurate, approximate err = 9.623355481380713e-07
  return f(*arrays, *other_args, **kwargs)
/appdata/users/P101440/micromamba/envs/torch29/lib/python3.11/site-packages/scipy/_lib/_util.py:1181: RuntimeWarning: logm result may be inaccurate, approximate err = 6.811888511037978e-07
  return f(*arrays, *other_args, **kwargs)
/appdata/users/P101440/micromamba/envs/torch29/lib/python3.11/site-packages/scipy/_lib/_util.py:1181: RuntimeWarning: logm result may be inaccurate, approximate err = 8.319261155520508e-07
  return f(*arrays, *other_args, **kwargs)
/appdata/users/P101440/micromamba/envs/torch29/lib/python3.11/site-packages/scipy/_lib/_util.py:1181: RuntimeWarning: logm result may be inaccurate, approximate err = 5.151232471689582e-07
  return f(*arrays, *other_args, **kwargs)
/appdata/users/P101440/micromamba/envs/torch29/lib/python3.11/site-packages/scipy/_lib/_util.py:1181: RuntimeWarning: logm result may be inaccurate, approximate err = 6.997987043178e-07
  return f(*arrays, *other_args, **kwargs)
/appdata/users/P101440/micromamba/envs/torch29/lib/python3.11/site-packages/scipy/_lib/_util.py:1181: RuntimeWarning: logm result may be inaccurate, approximate err = 9.837351626629243e-07
  return f(*arrays, *other_args, **kwargs)
/appdata/users/P101440/micromamba/envs/torch29/lib/python3.11/site-packages/scipy/_lib/_util.py:1181: RuntimeWarning: logm result may be inaccurate, approximate err = 1.0029411896539386e-06
  return f(*arrays, *other_args, **kwargs)
/appdata/users/P101440/micromamba/envs/torch29/lib/python3.11/site-packages/scipy/_lib/_util.py:1181: RuntimeWarning: logm result may be inaccurate, approximate err = 8.563733331357071e-07
  return f(*arrays, *other_args, **kwargs)
/appdata/users/P101440/micromamba/envs/torch29/lib/python3.11/site-packages/scipy/_lib/_util.py:1181: RuntimeWarning: logm result may be inaccurate, approximate err = 1.0361908380218665e-06
  return f(*arrays, *other_args, **kwargs)
/appdata/users/P101440/micromamba/envs/torch29/lib/python3.11/site-packages/scipy/_lib/_util.py:1181: RuntimeWarning: logm result may be inaccurate, approximate err = 7.517687663494144e-07
  return f(*arrays, *other_args, **kwargs)
/appdata/users/P101440/micromamba/envs/torch29/lib/python3.11/site-packages/scipy/_lib/_util.py:1181: RuntimeWarning: logm result may be inaccurate, approximate err = 7.609600629621127e-07
  return f(*arrays, *other_args, **kwargs)
/appdata/users/P101440/micromamba/envs/torch29/lib/python3.11/site-packages/scipy/_lib/_util.py:1181: RuntimeWarning: logm result may be inaccurate, approximate err = 6.955364710847789e-07
  return f(*arrays, *other_args, **kwargs)
/appdata/users/P101440/micromamba/envs/torch29/lib/python3.11/site-packages/scipy/_lib/_util.py:1181: RuntimeWarning: logm result may be inaccurate, approximate err = 7.895409908087458e-07
  return f(*arrays, *other_args, **kwargs)
/appdata/users/P101440/micromamba/envs/torch29/lib/python3.11/site-packages/scipy/_lib/_util.py:1181: RuntimeWarning: logm result may be inaccurate, approximate err = 6.178280500535038e-07
  return f(*arrays, *other_args, **kwargs)
/appdata/users/P101440/micromamba/envs/torch29/lib/python3.11/site-packages/scipy/_lib/_util.py:1181: RuntimeWarning: logm result may be inaccurate, approximate err = 7.393425676127663e-07
  return f(*arrays, *other_args, **kwargs)
/appdata/users/P101440/micromamba/envs/torch29/lib/python3.11/site-packages/scipy/_lib/_util.py:1181: RuntimeWarning: logm result may be inaccurate, approximate err = 9.864793355518486e-07
  return f(*arrays, *other_args, **kwargs)
/appdata/users/P101440/micromamba/envs/torch29/lib/python3.11/site-packages/scipy/_lib/_util.py:1181: RuntimeWarning: logm result may be inaccurate, approximate err = 5.593496439360024e-07
  return f(*arrays, *other_args, **kwargs)
/appdata/users/P101440/micromamba/envs/torch29/lib/python3.11/site-packages/scipy/_lib/_util.py:1181: RuntimeWarning: logm result may be inaccurate, approximate err = 6.626284516642045e-07
  return f(*arrays, *other_args, **kwargs)
/appdata/users/P101440/micromamba/envs/torch29/lib/python3.11/site-packages/scipy/_lib/_util.py:1181: RuntimeWarning: logm result may be inaccurate, approximate err = 9.564771517034387e-07
  return f(*arrays, *other_args, **kwargs)
/appdata/users/P101440/micromamba/envs/torch29/lib/python3.11/site-packages/scipy/_lib/_util.py:1181: RuntimeWarning: logm result may be inaccurate, approximate err = 1.0321841728000436e-06
  return f(*arrays, *other_args, **kwargs)
/appdata/users/P101440/micromamba/envs/torch29/lib/python3.11/site-packages/scipy/_lib/_util.py:1181: RuntimeWarning: logm result may be inaccurate, approximate err = 9.867293329079985e-07
  return f(*arrays, *other_args, **kwargs)
/appdata/users/P101440/micromamba/envs/torch29/lib/python3.11/site-packages/scipy/_lib/_util.py:1181: RuntimeWarning: logm result may be inaccurate, approximate err = 6.958503604437283e-07
  return f(*arrays, *other_args, **kwargs)
/appdata/users/P101440/micromamba/envs/torch29/lib/python3.11/site-packages/scipy/_lib/_util.py:1181: RuntimeWarning: logm result may be inaccurate, approximate err = 9.971532790586934e-07
  return f(*arrays, *other_args, **kwargs)
/appdata/users/P101440/micromamba/envs/torch29/lib/python3.11/site-packages/scipy/_lib/_util.py:1181: RuntimeWarning: logm result may be inaccurate, approximate err = 7.748218422420905e-07
  return f(*arrays, *other_args, **kwargs)
/appdata/users/P101440/micromamba/envs/torch29/lib/python3.11/site-packages/scipy/_lib/_util.py:1181: RuntimeWarning: logm result may be inaccurate, approximate err = 1.1455949788796715e-06
  return f(*arrays, *other_args, **kwargs)
/appdata/users/P101440/micromamba/envs/torch29/lib/python3.11/site-packages/scipy/_lib/_util.py:1181: RuntimeWarning: logm result may be inaccurate, approximate err = 8.289806032735214e-07
  return f(*arrays, *other_args, **kwargs)
/appdata/users/P101440/micromamba/envs/torch29/lib/python3.11/site-packages/scipy/_lib/_util.py:1181: RuntimeWarning: logm result may be inaccurate, approximate err = 7.968179147610499e-07
  return f(*arrays, *other_args, **kwargs)
/appdata/users/P101440/micromamba/envs/torch29/lib/python3.11/site-packages/scipy/_lib/_util.py:1181: RuntimeWarning: logm result may be inaccurate, approximate err = 7.518777920267894e-07
  return f(*arrays, *other_args, **kwargs)
/appdata/users/P101440/micromamba/envs/torch29/lib/python3.11/site-packages/scipy/_lib/_util.py:1181: RuntimeWarning: logm result may be inaccurate, approximate err = 6.160975658531243e-07
  return f(*arrays, *other_args, **kwargs)
/appdata/users/P101440/micromamba/envs/torch29/lib/python3.11/site-packages/scipy/_lib/_util.py:1181: RuntimeWarning: logm result may be inaccurate, approximate err = 1.0546202702244045e-06
  return f(*arrays, *other_args, **kwargs)
/appdata/users/P101440/micromamba/envs/torch29/lib/python3.11/site-packages/scipy/_lib/_util.py:1181: RuntimeWarning: logm result may be inaccurate, approximate err = 1.1935393331441446e-06
  return f(*arrays, *other_args, **kwargs)
/appdata/users/P101440/micromamba/envs/torch29/lib/python3.11/site-packages/scipy/_lib/_util.py:1181: RuntimeWarning: logm result may be inaccurate, approximate err = 7.905162533461407e-07
  return f(*arrays, *other_args, **kwargs)
/appdata/users/P101440/micromamba/envs/torch29/lib/python3.11/site-packages/scipy/_lib/_util.py:1181: RuntimeWarning: logm result may be inaccurate, approximate err = 8.987162232187984e-07
  return f(*arrays, *other_args, **kwargs)
/appdata/users/P101440/micromamba/envs/torch29/lib/python3.11/site-packages/scipy/_lib/_util.py:1181: RuntimeWarning: logm result may be inaccurate, approximate err = 1.0218006991635775e-06
  return f(*arrays, *other_args, **kwargs)
/appdata/users/P101440/micromamba/envs/torch29/lib/python3.11/site-packages/scipy/_lib/_util.py:1181: RuntimeWarning: logm result may be inaccurate, approximate err = 8.771083912506583e-07
  return f(*arrays, *other_args, **kwargs)
/appdata/users/P101440/micromamba/envs/torch29/lib/python3.11/site-packages/scipy/_lib/_util.py:1181: RuntimeWarning: logm result may be inaccurate, approximate err = 8.246836955549952e-07
  return f(*arrays, *other_args, **kwargs)
/appdata/users/P101440/micromamba/envs/torch29/lib/python3.11/site-packages/scipy/_lib/_util.py:1181: RuntimeWarning: logm result may be inaccurate, approximate err = 8.417342201028077e-07
  return f(*arrays, *other_args, **kwargs)
/appdata/users/P101440/micromamba/envs/torch29/lib/python3.11/site-packages/scipy/_lib/_util.py:1181: RuntimeWarning: logm result may be inaccurate, approximate err = 6.893675390529097e-07
  return f(*arrays, *other_args, **kwargs)
/appdata/users/P101440/micromamba/envs/torch29/lib/python3.11/site-packages/scipy/_lib/_util.py:1181: RuntimeWarning: logm result may be inaccurate, approximate err = 7.993153872121184e-07
  return f(*arrays, *other_args, **kwargs)
/appdata/users/P101440/micromamba/envs/torch29/lib/python3.11/site-packages/scipy/_lib/_util.py:1181: RuntimeWarning: logm result may be inaccurate, approximate err = 1.1984748198301531e-06
  return f(*arrays, *other_args, **kwargs)
/appdata/users/P101440/micromamba/envs/torch29/lib/python3.11/site-packages/scipy/_lib/_util.py:1181: RuntimeWarning: logm result may be inaccurate, approximate err = 8.193283633772808e-07
  return f(*arrays, *other_args, **kwargs)
/appdata/users/P101440/micromamba/envs/torch29/lib/python3.11/site-packages/scipy/_lib/_util.py:1181: RuntimeWarning: logm result may be inaccurate, approximate err = 9.787381713977084e-07
  return f(*arrays, *other_args, **kwargs)
/appdata/users/P101440/micromamba/envs/torch29/lib/python3.11/site-packages/scipy/_lib/_util.py:1181: RuntimeWarning: logm result may be inaccurate, approximate err = 7.944902904455375e-07
  return f(*arrays, *other_args, **kwargs)
/appdata/users/P101440/micromamba/envs/torch29/lib/python3.11/site-packages/scipy/_lib/_util.py:1181: RuntimeWarning: logm result may be inaccurate, approximate err = 8.438869940619043e-07
  return f(*arrays, *other_args, **kwargs)
/appdata/users/P101440/micromamba/envs/torch29/lib/python3.11/site-packages/scipy/_lib/_util.py:1181: RuntimeWarning: logm result may be inaccurate, approximate err = 9.027296528074658e-07
  return f(*arrays, *other_args, **kwargs)
/appdata/users/P101440/micromamba/envs/torch29/lib/python3.11/site-packages/scipy/_lib/_util.py:1181: RuntimeWarning: logm result may be inaccurate, approximate err = 5.636186415358679e-07
  return f(*arrays, *other_args, **kwargs)
/appdata/users/P101440/micromamba/envs/torch29/lib/python3.11/site-packages/scipy/_lib/_util.py:1181: RuntimeWarning: logm result may be inaccurate, approximate err = 7.174155598477228e-07
  return f(*arrays, *other_args, **kwargs)
/appdata/users/P101440/micromamba/envs/torch29/lib/python3.11/site-packages/scipy/_lib/_util.py:1181: RuntimeWarning: logm result may be inaccurate, approximate err = 7.504675068048527e-07
  return f(*arrays, *other_args, **kwargs)
/appdata/users/P101440/micromamba/envs/torch29/lib/python3.11/site-packages/scipy/_lib/_util.py:1181: RuntimeWarning: logm result may be inaccurate, approximate err = 9.320523872702324e-07
  return f(*arrays, *other_args, **kwargs)
/appdata/users/P101440/micromamba/envs/torch29/lib/python3.11/site-packages/scipy/_lib/_util.py:1181: RuntimeWarning: logm result may be inaccurate, approximate err = 9.778359526535496e-07
  return f(*arrays, *other_args, **kwargs)
/appdata/users/P101440/micromamba/envs/torch29/lib/python3.11/site-packages/scipy/_lib/_util.py:1181: RuntimeWarning: logm result may be inaccurate, approximate err = 7.579992598039098e-07
  return f(*arrays, *other_args, **kwargs)
/appdata/users/P101440/micromamba/envs/torch29/lib/python3.11/site-packages/scipy/_lib/_util.py:1181: RuntimeWarning: logm result may be inaccurate, approximate err = 1.0769437039925833e-06
  return f(*arrays, *other_args, **kwargs)
/appdata/users/P101440/micromamba/envs/torch29/lib/python3.11/site-packages/scipy/_lib/_util.py:1181: RuntimeWarning: logm result may be inaccurate, approximate err = 8.035408427531365e-07
  return f(*arrays, *other_args, **kwargs)
/appdata/users/P101440/micromamba/envs/torch29/lib/python3.11/site-packages/scipy/_lib/_util.py:1181: RuntimeWarning: logm result may be inaccurate, approximate err = 6.977965654186846e-07
  return f(*arrays, *other_args, **kwargs)
/appdata/users/P101440/micromamba/envs/torch29/lib/python3.11/site-packages/scipy/_lib/_util.py:1181: RuntimeWarning: logm result may be inaccurate, approximate err = 6.664459419880586e-07
  return f(*arrays, *other_args, **kwargs)
/appdata/users/P101440/micromamba/envs/torch29/lib/python3.11/site-packages/scipy/_lib/_util.py:1181: RuntimeWarning: logm result may be inaccurate, approximate err = 8.45697059048689e-07
  return f(*arrays, *other_args, **kwargs)
/appdata/users/P101440/micromamba/envs/torch29/lib/python3.11/site-packages/scipy/_lib/_util.py:1181: RuntimeWarning: logm result may be inaccurate, approximate err = 7.901971343926562e-07
  return f(*arrays, *other_args, **kwargs)
/appdata/users/P101440/micromamba/envs/torch29/lib/python3.11/site-packages/scipy/_lib/_util.py:1181: RuntimeWarning: logm result may be inaccurate, approximate err = 7.834009920770768e-07
  return f(*arrays, *other_args, **kwargs)
/appdata/users/P101440/micromamba/envs/torch29/lib/python3.11/site-packages/scipy/_lib/_util.py:1181: RuntimeWarning: logm result may be inaccurate, approximate err = 6.831045311628259e-07
  return f(*arrays, *other_args, **kwargs)
/appdata/users/P101440/micromamba/envs/torch29/lib/python3.11/site-packages/scipy/_lib/_util.py:1181: RuntimeWarning: logm result may be inaccurate, approximate err = 9.42554493121861e-07
  return f(*arrays, *other_args, **kwargs)
/appdata/users/P101440/micromamba/envs/torch29/lib/python3.11/site-packages/scipy/_lib/_util.py:1181: RuntimeWarning: logm result may be inaccurate, approximate err = 1.0019612091127783e-06
  return f(*arrays, *other_args, **kwargs)
/appdata/users/P101440/micromamba/envs/torch29/lib/python3.11/site-packages/scipy/_lib/_util.py:1181: RuntimeWarning: logm result may be inaccurate, approximate err = 9.030954402078351e-07
  return f(*arrays, *other_args, **kwargs)
/appdata/users/P101440/micromamba/envs/torch29/lib/python3.11/site-packages/scipy/_lib/_util.py:1181: RuntimeWarning: logm result may be inaccurate, approximate err = 8.997162694868166e-07
  return f(*arrays, *other_args, **kwargs)
/appdata/users/P101440/micromamba/envs/torch29/lib/python3.11/site-packages/scipy/_lib/_util.py:1181: RuntimeWarning: logm result may be inaccurate, approximate err = 8.60511079281423e-07
  return f(*arrays, *other_args, **kwargs)
/appdata/users/P101440/micromamba/envs/torch29/lib/python3.11/site-packages/scipy/_lib/_util.py:1181: RuntimeWarning: logm result may be inaccurate, approximate err = 9.150554660664056e-07
  return f(*arrays, *other_args, **kwargs)
/appdata/users/P101440/micromamba/envs/torch29/lib/python3.11/site-packages/scipy/_lib/_util.py:1181: RuntimeWarning: logm result may be inaccurate, approximate err = 1.2583749366967822e-06
  return f(*arrays, *other_args, **kwargs)
/appdata/users/P101440/micromamba/envs/torch29/lib/python3.11/site-packages/scipy/_lib/_util.py:1181: RuntimeWarning: logm result may be inaccurate, approximate err = 9.63711499935016e-07
  return f(*arrays, *other_args, **kwargs)
/appdata/users/P101440/micromamba/envs/torch29/lib/python3.11/site-packages/scipy/_lib/_util.py:1181: RuntimeWarning: logm result may be inaccurate, approximate err = 7.266450552378956e-07
  return f(*arrays, *other_args, **kwargs)
/appdata/users/P101440/micromamba/envs/torch29/lib/python3.11/site-packages/scipy/_lib/_util.py:1181: RuntimeWarning: logm result may be inaccurate, approximate err = 7.748128609819105e-07
  return f(*arrays, *other_args, **kwargs)
/appdata/users/P101440/micromamba/envs/torch29/lib/python3.11/site-packages/scipy/_lib/_util.py:1181: RuntimeWarning: logm result may be inaccurate, approximate err = 6.558245218002412e-07
  return f(*arrays, *other_args, **kwargs)
/appdata/users/P101440/micromamba/envs/torch29/lib/python3.11/site-packages/scipy/_lib/_util.py:1181: RuntimeWarning: logm result may be inaccurate, approximate err = 6.754245305273798e-07
  return f(*arrays, *other_args, **kwargs)
/appdata/users/P101440/micromamba/envs/torch29/lib/python3.11/site-packages/scipy/_lib/_util.py:1181: RuntimeWarning: logm result may be inaccurate, approximate err = 6.811833372921683e-07
  return f(*arrays, *other_args, **kwargs)
/appdata/users/P101440/micromamba/envs/torch29/lib/python3.11/site-packages/scipy/_lib/_util.py:1181: RuntimeWarning: logm result may be inaccurate, approximate err = 9.674110970081529e-07
  return f(*arrays, *other_args, **kwargs)
/appdata/users/P101440/micromamba/envs/torch29/lib/python3.11/site-packages/scipy/_lib/_util.py:1181: RuntimeWarning: logm result may be inaccurate, approximate err = 8.422044288636243e-07
  return f(*arrays, *other_args, **kwargs)
/appdata/users/P101440/micromamba/envs/torch29/lib/python3.11/site-packages/scipy/_lib/_util.py:1181: RuntimeWarning: logm result may be inaccurate, approximate err = 8.904275432541908e-07
  return f(*arrays, *other_args, **kwargs)
/appdata/users/P101440/micromamba/envs/torch29/lib/python3.11/site-packages/scipy/_lib/_util.py:1181: RuntimeWarning: logm result may be inaccurate, approximate err = 1.1355765536791296e-06
  return f(*arrays, *other_args, **kwargs)
/appdata/users/P101440/micromamba/envs/torch29/lib/python3.11/site-packages/scipy/_lib/_util.py:1181: RuntimeWarning: logm result may be inaccurate, approximate err = 1.0754047252703458e-06
  return f(*arrays, *other_args, **kwargs)
/appdata/users/P101440/micromamba/envs/torch29/lib/python3.11/site-packages/scipy/_lib/_util.py:1181: RuntimeWarning: logm result may be inaccurate, approximate err = 1.1421362842156668e-06
  return f(*arrays, *other_args, **kwargs)
/appdata/users/P101440/micromamba/envs/torch29/lib/python3.11/site-packages/scipy/_lib/_util.py:1181: RuntimeWarning: logm result may be inaccurate, approximate err = 7.493487146348343e-07
  return f(*arrays, *other_args, **kwargs)
/appdata/users/P101440/micromamba/envs/torch29/lib/python3.11/site-packages/scipy/_lib/_util.py:1181: RuntimeWarning: logm result may be inaccurate, approximate err = 1.2340442481217906e-06
  return f(*arrays, *other_args, **kwargs)
/appdata/users/P101440/micromamba/envs/torch29/lib/python3.11/site-packages/scipy/_lib/_util.py:1181: RuntimeWarning: logm result may be inaccurate, approximate err = 1.0590098327156738e-06
  return f(*arrays, *other_args, **kwargs)
/appdata/users/P101440/micromamba/envs/torch29/lib/python3.11/site-packages/scipy/_lib/_util.py:1181: RuntimeWarning: logm result may be inaccurate, approximate err = 8.665605264468468e-07
  return f(*arrays, *other_args, **kwargs)
/appdata/users/P101440/micromamba/envs/torch29/lib/python3.11/site-packages/scipy/_lib/_util.py:1181: RuntimeWarning: logm result may be inaccurate, approximate err = 1.0322900152459624e-06
  return f(*arrays, *other_args, **kwargs)
/appdata/users/P101440/micromamba/envs/torch29/lib/python3.11/site-packages/scipy/_lib/_util.py:1181: RuntimeWarning: logm result may be inaccurate, approximate err = 6.319659178188886e-07
  return f(*arrays, *other_args, **kwargs)
/appdata/users/P101440/micromamba/envs/torch29/lib/python3.11/site-packages/scipy/_lib/_util.py:1181: RuntimeWarning: logm result may be inaccurate, approximate err = 5.968407776890672e-07
  return f(*arrays, *other_args, **kwargs)
/appdata/users/P101440/micromamba/envs/torch29/lib/python3.11/site-packages/scipy/_lib/_util.py:1181: RuntimeWarning: logm result may be inaccurate, approximate err = 1.0452233709656866e-06
  return f(*arrays, *other_args, **kwargs)
/appdata/users/P101440/micromamba/envs/torch29/lib/python3.11/site-packages/scipy/_lib/_util.py:1181: RuntimeWarning: logm result may be inaccurate, approximate err = 1.0323724382033106e-06
  return f(*arrays, *other_args, **kwargs)
/appdata/users/P101440/micromamba/envs/torch29/lib/python3.11/site-packages/scipy/_lib/_util.py:1181: RuntimeWarning: logm result may be inaccurate, approximate err = 7.599873015351477e-07
  return f(*arrays, *other_args, **kwargs)
/appdata/users/P101440/micromamba/envs/torch29/lib/python3.11/site-packages/scipy/_lib/_util.py:1181: RuntimeWarning: logm result may be inaccurate, approximate err = 7.779578936606413e-07
  return f(*arrays, *other_args, **kwargs)
/appdata/users/P101440/micromamba/envs/torch29/lib/python3.11/site-packages/scipy/_lib/_util.py:1181: RuntimeWarning: logm result may be inaccurate, approximate err = 7.145089853111131e-07
  return f(*arrays, *other_args, **kwargs)
/appdata/users/P101440/micromamba/envs/torch29/lib/python3.11/site-packages/scipy/_lib/_util.py:1181: RuntimeWarning: logm result may be inaccurate, approximate err = 1.1660406471492024e-06
  return f(*arrays, *other_args, **kwargs)
/appdata/users/P101440/micromamba/envs/torch29/lib/python3.11/site-packages/scipy/_lib/_util.py:1181: RuntimeWarning: logm result may be inaccurate, approximate err = 1.0641738299455028e-06
  return f(*arrays, *other_args, **kwargs)
/appdata/users/P101440/micromamba/envs/torch29/lib/python3.11/site-packages/scipy/_lib/_util.py:1181: RuntimeWarning: logm result may be inaccurate, approximate err = 1.1840644447147497e-06
  return f(*arrays, *other_args, **kwargs)
/appdata/users/P101440/micromamba/envs/torch29/lib/python3.11/site-packages/scipy/_lib/_util.py:1181: RuntimeWarning: logm result may be inaccurate, approximate err = 8.904669925868802e-07
  return f(*arrays, *other_args, **kwargs)
/appdata/users/P101440/micromamba/envs/torch29/lib/python3.11/site-packages/scipy/_lib/_util.py:1181: RuntimeWarning: logm result may be inaccurate, approximate err = 9.994679430747055e-07
  return f(*arrays, *other_args, **kwargs)
/appdata/users/P101440/micromamba/envs/torch29/lib/python3.11/site-packages/scipy/_lib/_util.py:1181: RuntimeWarning: logm result may be inaccurate, approximate err = 1.3330653700904804e-06
  return f(*arrays, *other_args, **kwargs)
/appdata/users/P101440/micromamba/envs/torch29/lib/python3.11/site-packages/scipy/_lib/_util.py:1181: RuntimeWarning: logm result may be inaccurate, approximate err = 1.5435268778674072e-06
  return f(*arrays, *other_args, **kwargs)
/appdata/users/P101440/micromamba/envs/torch29/lib/python3.11/site-packages/scipy/_lib/_util.py:1181: RuntimeWarning: logm result may be inaccurate, approximate err = 7.332683935601381e-07
  return f(*arrays, *other_args, **kwargs)
/appdata/users/P101440/micromamba/envs/torch29/lib/python3.11/site-packages/scipy/_lib/_util.py:1181: RuntimeWarning: logm result may be inaccurate, approximate err = 7.505390158257796e-07
  return f(*arrays, *other_args, **kwargs)
/appdata/users/P101440/micromamba/envs/torch29/lib/python3.11/site-packages/scipy/_lib/_util.py:1181: RuntimeWarning: logm result may be inaccurate, approximate err = 7.232832786030485e-07
  return f(*arrays, *other_args, **kwargs)
/appdata/users/P101440/micromamba/envs/torch29/lib/python3.11/site-packages/scipy/_lib/_util.py:1181: RuntimeWarning: logm result may be inaccurate, approximate err = 7.468694320778013e-07
  return f(*arrays, *other_args, **kwargs)
/appdata/users/P101440/micromamba/envs/torch29/lib/python3.11/site-packages/scipy/_lib/_util.py:1181: RuntimeWarning: logm result may be inaccurate, approximate err = 7.336673206737032e-07
  return f(*arrays, *other_args, **kwargs)
/appdata/users/P101440/micromamba/envs/torch29/lib/python3.11/site-packages/scipy/_lib/_util.py:1181: RuntimeWarning: logm result may be inaccurate, approximate err = 8.942406566347927e-07
  return f(*arrays, *other_args, **kwargs)
/appdata/users/P101440/micromamba/envs/torch29/lib/python3.11/site-packages/scipy/_lib/_util.py:1181: RuntimeWarning: logm result may be inaccurate, approximate err = 9.518956858300953e-07
  return f(*arrays, *other_args, **kwargs)
/appdata/users/P101440/micromamba/envs/torch29/lib/python3.11/site-packages/scipy/_lib/_util.py:1181: RuntimeWarning: logm result may be inaccurate, approximate err = 1.2135258202761179e-06
  return f(*arrays, *other_args, **kwargs)
/appdata/users/P101440/micromamba/envs/torch29/lib/python3.11/site-packages/scipy/_lib/_util.py:1181: RuntimeWarning: logm result may be inaccurate, approximate err = 7.58676264922542e-07
  return f(*arrays, *other_args, **kwargs)
/appdata/users/P101440/micromamba/envs/torch29/lib/python3.11/site-packages/scipy/_lib/_util.py:1181: RuntimeWarning: logm result may be inaccurate, approximate err = 9.399582836522313e-07
  return f(*arrays, *other_args, **kwargs)
/appdata/users/P101440/micromamba/envs/torch29/lib/python3.11/site-packages/scipy/_lib/_util.py:1181: RuntimeWarning: logm result may be inaccurate, approximate err = 1.036041567203938e-06
  return f(*arrays, *other_args, **kwargs)
/appdata/users/P101440/micromamba/envs/torch29/lib/python3.11/site-packages/scipy/_lib/_util.py:1181: RuntimeWarning: logm result may be inaccurate, approximate err = 7.144851110751915e-07
  return f(*arrays, *other_args, **kwargs)
/appdata/users/P101440/micromamba/envs/torch29/lib/python3.11/site-packages/scipy/_lib/_util.py:1181: RuntimeWarning: logm result may be inaccurate, approximate err = 9.262316780223045e-07
  return f(*arrays, *other_args, **kwargs)
/appdata/users/P101440/micromamba/envs/torch29/lib/python3.11/site-packages/scipy/_lib/_util.py:1181: RuntimeWarning: logm result may be inaccurate, approximate err = 5.881355491510476e-07
  return f(*arrays, *other_args, **kwargs)
/appdata/users/P101440/micromamba/envs/torch29/lib/python3.11/site-packages/scipy/_lib/_util.py:1181: RuntimeWarning: logm result may be inaccurate, approximate err = 8.10559924957488e-07
  return f(*arrays, *other_args, **kwargs)
/appdata/users/P101440/micromamba/envs/torch29/lib/python3.11/site-packages/scipy/_lib/_util.py:1181: RuntimeWarning: logm result may be inaccurate, approximate err = 7.678295332880225e-07
  return f(*arrays, *other_args, **kwargs)
/appdata/users/P101440/micromamba/envs/torch29/lib/python3.11/site-packages/scipy/_lib/_util.py:1181: RuntimeWarning: logm result may be inaccurate, approximate err = 7.858895401113841e-07
  return f(*arrays, *other_args, **kwargs)
/appdata/users/P101440/micromamba/envs/torch29/lib/python3.11/site-packages/scipy/_lib/_util.py:1181: RuntimeWarning: logm result may be inaccurate, approximate err = 7.459655080310768e-07
  return f(*arrays, *other_args, **kwargs)
/appdata/users/P101440/micromamba/envs/torch29/lib/python3.11/site-packages/scipy/_lib/_util.py:1181: RuntimeWarning: logm result may be inaccurate, approximate err = 7.738673275525798e-07
  return f(*arrays, *other_args, **kwargs)
/appdata/users/P101440/micromamba/envs/torch29/lib/python3.11/site-packages/scipy/_lib/_util.py:1181: RuntimeWarning: logm result may be inaccurate, approximate err = 7.537525448242377e-07
  return f(*arrays, *other_args, **kwargs)
/appdata/users/P101440/micromamba/envs/torch29/lib/python3.11/site-packages/scipy/_lib/_util.py:1181: RuntimeWarning: logm result may be inaccurate, approximate err = 7.295054729183903e-07
  return f(*arrays, *other_args, **kwargs)
/appdata/users/P101440/micromamba/envs/torch29/lib/python3.11/site-packages/scipy/_lib/_util.py:1181: RuntimeWarning: logm result may be inaccurate, approximate err = 6.642255243605177e-07
  return f(*arrays, *other_args, **kwargs)
/appdata/users/P101440/micromamba/envs/torch29/lib/python3.11/site-packages/scipy/_lib/_util.py:1181: RuntimeWarning: logm result may be inaccurate, approximate err = 1.1468250704638194e-06
  return f(*arrays, *other_args, **kwargs)
/appdata/users/P101440/micromamba/envs/torch29/lib/python3.11/site-packages/scipy/_lib/_util.py:1181: RuntimeWarning: logm result may be inaccurate, approximate err = 9.232118713953241e-07
  return f(*arrays, *other_args, **kwargs)
/appdata/users/P101440/micromamba/envs/torch29/lib/python3.11/site-packages/scipy/_lib/_util.py:1181: RuntimeWarning: logm result may be inaccurate, approximate err = 8.068086003731878e-07
  return f(*arrays, *other_args, **kwargs)
/appdata/users/P101440/micromamba/envs/torch29/lib/python3.11/site-packages/scipy/_lib/_util.py:1181: RuntimeWarning: logm result may be inaccurate, approximate err = 7.279283522620972e-07
  return f(*arrays, *other_args, **kwargs)
/appdata/users/P101440/micromamba/envs/torch29/lib/python3.11/site-packages/scipy/_lib/_util.py:1181: RuntimeWarning: logm result may be inaccurate, approximate err = 6.960171390346659e-07
  return f(*arrays, *other_args, **kwargs)
/appdata/users/P101440/micromamba/envs/torch29/lib/python3.11/site-packages/scipy/_lib/_util.py:1181: RuntimeWarning: logm result may be inaccurate, approximate err = 6.060244572836382e-07
  return f(*arrays, *other_args, **kwargs)
/appdata/users/P101440/micromamba/envs/torch29/lib/python3.11/site-packages/scipy/_lib/_util.py:1181: RuntimeWarning: logm result may be inaccurate, approximate err = 7.616939114996057e-07
  return f(*arrays, *other_args, **kwargs)
/appdata/users/P101440/micromamba/envs/torch29/lib/python3.11/site-packages/scipy/_lib/_util.py:1181: RuntimeWarning: logm result may be inaccurate, approximate err = 7.950468443596037e-07
  return f(*arrays, *other_args, **kwargs)
/appdata/users/P101440/micromamba/envs/torch29/lib/python3.11/site-packages/scipy/_lib/_util.py:1181: RuntimeWarning: logm result may be inaccurate, approximate err = 6.506788281512854e-07
  return f(*arrays, *other_args, **kwargs)
/appdata/users/P101440/micromamba/envs/torch29/lib/python3.11/site-packages/scipy/_lib/_util.py:1181: RuntimeWarning: logm result may be inaccurate, approximate err = 7.706524343120691e-07
  return f(*arrays, *other_args, **kwargs)
/appdata/users/P101440/micromamba/envs/torch29/lib/python3.11/site-packages/scipy/_lib/_util.py:1181: RuntimeWarning: logm result may be inaccurate, approximate err = 1.4151706864140579e-06
  return f(*arrays, *other_args, **kwargs)
/appdata/users/P101440/micromamba/envs/torch29/lib/python3.11/site-packages/scipy/_lib/_util.py:1181: RuntimeWarning: logm result may be inaccurate, approximate err = 7.480674071302928e-07
  return f(*arrays, *other_args, **kwargs)
/appdata/users/P101440/micromamba/envs/torch29/lib/python3.11/site-packages/scipy/_lib/_util.py:1181: RuntimeWarning: logm result may be inaccurate, approximate err = 9.75003672465391e-07
  return f(*arrays, *other_args, **kwargs)
/appdata/users/P101440/micromamba/envs/torch29/lib/python3.11/site-packages/scipy/_lib/_util.py:1181: RuntimeWarning: logm result may be inaccurate, approximate err = 8.742813975004537e-07
  return f(*arrays, *other_args, **kwargs)
/appdata/users/P101440/micromamba/envs/torch29/lib/python3.11/site-packages/scipy/_lib/_util.py:1181: RuntimeWarning: logm result may be inaccurate, approximate err = 1.3936590903540491e-06
  return f(*arrays, *other_args, **kwargs)
/appdata/users/P101440/micromamba/envs/torch29/lib/python3.11/site-packages/scipy/_lib/_util.py:1181: RuntimeWarning: logm result may be inaccurate, approximate err = 7.994324846549716e-07
  return f(*arrays, *other_args, **kwargs)
/appdata/users/P101440/micromamba/envs/torch29/lib/python3.11/site-packages/scipy/_lib/_util.py:1181: RuntimeWarning: logm result may be inaccurate, approximate err = 5.21087713423185e-07
  return f(*arrays, *other_args, **kwargs)
/appdata/users/P101440/micromamba/envs/torch29/lib/python3.11/site-packages/scipy/_lib/_util.py:1181: RuntimeWarning: logm result may be inaccurate, approximate err = 7.852138992348046e-07
  return f(*arrays, *other_args, **kwargs)
/appdata/users/P101440/micromamba/envs/torch29/lib/python3.11/site-packages/scipy/_lib/_util.py:1181: RuntimeWarning: logm result may be inaccurate, approximate err = 8.276973062493198e-07
  return f(*arrays, *other_args, **kwargs)
/appdata/users/P101440/micromamba/envs/torch29/lib/python3.11/site-packages/scipy/_lib/_util.py:1181: RuntimeWarning: logm result may be inaccurate, approximate err = 9.409291692463739e-07
  return f(*arrays, *other_args, **kwargs)
/appdata/users/P101440/micromamba/envs/torch29/lib/python3.11/site-packages/scipy/_lib/_util.py:1181: RuntimeWarning: logm result may be inaccurate, approximate err = 9.283217536903976e-07
  return f(*arrays, *other_args, **kwargs)
/appdata/users/P101440/micromamba/envs/torch29/lib/python3.11/site-packages/scipy/_lib/_util.py:1181: RuntimeWarning: logm result may be inaccurate, approximate err = 1.257211124539026e-06
  return f(*arrays, *other_args, **kwargs)
/appdata/users/P101440/micromamba/envs/torch29/lib/python3.11/site-packages/scipy/_lib/_util.py:1181: RuntimeWarning: logm result may be inaccurate, approximate err = 7.621886197739514e-07
  return f(*arrays, *other_args, **kwargs)
/appdata/users/P101440/micromamba/envs/torch29/lib/python3.11/site-packages/scipy/_lib/_util.py:1181: RuntimeWarning: logm result may be inaccurate, approximate err = 1.0551937066338724e-06
  return f(*arrays, *other_args, **kwargs)
/appdata/users/P101440/micromamba/envs/torch29/lib/python3.11/site-packages/scipy/_lib/_util.py:1181: RuntimeWarning: logm result may be inaccurate, approximate err = 6.197685138431552e-07
  return f(*arrays, *other_args, **kwargs)
/appdata/users/P101440/micromamba/envs/torch29/lib/python3.11/site-packages/scipy/_lib/_util.py:1181: RuntimeWarning: logm result may be inaccurate, approximate err = 9.149263178187539e-07
  return f(*arrays, *other_args, **kwargs)
/appdata/users/P101440/micromamba/envs/torch29/lib/python3.11/site-packages/scipy/_lib/_util.py:1181: RuntimeWarning: logm result may be inaccurate, approximate err = 1.1551740044524195e-06
  return f(*arrays, *other_args, **kwargs)
/appdata/users/P101440/micromamba/envs/torch29/lib/python3.11/site-packages/scipy/_lib/_util.py:1181: RuntimeWarning: logm result may be inaccurate, approximate err = 1.5056228903631563e-06
  return f(*arrays, *other_args, **kwargs)
/appdata/users/P101440/micromamba/envs/torch29/lib/python3.11/site-packages/scipy/_lib/_util.py:1181: RuntimeWarning: logm result may be inaccurate, approximate err = 9.33264630020858e-07
  return f(*arrays, *other_args, **kwargs)
/appdata/users/P101440/micromamba/envs/torch29/lib/python3.11/site-packages/scipy/_lib/_util.py:1181: RuntimeWarning: logm result may be inaccurate, approximate err = 8.184767352759081e-07
  return f(*arrays, *other_args, **kwargs)
/appdata/users/P101440/micromamba/envs/torch29/lib/python3.11/site-packages/scipy/_lib/_util.py:1181: RuntimeWarning: logm result may be inaccurate, approximate err = 1.0160670171899255e-06
  return f(*arrays, *other_args, **kwargs)
/appdata/users/P101440/micromamba/envs/torch29/lib/python3.11/site-packages/scipy/_lib/_util.py:1181: RuntimeWarning: logm result may be inaccurate, approximate err = 9.00617806109949e-07
  return f(*arrays, *other_args, **kwargs)
/appdata/users/P101440/micromamba/envs/torch29/lib/python3.11/site-packages/scipy/_lib/_util.py:1181: RuntimeWarning: logm result may be inaccurate, approximate err = 1.2293771760596428e-06
  return f(*arrays, *other_args, **kwargs)
/appdata/users/P101440/micromamba/envs/torch29/lib/python3.11/site-packages/scipy/_lib/_util.py:1181: RuntimeWarning: logm result may be inaccurate, approximate err = 9.614999498808174e-07
  return f(*arrays, *other_args, **kwargs)
/appdata/users/P101440/micromamba/envs/torch29/lib/python3.11/site-packages/scipy/_lib/_util.py:1181: RuntimeWarning: logm result may be inaccurate, approximate err = 9.582159918863908e-07
  return f(*arrays, *other_args, **kwargs)
/appdata/users/P101440/micromamba/envs/torch29/lib/python3.11/site-packages/scipy/_lib/_util.py:1181: RuntimeWarning: logm result may be inaccurate, approximate err = 1.1682524245770765e-06
  return f(*arrays, *other_args, **kwargs)
/appdata/users/P101440/micromamba/envs/torch29/lib/python3.11/site-packages/scipy/_lib/_util.py:1181: RuntimeWarning: logm result may be inaccurate, approximate err = 8.526726560376119e-07
  return f(*arrays, *other_args, **kwargs)
/appdata/users/P101440/micromamba/envs/torch29/lib/python3.11/site-packages/scipy/_lib/_util.py:1181: RuntimeWarning: logm result may be inaccurate, approximate err = 9.592857850293512e-07
  return f(*arrays, *other_args, **kwargs)
/appdata/users/P101440/micromamba/envs/torch29/lib/python3.11/site-packages/scipy/_lib/_util.py:1181: RuntimeWarning: logm result may be inaccurate, approximate err = 7.679878990529687e-07
  return f(*arrays, *other_args, **kwargs)
/appdata/users/P101440/micromamba/envs/torch29/lib/python3.11/site-packages/scipy/_lib/_util.py:1181: RuntimeWarning: logm result may be inaccurate, approximate err = 5.924940182922001e-07
  return f(*arrays, *other_args, **kwargs)
/appdata/users/P101440/micromamba/envs/torch29/lib/python3.11/site-packages/scipy/_lib/_util.py:1181: RuntimeWarning: logm result may be inaccurate, approximate err = 6.99573263318598e-07
  return f(*arrays, *other_args, **kwargs)
/appdata/users/P101440/micromamba/envs/torch29/lib/python3.11/site-packages/scipy/_lib/_util.py:1181: RuntimeWarning: logm result may be inaccurate, approximate err = 6.515489872072067e-07
  return f(*arrays, *other_args, **kwargs)
/appdata/users/P101440/micromamba/envs/torch29/lib/python3.11/site-packages/scipy/_lib/_util.py:1181: RuntimeWarning: logm result may be inaccurate, approximate err = 1.1370345873729093e-06
  return f(*arrays, *other_args, **kwargs)
/appdata/users/P101440/micromamba/envs/torch29/lib/python3.11/site-packages/scipy/_lib/_util.py:1181: RuntimeWarning: logm result may be inaccurate, approximate err = 9.57643351284787e-07
  return f(*arrays, *other_args, **kwargs)
/appdata/users/P101440/micromamba/envs/torch29/lib/python3.11/site-packages/scipy/_lib/_util.py:1181: RuntimeWarning: logm result may be inaccurate, approximate err = 8.974300840236538e-07
  return f(*arrays, *other_args, **kwargs)
/appdata/users/P101440/micromamba/envs/torch29/lib/python3.11/site-packages/scipy/_lib/_util.py:1181: RuntimeWarning: logm result may be inaccurate, approximate err = 6.648066346315318e-07
  return f(*arrays, *other_args, **kwargs)
/appdata/users/P101440/micromamba/envs/torch29/lib/python3.11/site-packages/scipy/_lib/_util.py:1181: RuntimeWarning: logm result may be inaccurate, approximate err = 8.891144602785062e-07
  return f(*arrays, *other_args, **kwargs)
/appdata/users/P101440/micromamba/envs/torch29/lib/python3.11/site-packages/scipy/_lib/_util.py:1181: RuntimeWarning: logm result may be inaccurate, approximate err = 1.070476287168276e-06
  return f(*arrays, *other_args, **kwargs)
/appdata/users/P101440/micromamba/envs/torch29/lib/python3.11/site-packages/scipy/_lib/_util.py:1181: RuntimeWarning: logm result may be inaccurate, approximate err = 7.23915661637875e-07
  return f(*arrays, *other_args, **kwargs)
/appdata/users/P101440/micromamba/envs/torch29/lib/python3.11/site-packages/scipy/_lib/_util.py:1181: RuntimeWarning: logm result may be inaccurate, approximate err = 1.0249733577438747e-06
  return f(*arrays, *other_args, **kwargs)
/appdata/users/P101440/micromamba/envs/torch29/lib/python3.11/site-packages/scipy/_lib/_util.py:1181: RuntimeWarning: logm result may be inaccurate, approximate err = 7.037397153908387e-07
  return f(*arrays, *other_args, **kwargs)
/appdata/users/P101440/micromamba/envs/torch29/lib/python3.11/site-packages/scipy/_lib/_util.py:1181: RuntimeWarning: logm result may be inaccurate, approximate err = 8.058777893893421e-07
  return f(*arrays, *other_args, **kwargs)
/appdata/users/P101440/micromamba/envs/torch29/lib/python3.11/site-packages/scipy/_lib/_util.py:1181: RuntimeWarning: logm result may be inaccurate, approximate err = 9.292379559155961e-07
  return f(*arrays, *other_args, **kwargs)
/appdata/users/P101440/micromamba/envs/torch29/lib/python3.11/site-packages/scipy/_lib/_util.py:1181: RuntimeWarning: logm result may be inaccurate, approximate err = 8.207820769712271e-07
  return f(*arrays, *other_args, **kwargs)
/appdata/users/P101440/micromamba/envs/torch29/lib/python3.11/site-packages/scipy/_lib/_util.py:1181: RuntimeWarning: logm result may be inaccurate, approximate err = 7.730880042799981e-07
  return f(*arrays, *other_args, **kwargs)
/appdata/users/P101440/micromamba/envs/torch29/lib/python3.11/site-packages/scipy/_lib/_util.py:1181: RuntimeWarning: logm result may be inaccurate, approximate err = 8.933312187764386e-07
  return f(*arrays, *other_args, **kwargs)
/appdata/users/P101440/micromamba/envs/torch29/lib/python3.11/site-packages/scipy/_lib/_util.py:1181: RuntimeWarning: logm result may be inaccurate, approximate err = 8.343492368112493e-07
  return f(*arrays, *other_args, **kwargs)
/appdata/users/P101440/micromamba/envs/torch29/lib/python3.11/site-packages/scipy/_lib/_util.py:1181: RuntimeWarning: logm result may be inaccurate, approximate err = 6.190010708451155e-07
  return f(*arrays, *other_args, **kwargs)
/appdata/users/P101440/micromamba/envs/torch29/lib/python3.11/site-packages/scipy/_lib/_util.py:1181: RuntimeWarning: logm result may be inaccurate, approximate err = 7.5040776437163e-07
  return f(*arrays, *other_args, **kwargs)
/appdata/users/P101440/micromamba/envs/torch29/lib/python3.11/site-packages/scipy/_lib/_util.py:1181: RuntimeWarning: logm result may be inaccurate, approximate err = 7.575616223221004e-07
  return f(*arrays, *other_args, **kwargs)
/appdata/users/P101440/micromamba/envs/torch29/lib/python3.11/site-packages/scipy/_lib/_util.py:1181: RuntimeWarning: logm result may be inaccurate, approximate err = 5.412056225395645e-07
  return f(*arrays, *other_args, **kwargs)
/appdata/users/P101440/micromamba/envs/torch29/lib/python3.11/site-packages/scipy/_lib/_util.py:1181: RuntimeWarning: logm result may be inaccurate, approximate err = 9.608362461221986e-07
  return f(*arrays, *other_args, **kwargs)
/appdata/users/P101440/micromamba/envs/torch29/lib/python3.11/site-packages/scipy/_lib/_util.py:1181: RuntimeWarning: logm result may be inaccurate, approximate err = 7.344356163230259e-07
  return f(*arrays, *other_args, **kwargs)
/appdata/users/P101440/micromamba/envs/torch29/lib/python3.11/site-packages/scipy/_lib/_util.py:1181: RuntimeWarning: logm result may be inaccurate, approximate err = 7.272899438248714e-07
  return f(*arrays, *other_args, **kwargs)
/appdata/users/P101440/micromamba/envs/torch29/lib/python3.11/site-packages/scipy/_lib/_util.py:1181: RuntimeWarning: logm result may be inaccurate, approximate err = 1.1513492381709511e-06
  return f(*arrays, *other_args, **kwargs)
/appdata/users/P101440/micromamba/envs/torch29/lib/python3.11/site-packages/scipy/_lib/_util.py:1181: RuntimeWarning: logm result may be inaccurate, approximate err = 7.07552658241184e-07
  return f(*arrays, *other_args, **kwargs)
/appdata/users/P101440/micromamba/envs/torch29/lib/python3.11/site-packages/scipy/_lib/_util.py:1181: RuntimeWarning: logm result may be inaccurate, approximate err = 1.2344686410870054e-06
  return f(*arrays, *other_args, **kwargs)
/appdata/users/P101440/micromamba/envs/torch29/lib/python3.11/site-packages/scipy/_lib/_util.py:1181: RuntimeWarning: logm result may be inaccurate, approximate err = 8.436804819211829e-07
  return f(*arrays, *other_args, **kwargs)
/appdata/users/P101440/micromamba/envs/torch29/lib/python3.11/site-packages/scipy/_lib/_util.py:1181: RuntimeWarning: logm result may be inaccurate, approximate err = 1.1002400697179837e-06
  return f(*arrays, *other_args, **kwargs)
/appdata/users/P101440/micromamba/envs/torch29/lib/python3.11/site-packages/scipy/_lib/_util.py:1181: RuntimeWarning: logm result may be inaccurate, approximate err = 9.432949354959419e-07
  return f(*arrays, *other_args, **kwargs)
/appdata/users/P101440/micromamba/envs/torch29/lib/python3.11/site-packages/scipy/_lib/_util.py:1181: RuntimeWarning: logm result may be inaccurate, approximate err = 8.37664174468955e-07
  return f(*arrays, *other_args, **kwargs)
/appdata/users/P101440/micromamba/envs/torch29/lib/python3.11/site-packages/scipy/_lib/_util.py:1181: RuntimeWarning: logm result may be inaccurate, approximate err = 7.092774012562586e-07
  return f(*arrays, *other_args, **kwargs)
/appdata/users/P101440/micromamba/envs/torch29/lib/python3.11/site-packages/scipy/_lib/_util.py:1181: RuntimeWarning: logm result may be inaccurate, approximate err = 1.1499424772409839e-06
  return f(*arrays, *other_args, **kwargs)
/appdata/users/P101440/micromamba/envs/torch29/lib/python3.11/site-packages/scipy/_lib/_util.py:1181: RuntimeWarning: logm result may be inaccurate, approximate err = 6.393555622707936e-07
  return f(*arrays, *other_args, **kwargs)
/appdata/users/P101440/micromamba/envs/torch29/lib/python3.11/site-packages/scipy/_lib/_util.py:1181: RuntimeWarning: logm result may be inaccurate, approximate err = 7.532678409916116e-07
  return f(*arrays, *other_args, **kwargs)
/appdata/users/P101440/micromamba/envs/torch29/lib/python3.11/site-packages/scipy/_lib/_util.py:1181: RuntimeWarning: logm result may be inaccurate, approximate err = 6.209279490576591e-07
  return f(*arrays, *other_args, **kwargs)
/appdata/users/P101440/micromamba/envs/torch29/lib/python3.11/site-packages/scipy/_lib/_util.py:1181: RuntimeWarning: logm result may be inaccurate, approximate err = 9.541490726405755e-07
  return f(*arrays, *other_args, **kwargs)
/appdata/users/P101440/micromamba/envs/torch29/lib/python3.11/site-packages/scipy/_lib/_util.py:1181: RuntimeWarning: logm result may be inaccurate, approximate err = 8.26938446607528e-07
  return f(*arrays, *other_args, **kwargs)
/appdata/users/P101440/micromamba/envs/torch29/lib/python3.11/site-packages/scipy/_lib/_util.py:1181: RuntimeWarning: logm result may be inaccurate, approximate err = 6.801633958275488e-07
  return f(*arrays, *other_args, **kwargs)
/appdata/users/P101440/micromamba/envs/torch29/lib/python3.11/site-packages/scipy/_lib/_util.py:1181: RuntimeWarning: logm result may be inaccurate, approximate err = 6.042494646862906e-07
  return f(*arrays, *other_args, **kwargs)
/appdata/users/P101440/micromamba/envs/torch29/lib/python3.11/site-packages/scipy/_lib/_util.py:1181: RuntimeWarning: logm result may be inaccurate, approximate err = 7.627395461895503e-07
  return f(*arrays, *other_args, **kwargs)
/appdata/users/P101440/micromamba/envs/torch29/lib/python3.11/site-packages/scipy/_lib/_util.py:1181: RuntimeWarning: logm result may be inaccurate, approximate err = 6.82248526118201e-07
  return f(*arrays, *other_args, **kwargs)
/appdata/users/P101440/micromamba/envs/torch29/lib/python3.11/site-packages/scipy/_lib/_util.py:1181: RuntimeWarning: logm result may be inaccurate, approximate err = 9.80794084171066e-07
  return f(*arrays, *other_args, **kwargs)
/appdata/users/P101440/micromamba/envs/torch29/lib/python3.11/site-packages/scipy/_lib/_util.py:1181: RuntimeWarning: logm result may be inaccurate, approximate err = 9.6828046025621e-07
  return f(*arrays, *other_args, **kwargs)
/appdata/users/P101440/micromamba/envs/torch29/lib/python3.11/site-packages/scipy/_lib/_util.py:1181: RuntimeWarning: logm result may be inaccurate, approximate err = 9.517085004517867e-07
  return f(*arrays, *other_args, **kwargs)
/appdata/users/P101440/micromamba/envs/torch29/lib/python3.11/site-packages/scipy/_lib/_util.py:1181: RuntimeWarning: logm result may be inaccurate, approximate err = 1.0417195426271064e-06
  return f(*arrays, *other_args, **kwargs)
/appdata/users/P101440/micromamba/envs/torch29/lib/python3.11/site-packages/scipy/_lib/_util.py:1181: RuntimeWarning: logm result may be inaccurate, approximate err = 1.044971668306971e-06
  return f(*arrays, *other_args, **kwargs)
/appdata/users/P101440/micromamba/envs/torch29/lib/python3.11/site-packages/scipy/_lib/_util.py:1181: RuntimeWarning: logm result may be inaccurate, approximate err = 7.904624794718984e-07
  return f(*arrays, *other_args, **kwargs)
/appdata/users/P101440/micromamba/envs/torch29/lib/python3.11/site-packages/scipy/_lib/_util.py:1181: RuntimeWarning: logm result may be inaccurate, approximate err = 6.910627234901767e-07
  return f(*arrays, *other_args, **kwargs)
/appdata/users/P101440/micromamba/envs/torch29/lib/python3.11/site-packages/scipy/_lib/_util.py:1181: RuntimeWarning: logm result may be inaccurate, approximate err = 8.730083322916471e-07
  return f(*arrays, *other_args, **kwargs)
/appdata/users/P101440/micromamba/envs/torch29/lib/python3.11/site-packages/scipy/_lib/_util.py:1181: RuntimeWarning: logm result may be inaccurate, approximate err = 1.2498873047661618e-06
  return f(*arrays, *other_args, **kwargs)
/appdata/users/P101440/micromamba/envs/torch29/lib/python3.11/site-packages/scipy/_lib/_util.py:1181: RuntimeWarning: logm result may be inaccurate, approximate err = 7.751538646516565e-07
  return f(*arrays, *other_args, **kwargs)
/appdata/users/P101440/micromamba/envs/torch29/lib/python3.11/site-packages/scipy/_lib/_util.py:1181: RuntimeWarning: logm result may be inaccurate, approximate err = 6.674097789982625e-07
  return f(*arrays, *other_args, **kwargs)
/appdata/users/P101440/micromamba/envs/torch29/lib/python3.11/site-packages/scipy/_lib/_util.py:1181: RuntimeWarning: logm result may be inaccurate, approximate err = 8.140415843627125e-07
  return f(*arrays, *other_args, **kwargs)
/appdata/users/P101440/micromamba/envs/torch29/lib/python3.11/site-packages/scipy/_lib/_util.py:1181: RuntimeWarning: logm result may be inaccurate, approximate err = 6.549275894940365e-07
  return f(*arrays, *other_args, **kwargs)
/appdata/users/P101440/micromamba/envs/torch29/lib/python3.11/site-packages/scipy/_lib/_util.py:1181: RuntimeWarning: logm result may be inaccurate, approximate err = 7.75390105900442e-07
  return f(*arrays, *other_args, **kwargs)
/appdata/users/P101440/micromamba/envs/torch29/lib/python3.11/site-packages/scipy/_lib/_util.py:1181: RuntimeWarning: logm result may be inaccurate, approximate err = 5.855882818650571e-07
  return f(*arrays, *other_args, **kwargs)
/appdata/users/P101440/micromamba/envs/torch29/lib/python3.11/site-packages/scipy/_lib/_util.py:1181: RuntimeWarning: logm result may be inaccurate, approximate err = 8.153168664648547e-07
  return f(*arrays, *other_args, **kwargs)
/appdata/users/P101440/micromamba/envs/torch29/lib/python3.11/site-packages/scipy/_lib/_util.py:1181: RuntimeWarning: logm result may be inaccurate, approximate err = 5.617495162368868e-07
  return f(*arrays, *other_args, **kwargs)
/appdata/users/P101440/micromamba/envs/torch29/lib/python3.11/site-packages/scipy/_lib/_util.py:1181: RuntimeWarning: logm result may be inaccurate, approximate err = 8.253865644292091e-07
  return f(*arrays, *other_args, **kwargs)
/appdata/users/P101440/micromamba/envs/torch29/lib/python3.11/site-packages/scipy/_lib/_util.py:1181: RuntimeWarning: logm result may be inaccurate, approximate err = 7.173209155553195e-07
  return f(*arrays, *other_args, **kwargs)
/appdata/users/P101440/micromamba/envs/torch29/lib/python3.11/site-packages/scipy/_lib/_util.py:1181: RuntimeWarning: logm result may be inaccurate, approximate err = 9.103770253204857e-07
  return f(*arrays, *other_args, **kwargs)
/appdata/users/P101440/micromamba/envs/torch29/lib/python3.11/site-packages/scipy/_lib/_util.py:1181: RuntimeWarning: logm result may be inaccurate, approximate err = 1.193293769574666e-06
  return f(*arrays, *other_args, **kwargs)
/appdata/users/P101440/micromamba/envs/torch29/lib/python3.11/site-packages/scipy/_lib/_util.py:1181: RuntimeWarning: logm result may be inaccurate, approximate err = 1.0017711247201078e-06
  return f(*arrays, *other_args, **kwargs)
/appdata/users/P101440/micromamba/envs/torch29/lib/python3.11/site-packages/scipy/_lib/_util.py:1181: RuntimeWarning: logm result may be inaccurate, approximate err = 8.717037758287915e-07
  return f(*arrays, *other_args, **kwargs)
/appdata/users/P101440/micromamba/envs/torch29/lib/python3.11/site-packages/scipy/_lib/_util.py:1181: RuntimeWarning: logm result may be inaccurate, approximate err = 9.153079645329854e-07
  return f(*arrays, *other_args, **kwargs)
/appdata/users/P101440/micromamba/envs/torch29/lib/python3.11/site-packages/scipy/_lib/_util.py:1181: RuntimeWarning: logm result may be inaccurate, approximate err = 7.640737180736323e-07
  return f(*arrays, *other_args, **kwargs)
/appdata/users/P101440/micromamba/envs/torch29/lib/python3.11/site-packages/scipy/_lib/_util.py:1181: RuntimeWarning: logm result may be inaccurate, approximate err = 8.048749009503808e-07
  return f(*arrays, *other_args, **kwargs)
/appdata/users/P101440/micromamba/envs/torch29/lib/python3.11/site-packages/scipy/_lib/_util.py:1181: RuntimeWarning: logm result may be inaccurate, approximate err = 8.199893954952131e-07
  return f(*arrays, *other_args, **kwargs)
/appdata/users/P101440/micromamba/envs/torch29/lib/python3.11/site-packages/scipy/_lib/_util.py:1181: RuntimeWarning: logm result may be inaccurate, approximate err = 7.666287160645879e-07
  return f(*arrays, *other_args, **kwargs)
/appdata/users/P101440/micromamba/envs/torch29/lib/python3.11/site-packages/scipy/_lib/_util.py:1181: RuntimeWarning: logm result may be inaccurate, approximate err = 9.006581649373402e-07
  return f(*arrays, *other_args, **kwargs)
/appdata/users/P101440/micromamba/envs/torch29/lib/python3.11/site-packages/scipy/_lib/_util.py:1181: RuntimeWarning: logm result may be inaccurate, approximate err = 8.954212376011128e-07
  return f(*arrays, *other_args, **kwargs)
/appdata/users/P101440/micromamba/envs/torch29/lib/python3.11/site-packages/scipy/_lib/_util.py:1181: RuntimeWarning: logm result may be inaccurate, approximate err = 7.567835496047337e-07
  return f(*arrays, *other_args, **kwargs)
/appdata/users/P101440/micromamba/envs/torch29/lib/python3.11/site-packages/scipy/_lib/_util.py:1181: RuntimeWarning: logm result may be inaccurate, approximate err = 6.872195399409975e-07
  return f(*arrays, *other_args, **kwargs)
/appdata/users/P101440/micromamba/envs/torch29/lib/python3.11/site-packages/scipy/_lib/_util.py:1181: RuntimeWarning: logm result may be inaccurate, approximate err = 5.646754743793281e-07
  return f(*arrays, *other_args, **kwargs)
/appdata/users/P101440/micromamba/envs/torch29/lib/python3.11/site-packages/scipy/_lib/_util.py:1181: RuntimeWarning: logm result may be inaccurate, approximate err = 6.544212283188244e-07
  return f(*arrays, *other_args, **kwargs)
/appdata/users/P101440/micromamba/envs/torch29/lib/python3.11/site-packages/scipy/_lib/_util.py:1181: RuntimeWarning: logm result may be inaccurate, approximate err = 1.0425518439660664e-06
  return f(*arrays, *other_args, **kwargs)
/appdata/users/P101440/micromamba/envs/torch29/lib/python3.11/site-packages/scipy/_lib/_util.py:1181: RuntimeWarning: logm result may be inaccurate, approximate err = 8.808527809378575e-07
  return f(*arrays, *other_args, **kwargs)
/appdata/users/P101440/micromamba/envs/torch29/lib/python3.11/site-packages/scipy/_lib/_util.py:1181: RuntimeWarning: logm result may be inaccurate, approximate err = 8.544099614482548e-07
  return f(*arrays, *other_args, **kwargs)
/appdata/users/P101440/micromamba/envs/torch29/lib/python3.11/site-packages/scipy/_lib/_util.py:1181: RuntimeWarning: logm result may be inaccurate, approximate err = 6.734275643793808e-07
  return f(*arrays, *other_args, **kwargs)
/appdata/users/P101440/micromamba/envs/torch29/lib/python3.11/site-packages/scipy/_lib/_util.py:1181: RuntimeWarning: logm result may be inaccurate, approximate err = 6.25164943812706e-07
  return f(*arrays, *other_args, **kwargs)
/appdata/users/P101440/micromamba/envs/torch29/lib/python3.11/site-packages/scipy/_lib/_util.py:1181: RuntimeWarning: logm result may be inaccurate, approximate err = 1.1480389048301731e-06
  return f(*arrays, *other_args, **kwargs)
/appdata/users/P101440/micromamba/envs/torch29/lib/python3.11/site-packages/scipy/_lib/_util.py:1181: RuntimeWarning: logm result may be inaccurate, approximate err = 6.551308615598828e-07
  return f(*arrays, *other_args, **kwargs)
/appdata/users/P101440/micromamba/envs/torch29/lib/python3.11/site-packages/scipy/_lib/_util.py:1181: RuntimeWarning: logm result may be inaccurate, approximate err = 1.0278174613631563e-06
  return f(*arrays, *other_args, **kwargs)
/appdata/users/P101440/micromamba/envs/torch29/lib/python3.11/site-packages/scipy/_lib/_util.py:1181: RuntimeWarning: logm result may be inaccurate, approximate err = 1.1832902373498655e-06
  return f(*arrays, *other_args, **kwargs)
/appdata/users/P101440/micromamba/envs/torch29/lib/python3.11/site-packages/scipy/_lib/_util.py:1181: RuntimeWarning: logm result may be inaccurate, approximate err = 7.966339694576163e-07
  return f(*arrays, *other_args, **kwargs)
/appdata/users/P101440/micromamba/envs/torch29/lib/python3.11/site-packages/scipy/_lib/_util.py:1181: RuntimeWarning: logm result may be inaccurate, approximate err = 5.683179438165098e-07
  return f(*arrays, *other_args, **kwargs)
/appdata/users/P101440/micromamba/envs/torch29/lib/python3.11/site-packages/scipy/_lib/_util.py:1181: RuntimeWarning: logm result may be inaccurate, approximate err = 6.486653205683979e-07
  return f(*arrays, *other_args, **kwargs)
/appdata/users/P101440/micromamba/envs/torch29/lib/python3.11/site-packages/scipy/_lib/_util.py:1181: RuntimeWarning: logm result may be inaccurate, approximate err = 7.006881332927151e-07
  return f(*arrays, *other_args, **kwargs)
/appdata/users/P101440/micromamba/envs/torch29/lib/python3.11/site-packages/scipy/_lib/_util.py:1181: RuntimeWarning: logm result may be inaccurate, approximate err = 8.935887194638781e-07
  return f(*arrays, *other_args, **kwargs)
/appdata/users/P101440/micromamba/envs/torch29/lib/python3.11/site-packages/scipy/_lib/_util.py:1181: RuntimeWarning: logm result may be inaccurate, approximate err = 8.262227311206516e-07
  return f(*arrays, *other_args, **kwargs)
/appdata/users/P101440/micromamba/envs/torch29/lib/python3.11/site-packages/scipy/_lib/_util.py:1181: RuntimeWarning: logm result may be inaccurate, approximate err = 9.500303690401779e-07
  return f(*arrays, *other_args, **kwargs)
/appdata/users/P101440/micromamba/envs/torch29/lib/python3.11/site-packages/scipy/_lib/_util.py:1181: RuntimeWarning: logm result may be inaccurate, approximate err = 1.0717511713664862e-06
  return f(*arrays, *other_args, **kwargs)
/appdata/users/P101440/micromamba/envs/torch29/lib/python3.11/site-packages/scipy/_lib/_util.py:1181: RuntimeWarning: logm result may be inaccurate, approximate err = 9.707799790703575e-07
  return f(*arrays, *other_args, **kwargs)
/appdata/users/P101440/micromamba/envs/torch29/lib/python3.11/site-packages/scipy/_lib/_util.py:1181: RuntimeWarning: logm result may be inaccurate, approximate err = 5.60833882445877e-07
  return f(*arrays, *other_args, **kwargs)
/appdata/users/P101440/micromamba/envs/torch29/lib/python3.11/site-packages/scipy/_lib/_util.py:1181: RuntimeWarning: logm result may be inaccurate, approximate err = 7.399530659313314e-07
  return f(*arrays, *other_args, **kwargs)
/appdata/users/P101440/micromamba/envs/torch29/lib/python3.11/site-packages/scipy/_lib/_util.py:1181: RuntimeWarning: logm result may be inaccurate, approximate err = 7.516876507907e-07
  return f(*arrays, *other_args, **kwargs)
/appdata/users/P101440/micromamba/envs/torch29/lib/python3.11/site-packages/scipy/_lib/_util.py:1181: RuntimeWarning: logm result may be inaccurate, approximate err = 8.623545681984979e-07
  return f(*arrays, *other_args, **kwargs)
/appdata/users/P101440/micromamba/envs/torch29/lib/python3.11/site-packages/scipy/_lib/_util.py:1181: RuntimeWarning: logm result may be inaccurate, approximate err = 1.2021089332847623e-06
  return f(*arrays, *other_args, **kwargs)
/appdata/users/P101440/micromamba/envs/torch29/lib/python3.11/site-packages/scipy/_lib/_util.py:1181: RuntimeWarning: logm result may be inaccurate, approximate err = 7.374632673418091e-07
  return f(*arrays, *other_args, **kwargs)
/appdata/users/P101440/micromamba/envs/torch29/lib/python3.11/site-packages/scipy/_lib/_util.py:1181: RuntimeWarning: logm result may be inaccurate, approximate err = 7.088921734066389e-07
  return f(*arrays, *other_args, **kwargs)
/appdata/users/P101440/micromamba/envs/torch29/lib/python3.11/site-packages/scipy/_lib/_util.py:1181: RuntimeWarning: logm result may be inaccurate, approximate err = 7.702185484959045e-07
  return f(*arrays, *other_args, **kwargs)
/appdata/users/P101440/micromamba/envs/torch29/lib/python3.11/site-packages/scipy/_lib/_util.py:1181: RuntimeWarning: logm result may be inaccurate, approximate err = 1.0717235454649199e-06
  return f(*arrays, *other_args, **kwargs)
/appdata/users/P101440/micromamba/envs/torch29/lib/python3.11/site-packages/scipy/_lib/_util.py:1181: RuntimeWarning: logm result may be inaccurate, approximate err = 7.712052365604904e-07
  return f(*arrays, *other_args, **kwargs)
/appdata/users/P101440/micromamba/envs/torch29/lib/python3.11/site-packages/scipy/_lib/_util.py:1181: RuntimeWarning: logm result may be inaccurate, approximate err = 9.890267165246769e-07
  return f(*arrays, *other_args, **kwargs)
/appdata/users/P101440/micromamba/envs/torch29/lib/python3.11/site-packages/scipy/_lib/_util.py:1181: RuntimeWarning: logm result may be inaccurate, approximate err = 7.299518642867042e-07
  return f(*arrays, *other_args, **kwargs)
/appdata/users/P101440/micromamba/envs/torch29/lib/python3.11/site-packages/scipy/_lib/_util.py:1181: RuntimeWarning: logm result may be inaccurate, approximate err = 7.505024086640333e-07
  return f(*arrays, *other_args, **kwargs)
/appdata/users/P101440/micromamba/envs/torch29/lib/python3.11/site-packages/scipy/_lib/_util.py:1181: RuntimeWarning: logm result may be inaccurate, approximate err = 7.871626053201908e-07
  return f(*arrays, *other_args, **kwargs)
/appdata/users/P101440/micromamba/envs/torch29/lib/python3.11/site-packages/scipy/_lib/_util.py:1181: RuntimeWarning: logm result may be inaccurate, approximate err = 1.0388762348156888e-06
  return f(*arrays, *other_args, **kwargs)
/appdata/users/P101440/micromamba/envs/torch29/lib/python3.11/site-packages/scipy/_lib/_util.py:1181: RuntimeWarning: logm result may be inaccurate, approximate err = 8.595847589276673e-07
  return f(*arrays, *other_args, **kwargs)
/appdata/users/P101440/micromamba/envs/torch29/lib/python3.11/site-packages/scipy/_lib/_util.py:1181: RuntimeWarning: logm result may be inaccurate, approximate err = 1.3091209893900668e-06
  return f(*arrays, *other_args, **kwargs)
/appdata/users/P101440/micromamba/envs/torch29/lib/python3.11/site-packages/scipy/_lib/_util.py:1181: RuntimeWarning: logm result may be inaccurate, approximate err = 6.512802883662516e-07
  return f(*arrays, *other_args, **kwargs)
/appdata/users/P101440/micromamba/envs/torch29/lib/python3.11/site-packages/scipy/_lib/_util.py:1181: RuntimeWarning: logm result may be inaccurate, approximate err = 6.95308131071215e-07
  return f(*arrays, *other_args, **kwargs)
/appdata/users/P101440/micromamba/envs/torch29/lib/python3.11/site-packages/scipy/_lib/_util.py:1181: RuntimeWarning: logm result may be inaccurate, approximate err = 7.667926524845825e-07
  return f(*arrays, *other_args, **kwargs)
/appdata/users/P101440/micromamba/envs/torch29/lib/python3.11/site-packages/scipy/_lib/_util.py:1181: RuntimeWarning: logm result may be inaccurate, approximate err = 9.593717322786688e-07
  return f(*arrays, *other_args, **kwargs)
/appdata/users/P101440/micromamba/envs/torch29/lib/python3.11/site-packages/scipy/_lib/_util.py:1181: RuntimeWarning: logm result may be inaccurate, approximate err = 8.863308380568924e-07
  return f(*arrays, *other_args, **kwargs)
/appdata/users/P101440/micromamba/envs/torch29/lib/python3.11/site-packages/scipy/_lib/_util.py:1181: RuntimeWarning: logm result may be inaccurate, approximate err = 6.156938070489559e-07
  return f(*arrays, *other_args, **kwargs)
/appdata/users/P101440/micromamba/envs/torch29/lib/python3.11/site-packages/scipy/_lib/_util.py:1181: RuntimeWarning: logm result may be inaccurate, approximate err = 1.205755893352034e-06
  return f(*arrays, *other_args, **kwargs)
/appdata/users/P101440/micromamba/envs/torch29/lib/python3.11/site-packages/scipy/_lib/_util.py:1181: RuntimeWarning: logm result may be inaccurate, approximate err = 6.690650593554892e-07
  return f(*arrays, *other_args, **kwargs)
/appdata/users/P101440/micromamba/envs/torch29/lib/python3.11/site-packages/scipy/_lib/_util.py:1181: RuntimeWarning: logm result may be inaccurate, approximate err = 9.61474825089681e-07
  return f(*arrays, *other_args, **kwargs)
/appdata/users/P101440/micromamba/envs/torch29/lib/python3.11/site-packages/scipy/_lib/_util.py:1181: RuntimeWarning: logm result may be inaccurate, approximate err = 6.934531029401114e-07
  return f(*arrays, *other_args, **kwargs)
/appdata/users/P101440/micromamba/envs/torch29/lib/python3.11/site-packages/scipy/_lib/_util.py:1181: RuntimeWarning: logm result may be inaccurate, approximate err = 8.121241990011185e-07
  return f(*arrays, *other_args, **kwargs)
/appdata/users/P101440/micromamba/envs/torch29/lib/python3.11/site-packages/scipy/_lib/_util.py:1181: RuntimeWarning: logm result may be inaccurate, approximate err = 8.115810032904847e-07
  return f(*arrays, *other_args, **kwargs)
/appdata/users/P101440/micromamba/envs/torch29/lib/python3.11/site-packages/scipy/_lib/_util.py:1181: RuntimeWarning: logm result may be inaccurate, approximate err = 7.546137794633978e-07
  return f(*arrays, *other_args, **kwargs)
/appdata/users/P101440/micromamba/envs/torch29/lib/python3.11/site-packages/scipy/_lib/_util.py:1181: RuntimeWarning: logm result may be inaccurate, approximate err = 5.548823196477315e-07
  return f(*arrays, *other_args, **kwargs)
/appdata/users/P101440/micromamba/envs/torch29/lib/python3.11/site-packages/scipy/_lib/_util.py:1181: RuntimeWarning: logm result may be inaccurate, approximate err = 1.4271432746681967e-06
  return f(*arrays, *other_args, **kwargs)
/appdata/users/P101440/micromamba/envs/torch29/lib/python3.11/site-packages/scipy/_lib/_util.py:1181: RuntimeWarning: logm result may be inaccurate, approximate err = 6.065135380595166e-07
  return f(*arrays, *other_args, **kwargs)
/appdata/users/P101440/micromamba/envs/torch29/lib/python3.11/site-packages/scipy/_lib/_util.py:1181: RuntimeWarning: logm result may be inaccurate, approximate err = 7.418295240313455e-07
  return f(*arrays, *other_args, **kwargs)
/appdata/users/P101440/micromamba/envs/torch29/lib/python3.11/site-packages/scipy/_lib/_util.py:1181: RuntimeWarning: logm result may be inaccurate, approximate err = 5.478760272126237e-07
  return f(*arrays, *other_args, **kwargs)
/appdata/users/P101440/micromamba/envs/torch29/lib/python3.11/site-packages/scipy/_lib/_util.py:1181: RuntimeWarning: logm result may be inaccurate, approximate err = 7.240441846079193e-07
  return f(*arrays, *other_args, **kwargs)
/appdata/users/P101440/micromamba/envs/torch29/lib/python3.11/site-packages/scipy/_lib/_util.py:1181: RuntimeWarning: logm result may be inaccurate, approximate err = 9.210519351654511e-07
  return f(*arrays, *other_args, **kwargs)
/appdata/users/P101440/micromamba/envs/torch29/lib/python3.11/site-packages/scipy/_lib/_util.py:1181: RuntimeWarning: logm result may be inaccurate, approximate err = 7.671991397728561e-07
  return f(*arrays, *other_args, **kwargs)
/appdata/users/P101440/micromamba/envs/torch29/lib/python3.11/site-packages/scipy/_lib/_util.py:1181: RuntimeWarning: logm result may be inaccurate, approximate err = 7.112083153515414e-07
  return f(*arrays, *other_args, **kwargs)
/appdata/users/P101440/micromamba/envs/torch29/lib/python3.11/site-packages/scipy/_lib/_util.py:1181: RuntimeWarning: logm result may be inaccurate, approximate err = 9.410803158971248e-07
  return f(*arrays, *other_args, **kwargs)
/appdata/users/P101440/micromamba/envs/torch29/lib/python3.11/site-packages/scipy/_lib/_util.py:1181: RuntimeWarning: logm result may be inaccurate, approximate err = 6.740793310200388e-07
  return f(*arrays, *other_args, **kwargs)
/appdata/users/P101440/micromamba/envs/torch29/lib/python3.11/site-packages/scipy/_lib/_util.py:1181: RuntimeWarning: logm result may be inaccurate, approximate err = 1.4516621149596176e-06
  return f(*arrays, *other_args, **kwargs)
/appdata/users/P101440/micromamba/envs/torch29/lib/python3.11/site-packages/scipy/_lib/_util.py:1181: RuntimeWarning: logm result may be inaccurate, approximate err = 9.121393986788462e-07
  return f(*arrays, *other_args, **kwargs)
/appdata/users/P101440/micromamba/envs/torch29/lib/python3.11/site-packages/scipy/_lib/_util.py:1181: RuntimeWarning: logm result may be inaccurate, approximate err = 7.938087378533965e-07
  return f(*arrays, *other_args, **kwargs)
/appdata/users/P101440/micromamba/envs/torch29/lib/python3.11/site-packages/scipy/_lib/_util.py:1181: RuntimeWarning: logm result may be inaccurate, approximate err = 1.10145526832639e-06
  return f(*arrays, *other_args, **kwargs)
/appdata/users/P101440/micromamba/envs/torch29/lib/python3.11/site-packages/scipy/_lib/_util.py:1181: RuntimeWarning: logm result may be inaccurate, approximate err = 1.1019558314728783e-06
  return f(*arrays, *other_args, **kwargs)
/appdata/users/P101440/micromamba/envs/torch29/lib/python3.11/site-packages/scipy/_lib/_util.py:1181: RuntimeWarning: logm result may be inaccurate, approximate err = 7.60977513891703e-07
  return f(*arrays, *other_args, **kwargs)
/appdata/users/P101440/micromamba/envs/torch29/lib/python3.11/site-packages/scipy/_lib/_util.py:1181: RuntimeWarning: logm result may be inaccurate, approximate err = 6.198263804435555e-07
  return f(*arrays, *other_args, **kwargs)
/appdata/users/P101440/micromamba/envs/torch29/lib/python3.11/site-packages/scipy/_lib/_util.py:1181: RuntimeWarning: logm result may be inaccurate, approximate err = 6.735676265634538e-07
  return f(*arrays, *other_args, **kwargs)
/appdata/users/P101440/micromamba/envs/torch29/lib/python3.11/site-packages/scipy/_lib/_util.py:1181: RuntimeWarning: logm result may be inaccurate, approximate err = 9.955949735740433e-07
  return f(*arrays, *other_args, **kwargs)
/appdata/users/P101440/micromamba/envs/torch29/lib/python3.11/site-packages/scipy/_lib/_util.py:1181: RuntimeWarning: logm result may be inaccurate, approximate err = 9.462514753977302e-07
  return f(*arrays, *other_args, **kwargs)
/appdata/users/P101440/micromamba/envs/torch29/lib/python3.11/site-packages/scipy/_lib/_util.py:1181: RuntimeWarning: logm result may be inaccurate, approximate err = 6.833194561295386e-07
  return f(*arrays, *other_args, **kwargs)
/appdata/users/P101440/micromamba/envs/torch29/lib/python3.11/site-packages/scipy/_lib/_util.py:1181: RuntimeWarning: logm result may be inaccurate, approximate err = 8.378841584999464e-07
  return f(*arrays, *other_args, **kwargs)
/appdata/users/P101440/micromamba/envs/torch29/lib/python3.11/site-packages/scipy/_lib/_util.py:1181: RuntimeWarning: logm result may be inaccurate, approximate err = 7.16129079592065e-07
  return f(*arrays, *other_args, **kwargs)
/appdata/users/P101440/micromamba/envs/torch29/lib/python3.11/site-packages/scipy/_lib/_util.py:1181: RuntimeWarning: logm result may be inaccurate, approximate err = 8.261503126050229e-07
  return f(*arrays, *other_args, **kwargs)
/appdata/users/P101440/micromamba/envs/torch29/lib/python3.11/site-packages/scipy/_lib/_util.py:1181: RuntimeWarning: logm result may be inaccurate, approximate err = 8.30810336083232e-07
  return f(*arrays, *other_args, **kwargs)
/appdata/users/P101440/micromamba/envs/torch29/lib/python3.11/site-packages/scipy/_lib/_util.py:1181: RuntimeWarning: logm result may be inaccurate, approximate err = 6.768344746888033e-07
  return f(*arrays, *other_args, **kwargs)
/appdata/users/P101440/micromamba/envs/torch29/lib/python3.11/site-packages/scipy/_lib/_util.py:1181: RuntimeWarning: logm result may be inaccurate, approximate err = 8.941800615502871e-07
  return f(*arrays, *other_args, **kwargs)
/appdata/users/P101440/micromamba/envs/torch29/lib/python3.11/site-packages/scipy/_lib/_util.py:1181: RuntimeWarning: logm result may be inaccurate, approximate err = 7.685934519940929e-07
  return f(*arrays, *other_args, **kwargs)
/appdata/users/P101440/micromamba/envs/torch29/lib/python3.11/site-packages/scipy/_lib/_util.py:1181: RuntimeWarning: logm result may be inaccurate, approximate err = 8.187435014406219e-07
  return f(*arrays, *other_args, **kwargs)
/appdata/users/P101440/micromamba/envs/torch29/lib/python3.11/site-packages/scipy/_lib/_util.py:1181: RuntimeWarning: logm result may be inaccurate, approximate err = 1.0466959565746947e-06
  return f(*arrays, *other_args, **kwargs)
/appdata/users/P101440/micromamba/envs/torch29/lib/python3.11/site-packages/scipy/_lib/_util.py:1181: RuntimeWarning: logm result may be inaccurate, approximate err = 1.1964872328462661e-06
  return f(*arrays, *other_args, **kwargs)
/appdata/users/P101440/micromamba/envs/torch29/lib/python3.11/site-packages/scipy/_lib/_util.py:1181: RuntimeWarning: logm result may be inaccurate, approximate err = 7.770961474307114e-07
  return f(*arrays, *other_args, **kwargs)
/appdata/users/P101440/micromamba/envs/torch29/lib/python3.11/site-packages/scipy/_lib/_util.py:1181: RuntimeWarning: logm result may be inaccurate, approximate err = 7.262737540258968e-07
  return f(*arrays, *other_args, **kwargs)
/appdata/users/P101440/micromamba/envs/torch29/lib/python3.11/site-packages/scipy/_lib/_util.py:1181: RuntimeWarning: logm result may be inaccurate, approximate err = 7.555128149761003e-07
  return f(*arrays, *other_args, **kwargs)
/appdata/users/P101440/micromamba/envs/torch29/lib/python3.11/site-packages/scipy/_lib/_util.py:1181: RuntimeWarning: logm result may be inaccurate, approximate err = 1.3208918971940875e-06
  return f(*arrays, *other_args, **kwargs)
/appdata/users/P101440/micromamba/envs/torch29/lib/python3.11/site-packages/scipy/_lib/_util.py:1181: RuntimeWarning: logm result may be inaccurate, approximate err = 8.542188538740447e-07
  return f(*arrays, *other_args, **kwargs)
/appdata/users/P101440/micromamba/envs/torch29/lib/python3.11/site-packages/scipy/_lib/_util.py:1181: RuntimeWarning: logm result may be inaccurate, approximate err = 7.528578862547874e-07
  return f(*arrays, *other_args, **kwargs)
/appdata/users/P101440/micromamba/envs/torch29/lib/python3.11/site-packages/scipy/_lib/_util.py:1181: RuntimeWarning: logm result may be inaccurate, approximate err = 8.197081911021087e-07
  return f(*arrays, *other_args, **kwargs)
/appdata/users/P101440/micromamba/envs/torch29/lib/python3.11/site-packages/scipy/_lib/_util.py:1181: RuntimeWarning: logm result may be inaccurate, approximate err = 8.786261105342419e-07
  return f(*arrays, *other_args, **kwargs)
/appdata/users/P101440/micromamba/envs/torch29/lib/python3.11/site-packages/scipy/_lib/_util.py:1181: RuntimeWarning: logm result may be inaccurate, approximate err = 9.327979455520108e-07
  return f(*arrays, *other_args, **kwargs)
/appdata/users/P101440/micromamba/envs/torch29/lib/python3.11/site-packages/scipy/_lib/_util.py:1181: RuntimeWarning: logm result may be inaccurate, approximate err = 9.207687412526866e-07
  return f(*arrays, *other_args, **kwargs)
/appdata/users/P101440/micromamba/envs/torch29/lib/python3.11/site-packages/scipy/_lib/_util.py:1181: RuntimeWarning: logm result may be inaccurate, approximate err = 7.317011068153079e-07
  return f(*arrays, *other_args, **kwargs)
/appdata/users/P101440/micromamba/envs/torch29/lib/python3.11/site-packages/scipy/_lib/_util.py:1181: RuntimeWarning: logm result may be inaccurate, approximate err = 8.911677014111774e-07
  return f(*arrays, *other_args, **kwargs)
/appdata/users/P101440/micromamba/envs/torch29/lib/python3.11/site-packages/scipy/_lib/_util.py:1181: RuntimeWarning: logm result may be inaccurate, approximate err = 6.891311841172865e-07
  return f(*arrays, *other_args, **kwargs)
/appdata/users/P101440/micromamba/envs/torch29/lib/python3.11/site-packages/scipy/_lib/_util.py:1181: RuntimeWarning: logm result may be inaccurate, approximate err = 8.60718955664197e-07
  return f(*arrays, *other_args, **kwargs)
/appdata/users/P101440/micromamba/envs/torch29/lib/python3.11/site-packages/scipy/_lib/_util.py:1181: RuntimeWarning: logm result may be inaccurate, approximate err = 7.252018576764385e-07
  return f(*arrays, *other_args, **kwargs)
/appdata/users/P101440/micromamba/envs/torch29/lib/python3.11/site-packages/scipy/_lib/_util.py:1181: RuntimeWarning: logm result may be inaccurate, approximate err = 8.406614711020666e-07
  return f(*arrays, *other_args, **kwargs)
/appdata/users/P101440/micromamba/envs/torch29/lib/python3.11/site-packages/scipy/_lib/_util.py:1181: RuntimeWarning: logm result may be inaccurate, approximate err = 1.0731496331572998e-06
  return f(*arrays, *other_args, **kwargs)
/appdata/users/P101440/micromamba/envs/torch29/lib/python3.11/site-packages/scipy/_lib/_util.py:1181: RuntimeWarning: logm result may be inaccurate, approximate err = 7.560581707366509e-07
  return f(*arrays, *other_args, **kwargs)
/appdata/users/P101440/micromamba/envs/torch29/lib/python3.11/site-packages/scipy/_lib/_util.py:1181: RuntimeWarning: logm result may be inaccurate, approximate err = 9.85238557404955e-07
  return f(*arrays, *other_args, **kwargs)
/appdata/users/P101440/micromamba/envs/torch29/lib/python3.11/site-packages/scipy/_lib/_util.py:1181: RuntimeWarning: logm result may be inaccurate, approximate err = 7.841315436962759e-07
  return f(*arrays, *other_args, **kwargs)
/appdata/users/P101440/micromamba/envs/torch29/lib/python3.11/site-packages/scipy/_lib/_util.py:1181: RuntimeWarning: logm result may be inaccurate, approximate err = 1.1511788216012064e-06
  return f(*arrays, *other_args, **kwargs)
/appdata/users/P101440/micromamba/envs/torch29/lib/python3.11/site-packages/scipy/_lib/_util.py:1181: RuntimeWarning: logm result may be inaccurate, approximate err = 7.064251690280798e-07
  return f(*arrays, *other_args, **kwargs)
/appdata/users/P101440/micromamba/envs/torch29/lib/python3.11/site-packages/scipy/_lib/_util.py:1181: RuntimeWarning: logm result may be inaccurate, approximate err = 7.608704777339881e-07
  return f(*arrays, *other_args, **kwargs)
/appdata/users/P101440/micromamba/envs/torch29/lib/python3.11/site-packages/scipy/_lib/_util.py:1181: RuntimeWarning: logm result may be inaccurate, approximate err = 5.823632136525703e-07
  return f(*arrays, *other_args, **kwargs)
/appdata/users/P101440/micromamba/envs/torch29/lib/python3.11/site-packages/scipy/_lib/_util.py:1181: RuntimeWarning: logm result may be inaccurate, approximate err = 8.563476967538008e-07
  return f(*arrays, *other_args, **kwargs)
/appdata/users/P101440/micromamba/envs/torch29/lib/python3.11/site-packages/scipy/_lib/_util.py:1181: RuntimeWarning: logm result may be inaccurate, approximate err = 7.076916972437175e-07
  return f(*arrays, *other_args, **kwargs)
/appdata/users/P101440/micromamba/envs/torch29/lib/python3.11/site-packages/scipy/_lib/_util.py:1181: RuntimeWarning: logm result may be inaccurate, approximate err = 9.906459581543459e-07
  return f(*arrays, *other_args, **kwargs)
/appdata/users/P101440/micromamba/envs/torch29/lib/python3.11/site-packages/scipy/_lib/_util.py:1181: RuntimeWarning: logm result may be inaccurate, approximate err = 7.882146064730478e-07
  return f(*arrays, *other_args, **kwargs)
/appdata/users/P101440/micromamba/envs/torch29/lib/python3.11/site-packages/scipy/_lib/_util.py:1181: RuntimeWarning: logm result may be inaccurate, approximate err = 8.381190923500981e-07
  return f(*arrays, *other_args, **kwargs)
/appdata/users/P101440/micromamba/envs/torch29/lib/python3.11/site-packages/scipy/_lib/_util.py:1181: RuntimeWarning: logm result may be inaccurate, approximate err = 6.5501723156558e-07
  return f(*arrays, *other_args, **kwargs)
/appdata/users/P101440/micromamba/envs/torch29/lib/python3.11/site-packages/scipy/_lib/_util.py:1181: RuntimeWarning: logm result may be inaccurate, approximate err = 9.87259568319132e-07
  return f(*arrays, *other_args, **kwargs)
/appdata/users/P101440/micromamba/envs/torch29/lib/python3.11/site-packages/scipy/_lib/_util.py:1181: RuntimeWarning: logm result may be inaccurate, approximate err = 8.377315907637239e-07
  return f(*arrays, *other_args, **kwargs)
/appdata/users/P101440/micromamba/envs/torch29/lib/python3.11/site-packages/scipy/_lib/_util.py:1181: RuntimeWarning: logm result may be inaccurate, approximate err = 1.307058141719608e-06
  return f(*arrays, *other_args, **kwargs)
/appdata/users/P101440/micromamba/envs/torch29/lib/python3.11/site-packages/scipy/_lib/_util.py:1181: RuntimeWarning: logm result may be inaccurate, approximate err = 7.993249937499058e-07
  return f(*arrays, *other_args, **kwargs)
/appdata/users/P101440/micromamba/envs/torch29/lib/python3.11/site-packages/scipy/_lib/_util.py:1181: RuntimeWarning: logm result may be inaccurate, approximate err = 6.363075044646394e-07
  return f(*arrays, *other_args, **kwargs)
/appdata/users/P101440/micromamba/envs/torch29/lib/python3.11/site-packages/scipy/_lib/_util.py:1181: RuntimeWarning: logm result may be inaccurate, approximate err = 5.670061113960401e-07
  return f(*arrays, *other_args, **kwargs)
/appdata/users/P101440/micromamba/envs/torch29/lib/python3.11/site-packages/scipy/_lib/_util.py:1181: RuntimeWarning: logm result may be inaccurate, approximate err = 6.093464435252827e-07
  return f(*arrays, *other_args, **kwargs)
/appdata/users/P101440/micromamba/envs/torch29/lib/python3.11/site-packages/scipy/_lib/_util.py:1181: RuntimeWarning: logm result may be inaccurate, approximate err = 1.16758860713162e-06
  return f(*arrays, *other_args, **kwargs)
/appdata/users/P101440/micromamba/envs/torch29/lib/python3.11/site-packages/scipy/_lib/_util.py:1181: RuntimeWarning: logm result may be inaccurate, approximate err = 7.724406145825924e-07
  return f(*arrays, *other_args, **kwargs)
/appdata/users/P101440/micromamba/envs/torch29/lib/python3.11/site-packages/scipy/_lib/_util.py:1181: RuntimeWarning: logm result may be inaccurate, approximate err = 9.356899681733921e-07
  return f(*arrays, *other_args, **kwargs)
/appdata/users/P101440/micromamba/envs/torch29/lib/python3.11/site-packages/scipy/_lib/_util.py:1181: RuntimeWarning: logm result may be inaccurate, approximate err = 1.0637060086082784e-06
  return f(*arrays, *other_args, **kwargs)
/appdata/users/P101440/micromamba/envs/torch29/lib/python3.11/site-packages/scipy/_lib/_util.py:1181: RuntimeWarning: logm result may be inaccurate, approximate err = 8.710431416147912e-07
  return f(*arrays, *other_args, **kwargs)
/appdata/users/P101440/micromamba/envs/torch29/lib/python3.11/site-packages/scipy/_lib/_util.py:1181: RuntimeWarning: logm result may be inaccurate, approximate err = 7.422030421366799e-07
  return f(*arrays, *other_args, **kwargs)
/appdata/users/P101440/micromamba/envs/torch29/lib/python3.11/site-packages/scipy/_lib/_util.py:1181: RuntimeWarning: logm result may be inaccurate, approximate err = 1.0868936897168169e-06
  return f(*arrays, *other_args, **kwargs)
/appdata/users/P101440/micromamba/envs/torch29/lib/python3.11/site-packages/scipy/_lib/_util.py:1181: RuntimeWarning: logm result may be inaccurate, approximate err = 5.885249265702441e-07
  return f(*arrays, *other_args, **kwargs)
/appdata/users/P101440/micromamba/envs/torch29/lib/python3.11/site-packages/scipy/_lib/_util.py:1181: RuntimeWarning: logm result may be inaccurate, approximate err = 1.0451332173033734e-06
  return f(*arrays, *other_args, **kwargs)
/appdata/users/P101440/micromamba/envs/torch29/lib/python3.11/site-packages/scipy/_lib/_util.py:1181: RuntimeWarning: logm result may be inaccurate, approximate err = 7.942003890093474e-07
  return f(*arrays, *other_args, **kwargs)
/appdata/users/P101440/micromamba/envs/torch29/lib/python3.11/site-packages/scipy/_lib/_util.py:1181: RuntimeWarning: logm result may be inaccurate, approximate err = 1.0840858521987684e-06
  return f(*arrays, *other_args, **kwargs)
/appdata/users/P101440/micromamba/envs/torch29/lib/python3.11/site-packages/scipy/_lib/_util.py:1181: RuntimeWarning: logm result may be inaccurate, approximate err = 7.077998702698096e-07
  return f(*arrays, *other_args, **kwargs)
/appdata/users/P101440/micromamba/envs/torch29/lib/python3.11/site-packages/scipy/_lib/_util.py:1181: RuntimeWarning: logm result may be inaccurate, approximate err = 7.930679544188024e-07
  return f(*arrays, *other_args, **kwargs)
/appdata/users/P101440/micromamba/envs/torch29/lib/python3.11/site-packages/scipy/_lib/_util.py:1181: RuntimeWarning: logm result may be inaccurate, approximate err = 1.072574605132104e-06
  return f(*arrays, *other_args, **kwargs)
/appdata/users/P101440/micromamba/envs/torch29/lib/python3.11/site-packages/scipy/_lib/_util.py:1181: RuntimeWarning: logm result may be inaccurate, approximate err = 1.0156179541809252e-06
  return f(*arrays, *other_args, **kwargs)
/appdata/users/P101440/micromamba/envs/torch29/lib/python3.11/site-packages/scipy/_lib/_util.py:1181: RuntimeWarning: logm result may be inaccurate, approximate err = 9.300488841290644e-07
  return f(*arrays, *other_args, **kwargs)
/appdata/users/P101440/micromamba/envs/torch29/lib/python3.11/site-packages/scipy/_lib/_util.py:1181: RuntimeWarning: logm result may be inaccurate, approximate err = 1.162866510640015e-06
  return f(*arrays, *other_args, **kwargs)
/appdata/users/P101440/micromamba/envs/torch29/lib/python3.11/site-packages/scipy/_lib/_util.py:1181: RuntimeWarning: logm result may be inaccurate, approximate err = 7.51980849145184e-07
  return f(*arrays, *other_args, **kwargs)
/appdata/users/P101440/micromamba/envs/torch29/lib/python3.11/site-packages/scipy/_lib/_util.py:1181: RuntimeWarning: logm result may be inaccurate, approximate err = 7.555685215265839e-07
  return f(*arrays, *other_args, **kwargs)
/appdata/users/P101440/micromamba/envs/torch29/lib/python3.11/site-packages/scipy/_lib/_util.py:1181: RuntimeWarning: logm result may be inaccurate, approximate err = 7.945417905830254e-07
  return f(*arrays, *other_args, **kwargs)
/appdata/users/P101440/micromamba/envs/torch29/lib/python3.11/site-packages/scipy/_lib/_util.py:1181: RuntimeWarning: logm result may be inaccurate, approximate err = 7.199752189990249e-07
  return f(*arrays, *other_args, **kwargs)
/appdata/users/P101440/micromamba/envs/torch29/lib/python3.11/site-packages/scipy/_lib/_util.py:1181: RuntimeWarning: logm result may be inaccurate, approximate err = 7.895885687503323e-07
  return f(*arrays, *other_args, **kwargs)
/appdata/users/P101440/micromamba/envs/torch29/lib/python3.11/site-packages/scipy/_lib/_util.py:1181: RuntimeWarning: logm result may be inaccurate, approximate err = 6.981810543038591e-07
  return f(*arrays, *other_args, **kwargs)
/appdata/users/P101440/micromamba/envs/torch29/lib/python3.11/site-packages/scipy/_lib/_util.py:1181: RuntimeWarning: logm result may be inaccurate, approximate err = 8.81209075487277e-07
  return f(*arrays, *other_args, **kwargs)
/appdata/users/P101440/micromamba/envs/torch29/lib/python3.11/site-packages/scipy/_lib/_util.py:1181: RuntimeWarning: logm result may be inaccurate, approximate err = 8.225323426813702e-07
  return f(*arrays, *other_args, **kwargs)
/appdata/users/P101440/micromamba/envs/torch29/lib/python3.11/site-packages/scipy/_lib/_util.py:1181: RuntimeWarning: logm result may be inaccurate, approximate err = 6.865542445666506e-07
  return f(*arrays, *other_args, **kwargs)
/appdata/users/P101440/micromamba/envs/torch29/lib/python3.11/site-packages/scipy/_lib/_util.py:1181: RuntimeWarning: logm result may be inaccurate, approximate err = 7.241499133670004e-07
  return f(*arrays, *other_args, **kwargs)
/appdata/users/P101440/micromamba/envs/torch29/lib/python3.11/site-packages/scipy/_lib/_util.py:1181: RuntimeWarning: logm result may be inaccurate, approximate err = 8.080448878899915e-07
  return f(*arrays, *other_args, **kwargs)
/appdata/users/P101440/micromamba/envs/torch29/lib/python3.11/site-packages/scipy/_lib/_util.py:1181: RuntimeWarning: logm result may be inaccurate, approximate err = 1.0099474820890464e-06
  return f(*arrays, *other_args, **kwargs)
/appdata/users/P101440/micromamba/envs/torch29/lib/python3.11/site-packages/scipy/_lib/_util.py:1181: RuntimeWarning: logm result may be inaccurate, approximate err = 8.651135772197449e-07
  return f(*arrays, *other_args, **kwargs)
/appdata/users/P101440/micromamba/envs/torch29/lib/python3.11/site-packages/scipy/_lib/_util.py:1181: RuntimeWarning: logm result may be inaccurate, approximate err = 8.513110287822201e-07
  return f(*arrays, *other_args, **kwargs)
/appdata/users/P101440/micromamba/envs/torch29/lib/python3.11/site-packages/scipy/_lib/_util.py:1181: RuntimeWarning: logm result may be inaccurate, approximate err = 9.71490749179793e-07
  return f(*arrays, *other_args, **kwargs)
/appdata/users/P101440/micromamba/envs/torch29/lib/python3.11/site-packages/scipy/_lib/_util.py:1181: RuntimeWarning: logm result may be inaccurate, approximate err = 9.774736327017308e-07
  return f(*arrays, *other_args, **kwargs)
/appdata/users/P101440/micromamba/envs/torch29/lib/python3.11/site-packages/scipy/_lib/_util.py:1181: RuntimeWarning: logm result may be inaccurate, approximate err = 1.2028334595015622e-06
  return f(*arrays, *other_args, **kwargs)
/appdata/users/P101440/micromamba/envs/torch29/lib/python3.11/site-packages/scipy/_lib/_util.py:1181: RuntimeWarning: logm result may be inaccurate, approximate err = 8.565223765799601e-07
  return f(*arrays, *other_args, **kwargs)
/appdata/users/P101440/micromamba/envs/torch29/lib/python3.11/site-packages/scipy/_lib/_util.py:1181: RuntimeWarning: logm result may be inaccurate, approximate err = 8.089779726105917e-07
  return f(*arrays, *other_args, **kwargs)
/appdata/users/P101440/micromamba/envs/torch29/lib/python3.11/site-packages/scipy/_lib/_util.py:1181: RuntimeWarning: logm result may be inaccurate, approximate err = 6.827680181231699e-07
  return f(*arrays, *other_args, **kwargs)
/appdata/users/P101440/micromamba/envs/torch29/lib/python3.11/site-packages/scipy/_lib/_util.py:1181: RuntimeWarning: logm result may be inaccurate, approximate err = 8.702661489223829e-07
  return f(*arrays, *other_args, **kwargs)
/appdata/users/P101440/micromamba/envs/torch29/lib/python3.11/site-packages/scipy/_lib/_util.py:1181: RuntimeWarning: logm result may be inaccurate, approximate err = 1.0411589528303011e-06
  return f(*arrays, *other_args, **kwargs)
/appdata/users/P101440/micromamba/envs/torch29/lib/python3.11/site-packages/scipy/_lib/_util.py:1181: RuntimeWarning: logm result may be inaccurate, approximate err = 1.109103095586761e-06
  return f(*arrays, *other_args, **kwargs)
/appdata/users/P101440/micromamba/envs/torch29/lib/python3.11/site-packages/scipy/_lib/_util.py:1181: RuntimeWarning: logm result may be inaccurate, approximate err = 7.497412752854871e-07
  return f(*arrays, *other_args, **kwargs)
/appdata/users/P101440/micromamba/envs/torch29/lib/python3.11/site-packages/scipy/_lib/_util.py:1181: RuntimeWarning: logm result may be inaccurate, approximate err = 5.61841318358347e-07
  return f(*arrays, *other_args, **kwargs)
/appdata/users/P101440/micromamba/envs/torch29/lib/python3.11/site-packages/scipy/_lib/_util.py:1181: RuntimeWarning: logm result may be inaccurate, approximate err = 1.0687980420698295e-06
  return f(*arrays, *other_args, **kwargs)
/appdata/users/P101440/micromamba/envs/torch29/lib/python3.11/site-packages/scipy/_lib/_util.py:1181: RuntimeWarning: logm result may be inaccurate, approximate err = 9.991566685130238e-07
  return f(*arrays, *other_args, **kwargs)
/appdata/users/P101440/micromamba/envs/torch29/lib/python3.11/site-packages/scipy/_lib/_util.py:1181: RuntimeWarning: logm result may be inaccurate, approximate err = 9.719140052766306e-07
  return f(*arrays, *other_args, **kwargs)
/appdata/users/P101440/micromamba/envs/torch29/lib/python3.11/site-packages/scipy/_lib/_util.py:1181: RuntimeWarning: logm result may be inaccurate, approximate err = 8.857691682351287e-07
  return f(*arrays, *other_args, **kwargs)
/appdata/users/P101440/micromamba/envs/torch29/lib/python3.11/site-packages/scipy/_lib/_util.py:1181: RuntimeWarning: logm result may be inaccurate, approximate err = 8.03940054083796e-07
  return f(*arrays, *other_args, **kwargs)
/appdata/users/P101440/micromamba/envs/torch29/lib/python3.11/site-packages/scipy/_lib/_util.py:1181: RuntimeWarning: logm result may be inaccurate, approximate err = 7.102016752469353e-07
  return f(*arrays, *other_args, **kwargs)
/appdata/users/P101440/micromamba/envs/torch29/lib/python3.11/site-packages/scipy/_lib/_util.py:1181: RuntimeWarning: logm result may be inaccurate, approximate err = 9.106717016038601e-07
  return f(*arrays, *other_args, **kwargs)
/appdata/users/P101440/micromamba/envs/torch29/lib/python3.11/site-packages/scipy/_lib/_util.py:1181: RuntimeWarning: logm result may be inaccurate, approximate err = 5.873094437447435e-07
  return f(*arrays, *other_args, **kwargs)
/appdata/users/P101440/micromamba/envs/torch29/lib/python3.11/site-packages/scipy/_lib/_util.py:1181: RuntimeWarning: logm result may be inaccurate, approximate err = 9.692943194750114e-07
  return f(*arrays, *other_args, **kwargs)
/appdata/users/P101440/micromamba/envs/torch29/lib/python3.11/site-packages/scipy/_lib/_util.py:1181: RuntimeWarning: logm result may be inaccurate, approximate err = 6.247462920327962e-07
  return f(*arrays, *other_args, **kwargs)
/appdata/users/P101440/micromamba/envs/torch29/lib/python3.11/site-packages/scipy/_lib/_util.py:1181: RuntimeWarning: logm result may be inaccurate, approximate err = 7.869173828112253e-07
  return f(*arrays, *other_args, **kwargs)
/appdata/users/P101440/micromamba/envs/torch29/lib/python3.11/site-packages/scipy/_lib/_util.py:1181: RuntimeWarning: logm result may be inaccurate, approximate err = 7.366995760094142e-07
  return f(*arrays, *other_args, **kwargs)
/appdata/users/P101440/micromamba/envs/torch29/lib/python3.11/site-packages/scipy/_lib/_util.py:1181: RuntimeWarning: logm result may be inaccurate, approximate err = 9.675612773207831e-07
  return f(*arrays, *other_args, **kwargs)
/appdata/users/P101440/micromamba/envs/torch29/lib/python3.11/site-packages/scipy/_lib/_util.py:1181: RuntimeWarning: logm result may be inaccurate, approximate err = 1.092582351702731e-06
  return f(*arrays, *other_args, **kwargs)
/appdata/users/P101440/micromamba/envs/torch29/lib/python3.11/site-packages/scipy/_lib/_util.py:1181: RuntimeWarning: logm result may be inaccurate, approximate err = 8.261420703092881e-07
  return f(*arrays, *other_args, **kwargs)
/appdata/users/P101440/micromamba/envs/torch29/lib/python3.11/site-packages/scipy/_lib/_util.py:1181: RuntimeWarning: logm result may be inaccurate, approximate err = 9.554812550049974e-07
  return f(*arrays, *other_args, **kwargs)
/appdata/users/P101440/micromamba/envs/torch29/lib/python3.11/site-packages/scipy/_lib/_util.py:1181: RuntimeWarning: logm result may be inaccurate, approximate err = 8.320996585098328e-07
  return f(*arrays, *other_args, **kwargs)
/appdata/users/P101440/micromamba/envs/torch29/lib/python3.11/site-packages/scipy/_lib/_util.py:1181: RuntimeWarning: logm result may be inaccurate, approximate err = 6.339582796499599e-07
  return f(*arrays, *other_args, **kwargs)
/appdata/users/P101440/micromamba/envs/torch29/lib/python3.11/site-packages/scipy/_lib/_util.py:1181: RuntimeWarning: logm result may be inaccurate, approximate err = 7.831104085198604e-07
  return f(*arrays, *other_args, **kwargs)
/appdata/users/P101440/micromamba/envs/torch29/lib/python3.11/site-packages/scipy/_lib/_util.py:1181: RuntimeWarning: logm result may be inaccurate, approximate err = 7.304206519620493e-07
  return f(*arrays, *other_args, **kwargs)
/appdata/users/P101440/micromamba/envs/torch29/lib/python3.11/site-packages/scipy/_lib/_util.py:1181: RuntimeWarning: logm result may be inaccurate, approximate err = 8.624243150734401e-07
  return f(*arrays, *other_args, **kwargs)
/appdata/users/P101440/micromamba/envs/torch29/lib/python3.11/site-packages/scipy/_lib/_util.py:1181: RuntimeWarning: logm result may be inaccurate, approximate err = 1.5833011275390163e-06
  return f(*arrays, *other_args, **kwargs)
/appdata/users/P101440/micromamba/envs/torch29/lib/python3.11/site-packages/scipy/_lib/_util.py:1181: RuntimeWarning: logm result may be inaccurate, approximate err = 9.496307029621676e-07
  return f(*arrays, *other_args, **kwargs)
/appdata/users/P101440/micromamba/envs/torch29/lib/python3.11/site-packages/scipy/_lib/_util.py:1181: RuntimeWarning: logm result may be inaccurate, approximate err = 1.4997543757999665e-06
  return f(*arrays, *other_args, **kwargs)
/appdata/users/P101440/micromamba/envs/torch29/lib/python3.11/site-packages/scipy/_lib/_util.py:1181: RuntimeWarning: logm result may be inaccurate, approximate err = 1.085599478756194e-06
  return f(*arrays, *other_args, **kwargs)
/appdata/users/P101440/micromamba/envs/torch29/lib/python3.11/site-packages/scipy/_lib/_util.py:1181: RuntimeWarning: logm result may be inaccurate, approximate err = 8.520979690729291e-07
  return f(*arrays, *other_args, **kwargs)
/appdata/users/P101440/micromamba/envs/torch29/lib/python3.11/site-packages/scipy/_lib/_util.py:1181: RuntimeWarning: logm result may be inaccurate, approximate err = 1.2317727851041127e-06
  return f(*arrays, *other_args, **kwargs)
/appdata/users/P101440/micromamba/envs/torch29/lib/python3.11/site-packages/scipy/_lib/_util.py:1181: RuntimeWarning: logm result may be inaccurate, approximate err = 9.469522410654463e-07
  return f(*arrays, *other_args, **kwargs)
/appdata/users/P101440/micromamba/envs/torch29/lib/python3.11/site-packages/scipy/_lib/_util.py:1181: RuntimeWarning: logm result may be inaccurate, approximate err = 9.60966758611903e-07
  return f(*arrays, *other_args, **kwargs)
/appdata/users/P101440/micromamba/envs/torch29/lib/python3.11/site-packages/scipy/_lib/_util.py:1181: RuntimeWarning: logm result may be inaccurate, approximate err = 7.61031401452783e-07
  return f(*arrays, *other_args, **kwargs)
/appdata/users/P101440/micromamba/envs/torch29/lib/python3.11/site-packages/scipy/_lib/_util.py:1181: RuntimeWarning: logm result may be inaccurate, approximate err = 5.200563464313745e-07
  return f(*arrays, *other_args, **kwargs)
/appdata/users/P101440/micromamba/envs/torch29/lib/python3.11/site-packages/scipy/_lib/_util.py:1181: RuntimeWarning: logm result may be inaccurate, approximate err = 8.949776884037419e-07
  return f(*arrays, *other_args, **kwargs)
/appdata/users/P101440/micromamba/envs/torch29/lib/python3.11/site-packages/scipy/_lib/_util.py:1181: RuntimeWarning: logm result may be inaccurate, approximate err = 7.856711476961209e-07
  return f(*arrays, *other_args, **kwargs)
/appdata/users/P101440/micromamba/envs/torch29/lib/python3.11/site-packages/scipy/_lib/_util.py:1181: RuntimeWarning: logm result may be inaccurate, approximate err = 8.923986456466082e-07
  return f(*arrays, *other_args, **kwargs)
/appdata/users/P101440/micromamba/envs/torch29/lib/python3.11/site-packages/scipy/_lib/_util.py:1181: RuntimeWarning: logm result may be inaccurate, approximate err = 8.677563982928405e-07
  return f(*arrays, *other_args, **kwargs)
/appdata/users/P101440/micromamba/envs/torch29/lib/python3.11/site-packages/scipy/_lib/_util.py:1181: RuntimeWarning: logm result may be inaccurate, approximate err = 6.925493494236434e-07
  return f(*arrays, *other_args, **kwargs)
/appdata/users/P101440/micromamba/envs/torch29/lib/python3.11/site-packages/scipy/_lib/_util.py:1181: RuntimeWarning: logm result may be inaccurate, approximate err = 9.436863592782174e-07
  return f(*arrays, *other_args, **kwargs)
/appdata/users/P101440/micromamba/envs/torch29/lib/python3.11/site-packages/scipy/_lib/_util.py:1181: RuntimeWarning: logm result may be inaccurate, approximate err = 8.127196338136855e-07
  return f(*arrays, *other_args, **kwargs)
/appdata/users/P101440/micromamba/envs/torch29/lib/python3.11/site-packages/scipy/_lib/_util.py:1181: RuntimeWarning: logm result may be inaccurate, approximate err = 8.431325682067836e-07
  return f(*arrays, *other_args, **kwargs)
/appdata/users/P101440/micromamba/envs/torch29/lib/python3.11/site-packages/scipy/_lib/_util.py:1181: RuntimeWarning: logm result may be inaccurate, approximate err = 1.2774391962011578e-06
  return f(*arrays, *other_args, **kwargs)
/appdata/users/P101440/micromamba/envs/torch29/lib/python3.11/site-packages/scipy/_lib/_util.py:1181: RuntimeWarning: logm result may be inaccurate, approximate err = 8.542470482097997e-07
  return f(*arrays, *other_args, **kwargs)
/appdata/users/P101440/micromamba/envs/torch29/lib/python3.11/site-packages/scipy/_lib/_util.py:1181: RuntimeWarning: logm result may be inaccurate, approximate err = 9.293411835642473e-07
  return f(*arrays, *other_args, **kwargs)
/appdata/users/P101440/micromamba/envs/torch29/lib/python3.11/site-packages/scipy/_lib/_util.py:1181: RuntimeWarning: logm result may be inaccurate, approximate err = 6.831033374510298e-07
  return f(*arrays, *other_args, **kwargs)
/appdata/users/P101440/micromamba/envs/torch29/lib/python3.11/site-packages/scipy/_lib/_util.py:1181: RuntimeWarning: logm result may be inaccurate, approximate err = 7.795324563630857e-07
  return f(*arrays, *other_args, **kwargs)
/appdata/users/P101440/micromamba/envs/torch29/lib/python3.11/site-packages/scipy/_lib/_util.py:1181: RuntimeWarning: logm result may be inaccurate, approximate err = 7.680655471631326e-07
  return f(*arrays, *other_args, **kwargs)
/appdata/users/P101440/micromamba/envs/torch29/lib/python3.11/site-packages/scipy/_lib/_util.py:1181: RuntimeWarning: logm result may be inaccurate, approximate err = 7.867930662541767e-07
  return f(*arrays, *other_args, **kwargs)
/appdata/users/P101440/micromamba/envs/torch29/lib/python3.11/site-packages/scipy/_lib/_util.py:1181: RuntimeWarning: logm result may be inaccurate, approximate err = 9.67768755799625e-07
  return f(*arrays, *other_args, **kwargs)
/appdata/users/P101440/micromamba/envs/torch29/lib/python3.11/site-packages/scipy/_lib/_util.py:1181: RuntimeWarning: logm result may be inaccurate, approximate err = 1.0995865977747599e-06
  return f(*arrays, *other_args, **kwargs)
/appdata/users/P101440/micromamba/envs/torch29/lib/python3.11/site-packages/scipy/_lib/_util.py:1181: RuntimeWarning: logm result may be inaccurate, approximate err = 7.729115054644353e-07
  return f(*arrays, *other_args, **kwargs)
/appdata/users/P101440/micromamba/envs/torch29/lib/python3.11/site-packages/scipy/_lib/_util.py:1181: RuntimeWarning: logm result may be inaccurate, approximate err = 8.139632541315223e-07
  return f(*arrays, *other_args, **kwargs)
/appdata/users/P101440/micromamba/envs/torch29/lib/python3.11/site-packages/scipy/_lib/_util.py:1181: RuntimeWarning: logm result may be inaccurate, approximate err = 7.443148888341966e-07
  return f(*arrays, *other_args, **kwargs)
/appdata/users/P101440/micromamba/envs/torch29/lib/python3.11/site-packages/scipy/_lib/_util.py:1181: RuntimeWarning: logm result may be inaccurate, approximate err = 5.913830136705656e-07
  return f(*arrays, *other_args, **kwargs)
/appdata/users/P101440/micromamba/envs/torch29/lib/python3.11/site-packages/scipy/_lib/_util.py:1181: RuntimeWarning: logm result may be inaccurate, approximate err = 9.107404821406817e-07
  return f(*arrays, *other_args, **kwargs)
/appdata/users/P101440/micromamba/envs/torch29/lib/python3.11/site-packages/scipy/_lib/_util.py:1181: RuntimeWarning: logm result may be inaccurate, approximate err = 7.624296358699212e-07
  return f(*arrays, *other_args, **kwargs)
/appdata/users/P101440/micromamba/envs/torch29/lib/python3.11/site-packages/scipy/_lib/_util.py:1181: RuntimeWarning: logm result may be inaccurate, approximate err = 8.031885272430372e-07
  return f(*arrays, *other_args, **kwargs)
/appdata/users/P101440/micromamba/envs/torch29/lib/python3.11/site-packages/scipy/_lib/_util.py:1181: RuntimeWarning: logm result may be inaccurate, approximate err = 1.1710025091815623e-06
  return f(*arrays, *other_args, **kwargs)
/appdata/users/P101440/micromamba/envs/torch29/lib/python3.11/site-packages/scipy/_lib/_util.py:1181: RuntimeWarning: logm result may be inaccurate, approximate err = 1.0643310588420718e-06
  return f(*arrays, *other_args, **kwargs)
/appdata/users/P101440/micromamba/envs/torch29/lib/python3.11/site-packages/scipy/_lib/_util.py:1181: RuntimeWarning: logm result may be inaccurate, approximate err = 6.384325388353318e-07
  return f(*arrays, *other_args, **kwargs)
/appdata/users/P101440/micromamba/envs/torch29/lib/python3.11/site-packages/scipy/_lib/_util.py:1181: RuntimeWarning: logm result may be inaccurate, approximate err = 6.573667405973538e-07
  return f(*arrays, *other_args, **kwargs)
/appdata/users/P101440/micromamba/envs/torch29/lib/python3.11/site-packages/scipy/_lib/_util.py:1181: RuntimeWarning: logm result may be inaccurate, approximate err = 5.856232974110753e-07
  return f(*arrays, *other_args, **kwargs)
/appdata/users/P101440/micromamba/envs/torch29/lib/python3.11/site-packages/scipy/_lib/_util.py:1181: RuntimeWarning: logm result may be inaccurate, approximate err = 5.715600650546548e-07
  return f(*arrays, *other_args, **kwargs)
/appdata/users/P101440/micromamba/envs/torch29/lib/python3.11/site-packages/scipy/_lib/_util.py:1181: RuntimeWarning: logm result may be inaccurate, approximate err = 7.050638259897823e-07
  return f(*arrays, *other_args, **kwargs)
/appdata/users/P101440/micromamba/envs/torch29/lib/python3.11/site-packages/scipy/_lib/_util.py:1181: RuntimeWarning: logm result may be inaccurate, approximate err = 9.719358331494732e-07
  return f(*arrays, *other_args, **kwargs)
/appdata/users/P101440/micromamba/envs/torch29/lib/python3.11/site-packages/scipy/_lib/_util.py:1181: RuntimeWarning: logm result may be inaccurate, approximate err = 9.566002745486912e-07
  return f(*arrays, *other_args, **kwargs)
/appdata/users/P101440/micromamba/envs/torch29/lib/python3.11/site-packages/scipy/_lib/_util.py:1181: RuntimeWarning: logm result may be inaccurate, approximate err = 6.74419027291151e-07
  return f(*arrays, *other_args, **kwargs)
/appdata/users/P101440/micromamba/envs/torch29/lib/python3.11/site-packages/scipy/_lib/_util.py:1181: RuntimeWarning: logm result may be inaccurate, approximate err = 8.790256060819956e-07
  return f(*arrays, *other_args, **kwargs)
/appdata/users/P101440/micromamba/envs/torch29/lib/python3.11/site-packages/scipy/_lib/_util.py:1181: RuntimeWarning: logm result may be inaccurate, approximate err = 6.536329237860627e-07
  return f(*arrays, *other_args, **kwargs)
/appdata/users/P101440/micromamba/envs/torch29/lib/python3.11/site-packages/scipy/_lib/_util.py:1181: RuntimeWarning: logm result may be inaccurate, approximate err = 9.584615554558695e-07
  return f(*arrays, *other_args, **kwargs)
/appdata/users/P101440/micromamba/envs/torch29/lib/python3.11/site-packages/scipy/_lib/_util.py:1181: RuntimeWarning: logm result may be inaccurate, approximate err = 1.2672466027652263e-06
  return f(*arrays, *other_args, **kwargs)
/appdata/users/P101440/micromamba/envs/torch29/lib/python3.11/site-packages/scipy/_lib/_util.py:1181: RuntimeWarning: logm result may be inaccurate, approximate err = 7.745640573375567e-07
  return f(*arrays, *other_args, **kwargs)
/appdata/users/P101440/micromamba/envs/torch29/lib/python3.11/site-packages/scipy/_lib/_util.py:1181: RuntimeWarning: logm result may be inaccurate, approximate err = 5.889322665098007e-07
  return f(*arrays, *other_args, **kwargs)
/appdata/users/P101440/micromamba/envs/torch29/lib/python3.11/site-packages/scipy/_lib/_util.py:1181: RuntimeWarning: logm result may be inaccurate, approximate err = 7.527420393671491e-07
  return f(*arrays, *other_args, **kwargs)
/appdata/users/P101440/micromamba/envs/torch29/lib/python3.11/site-packages/scipy/_lib/_util.py:1181: RuntimeWarning: logm result may be inaccurate, approximate err = 6.896586342008959e-07
  return f(*arrays, *other_args, **kwargs)
/appdata/users/P101440/micromamba/envs/torch29/lib/python3.11/site-packages/scipy/_lib/_util.py:1181: RuntimeWarning: logm result may be inaccurate, approximate err = 7.523016734012344e-07
  return f(*arrays, *other_args, **kwargs)
/appdata/users/P101440/micromamba/envs/torch29/lib/python3.11/site-packages/scipy/_lib/_util.py:1181: RuntimeWarning: logm result may be inaccurate, approximate err = 9.534372225061816e-07
  return f(*arrays, *other_args, **kwargs)
/appdata/users/P101440/micromamba/envs/torch29/lib/python3.11/site-packages/scipy/_lib/_util.py:1181: RuntimeWarning: logm result may be inaccurate, approximate err = 6.000818189022539e-07
  return f(*arrays, *other_args, **kwargs)
/appdata/users/P101440/micromamba/envs/torch29/lib/python3.11/site-packages/scipy/_lib/_util.py:1181: RuntimeWarning: logm result may be inaccurate, approximate err = 9.767185247255838e-07
  return f(*arrays, *other_args, **kwargs)
/appdata/users/P101440/micromamba/envs/torch29/lib/python3.11/site-packages/scipy/_lib/_util.py:1181: RuntimeWarning: logm result may be inaccurate, approximate err = 9.048750371221104e-07
  return f(*arrays, *other_args, **kwargs)
/appdata/users/P101440/micromamba/envs/torch29/lib/python3.11/site-packages/scipy/_lib/_util.py:1181: RuntimeWarning: logm result may be inaccurate, approximate err = 6.516470421047416e-07
  return f(*arrays, *other_args, **kwargs)
/appdata/users/P101440/micromamba/envs/torch29/lib/python3.11/site-packages/scipy/_lib/_util.py:1181: RuntimeWarning: logm result may be inaccurate, approximate err = 9.436398045181704e-07
  return f(*arrays, *other_args, **kwargs)
/appdata/users/P101440/micromamba/envs/torch29/lib/python3.11/site-packages/scipy/_lib/_util.py:1181: RuntimeWarning: logm result may be inaccurate, approximate err = 6.542151140820351e-07
  return f(*arrays, *other_args, **kwargs)
/appdata/users/P101440/micromamba/envs/torch29/lib/python3.11/site-packages/scipy/_lib/_util.py:1181: RuntimeWarning: logm result may be inaccurate, approximate err = 1.6640107105558855e-06
  return f(*arrays, *other_args, **kwargs)
/appdata/users/P101440/micromamba/envs/torch29/lib/python3.11/site-packages/scipy/_lib/_util.py:1181: RuntimeWarning: logm result may be inaccurate, approximate err = 8.578230108469143e-07
  return f(*arrays, *other_args, **kwargs)
/appdata/users/P101440/micromamba/envs/torch29/lib/python3.11/site-packages/scipy/_lib/_util.py:1181: RuntimeWarning: logm result may be inaccurate, approximate err = 1.0125695553142577e-06
  return f(*arrays, *other_args, **kwargs)
/appdata/users/P101440/micromamba/envs/torch29/lib/python3.11/site-packages/scipy/_lib/_util.py:1181: RuntimeWarning: logm result may be inaccurate, approximate err = 6.814212270001008e-07
  return f(*arrays, *other_args, **kwargs)
/appdata/users/P101440/micromamba/envs/torch29/lib/python3.11/site-packages/scipy/_lib/_util.py:1181: RuntimeWarning: logm result may be inaccurate, approximate err = 7.869797400417156e-07
  return f(*arrays, *other_args, **kwargs)
/appdata/users/P101440/micromamba/envs/torch29/lib/python3.11/site-packages/scipy/_lib/_util.py:1181: RuntimeWarning: logm result may be inaccurate, approximate err = 5.403431373451895e-07
  return f(*arrays, *other_args, **kwargs)
/appdata/users/P101440/micromamba/envs/torch29/lib/python3.11/site-packages/scipy/_lib/_util.py:1181: RuntimeWarning: logm result may be inaccurate, approximate err = 7.964000019455852e-07
  return f(*arrays, *other_args, **kwargs)
/appdata/users/P101440/micromamba/envs/torch29/lib/python3.11/site-packages/scipy/_lib/_util.py:1181: RuntimeWarning: logm result may be inaccurate, approximate err = 6.356676749419421e-07
  return f(*arrays, *other_args, **kwargs)
/appdata/users/P101440/micromamba/envs/torch29/lib/python3.11/site-packages/scipy/_lib/_util.py:1181: RuntimeWarning: logm result may be inaccurate, approximate err = 9.165153755930078e-07
  return f(*arrays, *other_args, **kwargs)
/appdata/users/P101440/micromamba/envs/torch29/lib/python3.11/site-packages/scipy/_lib/_util.py:1181: RuntimeWarning: logm result may be inaccurate, approximate err = 8.78590924457967e-07
  return f(*arrays, *other_args, **kwargs)
/appdata/users/P101440/micromamba/envs/torch29/lib/python3.11/site-packages/scipy/_lib/_util.py:1181: RuntimeWarning: logm result may be inaccurate, approximate err = 8.253471150965197e-07
  return f(*arrays, *other_args, **kwargs)
/appdata/users/P101440/micromamba/envs/torch29/lib/python3.11/site-packages/scipy/_lib/_util.py:1181: RuntimeWarning: logm result may be inaccurate, approximate err = 5.642187375087815e-07
  return f(*arrays, *other_args, **kwargs)
/appdata/users/P101440/micromamba/envs/torch29/lib/python3.11/site-packages/scipy/_lib/_util.py:1181: RuntimeWarning: logm result may be inaccurate, approximate err = 8.465706287097419e-07
  return f(*arrays, *other_args, **kwargs)
/appdata/users/P101440/micromamba/envs/torch29/lib/python3.11/site-packages/scipy/_lib/_util.py:1181: RuntimeWarning: logm result may be inaccurate, approximate err = 1.2916651712657767e-06
  return f(*arrays, *other_args, **kwargs)
/appdata/users/P101440/micromamba/envs/torch29/lib/python3.11/site-packages/scipy/_lib/_util.py:1181: RuntimeWarning: logm result may be inaccurate, approximate err = 1.0276675084242015e-06
  return f(*arrays, *other_args, **kwargs)
/appdata/users/P101440/micromamba/envs/torch29/lib/python3.11/site-packages/scipy/_lib/_util.py:1181: RuntimeWarning: logm result may be inaccurate, approximate err = 8.191617553165997e-07
  return f(*arrays, *other_args, **kwargs)
/appdata/users/P101440/micromamba/envs/torch29/lib/python3.11/site-packages/scipy/_lib/_util.py:1181: RuntimeWarning: logm result may be inaccurate, approximate err = 9.611100040274323e-07
  return f(*arrays, *other_args, **kwargs)
/appdata/users/P101440/micromamba/envs/torch29/lib/python3.11/site-packages/scipy/_lib/_util.py:1181: RuntimeWarning: logm result may be inaccurate, approximate err = 8.008640861589811e-07
  return f(*arrays, *other_args, **kwargs)
/appdata/users/P101440/micromamba/envs/torch29/lib/python3.11/site-packages/scipy/_lib/_util.py:1181: RuntimeWarning: logm result may be inaccurate, approximate err = 7.483762942683825e-07
  return f(*arrays, *other_args, **kwargs)
/appdata/users/P101440/micromamba/envs/torch29/lib/python3.11/site-packages/scipy/_lib/_util.py:1181: RuntimeWarning: logm result may be inaccurate, approximate err = 9.110016208069283e-07
  return f(*arrays, *other_args, **kwargs)
/appdata/users/P101440/micromamba/envs/torch29/lib/python3.11/site-packages/scipy/_lib/_util.py:1181: RuntimeWarning: logm result may be inaccurate, approximate err = 9.076588867173996e-07
  return f(*arrays, *other_args, **kwargs)
/appdata/users/P101440/micromamba/envs/torch29/lib/python3.11/site-packages/scipy/_lib/_util.py:1181: RuntimeWarning: logm result may be inaccurate, approximate err = 7.104523547241115e-07
  return f(*arrays, *other_args, **kwargs)
/appdata/users/P101440/micromamba/envs/torch29/lib/python3.11/site-packages/scipy/_lib/_util.py:1181: RuntimeWarning: logm result may be inaccurate, approximate err = 9.129219620263029e-07
  return f(*arrays, *other_args, **kwargs)
/appdata/users/P101440/micromamba/envs/torch29/lib/python3.11/site-packages/scipy/_lib/_util.py:1181: RuntimeWarning: logm result may be inaccurate, approximate err = 7.781309818710724e-07
  return f(*arrays, *other_args, **kwargs)
/appdata/users/P101440/micromamba/envs/torch29/lib/python3.11/site-packages/scipy/_lib/_util.py:1181: RuntimeWarning: logm result may be inaccurate, approximate err = 9.740138011693489e-07
  return f(*arrays, *other_args, **kwargs)
/appdata/users/P101440/micromamba/envs/torch29/lib/python3.11/site-packages/scipy/_lib/_util.py:1181: RuntimeWarning: logm result may be inaccurate, approximate err = 8.858550586410274e-07
  return f(*arrays, *other_args, **kwargs)
/appdata/users/P101440/micromamba/envs/torch29/lib/python3.11/site-packages/scipy/_lib/_util.py:1181: RuntimeWarning: logm result may be inaccurate, approximate err = 6.808990633544454e-07
  return f(*arrays, *other_args, **kwargs)
/appdata/users/P101440/micromamba/envs/torch29/lib/python3.11/site-packages/scipy/_lib/_util.py:1181: RuntimeWarning: logm result may be inaccurate, approximate err = 7.846960556889826e-07
  return f(*arrays, *other_args, **kwargs)
/appdata/users/P101440/micromamba/envs/torch29/lib/python3.11/site-packages/scipy/_lib/_util.py:1181: RuntimeWarning: logm result may be inaccurate, approximate err = 7.249432201206218e-07
  return f(*arrays, *other_args, **kwargs)
/appdata/users/P101440/micromamba/envs/torch29/lib/python3.11/site-packages/scipy/_lib/_util.py:1181: RuntimeWarning: logm result may be inaccurate, approximate err = 1.5484151845157612e-06
  return f(*arrays, *other_args, **kwargs)
/appdata/users/P101440/micromamba/envs/torch29/lib/python3.11/site-packages/scipy/_lib/_util.py:1181: RuntimeWarning: logm result may be inaccurate, approximate err = 6.450680416492105e-07
  return f(*arrays, *other_args, **kwargs)
/appdata/users/P101440/micromamba/envs/torch29/lib/python3.11/site-packages/scipy/_lib/_util.py:1181: RuntimeWarning: logm result may be inaccurate, approximate err = 1.3051883342996007e-06
  return f(*arrays, *other_args, **kwargs)
/appdata/users/P101440/micromamba/envs/torch29/lib/python3.11/site-packages/scipy/_lib/_util.py:1181: RuntimeWarning: logm result may be inaccurate, approximate err = 6.384741482179379e-07
  return f(*arrays, *other_args, **kwargs)
/appdata/users/P101440/micromamba/envs/torch29/lib/python3.11/site-packages/scipy/_lib/_util.py:1181: RuntimeWarning: logm result may be inaccurate, approximate err = 6.877917257952504e-07
  return f(*arrays, *other_args, **kwargs)
/appdata/users/P101440/micromamba/envs/torch29/lib/python3.11/site-packages/scipy/_lib/_util.py:1181: RuntimeWarning: logm result may be inaccurate, approximate err = 8.263190807156207e-07
  return f(*arrays, *other_args, **kwargs)
/appdata/users/P101440/micromamba/envs/torch29/lib/python3.11/site-packages/scipy/_lib/_util.py:1181: RuntimeWarning: logm result may be inaccurate, approximate err = 8.898155101633165e-07
  return f(*arrays, *other_args, **kwargs)
/appdata/users/P101440/micromamba/envs/torch29/lib/python3.11/site-packages/scipy/_lib/_util.py:1181: RuntimeWarning: logm result may be inaccurate, approximate err = 9.754562597663607e-07
  return f(*arrays, *other_args, **kwargs)
/appdata/users/P101440/micromamba/envs/torch29/lib/python3.11/site-packages/scipy/_lib/_util.py:1181: RuntimeWarning: logm result may be inaccurate, approximate err = 9.974759223041474e-07
  return f(*arrays, *other_args, **kwargs)
/appdata/users/P101440/micromamba/envs/torch29/lib/python3.11/site-packages/scipy/_lib/_util.py:1181: RuntimeWarning: logm result may be inaccurate, approximate err = 8.708029213266855e-07
  return f(*arrays, *other_args, **kwargs)
/appdata/users/P101440/micromamba/envs/torch29/lib/python3.11/site-packages/scipy/_lib/_util.py:1181: RuntimeWarning: logm result may be inaccurate, approximate err = 8.831627269501041e-07
  return f(*arrays, *other_args, **kwargs)
/appdata/users/P101440/micromamba/envs/torch29/lib/python3.11/site-packages/scipy/_lib/_util.py:1181: RuntimeWarning: logm result may be inaccurate, approximate err = 6.391116471604619e-07
  return f(*arrays, *other_args, **kwargs)
/appdata/users/P101440/micromamba/envs/torch29/lib/python3.11/site-packages/scipy/_lib/_util.py:1181: RuntimeWarning: logm result may be inaccurate, approximate err = 7.878189762777765e-07
  return f(*arrays, *other_args, **kwargs)
/appdata/users/P101440/micromamba/envs/torch29/lib/python3.11/site-packages/scipy/_lib/_util.py:1181: RuntimeWarning: logm result may be inaccurate, approximate err = 7.347087489506521e-07
  return f(*arrays, *other_args, **kwargs)
/appdata/users/P101440/micromamba/envs/torch29/lib/python3.11/site-packages/scipy/_lib/_util.py:1181: RuntimeWarning: logm result may be inaccurate, approximate err = 9.571624559612246e-07
  return f(*arrays, *other_args, **kwargs)
/appdata/users/P101440/micromamba/envs/torch29/lib/python3.11/site-packages/scipy/_lib/_util.py:1181: RuntimeWarning: logm result may be inaccurate, approximate err = 5.397975542109634e-07
  return f(*arrays, *other_args, **kwargs)
/appdata/users/P101440/micromamba/envs/torch29/lib/python3.11/site-packages/scipy/_lib/_util.py:1181: RuntimeWarning: logm result may be inaccurate, approximate err = 8.923981340558385e-07
  return f(*arrays, *other_args, **kwargs)
/appdata/users/P101440/micromamba/envs/torch29/lib/python3.11/site-packages/scipy/_lib/_util.py:1181: RuntimeWarning: logm result may be inaccurate, approximate err = 7.856319257371069e-07
  return f(*arrays, *other_args, **kwargs)
/appdata/users/P101440/micromamba/envs/torch29/lib/python3.11/site-packages/scipy/_lib/_util.py:1181: RuntimeWarning: logm result may be inaccurate, approximate err = 6.486932306870585e-07
  return f(*arrays, *other_args, **kwargs)
/appdata/users/P101440/micromamba/envs/torch29/lib/python3.11/site-packages/scipy/_lib/_util.py:1181: RuntimeWarning: logm result may be inaccurate, approximate err = 9.035971402227005e-07
  return f(*arrays, *other_args, **kwargs)
/appdata/users/P101440/micromamba/envs/torch29/lib/python3.11/site-packages/scipy/_lib/_util.py:1181: RuntimeWarning: logm result may be inaccurate, approximate err = 6.257672566789552e-07
  return f(*arrays, *other_args, **kwargs)
/appdata/users/P101440/micromamba/envs/torch29/lib/python3.11/site-packages/scipy/_lib/_util.py:1181: RuntimeWarning: logm result may be inaccurate, approximate err = 1.0141146731257322e-06
  return f(*arrays, *other_args, **kwargs)
/appdata/users/P101440/micromamba/envs/torch29/lib/python3.11/site-packages/scipy/_lib/_util.py:1181: RuntimeWarning: logm result may be inaccurate, approximate err = 6.942188406355854e-07
  return f(*arrays, *other_args, **kwargs)
/appdata/users/P101440/micromamba/envs/torch29/lib/python3.11/site-packages/scipy/_lib/_util.py:1181: RuntimeWarning: logm result may be inaccurate, approximate err = 7.941297894831223e-07
  return f(*arrays, *other_args, **kwargs)
/appdata/users/P101440/micromamba/envs/torch29/lib/python3.11/site-packages/scipy/_lib/_util.py:1181: RuntimeWarning: logm result may be inaccurate, approximate err = 6.47377646600944e-07
  return f(*arrays, *other_args, **kwargs)
/appdata/users/P101440/micromamba/envs/torch29/lib/python3.11/site-packages/scipy/_lib/_util.py:1181: RuntimeWarning: logm result may be inaccurate, approximate err = 1.0960770850942936e-06
  return f(*arrays, *other_args, **kwargs)
/appdata/users/P101440/micromamba/envs/torch29/lib/python3.11/site-packages/scipy/_lib/_util.py:1181: RuntimeWarning: logm result may be inaccurate, approximate err = 9.483258622822177e-07
  return f(*arrays, *other_args, **kwargs)
/appdata/users/P101440/micromamba/envs/torch29/lib/python3.11/site-packages/scipy/_lib/_util.py:1181: RuntimeWarning: logm result may be inaccurate, approximate err = 8.994707059173379e-07
  return f(*arrays, *other_args, **kwargs)
/appdata/users/P101440/micromamba/envs/torch29/lib/python3.11/site-packages/scipy/_lib/_util.py:1181: RuntimeWarning: logm result may be inaccurate, approximate err = 6.642920311605849e-07
  return f(*arrays, *other_args, **kwargs)
/appdata/users/P101440/micromamba/envs/torch29/lib/python3.11/site-packages/scipy/_lib/_util.py:1181: RuntimeWarning: logm result may be inaccurate, approximate err = 8.048597806009639e-07
  return f(*arrays, *other_args, **kwargs)
/appdata/users/P101440/micromamba/envs/torch29/lib/python3.11/site-packages/scipy/_lib/_util.py:1181: RuntimeWarning: logm result may be inaccurate, approximate err = 6.735891702192021e-07
  return f(*arrays, *other_args, **kwargs)
/appdata/users/P101440/micromamba/envs/torch29/lib/python3.11/site-packages/scipy/_lib/_util.py:1181: RuntimeWarning: logm result may be inaccurate, approximate err = 6.594068509002682e-07
  return f(*arrays, *other_args, **kwargs)
/appdata/users/P101440/micromamba/envs/torch29/lib/python3.11/site-packages/scipy/_lib/_util.py:1181: RuntimeWarning: logm result may be inaccurate, approximate err = 1.0913025789704989e-06
  return f(*arrays, *other_args, **kwargs)
/appdata/users/P101440/micromamba/envs/torch29/lib/python3.11/site-packages/scipy/_lib/_util.py:1181: RuntimeWarning: logm result may be inaccurate, approximate err = 6.773538530069345e-07
  return f(*arrays, *other_args, **kwargs)
/appdata/users/P101440/micromamba/envs/torch29/lib/python3.11/site-packages/scipy/_lib/_util.py:1181: RuntimeWarning: logm result may be inaccurate, approximate err = 7.795779310981743e-07
  return f(*arrays, *other_args, **kwargs)
/appdata/users/P101440/micromamba/envs/torch29/lib/python3.11/site-packages/scipy/_lib/_util.py:1181: RuntimeWarning: logm result may be inaccurate, approximate err = 7.035210956019e-07
  return f(*arrays, *other_args, **kwargs)
/appdata/users/P101440/micromamba/envs/torch29/lib/python3.11/site-packages/scipy/_lib/_util.py:1181: RuntimeWarning: logm result may be inaccurate, approximate err = 8.055140483520518e-07
  return f(*arrays, *other_args, **kwargs)
/appdata/users/P101440/micromamba/envs/torch29/lib/python3.11/site-packages/scipy/_lib/_util.py:1181: RuntimeWarning: logm result may be inaccurate, approximate err = 6.610056288991473e-07
  return f(*arrays, *other_args, **kwargs)
/appdata/users/P101440/micromamba/envs/torch29/lib/python3.11/site-packages/scipy/_lib/_util.py:1181: RuntimeWarning: logm result may be inaccurate, approximate err = 7.280775662366068e-07
  return f(*arrays, *other_args, **kwargs)
/appdata/users/P101440/micromamba/envs/torch29/lib/python3.11/site-packages/scipy/_lib/_util.py:1181: RuntimeWarning: logm result may be inaccurate, approximate err = 1.160729425464524e-06
  return f(*arrays, *other_args, **kwargs)
/appdata/users/P101440/micromamba/envs/torch29/lib/python3.11/site-packages/scipy/_lib/_util.py:1181: RuntimeWarning: logm result may be inaccurate, approximate err = 7.377247470685688e-07
  return f(*arrays, *other_args, **kwargs)
/appdata/users/P101440/micromamba/envs/torch29/lib/python3.11/site-packages/scipy/_lib/_util.py:1181: RuntimeWarning: logm result may be inaccurate, approximate err = 1.0394712717243237e-06
  return f(*arrays, *other_args, **kwargs)
/appdata/users/P101440/micromamba/envs/torch29/lib/python3.11/site-packages/scipy/_lib/_util.py:1181: RuntimeWarning: logm result may be inaccurate, approximate err = 7.462714393113856e-07
  return f(*arrays, *other_args, **kwargs)
/appdata/users/P101440/micromamba/envs/torch29/lib/python3.11/site-packages/scipy/_lib/_util.py:1181: RuntimeWarning: logm result may be inaccurate, approximate err = 7.340710226344527e-07
  return f(*arrays, *other_args, **kwargs)
/appdata/users/P101440/micromamba/envs/torch29/lib/python3.11/site-packages/scipy/_lib/_util.py:1181: RuntimeWarning: logm result may be inaccurate, approximate err = 9.68772610576707e-07
  return f(*arrays, *other_args, **kwargs)
/appdata/users/P101440/micromamba/envs/torch29/lib/python3.11/site-packages/scipy/_lib/_util.py:1181: RuntimeWarning: logm result may be inaccurate, approximate err = 7.102772201506014e-07
  return f(*arrays, *other_args, **kwargs)
/appdata/users/P101440/micromamba/envs/torch29/lib/python3.11/site-packages/scipy/_lib/_util.py:1181: RuntimeWarning: logm result may be inaccurate, approximate err = 8.384234888580977e-07
  return f(*arrays, *other_args, **kwargs)
/appdata/users/P101440/micromamba/envs/torch29/lib/python3.11/site-packages/scipy/_lib/_util.py:1181: RuntimeWarning: logm result may be inaccurate, approximate err = 1.311844812335039e-06
  return f(*arrays, *other_args, **kwargs)
/appdata/users/P101440/micromamba/envs/torch29/lib/python3.11/site-packages/scipy/_lib/_util.py:1181: RuntimeWarning: logm result may be inaccurate, approximate err = 7.960276207086281e-07
  return f(*arrays, *other_args, **kwargs)
/appdata/users/P101440/micromamba/envs/torch29/lib/python3.11/site-packages/scipy/_lib/_util.py:1181: RuntimeWarning: logm result may be inaccurate, approximate err = 6.661371116933879e-07
  return f(*arrays, *other_args, **kwargs)
/appdata/users/P101440/micromamba/envs/torch29/lib/python3.11/site-packages/scipy/_lib/_util.py:1181: RuntimeWarning: logm result may be inaccurate, approximate err = 6.753018055860593e-07
  return f(*arrays, *other_args, **kwargs)
/appdata/users/P101440/micromamba/envs/torch29/lib/python3.11/site-packages/scipy/_lib/_util.py:1181: RuntimeWarning: logm result may be inaccurate, approximate err = 8.044879109547765e-07
  return f(*arrays, *other_args, **kwargs)
/appdata/users/P101440/micromamba/envs/torch29/lib/python3.11/site-packages/scipy/_lib/_util.py:1181: RuntimeWarning: logm result may be inaccurate, approximate err = 7.530118750764814e-07
  return f(*arrays, *other_args, **kwargs)
/appdata/users/P101440/micromamba/envs/torch29/lib/python3.11/site-packages/scipy/_lib/_util.py:1181: RuntimeWarning: logm result may be inaccurate, approximate err = 6.711389346492069e-07
  return f(*arrays, *other_args, **kwargs)
/appdata/users/P101440/micromamba/envs/torch29/lib/python3.11/site-packages/scipy/_lib/_util.py:1181: RuntimeWarning: logm result may be inaccurate, approximate err = 6.918800750099763e-07
  return f(*arrays, *other_args, **kwargs)
/appdata/users/P101440/micromamba/envs/torch29/lib/python3.11/site-packages/scipy/_lib/_util.py:1181: RuntimeWarning: logm result may be inaccurate, approximate err = 7.362642691077781e-07
  return f(*arrays, *other_args, **kwargs)
/appdata/users/P101440/micromamba/envs/torch29/lib/python3.11/site-packages/scipy/_lib/_util.py:1181: RuntimeWarning: logm result may be inaccurate, approximate err = 8.572883416491095e-07
  return f(*arrays, *other_args, **kwargs)
/appdata/users/P101440/micromamba/envs/torch29/lib/python3.11/site-packages/scipy/_lib/_util.py:1181: RuntimeWarning: logm result may be inaccurate, approximate err = 6.97769053203956e-07
  return f(*arrays, *other_args, **kwargs)
/appdata/users/P101440/micromamba/envs/torch29/lib/python3.11/site-packages/scipy/_lib/_util.py:1181: RuntimeWarning: logm result may be inaccurate, approximate err = 7.354005333581881e-07
  return f(*arrays, *other_args, **kwargs)
/appdata/users/P101440/micromamba/envs/torch29/lib/python3.11/site-packages/scipy/_lib/_util.py:1181: RuntimeWarning: logm result may be inaccurate, approximate err = 7.398238608402607e-07
  return f(*arrays, *other_args, **kwargs)
/appdata/users/P101440/micromamba/envs/torch29/lib/python3.11/site-packages/scipy/_lib/_util.py:1181: RuntimeWarning: logm result may be inaccurate, approximate err = 8.054842055571498e-07
  return f(*arrays, *other_args, **kwargs)
/appdata/users/P101440/micromamba/envs/torch29/lib/python3.11/site-packages/scipy/_lib/_util.py:1181: RuntimeWarning: logm result may be inaccurate, approximate err = 7.420173346872616e-07
  return f(*arrays, *other_args, **kwargs)
/appdata/users/P101440/micromamba/envs/torch29/lib/python3.11/site-packages/scipy/_lib/_util.py:1181: RuntimeWarning: logm result may be inaccurate, approximate err = 6.872469953123073e-07
  return f(*arrays, *other_args, **kwargs)
/appdata/users/P101440/micromamba/envs/torch29/lib/python3.11/site-packages/scipy/_lib/_util.py:1181: RuntimeWarning: logm result may be inaccurate, approximate err = 6.942748882465821e-07
  return f(*arrays, *other_args, **kwargs)
/appdata/users/P101440/micromamba/envs/torch29/lib/python3.11/site-packages/scipy/_lib/_util.py:1181: RuntimeWarning: logm result may be inaccurate, approximate err = 9.145417720901605e-07
  return f(*arrays, *other_args, **kwargs)
/appdata/users/P101440/micromamba/envs/torch29/lib/python3.11/site-packages/scipy/_lib/_util.py:1181: RuntimeWarning: logm result may be inaccurate, approximate err = 7.714169214523281e-07
  return f(*arrays, *other_args, **kwargs)
/appdata/users/P101440/micromamba/envs/torch29/lib/python3.11/site-packages/scipy/_lib/_util.py:1181: RuntimeWarning: logm result may be inaccurate, approximate err = 7.629387255292386e-07
  return f(*arrays, *other_args, **kwargs)
/appdata/users/P101440/micromamba/envs/torch29/lib/python3.11/site-packages/scipy/_lib/_util.py:1181: RuntimeWarning: logm result may be inaccurate, approximate err = 5.298976475387462e-07
  return f(*arrays, *other_args, **kwargs)
/appdata/users/P101440/micromamba/envs/torch29/lib/python3.11/site-packages/scipy/_lib/_util.py:1181: RuntimeWarning: logm result may be inaccurate, approximate err = 8.73089618380618e-07
  return f(*arrays, *other_args, **kwargs)
/appdata/users/P101440/micromamba/envs/torch29/lib/python3.11/site-packages/scipy/_lib/_util.py:1181: RuntimeWarning: logm result may be inaccurate, approximate err = 8.329392358064069e-07
  return f(*arrays, *other_args, **kwargs)
/appdata/users/P101440/micromamba/envs/torch29/lib/python3.11/site-packages/scipy/_lib/_util.py:1181: RuntimeWarning: logm result may be inaccurate, approximate err = 9.503279443379142e-07
  return f(*arrays, *other_args, **kwargs)
/appdata/users/P101440/micromamba/envs/torch29/lib/python3.11/site-packages/scipy/_lib/_util.py:1181: RuntimeWarning: logm result may be inaccurate, approximate err = 7.845089839975117e-07
  return f(*arrays, *other_args, **kwargs)
/appdata/users/P101440/micromamba/envs/torch29/lib/python3.11/site-packages/scipy/_lib/_util.py:1181: RuntimeWarning: logm result may be inaccurate, approximate err = 5.80477831135795e-07
  return f(*arrays, *other_args, **kwargs)
/appdata/users/P101440/micromamba/envs/torch29/lib/python3.11/site-packages/scipy/_lib/_util.py:1181: RuntimeWarning: logm result may be inaccurate, approximate err = 7.247464850479446e-07
  return f(*arrays, *other_args, **kwargs)
/appdata/users/P101440/micromamba/envs/torch29/lib/python3.11/site-packages/scipy/_lib/_util.py:1181: RuntimeWarning: logm result may be inaccurate, approximate err = 9.117133572544844e-07
  return f(*arrays, *other_args, **kwargs)
/appdata/users/P101440/micromamba/envs/torch29/lib/python3.11/site-packages/scipy/_lib/_util.py:1181: RuntimeWarning: logm result may be inaccurate, approximate err = 6.392080535988498e-07
  return f(*arrays, *other_args, **kwargs)
/appdata/users/P101440/micromamba/envs/torch29/lib/python3.11/site-packages/scipy/_lib/_util.py:1181: RuntimeWarning: logm result may be inaccurate, approximate err = 8.156392254932143e-07
  return f(*arrays, *other_args, **kwargs)
/appdata/users/P101440/micromamba/envs/torch29/lib/python3.11/site-packages/scipy/_lib/_util.py:1181: RuntimeWarning: logm result may be inaccurate, approximate err = 1.118074351325049e-06
  return f(*arrays, *other_args, **kwargs)
/appdata/users/P101440/micromamba/envs/torch29/lib/python3.11/site-packages/scipy/_lib/_util.py:1181: RuntimeWarning: logm result may be inaccurate, approximate err = 8.297897124975862e-07
  return f(*arrays, *other_args, **kwargs)
/appdata/users/P101440/micromamba/envs/torch29/lib/python3.11/site-packages/scipy/_lib/_util.py:1181: RuntimeWarning: logm result may be inaccurate, approximate err = 7.411445608340728e-07
  return f(*arrays, *other_args, **kwargs)
/appdata/users/P101440/micromamba/envs/torch29/lib/python3.11/site-packages/scipy/_lib/_util.py:1181: RuntimeWarning: logm result may be inaccurate, approximate err = 7.553165914941928e-07
  return f(*arrays, *other_args, **kwargs)
/appdata/users/P101440/micromamba/envs/torch29/lib/python3.11/site-packages/scipy/_lib/_util.py:1181: RuntimeWarning: logm result may be inaccurate, approximate err = 1.1738511602743529e-06
  return f(*arrays, *other_args, **kwargs)
/appdata/users/P101440/micromamba/envs/torch29/lib/python3.11/site-packages/scipy/_lib/_util.py:1181: RuntimeWarning: logm result may be inaccurate, approximate err = 6.991481313889381e-07
  return f(*arrays, *other_args, **kwargs)
/appdata/users/P101440/micromamba/envs/torch29/lib/python3.11/site-packages/scipy/_lib/_util.py:1181: RuntimeWarning: logm result may be inaccurate, approximate err = 7.090302460710518e-07
  return f(*arrays, *other_args, **kwargs)
/appdata/users/P101440/micromamba/envs/torch29/lib/python3.11/site-packages/scipy/_lib/_util.py:1181: RuntimeWarning: logm result may be inaccurate, approximate err = 6.672542554042593e-07
  return f(*arrays, *other_args, **kwargs)
/appdata/users/P101440/micromamba/envs/torch29/lib/python3.11/site-packages/scipy/_lib/_util.py:1181: RuntimeWarning: logm result may be inaccurate, approximate err = 7.565336090920027e-07
  return f(*arrays, *other_args, **kwargs)
/appdata/users/P101440/micromamba/envs/torch29/lib/python3.11/site-packages/scipy/_lib/_util.py:1181: RuntimeWarning: logm result may be inaccurate, approximate err = 1.0731606607805588e-06
  return f(*arrays, *other_args, **kwargs)
/appdata/users/P101440/micromamba/envs/torch29/lib/python3.11/site-packages/scipy/_lib/_util.py:1181: RuntimeWarning: logm result may be inaccurate, approximate err = 8.084688261078554e-07
  return f(*arrays, *other_args, **kwargs)
/appdata/users/P101440/micromamba/envs/torch29/lib/python3.11/site-packages/scipy/_lib/_util.py:1181: RuntimeWarning: logm result may be inaccurate, approximate err = 7.263556085490563e-07
  return f(*arrays, *other_args, **kwargs)
/appdata/users/P101440/micromamba/envs/torch29/lib/python3.11/site-packages/scipy/_lib/_util.py:1181: RuntimeWarning: logm result may be inaccurate, approximate err = 9.103984552893962e-07
  return f(*arrays, *other_args, **kwargs)
/appdata/users/P101440/micromamba/envs/torch29/lib/python3.11/site-packages/scipy/_lib/_util.py:1181: RuntimeWarning: logm result may be inaccurate, approximate err = 6.461846169258934e-07
  return f(*arrays, *other_args, **kwargs)
/appdata/users/P101440/micromamba/envs/torch29/lib/python3.11/site-packages/scipy/_lib/_util.py:1181: RuntimeWarning: logm result may be inaccurate, approximate err = 5.806817853226676e-07
  return f(*arrays, *other_args, **kwargs)
/appdata/users/P101440/micromamba/envs/torch29/lib/python3.11/site-packages/scipy/_lib/_util.py:1181: RuntimeWarning: logm result may be inaccurate, approximate err = 6.867196589155355e-07
  return f(*arrays, *other_args, **kwargs)
/appdata/users/P101440/micromamba/envs/torch29/lib/python3.11/site-packages/scipy/_lib/_util.py:1181: RuntimeWarning: logm result may be inaccurate, approximate err = 1.1769259344873717e-06
  return f(*arrays, *other_args, **kwargs)
/appdata/users/P101440/micromamba/envs/torch29/lib/python3.11/site-packages/scipy/_lib/_util.py:1181: RuntimeWarning: logm result may be inaccurate, approximate err = 1.1049802424167865e-06
  return f(*arrays, *other_args, **kwargs)
/appdata/users/P101440/micromamba/envs/torch29/lib/python3.11/site-packages/scipy/_lib/_util.py:1181: RuntimeWarning: logm result may be inaccurate, approximate err = 8.192182576749474e-07
  return f(*arrays, *other_args, **kwargs)
/appdata/users/P101440/micromamba/envs/torch29/lib/python3.11/site-packages/scipy/_lib/_util.py:1181: RuntimeWarning: logm result may be inaccurate, approximate err = 9.264496156902169e-07
  return f(*arrays, *other_args, **kwargs)
/appdata/users/P101440/micromamba/envs/torch29/lib/python3.11/site-packages/scipy/_lib/_util.py:1181: RuntimeWarning: logm result may be inaccurate, approximate err = 8.77874640536902e-07
  return f(*arrays, *other_args, **kwargs)
/appdata/users/P101440/micromamba/envs/torch29/lib/python3.11/site-packages/scipy/_lib/_util.py:1181: RuntimeWarning: logm result may be inaccurate, approximate err = 6.270319659051893e-07
  return f(*arrays, *other_args, **kwargs)
/appdata/users/P101440/micromamba/envs/torch29/lib/python3.11/site-packages/scipy/_lib/_util.py:1181: RuntimeWarning: logm result may be inaccurate, approximate err = 9.075874345398915e-07
  return f(*arrays, *other_args, **kwargs)
/appdata/users/P101440/micromamba/envs/torch29/lib/python3.11/site-packages/scipy/_lib/_util.py:1181: RuntimeWarning: logm result may be inaccurate, approximate err = 9.733365686770412e-07
  return f(*arrays, *other_args, **kwargs)
/appdata/users/P101440/micromamba/envs/torch29/lib/python3.11/site-packages/scipy/_lib/_util.py:1181: RuntimeWarning: logm result may be inaccurate, approximate err = 5.561286684496736e-07
  return f(*arrays, *other_args, **kwargs)
/appdata/users/P101440/micromamba/envs/torch29/lib/python3.11/site-packages/scipy/_lib/_util.py:1181: RuntimeWarning: logm result may be inaccurate, approximate err = 7.597453759444761e-07
  return f(*arrays, *other_args, **kwargs)
/appdata/users/P101440/micromamba/envs/torch29/lib/python3.11/site-packages/scipy/_lib/_util.py:1181: RuntimeWarning: logm result may be inaccurate, approximate err = 6.622191222049878e-07
  return f(*arrays, *other_args, **kwargs)
/appdata/users/P101440/micromamba/envs/torch29/lib/python3.11/site-packages/scipy/_lib/_util.py:1181: RuntimeWarning: logm result may be inaccurate, approximate err = 7.76870876961766e-07
  return f(*arrays, *other_args, **kwargs)
/appdata/users/P101440/micromamba/envs/torch29/lib/python3.11/site-packages/scipy/_lib/_util.py:1181: RuntimeWarning: logm result may be inaccurate, approximate err = 6.344583880490973e-07
  return f(*arrays, *other_args, **kwargs)
/appdata/users/P101440/micromamba/envs/torch29/lib/python3.11/site-packages/scipy/_lib/_util.py:1181: RuntimeWarning: logm result may be inaccurate, approximate err = 1.1731530094039044e-06
  return f(*arrays, *other_args, **kwargs)
/appdata/users/P101440/micromamba/envs/torch29/lib/python3.11/site-packages/scipy/_lib/_util.py:1181: RuntimeWarning: logm result may be inaccurate, approximate err = 7.503748520321096e-07
  return f(*arrays, *other_args, **kwargs)
/appdata/users/P101440/micromamba/envs/torch29/lib/python3.11/site-packages/scipy/_lib/_util.py:1181: RuntimeWarning: logm result may be inaccurate, approximate err = 8.068295187513286e-07
  return f(*arrays, *other_args, **kwargs)
/appdata/users/P101440/micromamba/envs/torch29/lib/python3.11/site-packages/scipy/_lib/_util.py:1181: RuntimeWarning: logm result may be inaccurate, approximate err = 5.682474579771224e-07
  return f(*arrays, *other_args, **kwargs)
/appdata/users/P101440/micromamba/envs/torch29/lib/python3.11/site-packages/scipy/_lib/_util.py:1181: RuntimeWarning: logm result may be inaccurate, approximate err = 1.233034595315985e-06
  return f(*arrays, *other_args, **kwargs)
/appdata/users/P101440/micromamba/envs/torch29/lib/python3.11/site-packages/scipy/_lib/_util.py:1181: RuntimeWarning: logm result may be inaccurate, approximate err = 7.785508273627784e-07
  return f(*arrays, *other_args, **kwargs)
/appdata/users/P101440/micromamba/envs/torch29/lib/python3.11/site-packages/scipy/_lib/_util.py:1181: RuntimeWarning: logm result may be inaccurate, approximate err = 8.92017283149471e-07
  return f(*arrays, *other_args, **kwargs)
/appdata/users/P101440/micromamba/envs/torch29/lib/python3.11/site-packages/scipy/_lib/_util.py:1181: RuntimeWarning: logm result may be inaccurate, approximate err = 1.0484960739631788e-06
  return f(*arrays, *other_args, **kwargs)
/appdata/users/P101440/micromamba/envs/torch29/lib/python3.11/site-packages/scipy/_lib/_util.py:1181: RuntimeWarning: logm result may be inaccurate, approximate err = 8.636011443741154e-07
  return f(*arrays, *other_args, **kwargs)
/appdata/users/P101440/micromamba/envs/torch29/lib/python3.11/site-packages/scipy/_lib/_util.py:1181: RuntimeWarning: logm result may be inaccurate, approximate err = 9.909629170579137e-07
  return f(*arrays, *other_args, **kwargs)
/appdata/users/P101440/micromamba/envs/torch29/lib/python3.11/site-packages/scipy/_lib/_util.py:1181: RuntimeWarning: logm result may be inaccurate, approximate err = 6.041282176738605e-07
  return f(*arrays, *other_args, **kwargs)
/appdata/users/P101440/micromamba/envs/torch29/lib/python3.11/site-packages/scipy/_lib/_util.py:1181: RuntimeWarning: logm result may be inaccurate, approximate err = 7.680705493839923e-07
  return f(*arrays, *other_args, **kwargs)
/appdata/users/P101440/micromamba/envs/torch29/lib/python3.11/site-packages/scipy/_lib/_util.py:1181: RuntimeWarning: logm result may be inaccurate, approximate err = 7.920153848317568e-07
  return f(*arrays, *other_args, **kwargs)
/appdata/users/P101440/micromamba/envs/torch29/lib/python3.11/site-packages/scipy/_lib/_util.py:1181: RuntimeWarning: logm result may be inaccurate, approximate err = 7.807546467120119e-07
  return f(*arrays, *other_args, **kwargs)
/appdata/users/P101440/micromamba/envs/torch29/lib/python3.11/site-packages/scipy/_lib/_util.py:1181: RuntimeWarning: logm result may be inaccurate, approximate err = 7.149374710024858e-07
  return f(*arrays, *other_args, **kwargs)
/appdata/users/P101440/micromamba/envs/torch29/lib/python3.11/site-packages/scipy/_lib/_util.py:1181: RuntimeWarning: logm result may be inaccurate, approximate err = 7.91136869793263e-07
  return f(*arrays, *other_args, **kwargs)
/appdata/users/P101440/micromamba/envs/torch29/lib/python3.11/site-packages/scipy/_lib/_util.py:1181: RuntimeWarning: logm result may be inaccurate, approximate err = 8.144265279952378e-07
  return f(*arrays, *other_args, **kwargs)
/appdata/users/P101440/micromamba/envs/torch29/lib/python3.11/site-packages/scipy/_lib/_util.py:1181: RuntimeWarning: logm result may be inaccurate, approximate err = 7.72698854234477e-07
  return f(*arrays, *other_args, **kwargs)
/appdata/users/P101440/micromamba/envs/torch29/lib/python3.11/site-packages/scipy/_lib/_util.py:1181: RuntimeWarning: logm result may be inaccurate, approximate err = 8.207356927414367e-07
  return f(*arrays, *other_args, **kwargs)
/appdata/users/P101440/micromamba/envs/torch29/lib/python3.11/site-packages/scipy/_lib/_util.py:1181: RuntimeWarning: logm result may be inaccurate, approximate err = 7.872470746406179e-07
  return f(*arrays, *other_args, **kwargs)
/appdata/users/P101440/micromamba/envs/torch29/lib/python3.11/site-packages/scipy/_lib/_util.py:1181: RuntimeWarning: logm result may be inaccurate, approximate err = 7.818508720447426e-07
  return f(*arrays, *other_args, **kwargs)
/appdata/users/P101440/micromamba/envs/torch29/lib/python3.11/site-packages/scipy/_lib/_util.py:1181: RuntimeWarning: logm result may be inaccurate, approximate err = 8.948004506237339e-07
  return f(*arrays, *other_args, **kwargs)
/appdata/users/P101440/micromamba/envs/torch29/lib/python3.11/site-packages/scipy/_lib/_util.py:1181: RuntimeWarning: logm result may be inaccurate, approximate err = 8.476504831378406e-07
  return f(*arrays, *other_args, **kwargs)
/appdata/users/P101440/micromamba/envs/torch29/lib/python3.11/site-packages/scipy/_lib/_util.py:1181: RuntimeWarning: logm result may be inaccurate, approximate err = 1.2272806770852185e-06
  return f(*arrays, *other_args, **kwargs)
/appdata/users/P101440/micromamba/envs/torch29/lib/python3.11/site-packages/scipy/_lib/_util.py:1181: RuntimeWarning: logm result may be inaccurate, approximate err = 6.032662440702552e-07
  return f(*arrays, *other_args, **kwargs)
/appdata/users/P101440/micromamba/envs/torch29/lib/python3.11/site-packages/scipy/_lib/_util.py:1181: RuntimeWarning: logm result may be inaccurate, approximate err = 6.722404464198917e-07
  return f(*arrays, *other_args, **kwargs)
/appdata/users/P101440/micromamba/envs/torch29/lib/python3.11/site-packages/scipy/_lib/_util.py:1181: RuntimeWarning: logm result may be inaccurate, approximate err = 1.1805002486653393e-06
  return f(*arrays, *other_args, **kwargs)
/appdata/users/P101440/micromamba/envs/torch29/lib/python3.11/site-packages/scipy/_lib/_util.py:1181: RuntimeWarning: logm result may be inaccurate, approximate err = 8.514793421454669e-07
  return f(*arrays, *other_args, **kwargs)
/appdata/users/P101440/micromamba/envs/torch29/lib/python3.11/site-packages/scipy/_lib/_util.py:1181: RuntimeWarning: logm result may be inaccurate, approximate err = 8.537609232917021e-07
  return f(*arrays, *other_args, **kwargs)
/appdata/users/P101440/micromamba/envs/torch29/lib/python3.11/site-packages/scipy/_lib/_util.py:1181: RuntimeWarning: logm result may be inaccurate, approximate err = 8.174981189768005e-07
  return f(*arrays, *other_args, **kwargs)
/appdata/users/P101440/micromamba/envs/torch29/lib/python3.11/site-packages/scipy/_lib/_util.py:1181: RuntimeWarning: logm result may be inaccurate, approximate err = 8.587634283685475e-07
  return f(*arrays, *other_args, **kwargs)
/appdata/users/P101440/micromamba/envs/torch29/lib/python3.11/site-packages/scipy/_lib/_util.py:1181: RuntimeWarning: logm result may be inaccurate, approximate err = 9.59861722549249e-07
  return f(*arrays, *other_args, **kwargs)
/appdata/users/P101440/micromamba/envs/torch29/lib/python3.11/site-packages/scipy/_lib/_util.py:1181: RuntimeWarning: logm result may be inaccurate, approximate err = 6.197891480042017e-07
  return f(*arrays, *other_args, **kwargs)
/appdata/users/P101440/micromamba/envs/torch29/lib/python3.11/site-packages/scipy/_lib/_util.py:1181: RuntimeWarning: logm result may be inaccurate, approximate err = 8.184881608030992e-07
  return f(*arrays, *other_args, **kwargs)
/appdata/users/P101440/micromamba/envs/torch29/lib/python3.11/site-packages/scipy/_lib/_util.py:1181: RuntimeWarning: logm result may be inaccurate, approximate err = 7.182383114923141e-07
  return f(*arrays, *other_args, **kwargs)
/appdata/users/P101440/micromamba/envs/torch29/lib/python3.11/site-packages/scipy/_lib/_util.py:1181: RuntimeWarning: logm result may be inaccurate, approximate err = 9.981795301428065e-07
  return f(*arrays, *other_args, **kwargs)
/appdata/users/P101440/micromamba/envs/torch29/lib/python3.11/site-packages/scipy/_lib/_util.py:1181: RuntimeWarning: logm result may be inaccurate, approximate err = 1.2000048172922106e-06
  return f(*arrays, *other_args, **kwargs)
/appdata/users/P101440/micromamba/envs/torch29/lib/python3.11/site-packages/scipy/_lib/_util.py:1181: RuntimeWarning: logm result may be inaccurate, approximate err = 8.226813292822044e-07
  return f(*arrays, *other_args, **kwargs)
/appdata/users/P101440/micromamba/envs/torch29/lib/python3.11/site-packages/scipy/_lib/_util.py:1181: RuntimeWarning: logm result may be inaccurate, approximate err = 1.4046406704437686e-06
  return f(*arrays, *other_args, **kwargs)
/appdata/users/P101440/micromamba/envs/torch29/lib/python3.11/site-packages/scipy/_lib/_util.py:1181: RuntimeWarning: logm result may be inaccurate, approximate err = 8.909206030693895e-07
  return f(*arrays, *other_args, **kwargs)
/appdata/users/P101440/micromamba/envs/torch29/lib/python3.11/site-packages/scipy/_lib/_util.py:1181: RuntimeWarning: logm result may be inaccurate, approximate err = 8.144047569658142e-07
  return f(*arrays, *other_args, **kwargs)
/appdata/users/P101440/micromamba/envs/torch29/lib/python3.11/site-packages/scipy/_lib/_util.py:1181: RuntimeWarning: logm result may be inaccurate, approximate err = 7.519658993260236e-07
  return f(*arrays, *other_args, **kwargs)
/appdata/users/P101440/micromamba/envs/torch29/lib/python3.11/site-packages/scipy/_lib/_util.py:1181: RuntimeWarning: logm result may be inaccurate, approximate err = 8.727975000510924e-07
  return f(*arrays, *other_args, **kwargs)
/appdata/users/P101440/micromamba/envs/torch29/lib/python3.11/site-packages/scipy/_lib/_util.py:1181: RuntimeWarning: logm result may be inaccurate, approximate err = 1.2503868447311106e-06
  return f(*arrays, *other_args, **kwargs)
/appdata/users/P101440/micromamba/envs/torch29/lib/python3.11/site-packages/scipy/_lib/_util.py:1181: RuntimeWarning: logm result may be inaccurate, approximate err = 6.638564400418545e-07
  return f(*arrays, *other_args, **kwargs)
/appdata/users/P101440/micromamba/envs/torch29/lib/python3.11/site-packages/scipy/_lib/_util.py:1181: RuntimeWarning: logm result may be inaccurate, approximate err = 8.647002118777891e-07
  return f(*arrays, *other_args, **kwargs)
/appdata/users/P101440/micromamba/envs/torch29/lib/python3.11/site-packages/scipy/_lib/_util.py:1181: RuntimeWarning: logm result may be inaccurate, approximate err = 1.025522919917421e-06
  return f(*arrays, *other_args, **kwargs)
/appdata/users/P101440/micromamba/envs/torch29/lib/python3.11/site-packages/scipy/_lib/_util.py:1181: RuntimeWarning: logm result may be inaccurate, approximate err = 1.043530460265174e-06
  return f(*arrays, *other_args, **kwargs)
/appdata/users/P101440/micromamba/envs/torch29/lib/python3.11/site-packages/scipy/_lib/_util.py:1181: RuntimeWarning: logm result may be inaccurate, approximate err = 7.899736829131143e-07
  return f(*arrays, *other_args, **kwargs)
/appdata/users/P101440/micromamba/envs/torch29/lib/python3.11/site-packages/scipy/_lib/_util.py:1181: RuntimeWarning: logm result may be inaccurate, approximate err = 8.205607855416019e-07
  return f(*arrays, *other_args, **kwargs)
/appdata/users/P101440/micromamba/envs/torch29/lib/python3.11/site-packages/scipy/_lib/_util.py:1181: RuntimeWarning: logm result may be inaccurate, approximate err = 6.412387847376522e-07
  return f(*arrays, *other_args, **kwargs)
/appdata/users/P101440/micromamba/envs/torch29/lib/python3.11/site-packages/scipy/_lib/_util.py:1181: RuntimeWarning: logm result may be inaccurate, approximate err = 8.775791116022447e-07
  return f(*arrays, *other_args, **kwargs)
/appdata/users/P101440/micromamba/envs/torch29/lib/python3.11/site-packages/scipy/_lib/_util.py:1181: RuntimeWarning: logm result may be inaccurate, approximate err = 7.523539693465864e-07
  return f(*arrays, *other_args, **kwargs)
/appdata/users/P101440/micromamba/envs/torch29/lib/python3.11/site-packages/scipy/_lib/_util.py:1181: RuntimeWarning: logm result may be inaccurate, approximate err = 8.566205451643327e-07
  return f(*arrays, *other_args, **kwargs)
/appdata/users/P101440/micromamba/envs/torch29/lib/python3.11/site-packages/scipy/_lib/_util.py:1181: RuntimeWarning: logm result may be inaccurate, approximate err = 6.806356509514444e-07
  return f(*arrays, *other_args, **kwargs)
/appdata/users/P101440/micromamba/envs/torch29/lib/python3.11/site-packages/scipy/_lib/_util.py:1181: RuntimeWarning: logm result may be inaccurate, approximate err = 1.2227574188727885e-06
  return f(*arrays, *other_args, **kwargs)
/appdata/users/P101440/micromamba/envs/torch29/lib/python3.11/site-packages/scipy/_lib/_util.py:1181: RuntimeWarning: logm result may be inaccurate, approximate err = 6.962203542570933e-07
  return f(*arrays, *other_args, **kwargs)
/appdata/users/P101440/micromamba/envs/torch29/lib/python3.11/site-packages/scipy/_lib/_util.py:1181: RuntimeWarning: logm result may be inaccurate, approximate err = 6.017534133206937e-07
  return f(*arrays, *other_args, **kwargs)
/appdata/users/P101440/micromamba/envs/torch29/lib/python3.11/site-packages/scipy/_lib/_util.py:1181: RuntimeWarning: logm result may be inaccurate, approximate err = 8.830008937366074e-07
  return f(*arrays, *other_args, **kwargs)
/appdata/users/P101440/micromamba/envs/torch29/lib/python3.11/site-packages/scipy/_lib/_util.py:1181: RuntimeWarning: logm result may be inaccurate, approximate err = 8.561139566154452e-07
  return f(*arrays, *other_args, **kwargs)
/appdata/users/P101440/micromamba/envs/torch29/lib/python3.11/site-packages/scipy/_lib/_util.py:1181: RuntimeWarning: logm result may be inaccurate, approximate err = 9.238191296390141e-07
  return f(*arrays, *other_args, **kwargs)
/appdata/users/P101440/micromamba/envs/torch29/lib/python3.11/site-packages/scipy/_lib/_util.py:1181: RuntimeWarning: logm result may be inaccurate, approximate err = 9.737087793837418e-07
  return f(*arrays, *other_args, **kwargs)
/appdata/users/P101440/micromamba/envs/torch29/lib/python3.11/site-packages/scipy/_lib/_util.py:1181: RuntimeWarning: logm result may be inaccurate, approximate err = 8.454607609564846e-07
  return f(*arrays, *other_args, **kwargs)
/appdata/users/P101440/micromamba/envs/torch29/lib/python3.11/site-packages/scipy/_lib/_util.py:1181: RuntimeWarning: logm result may be inaccurate, approximate err = 7.269397883646889e-07
  return f(*arrays, *other_args, **kwargs)
/appdata/users/P101440/micromamba/envs/torch29/lib/python3.11/site-packages/scipy/_lib/_util.py:1181: RuntimeWarning: logm result may be inaccurate, approximate err = 8.072705099948507e-07
  return f(*arrays, *other_args, **kwargs)
/appdata/users/P101440/micromamba/envs/torch29/lib/python3.11/site-packages/scipy/_lib/_util.py:1181: RuntimeWarning: logm result may be inaccurate, approximate err = 7.540292017438333e-07
  return f(*arrays, *other_args, **kwargs)
/appdata/users/P101440/micromamba/envs/torch29/lib/python3.11/site-packages/scipy/_lib/_util.py:1181: RuntimeWarning: logm result may be inaccurate, approximate err = 8.356387297681067e-07
  return f(*arrays, *other_args, **kwargs)
/appdata/users/P101440/micromamba/envs/torch29/lib/python3.11/site-packages/scipy/_lib/_util.py:1181: RuntimeWarning: logm result may be inaccurate, approximate err = 6.653572768300364e-07
  return f(*arrays, *other_args, **kwargs)
/appdata/users/P101440/micromamba/envs/torch29/lib/python3.11/site-packages/scipy/_lib/_util.py:1181: RuntimeWarning: logm result may be inaccurate, approximate err = 9.35122386636067e-07
  return f(*arrays, *other_args, **kwargs)
/appdata/users/P101440/micromamba/envs/torch29/lib/python3.11/site-packages/scipy/_lib/_util.py:1181: RuntimeWarning: logm result may be inaccurate, approximate err = 8.671050295561145e-07
  return f(*arrays, *other_args, **kwargs)
/appdata/users/P101440/micromamba/envs/torch29/lib/python3.11/site-packages/scipy/_lib/_util.py:1181: RuntimeWarning: logm result may be inaccurate, approximate err = 8.097529189399211e-07
  return f(*arrays, *other_args, **kwargs)
/appdata/users/P101440/micromamba/envs/torch29/lib/python3.11/site-packages/scipy/_lib/_util.py:1181: RuntimeWarning: logm result may be inaccurate, approximate err = 6.028964776305656e-07
  return f(*arrays, *other_args, **kwargs)
/appdata/users/P101440/micromamba/envs/torch29/lib/python3.11/site-packages/scipy/_lib/_util.py:1181: RuntimeWarning: logm result may be inaccurate, approximate err = 1.0668260301827104e-06
  return f(*arrays, *other_args, **kwargs)
/appdata/users/P101440/micromamba/envs/torch29/lib/python3.11/site-packages/scipy/_lib/_util.py:1181: RuntimeWarning: logm result may be inaccurate, approximate err = 9.042271358339349e-07
  return f(*arrays, *other_args, **kwargs)
/appdata/users/P101440/micromamba/envs/torch29/lib/python3.11/site-packages/scipy/_lib/_util.py:1181: RuntimeWarning: logm result may be inaccurate, approximate err = 9.003665581985842e-07
  return f(*arrays, *other_args, **kwargs)
/appdata/users/P101440/micromamba/envs/torch29/lib/python3.11/site-packages/scipy/_lib/_util.py:1181: RuntimeWarning: logm result may be inaccurate, approximate err = 1.0146617341888486e-06
  return f(*arrays, *other_args, **kwargs)
/appdata/users/P101440/micromamba/envs/torch29/lib/python3.11/site-packages/scipy/_lib/_util.py:1181: RuntimeWarning: logm result may be inaccurate, approximate err = 6.610970899600943e-07
  return f(*arrays, *other_args, **kwargs)
/appdata/users/P101440/micromamba/envs/torch29/lib/python3.11/site-packages/scipy/_lib/_util.py:1181: RuntimeWarning: logm result may be inaccurate, approximate err = 7.177259249147028e-07
  return f(*arrays, *other_args, **kwargs)
/appdata/users/P101440/micromamba/envs/torch29/lib/python3.11/site-packages/scipy/_lib/_util.py:1181: RuntimeWarning: logm result may be inaccurate, approximate err = 8.286720571959449e-07
  return f(*arrays, *other_args, **kwargs)
/appdata/users/P101440/micromamba/envs/torch29/lib/python3.11/site-packages/scipy/_lib/_util.py:1181: RuntimeWarning: logm result may be inaccurate, approximate err = 9.093815265259764e-07
  return f(*arrays, *other_args, **kwargs)
/appdata/users/P101440/micromamba/envs/torch29/lib/python3.11/site-packages/scipy/_lib/_util.py:1181: RuntimeWarning: logm result may be inaccurate, approximate err = 9.889679404295748e-07
  return f(*arrays, *other_args, **kwargs)
/appdata/users/P101440/micromamba/envs/torch29/lib/python3.11/site-packages/scipy/_lib/_util.py:1181: RuntimeWarning: logm result may be inaccurate, approximate err = 7.124604621822073e-07
  return f(*arrays, *other_args, **kwargs)
/appdata/users/P101440/micromamba/envs/torch29/lib/python3.11/site-packages/scipy/_lib/_util.py:1181: RuntimeWarning: logm result may be inaccurate, approximate err = 8.75934404120926e-07
  return f(*arrays, *other_args, **kwargs)
/appdata/users/P101440/micromamba/envs/torch29/lib/python3.11/site-packages/scipy/_lib/_util.py:1181: RuntimeWarning: logm result may be inaccurate, approximate err = 6.035290880390676e-07
  return f(*arrays, *other_args, **kwargs)
/appdata/users/P101440/micromamba/envs/torch29/lib/python3.11/site-packages/scipy/_lib/_util.py:1181: RuntimeWarning: logm result may be inaccurate, approximate err = 1.0344680276830331e-06
  return f(*arrays, *other_args, **kwargs)
/appdata/users/P101440/micromamba/envs/torch29/lib/python3.11/site-packages/scipy/_lib/_util.py:1181: RuntimeWarning: logm result may be inaccurate, approximate err = 1.634321961319074e-06
  return f(*arrays, *other_args, **kwargs)
/appdata/users/P101440/micromamba/envs/torch29/lib/python3.11/site-packages/scipy/_lib/_util.py:1181: RuntimeWarning: logm result may be inaccurate, approximate err = 1.0518009503357462e-06
  return f(*arrays, *other_args, **kwargs)
/appdata/users/P101440/micromamba/envs/torch29/lib/python3.11/site-packages/scipy/_lib/_util.py:1181: RuntimeWarning: logm result may be inaccurate, approximate err = 6.534230010402098e-07
  return f(*arrays, *other_args, **kwargs)
/appdata/users/P101440/micromamba/envs/torch29/lib/python3.11/site-packages/scipy/_lib/_util.py:1181: RuntimeWarning: logm result may be inaccurate, approximate err = 9.078362950276642e-07
  return f(*arrays, *other_args, **kwargs)
/appdata/users/P101440/micromamba/envs/torch29/lib/python3.11/site-packages/scipy/_lib/_util.py:1181: RuntimeWarning: logm result may be inaccurate, approximate err = 6.98124324571836e-07
  return f(*arrays, *other_args, **kwargs)
/appdata/users/P101440/micromamba/envs/torch29/lib/python3.11/site-packages/scipy/_lib/_util.py:1181: RuntimeWarning: logm result may be inaccurate, approximate err = 8.40644531763246e-07
  return f(*arrays, *other_args, **kwargs)
/appdata/users/P101440/micromamba/envs/torch29/lib/python3.11/site-packages/scipy/_lib/_util.py:1181: RuntimeWarning: logm result may be inaccurate, approximate err = 8.60158650084486e-07
  return f(*arrays, *other_args, **kwargs)
/appdata/users/P101440/micromamba/envs/torch29/lib/python3.11/site-packages/scipy/_lib/_util.py:1181: RuntimeWarning: logm result may be inaccurate, approximate err = 8.141489615809405e-07
  return f(*arrays, *other_args, **kwargs)
/appdata/users/P101440/micromamba/envs/torch29/lib/python3.11/site-packages/scipy/_lib/_util.py:1181: RuntimeWarning: logm result may be inaccurate, approximate err = 9.154618965112604e-07
  return f(*arrays, *other_args, **kwargs)
/appdata/users/P101440/micromamba/envs/torch29/lib/python3.11/site-packages/scipy/_lib/_util.py:1181: RuntimeWarning: logm result may be inaccurate, approximate err = 1.0726178061304381e-06
  return f(*arrays, *other_args, **kwargs)
/appdata/users/P101440/micromamba/envs/torch29/lib/python3.11/site-packages/scipy/_lib/_util.py:1181: RuntimeWarning: logm result may be inaccurate, approximate err = 8.754101372687728e-07
  return f(*arrays, *other_args, **kwargs)
/appdata/users/P101440/micromamba/envs/torch29/lib/python3.11/site-packages/scipy/_lib/_util.py:1181: RuntimeWarning: logm result may be inaccurate, approximate err = 9.874300985757145e-07
  return f(*arrays, *other_args, **kwargs)
/appdata/users/P101440/micromamba/envs/torch29/lib/python3.11/site-packages/scipy/_lib/_util.py:1181: RuntimeWarning: logm result may be inaccurate, approximate err = 7.956301715239533e-07
  return f(*arrays, *other_args, **kwargs)
/appdata/users/P101440/micromamba/envs/torch29/lib/python3.11/site-packages/scipy/_lib/_util.py:1181: RuntimeWarning: logm result may be inaccurate, approximate err = 8.320258757521515e-07
  return f(*arrays, *other_args, **kwargs)
/appdata/users/P101440/micromamba/envs/torch29/lib/python3.11/site-packages/scipy/_lib/_util.py:1181: RuntimeWarning: logm result may be inaccurate, approximate err = 6.663437943643657e-07
  return f(*arrays, *other_args, **kwargs)
/appdata/users/P101440/micromamba/envs/torch29/lib/python3.11/site-packages/scipy/_lib/_util.py:1181: RuntimeWarning: logm result may be inaccurate, approximate err = 8.421977781836176e-07
  return f(*arrays, *other_args, **kwargs)
/appdata/users/P101440/micromamba/envs/torch29/lib/python3.11/site-packages/scipy/_lib/_util.py:1181: RuntimeWarning: logm result may be inaccurate, approximate err = 1.1524514320626622e-06
  return f(*arrays, *other_args, **kwargs)
/appdata/users/P101440/micromamba/envs/torch29/lib/python3.11/site-packages/scipy/_lib/_util.py:1181: RuntimeWarning: logm result may be inaccurate, approximate err = 6.063801833988691e-07
  return f(*arrays, *other_args, **kwargs)
/appdata/users/P101440/micromamba/envs/torch29/lib/python3.11/site-packages/scipy/_lib/_util.py:1181: RuntimeWarning: logm result may be inaccurate, approximate err = 6.185518941492774e-07
  return f(*arrays, *other_args, **kwargs)
/appdata/users/P101440/micromamba/envs/torch29/lib/python3.11/site-packages/scipy/_lib/_util.py:1181: RuntimeWarning: logm result may be inaccurate, approximate err = 9.491977266407048e-07
  return f(*arrays, *other_args, **kwargs)
/appdata/users/P101440/micromamba/envs/torch29/lib/python3.11/site-packages/scipy/_lib/_util.py:1181: RuntimeWarning: logm result may be inaccurate, approximate err = 8.821497203825857e-07
  return f(*arrays, *other_args, **kwargs)
/appdata/users/P101440/micromamba/envs/torch29/lib/python3.11/site-packages/scipy/_lib/_util.py:1181: RuntimeWarning: logm result may be inaccurate, approximate err = 1.0911553545156494e-06
  return f(*arrays, *other_args, **kwargs)
/appdata/users/P101440/micromamba/envs/torch29/lib/python3.11/site-packages/scipy/_lib/_util.py:1181: RuntimeWarning: logm result may be inaccurate, approximate err = 9.025628742165281e-07
  return f(*arrays, *other_args, **kwargs)
/appdata/users/P101440/micromamba/envs/torch29/lib/python3.11/site-packages/scipy/_lib/_util.py:1181: RuntimeWarning: logm result may be inaccurate, approximate err = 6.381071102623537e-07
  return f(*arrays, *other_args, **kwargs)
/appdata/users/P101440/micromamba/envs/torch29/lib/python3.11/site-packages/scipy/_lib/_util.py:1181: RuntimeWarning: logm result may be inaccurate, approximate err = 7.432988695654785e-07
  return f(*arrays, *other_args, **kwargs)
/appdata/users/P101440/micromamba/envs/torch29/lib/python3.11/site-packages/scipy/_lib/_util.py:1181: RuntimeWarning: logm result may be inaccurate, approximate err = 8.180437589544454e-07
  return f(*arrays, *other_args, **kwargs)
/appdata/users/P101440/micromamba/envs/torch29/lib/python3.11/site-packages/scipy/_lib/_util.py:1181: RuntimeWarning: logm result may be inaccurate, approximate err = 9.630172144170501e-07
  return f(*arrays, *other_args, **kwargs)
/appdata/users/P101440/micromamba/envs/torch29/lib/python3.11/site-packages/scipy/_lib/_util.py:1181: RuntimeWarning: logm result may be inaccurate, approximate err = 1.0782372328321799e-06
  return f(*arrays, *other_args, **kwargs)
/appdata/users/P101440/micromamba/envs/torch29/lib/python3.11/site-packages/scipy/_lib/_util.py:1181: RuntimeWarning: logm result may be inaccurate, approximate err = 8.335376833201735e-07
  return f(*arrays, *other_args, **kwargs)
/appdata/users/P101440/micromamba/envs/torch29/lib/python3.11/site-packages/scipy/_lib/_util.py:1181: RuntimeWarning: logm result may be inaccurate, approximate err = 8.836177585180849e-07
  return f(*arrays, *other_args, **kwargs)
/appdata/users/P101440/micromamba/envs/torch29/lib/python3.11/site-packages/scipy/_lib/_util.py:1181: RuntimeWarning: logm result may be inaccurate, approximate err = 7.092606324476947e-07
  return f(*arrays, *other_args, **kwargs)
/appdata/users/P101440/micromamba/envs/torch29/lib/python3.11/site-packages/scipy/_lib/_util.py:1181: RuntimeWarning: logm result may be inaccurate, approximate err = 8.332106062880484e-07
  return f(*arrays, *other_args, **kwargs)
/appdata/users/P101440/micromamba/envs/torch29/lib/python3.11/site-packages/scipy/_lib/_util.py:1181: RuntimeWarning: logm result may be inaccurate, approximate err = 6.25646862317808e-07
  return f(*arrays, *other_args, **kwargs)
/appdata/users/P101440/micromamba/envs/torch29/lib/python3.11/site-packages/scipy/_lib/_util.py:1181: RuntimeWarning: logm result may be inaccurate, approximate err = 5.992030764900846e-07
  return f(*arrays, *other_args, **kwargs)
/appdata/users/P101440/micromamba/envs/torch29/lib/python3.11/site-packages/scipy/_lib/_util.py:1181: RuntimeWarning: logm result may be inaccurate, approximate err = 9.80783056547807e-07
  return f(*arrays, *other_args, **kwargs)
/appdata/users/P101440/micromamba/envs/torch29/lib/python3.11/site-packages/scipy/_lib/_util.py:1181: RuntimeWarning: logm result may be inaccurate, approximate err = 8.197988563551917e-07
  return f(*arrays, *other_args, **kwargs)
/appdata/users/P101440/micromamba/envs/torch29/lib/python3.11/site-packages/scipy/_lib/_util.py:1181: RuntimeWarning: logm result may be inaccurate, approximate err = 6.18994306478271e-07
  return f(*arrays, *other_args, **kwargs)
/appdata/users/P101440/micromamba/envs/torch29/lib/python3.11/site-packages/scipy/_lib/_util.py:1181: RuntimeWarning: logm result may be inaccurate, approximate err = 7.888098139119393e-07
  return f(*arrays, *other_args, **kwargs)
/appdata/users/P101440/micromamba/envs/torch29/lib/python3.11/site-packages/scipy/_lib/_util.py:1181: RuntimeWarning: logm result may be inaccurate, approximate err = 9.873997441900428e-07
  return f(*arrays, *other_args, **kwargs)
/appdata/users/P101440/micromamba/envs/torch29/lib/python3.11/site-packages/scipy/_lib/_util.py:1181: RuntimeWarning: logm result may be inaccurate, approximate err = 1.0217212320640101e-06
  return f(*arrays, *other_args, **kwargs)
/appdata/users/P101440/micromamba/envs/torch29/lib/python3.11/site-packages/scipy/_lib/_util.py:1181: RuntimeWarning: logm result may be inaccurate, approximate err = 1.2835760117013706e-06
  return f(*arrays, *other_args, **kwargs)
/appdata/users/P101440/micromamba/envs/torch29/lib/python3.11/site-packages/scipy/_lib/_util.py:1181: RuntimeWarning: logm result may be inaccurate, approximate err = 7.79075321588607e-07
  return f(*arrays, *other_args, **kwargs)
/appdata/users/P101440/micromamba/envs/torch29/lib/python3.11/site-packages/scipy/_lib/_util.py:1181: RuntimeWarning: logm result may be inaccurate, approximate err = 7.645250548193872e-07
  return f(*arrays, *other_args, **kwargs)
/appdata/users/P101440/micromamba/envs/torch29/lib/python3.11/site-packages/scipy/_lib/_util.py:1181: RuntimeWarning: logm result may be inaccurate, approximate err = 6.715747531416127e-07
  return f(*arrays, *other_args, **kwargs)
/appdata/users/P101440/micromamba/envs/torch29/lib/python3.11/site-packages/scipy/_lib/_util.py:1181: RuntimeWarning: logm result may be inaccurate, approximate err = 9.375291938340524e-07
  return f(*arrays, *other_args, **kwargs)
/appdata/users/P101440/micromamba/envs/torch29/lib/python3.11/site-packages/scipy/_lib/_util.py:1181: RuntimeWarning: logm result may be inaccurate, approximate err = 7.418549330395763e-07
  return f(*arrays, *other_args, **kwargs)
/appdata/users/P101440/micromamba/envs/torch29/lib/python3.11/site-packages/scipy/_lib/_util.py:1181: RuntimeWarning: logm result may be inaccurate, approximate err = 9.022387530421838e-07
  return f(*arrays, *other_args, **kwargs)
/appdata/users/P101440/micromamba/envs/torch29/lib/python3.11/site-packages/scipy/_lib/_util.py:1181: RuntimeWarning: logm result may be inaccurate, approximate err = 8.08791639883566e-07
  return f(*arrays, *other_args, **kwargs)
/appdata/users/P101440/micromamba/envs/torch29/lib/python3.11/site-packages/scipy/_lib/_util.py:1181: RuntimeWarning: logm result may be inaccurate, approximate err = 8.504924835506245e-07
  return f(*arrays, *other_args, **kwargs)
/appdata/users/P101440/micromamba/envs/torch29/lib/python3.11/site-packages/scipy/_lib/_util.py:1181: RuntimeWarning: logm result may be inaccurate, approximate err = 7.3831847657857e-07
  return f(*arrays, *other_args, **kwargs)
/appdata/users/P101440/micromamba/envs/torch29/lib/python3.11/site-packages/scipy/_lib/_util.py:1181: RuntimeWarning: logm result may be inaccurate, approximate err = 6.589279450963659e-07
  return f(*arrays, *other_args, **kwargs)
/appdata/users/P101440/micromamba/envs/torch29/lib/python3.11/site-packages/scipy/_lib/_util.py:1181: RuntimeWarning: logm result may be inaccurate, approximate err = 6.358465043376782e-07
  return f(*arrays, *other_args, **kwargs)
/appdata/users/P101440/micromamba/envs/torch29/lib/python3.11/site-packages/scipy/_lib/_util.py:1181: RuntimeWarning: logm result may be inaccurate, approximate err = 1.2680311556323431e-06
  return f(*arrays, *other_args, **kwargs)
/appdata/users/P101440/micromamba/envs/torch29/lib/python3.11/site-packages/scipy/_lib/_util.py:1181: RuntimeWarning: logm result may be inaccurate, approximate err = 1.036705157275719e-06
  return f(*arrays, *other_args, **kwargs)
/appdata/users/P101440/micromamba/envs/torch29/lib/python3.11/site-packages/scipy/_lib/_util.py:1181: RuntimeWarning: logm result may be inaccurate, approximate err = 7.091342126841482e-07
  return f(*arrays, *other_args, **kwargs)
/appdata/users/P101440/micromamba/envs/torch29/lib/python3.11/site-packages/scipy/_lib/_util.py:1181: RuntimeWarning: logm result may be inaccurate, approximate err = 8.620232279099582e-07
  return f(*arrays, *other_args, **kwargs)
/appdata/users/P101440/micromamba/envs/torch29/lib/python3.11/site-packages/scipy/_lib/_util.py:1181: RuntimeWarning: logm result may be inaccurate, approximate err = 6.588521728190244e-07
  return f(*arrays, *other_args, **kwargs)
/appdata/users/P101440/micromamba/envs/torch29/lib/python3.11/site-packages/scipy/_lib/_util.py:1181: RuntimeWarning: logm result may be inaccurate, approximate err = 5.331059469426691e-07
  return f(*arrays, *other_args, **kwargs)
/appdata/users/P101440/micromamba/envs/torch29/lib/python3.11/site-packages/scipy/_lib/_util.py:1181: RuntimeWarning: logm result may be inaccurate, approximate err = 1.1007506373061915e-06
  return f(*arrays, *other_args, **kwargs)
/appdata/users/P101440/micromamba/envs/torch29/lib/python3.11/site-packages/scipy/_lib/_util.py:1181: RuntimeWarning: logm result may be inaccurate, approximate err = 7.21041487850016e-07
  return f(*arrays, *other_args, **kwargs)
/appdata/users/P101440/micromamba/envs/torch29/lib/python3.11/site-packages/scipy/_lib/_util.py:1181: RuntimeWarning: logm result may be inaccurate, approximate err = 7.271437993949803e-07
  return f(*arrays, *other_args, **kwargs)
/appdata/users/P101440/micromamba/envs/torch29/lib/python3.11/site-packages/scipy/_lib/_util.py:1181: RuntimeWarning: logm result may be inaccurate, approximate err = 1.0063987474495661e-06
  return f(*arrays, *other_args, **kwargs)
/appdata/users/P101440/micromamba/envs/torch29/lib/python3.11/site-packages/scipy/_lib/_util.py:1181: RuntimeWarning: logm result may be inaccurate, approximate err = 5.56234283521917e-07
  return f(*arrays, *other_args, **kwargs)
/appdata/users/P101440/micromamba/envs/torch29/lib/python3.11/site-packages/scipy/_lib/_util.py:1181: RuntimeWarning: logm result may be inaccurate, approximate err = 9.413507200406457e-07
  return f(*arrays, *other_args, **kwargs)
/appdata/users/P101440/micromamba/envs/torch29/lib/python3.11/site-packages/scipy/_lib/_util.py:1181: RuntimeWarning: logm result may be inaccurate, approximate err = 7.324157991206448e-07
  return f(*arrays, *other_args, **kwargs)
/appdata/users/P101440/micromamba/envs/torch29/lib/python3.11/site-packages/scipy/_lib/_util.py:1181: RuntimeWarning: logm result may be inaccurate, approximate err = 8.312076147376501e-07
  return f(*arrays, *other_args, **kwargs)
/appdata/users/P101440/micromamba/envs/torch29/lib/python3.11/site-packages/scipy/_lib/_util.py:1181: RuntimeWarning: logm result may be inaccurate, approximate err = 7.272834636751213e-07
  return f(*arrays, *other_args, **kwargs)
/appdata/users/P101440/micromamba/envs/torch29/lib/python3.11/site-packages/scipy/_lib/_util.py:1181: RuntimeWarning: logm result may be inaccurate, approximate err = 5.962770615042245e-07
  return f(*arrays, *other_args, **kwargs)
/appdata/users/P101440/micromamba/envs/torch29/lib/python3.11/site-packages/scipy/_lib/_util.py:1181: RuntimeWarning: logm result may be inaccurate, approximate err = 9.719958597997902e-07
  return f(*arrays, *other_args, **kwargs)
/appdata/users/P101440/micromamba/envs/torch29/lib/python3.11/site-packages/scipy/_lib/_util.py:1181: RuntimeWarning: logm result may be inaccurate, approximate err = 7.958923333717394e-07
  return f(*arrays, *other_args, **kwargs)
/appdata/users/P101440/micromamba/envs/torch29/lib/python3.11/site-packages/scipy/_lib/_util.py:1181: RuntimeWarning: logm result may be inaccurate, approximate err = 1.0389087492512772e-06
  return f(*arrays, *other_args, **kwargs)
/appdata/users/P101440/micromamba/envs/torch29/lib/python3.11/site-packages/scipy/_lib/_util.py:1181: RuntimeWarning: logm result may be inaccurate, approximate err = 5.346976763576095e-07
  return f(*arrays, *other_args, **kwargs)
/appdata/users/P101440/micromamba/envs/torch29/lib/python3.11/site-packages/scipy/_lib/_util.py:1181: RuntimeWarning: logm result may be inaccurate, approximate err = 8.840099212648056e-07
  return f(*arrays, *other_args, **kwargs)
/appdata/users/P101440/micromamba/envs/torch29/lib/python3.11/site-packages/scipy/_lib/_util.py:1181: RuntimeWarning: logm result may be inaccurate, approximate err = 6.003676844557049e-07
  return f(*arrays, *other_args, **kwargs)
/appdata/users/P101440/micromamba/envs/torch29/lib/python3.11/site-packages/scipy/_lib/_util.py:1181: RuntimeWarning: logm result may be inaccurate, approximate err = 9.255842883248988e-07
  return f(*arrays, *other_args, **kwargs)
/appdata/users/P101440/micromamba/envs/torch29/lib/python3.11/site-packages/scipy/_lib/_util.py:1181: RuntimeWarning: logm result may be inaccurate, approximate err = 8.302741889565368e-07
  return f(*arrays, *other_args, **kwargs)
/appdata/users/P101440/micromamba/envs/torch29/lib/python3.11/site-packages/scipy/_lib/_util.py:1181: RuntimeWarning: logm result may be inaccurate, approximate err = 1.297020958190842e-06
  return f(*arrays, *other_args, **kwargs)
/appdata/users/P101440/micromamba/envs/torch29/lib/python3.11/site-packages/scipy/_lib/_util.py:1181: RuntimeWarning: logm result may be inaccurate, approximate err = 8.906368407224363e-07
  return f(*arrays, *other_args, **kwargs)
/appdata/users/P101440/micromamba/envs/torch29/lib/python3.11/site-packages/scipy/_lib/_util.py:1181: RuntimeWarning: logm result may be inaccurate, approximate err = 7.432495863213262e-07
  return f(*arrays, *other_args, **kwargs)
/appdata/users/P101440/micromamba/envs/torch29/lib/python3.11/site-packages/scipy/_lib/_util.py:1181: RuntimeWarning: logm result may be inaccurate, approximate err = 7.609569365740754e-07
  return f(*arrays, *other_args, **kwargs)
/appdata/users/P101440/micromamba/envs/torch29/lib/python3.11/site-packages/scipy/_lib/_util.py:1181: RuntimeWarning: logm result may be inaccurate, approximate err = 7.876781751292583e-07
  return f(*arrays, *other_args, **kwargs)
/appdata/users/P101440/micromamba/envs/torch29/lib/python3.11/site-packages/scipy/_lib/_util.py:1181: RuntimeWarning: logm result may be inaccurate, approximate err = 9.506197216069268e-07
  return f(*arrays, *other_args, **kwargs)
/appdata/users/P101440/micromamba/envs/torch29/lib/python3.11/site-packages/scipy/_lib/_util.py:1181: RuntimeWarning: logm result may be inaccurate, approximate err = 7.357212439274008e-07
  return f(*arrays, *other_args, **kwargs)
/appdata/users/P101440/micromamba/envs/torch29/lib/python3.11/site-packages/scipy/_lib/_util.py:1181: RuntimeWarning: logm result may be inaccurate, approximate err = 6.788611131014477e-07
  return f(*arrays, *other_args, **kwargs)
/appdata/users/P101440/micromamba/envs/torch29/lib/python3.11/site-packages/scipy/_lib/_util.py:1181: RuntimeWarning: logm result may be inaccurate, approximate err = 9.321117317995231e-07
  return f(*arrays, *other_args, **kwargs)
/appdata/users/P101440/micromamba/envs/torch29/lib/python3.11/site-packages/scipy/_lib/_util.py:1181: RuntimeWarning: logm result may be inaccurate, approximate err = 9.525585937808501e-07
  return f(*arrays, *other_args, **kwargs)
/appdata/users/P101440/micromamba/envs/torch29/lib/python3.11/site-packages/scipy/_lib/_util.py:1181: RuntimeWarning: logm result may be inaccurate, approximate err = 7.976766482897801e-07
  return f(*arrays, *other_args, **kwargs)
/appdata/users/P101440/micromamba/envs/torch29/lib/python3.11/site-packages/scipy/_lib/_util.py:1181: RuntimeWarning: logm result may be inaccurate, approximate err = 5.951731623099477e-07
  return f(*arrays, *other_args, **kwargs)
/appdata/users/P101440/micromamba/envs/torch29/lib/python3.11/site-packages/scipy/_lib/_util.py:1181: RuntimeWarning: logm result may be inaccurate, approximate err = 1.2387733931973344e-06
  return f(*arrays, *other_args, **kwargs)
/appdata/users/P101440/micromamba/envs/torch29/lib/python3.11/site-packages/scipy/_lib/_util.py:1181: RuntimeWarning: logm result may be inaccurate, approximate err = 8.764958465690142e-07
  return f(*arrays, *other_args, **kwargs)
/appdata/users/P101440/micromamba/envs/torch29/lib/python3.11/site-packages/scipy/_lib/_util.py:1181: RuntimeWarning: logm result may be inaccurate, approximate err = 8.146230925376585e-07
  return f(*arrays, *other_args, **kwargs)
/appdata/users/P101440/micromamba/envs/torch29/lib/python3.11/site-packages/scipy/_lib/_util.py:1181: RuntimeWarning: logm result may be inaccurate, approximate err = 6.9430842586371e-07
  return f(*arrays, *other_args, **kwargs)
/appdata/users/P101440/micromamba/envs/torch29/lib/python3.11/site-packages/scipy/_lib/_util.py:1181: RuntimeWarning: logm result may be inaccurate, approximate err = 9.281180837206193e-07
  return f(*arrays, *other_args, **kwargs)
/appdata/users/P101440/micromamba/envs/torch29/lib/python3.11/site-packages/scipy/_lib/_util.py:1181: RuntimeWarning: logm result may be inaccurate, approximate err = 9.528239957035112e-07
  return f(*arrays, *other_args, **kwargs)
/appdata/users/P101440/micromamba/envs/torch29/lib/python3.11/site-packages/scipy/_lib/_util.py:1181: RuntimeWarning: logm result may be inaccurate, approximate err = 7.684335514568374e-07
  return f(*arrays, *other_args, **kwargs)
/appdata/users/P101440/micromamba/envs/torch29/lib/python3.11/site-packages/scipy/_lib/_util.py:1181: RuntimeWarning: logm result may be inaccurate, approximate err = 1.0224738389297272e-06
  return f(*arrays, *other_args, **kwargs)
/appdata/users/P101440/micromamba/envs/torch29/lib/python3.11/site-packages/scipy/_lib/_util.py:1181: RuntimeWarning: logm result may be inaccurate, approximate err = 6.540925028275524e-07
  return f(*arrays, *other_args, **kwargs)
/appdata/users/P101440/micromamba/envs/torch29/lib/python3.11/site-packages/scipy/_lib/_util.py:1181: RuntimeWarning: logm result may be inaccurate, approximate err = 7.114717277545424e-07
  return f(*arrays, *other_args, **kwargs)
/appdata/users/P101440/micromamba/envs/torch29/lib/python3.11/site-packages/scipy/_lib/_util.py:1181: RuntimeWarning: logm result may be inaccurate, approximate err = 1.0261068155159592e-06
  return f(*arrays, *other_args, **kwargs)
/appdata/users/P101440/micromamba/envs/torch29/lib/python3.11/site-packages/scipy/_lib/_util.py:1181: RuntimeWarning: logm result may be inaccurate, approximate err = 9.199396799886017e-07
  return f(*arrays, *other_args, **kwargs)
/appdata/users/P101440/micromamba/envs/torch29/lib/python3.11/site-packages/scipy/_lib/_util.py:1181: RuntimeWarning: logm result may be inaccurate, approximate err = 7.385580147456494e-07
  return f(*arrays, *other_args, **kwargs)
/appdata/users/P101440/micromamba/envs/torch29/lib/python3.11/site-packages/scipy/_lib/_util.py:1181: RuntimeWarning: logm result may be inaccurate, approximate err = 7.126147920644144e-07
  return f(*arrays, *other_args, **kwargs)
/appdata/users/P101440/micromamba/envs/torch29/lib/python3.11/site-packages/scipy/_lib/_util.py:1181: RuntimeWarning: logm result may be inaccurate, approximate err = 1.0729390851338394e-06
  return f(*arrays, *other_args, **kwargs)
/appdata/users/P101440/micromamba/envs/torch29/lib/python3.11/site-packages/scipy/_lib/_util.py:1181: RuntimeWarning: logm result may be inaccurate, approximate err = 8.378441975764872e-07
  return f(*arrays, *other_args, **kwargs)
/appdata/users/P101440/micromamba/envs/torch29/lib/python3.11/site-packages/scipy/_lib/_util.py:1181: RuntimeWarning: logm result may be inaccurate, approximate err = 7.353485784733493e-07
  return f(*arrays, *other_args, **kwargs)
/appdata/users/P101440/micromamba/envs/torch29/lib/python3.11/site-packages/scipy/_lib/_util.py:1181: RuntimeWarning: logm result may be inaccurate, approximate err = 6.966499199734244e-07
  return f(*arrays, *other_args, **kwargs)
/appdata/users/P101440/micromamba/envs/torch29/lib/python3.11/site-packages/scipy/_lib/_util.py:1181: RuntimeWarning: logm result may be inaccurate, approximate err = 7.724177066847915e-07
  return f(*arrays, *other_args, **kwargs)
/appdata/users/P101440/micromamba/envs/torch29/lib/python3.11/site-packages/scipy/_lib/_util.py:1181: RuntimeWarning: logm result may be inaccurate, approximate err = 7.902660854597343e-07
  return f(*arrays, *other_args, **kwargs)
/appdata/users/P101440/micromamba/envs/torch29/lib/python3.11/site-packages/scipy/_lib/_util.py:1181: RuntimeWarning: logm result may be inaccurate, approximate err = 5.725096343667246e-07
  return f(*arrays, *other_args, **kwargs)
/appdata/users/P101440/micromamba/envs/torch29/lib/python3.11/site-packages/scipy/_lib/_util.py:1181: RuntimeWarning: logm result may be inaccurate, approximate err = 8.742821933083178e-07
  return f(*arrays, *other_args, **kwargs)
/appdata/users/P101440/micromamba/envs/torch29/lib/python3.11/site-packages/scipy/_lib/_util.py:1181: RuntimeWarning: logm result may be inaccurate, approximate err = 1.1494335012685042e-06
  return f(*arrays, *other_args, **kwargs)
/appdata/users/P101440/micromamba/envs/torch29/lib/python3.11/site-packages/scipy/_lib/_util.py:1181: RuntimeWarning: logm result may be inaccurate, approximate err = 8.09607570317894e-07
  return f(*arrays, *other_args, **kwargs)
/appdata/users/P101440/micromamba/envs/torch29/lib/python3.11/site-packages/scipy/_lib/_util.py:1181: RuntimeWarning: logm result may be inaccurate, approximate err = 6.918927510923822e-07
  return f(*arrays, *other_args, **kwargs)
/appdata/users/P101440/micromamba/envs/torch29/lib/python3.11/site-packages/scipy/_lib/_util.py:1181: RuntimeWarning: logm result may be inaccurate, approximate err = 9.176515050057787e-07
  return f(*arrays, *other_args, **kwargs)
/appdata/users/P101440/micromamba/envs/torch29/lib/python3.11/site-packages/scipy/_lib/_util.py:1181: RuntimeWarning: logm result may be inaccurate, approximate err = 1.2140559420004138e-06
  return f(*arrays, *other_args, **kwargs)
/appdata/users/P101440/micromamba/envs/torch29/lib/python3.11/site-packages/scipy/_lib/_util.py:1181: RuntimeWarning: logm result may be inaccurate, approximate err = 9.723804623718024e-07
  return f(*arrays, *other_args, **kwargs)
/appdata/users/P101440/micromamba/envs/torch29/lib/python3.11/site-packages/scipy/_lib/_util.py:1181: RuntimeWarning: logm result may be inaccurate, approximate err = 7.716358823017799e-07
  return f(*arrays, *other_args, **kwargs)
/appdata/users/P101440/micromamba/envs/torch29/lib/python3.11/site-packages/scipy/_lib/_util.py:1181: RuntimeWarning: logm result may be inaccurate, approximate err = 8.471902788187435e-07
  return f(*arrays, *other_args, **kwargs)
/appdata/users/P101440/micromamba/envs/torch29/lib/python3.11/site-packages/scipy/_lib/_util.py:1181: RuntimeWarning: logm result may be inaccurate, approximate err = 9.639269364924985e-07
  return f(*arrays, *other_args, **kwargs)
/appdata/users/P101440/micromamba/envs/torch29/lib/python3.11/site-packages/scipy/_lib/_util.py:1181: RuntimeWarning: logm result may be inaccurate, approximate err = 1.2156801858509425e-06
  return f(*arrays, *other_args, **kwargs)
/appdata/users/P101440/micromamba/envs/torch29/lib/python3.11/site-packages/scipy/_lib/_util.py:1181: RuntimeWarning: logm result may be inaccurate, approximate err = 8.416687364842801e-07
  return f(*arrays, *other_args, **kwargs)
/appdata/users/P101440/micromamba/envs/torch29/lib/python3.11/site-packages/scipy/_lib/_util.py:1181: RuntimeWarning: logm result may be inaccurate, approximate err = 8.464747338621237e-07
  return f(*arrays, *other_args, **kwargs)
/appdata/users/P101440/micromamba/envs/torch29/lib/python3.11/site-packages/scipy/_lib/_util.py:1181: RuntimeWarning: logm result may be inaccurate, approximate err = 7.205132988019614e-07
  return f(*arrays, *other_args, **kwargs)
/appdata/users/P101440/micromamba/envs/torch29/lib/python3.11/site-packages/scipy/_lib/_util.py:1181: RuntimeWarning: logm result may be inaccurate, approximate err = 1.0590317742753541e-06
  return f(*arrays, *other_args, **kwargs)
/appdata/users/P101440/micromamba/envs/torch29/lib/python3.11/site-packages/scipy/_lib/_util.py:1181: RuntimeWarning: logm result may be inaccurate, approximate err = 8.768220141064376e-07
  return f(*arrays, *other_args, **kwargs)
/appdata/users/P101440/micromamba/envs/torch29/lib/python3.11/site-packages/scipy/_lib/_util.py:1181: RuntimeWarning: logm result may be inaccurate, approximate err = 7.778109534228861e-07
  return f(*arrays, *other_args, **kwargs)
/appdata/users/P101440/micromamba/envs/torch29/lib/python3.11/site-packages/scipy/_lib/_util.py:1181: RuntimeWarning: logm result may be inaccurate, approximate err = 9.967820915335324e-07
  return f(*arrays, *other_args, **kwargs)
/appdata/users/P101440/micromamba/envs/torch29/lib/python3.11/site-packages/scipy/_lib/_util.py:1181: RuntimeWarning: logm result may be inaccurate, approximate err = 6.307993771770271e-07
  return f(*arrays, *other_args, **kwargs)
/appdata/users/P101440/micromamba/envs/torch29/lib/python3.11/site-packages/scipy/_lib/_util.py:1181: RuntimeWarning: logm result may be inaccurate, approximate err = 8.457978424303292e-07
  return f(*arrays, *other_args, **kwargs)
/appdata/users/P101440/micromamba/envs/torch29/lib/python3.11/site-packages/scipy/_lib/_util.py:1181: RuntimeWarning: logm result may be inaccurate, approximate err = 8.421785082646238e-07
  return f(*arrays, *other_args, **kwargs)
/appdata/users/P101440/micromamba/envs/torch29/lib/python3.11/site-packages/scipy/_lib/_util.py:1181: RuntimeWarning: logm result may be inaccurate, approximate err = 7.839624913685839e-07
  return f(*arrays, *other_args, **kwargs)
/appdata/users/P101440/micromamba/envs/torch29/lib/python3.11/site-packages/scipy/_lib/_util.py:1181: RuntimeWarning: logm result may be inaccurate, approximate err = 1.3449740663418197e-06
  return f(*arrays, *other_args, **kwargs)
/appdata/users/P101440/micromamba/envs/torch29/lib/python3.11/site-packages/scipy/_lib/_util.py:1181: RuntimeWarning: logm result may be inaccurate, approximate err = 6.98434291734884e-07
  return f(*arrays, *other_args, **kwargs)
/appdata/users/P101440/micromamba/envs/torch29/lib/python3.11/site-packages/scipy/_lib/_util.py:1181: RuntimeWarning: logm result may be inaccurate, approximate err = 9.885311555990484e-07
  return f(*arrays, *other_args, **kwargs)
/appdata/users/P101440/micromamba/envs/torch29/lib/python3.11/site-packages/scipy/_lib/_util.py:1181: RuntimeWarning: logm result may be inaccurate, approximate err = 6.13631868873199e-07
  return f(*arrays, *other_args, **kwargs)
/appdata/users/P101440/micromamba/envs/torch29/lib/python3.11/site-packages/scipy/_lib/_util.py:1181: RuntimeWarning: logm result may be inaccurate, approximate err = 8.815841852083395e-07
  return f(*arrays, *other_args, **kwargs)
/appdata/users/P101440/micromamba/envs/torch29/lib/python3.11/site-packages/scipy/_lib/_util.py:1181: RuntimeWarning: logm result may be inaccurate, approximate err = 1.2485739944168017e-06
  return f(*arrays, *other_args, **kwargs)
/appdata/users/P101440/micromamba/envs/torch29/lib/python3.11/site-packages/scipy/_lib/_util.py:1181: RuntimeWarning: logm result may be inaccurate, approximate err = 9.508076459496806e-07
  return f(*arrays, *other_args, **kwargs)
/appdata/users/P101440/micromamba/envs/torch29/lib/python3.11/site-packages/scipy/_lib/_util.py:1181: RuntimeWarning: logm result may be inaccurate, approximate err = 9.471680755268608e-07
  return f(*arrays, *other_args, **kwargs)
/appdata/users/P101440/micromamba/envs/torch29/lib/python3.11/site-packages/scipy/_lib/_util.py:1181: RuntimeWarning: logm result may be inaccurate, approximate err = 8.523465453436074e-07
  return f(*arrays, *other_args, **kwargs)
/appdata/users/P101440/micromamba/envs/torch29/lib/python3.11/site-packages/scipy/_lib/_util.py:1181: RuntimeWarning: logm result may be inaccurate, approximate err = 7.747224231025029e-07
  return f(*arrays, *other_args, **kwargs)
/appdata/users/P101440/micromamba/envs/torch29/lib/python3.11/site-packages/scipy/_lib/_util.py:1181: RuntimeWarning: logm result may be inaccurate, approximate err = 8.80694528859749e-07
  return f(*arrays, *other_args, **kwargs)
/appdata/users/P101440/micromamba/envs/torch29/lib/python3.11/site-packages/scipy/_lib/_util.py:1181: RuntimeWarning: logm result may be inaccurate, approximate err = 7.358487437159056e-07
  return f(*arrays, *other_args, **kwargs)
/appdata/users/P101440/micromamba/envs/torch29/lib/python3.11/site-packages/scipy/_lib/_util.py:1181: RuntimeWarning: logm result may be inaccurate, approximate err = 8.585845989728114e-07
  return f(*arrays, *other_args, **kwargs)
/appdata/users/P101440/micromamba/envs/torch29/lib/python3.11/site-packages/scipy/_lib/_util.py:1181: RuntimeWarning: logm result may be inaccurate, approximate err = 1.0497434459466604e-06
  return f(*arrays, *other_args, **kwargs)
/appdata/users/P101440/micromamba/envs/torch29/lib/python3.11/site-packages/scipy/_lib/_util.py:1181: RuntimeWarning: logm result may be inaccurate, approximate err = 7.597060402986244e-07
  return f(*arrays, *other_args, **kwargs)
/appdata/users/P101440/micromamba/envs/torch29/lib/python3.11/site-packages/scipy/_lib/_util.py:1181: RuntimeWarning: logm result may be inaccurate, approximate err = 6.869786943752842e-07
  return f(*arrays, *other_args, **kwargs)
/appdata/users/P101440/micromamba/envs/torch29/lib/python3.11/site-packages/scipy/_lib/_util.py:1181: RuntimeWarning: logm result may be inaccurate, approximate err = 9.73704231910233e-07
  return f(*arrays, *other_args, **kwargs)
/appdata/users/P101440/micromamba/envs/torch29/lib/python3.11/site-packages/scipy/_lib/_util.py:1181: RuntimeWarning: logm result may be inaccurate, approximate err = 7.597022317895608e-07
  return f(*arrays, *other_args, **kwargs)
/appdata/users/P101440/micromamba/envs/torch29/lib/python3.11/site-packages/scipy/_lib/_util.py:1181: RuntimeWarning: logm result may be inaccurate, approximate err = 8.032549771996855e-07
  return f(*arrays, *other_args, **kwargs)
/appdata/users/P101440/micromamba/envs/torch29/lib/python3.11/site-packages/scipy/_lib/_util.py:1181: RuntimeWarning: logm result may be inaccurate, approximate err = 7.812183184796595e-07
  return f(*arrays, *other_args, **kwargs)
/appdata/users/P101440/micromamba/envs/torch29/lib/python3.11/site-packages/scipy/_lib/_util.py:1181: RuntimeWarning: logm result may be inaccurate, approximate err = 8.03521459147305e-07
  return f(*arrays, *other_args, **kwargs)
/appdata/users/P101440/micromamba/envs/torch29/lib/python3.11/site-packages/scipy/_lib/_util.py:1181: RuntimeWarning: logm result may be inaccurate, approximate err = 1.3333724382391665e-06
  return f(*arrays, *other_args, **kwargs)
/appdata/users/P101440/micromamba/envs/torch29/lib/python3.11/site-packages/scipy/_lib/_util.py:1181: RuntimeWarning: logm result may be inaccurate, approximate err = 6.247080932553217e-07
  return f(*arrays, *other_args, **kwargs)
/appdata/users/P101440/micromamba/envs/torch29/lib/python3.11/site-packages/scipy/_lib/_util.py:1181: RuntimeWarning: logm result may be inaccurate, approximate err = 8.559472348679265e-07
  return f(*arrays, *other_args, **kwargs)
/appdata/users/P101440/micromamba/envs/torch29/lib/python3.11/site-packages/scipy/_lib/_util.py:1181: RuntimeWarning: logm result may be inaccurate, approximate err = 1.1751041029128828e-06
  return f(*arrays, *other_args, **kwargs)
/appdata/users/P101440/micromamba/envs/torch29/lib/python3.11/site-packages/scipy/_lib/_util.py:1181: RuntimeWarning: logm result may be inaccurate, approximate err = 6.769215588064981e-07
  return f(*arrays, *other_args, **kwargs)
/appdata/users/P101440/micromamba/envs/torch29/lib/python3.11/site-packages/scipy/_lib/_util.py:1181: RuntimeWarning: logm result may be inaccurate, approximate err = 1.0417550129204756e-06
  return f(*arrays, *other_args, **kwargs)
/appdata/users/P101440/micromamba/envs/torch29/lib/python3.11/site-packages/scipy/_lib/_util.py:1181: RuntimeWarning: logm result may be inaccurate, approximate err = 1.3160216667529312e-06
  return f(*arrays, *other_args, **kwargs)
/appdata/users/P101440/micromamba/envs/torch29/lib/python3.11/site-packages/scipy/_lib/_util.py:1181: RuntimeWarning: logm result may be inaccurate, approximate err = 7.030697588561452e-07
  return f(*arrays, *other_args, **kwargs)
/appdata/users/P101440/micromamba/envs/torch29/lib/python3.11/site-packages/scipy/_lib/_util.py:1181: RuntimeWarning: logm result may be inaccurate, approximate err = 5.7899660532712e-07
  return f(*arrays, *other_args, **kwargs)
/appdata/users/P101440/micromamba/envs/torch29/lib/python3.11/site-packages/scipy/_lib/_util.py:1181: RuntimeWarning: logm result may be inaccurate, approximate err = 1.0649907835613703e-06
  return f(*arrays, *other_args, **kwargs)
/appdata/users/P101440/micromamba/envs/torch29/lib/python3.11/site-packages/scipy/_lib/_util.py:1181: RuntimeWarning: logm result may be inaccurate, approximate err = 8.557308319723234e-07
  return f(*arrays, *other_args, **kwargs)
/appdata/users/P101440/micromamba/envs/torch29/lib/python3.11/site-packages/scipy/_lib/_util.py:1181: RuntimeWarning: logm result may be inaccurate, approximate err = 8.045460049288522e-07
  return f(*arrays, *other_args, **kwargs)
/appdata/users/P101440/micromamba/envs/torch29/lib/python3.11/site-packages/scipy/_lib/_util.py:1181: RuntimeWarning: logm result may be inaccurate, approximate err = 1.1795829095717636e-06
  return f(*arrays, *other_args, **kwargs)
/appdata/users/P101440/micromamba/envs/torch29/lib/python3.11/site-packages/scipy/_lib/_util.py:1181: RuntimeWarning: logm result may be inaccurate, approximate err = 9.213826501763833e-07
  return f(*arrays, *other_args, **kwargs)
/appdata/users/P101440/micromamba/envs/torch29/lib/python3.11/site-packages/scipy/_lib/_util.py:1181: RuntimeWarning: logm result may be inaccurate, approximate err = 8.957538284448674e-07
  return f(*arrays, *other_args, **kwargs)
/appdata/users/P101440/micromamba/envs/torch29/lib/python3.11/site-packages/scipy/_lib/_util.py:1181: RuntimeWarning: logm result may be inaccurate, approximate err = 7.325756996579003e-07
  return f(*arrays, *other_args, **kwargs)
/appdata/users/P101440/micromamba/envs/torch29/lib/python3.11/site-packages/scipy/_lib/_util.py:1181: RuntimeWarning: logm result may be inaccurate, approximate err = 7.909443979770003e-07
  return f(*arrays, *other_args, **kwargs)
/appdata/users/P101440/micromamba/envs/torch29/lib/python3.11/site-packages/scipy/_lib/_util.py:1181: RuntimeWarning: logm result may be inaccurate, approximate err = 6.587202960872673e-07
  return f(*arrays, *other_args, **kwargs)
/appdata/users/P101440/micromamba/envs/torch29/lib/python3.11/site-packages/scipy/_lib/_util.py:1181: RuntimeWarning: logm result may be inaccurate, approximate err = 6.970860795263434e-07
  return f(*arrays, *other_args, **kwargs)
/appdata/users/P101440/micromamba/envs/torch29/lib/python3.11/site-packages/scipy/_lib/_util.py:1181: RuntimeWarning: logm result may be inaccurate, approximate err = 1.327006430074107e-06
  return f(*arrays, *other_args, **kwargs)
/appdata/users/P101440/micromamba/envs/torch29/lib/python3.11/site-packages/scipy/_lib/_util.py:1181: RuntimeWarning: logm result may be inaccurate, approximate err = 6.230993108147231e-07
  return f(*arrays, *other_args, **kwargs)
/appdata/users/P101440/micromamba/envs/torch29/lib/python3.11/site-packages/scipy/_lib/_util.py:1181: RuntimeWarning: logm result may be inaccurate, approximate err = 1.1048225587728666e-06
  return f(*arrays, *other_args, **kwargs)
/appdata/users/P101440/micromamba/envs/torch29/lib/python3.11/site-packages/scipy/_lib/_util.py:1181: RuntimeWarning: logm result may be inaccurate, approximate err = 8.816789431875804e-07
  return f(*arrays, *other_args, **kwargs)
/appdata/users/P101440/micromamba/envs/torch29/lib/python3.11/site-packages/scipy/_lib/_util.py:1181: RuntimeWarning: logm result may be inaccurate, approximate err = 6.002250074743642e-07
  return f(*arrays, *other_args, **kwargs)
/appdata/users/P101440/micromamba/envs/torch29/lib/python3.11/site-packages/scipy/_lib/_util.py:1181: RuntimeWarning: logm result may be inaccurate, approximate err = 6.309118134595337e-07
  return f(*arrays, *other_args, **kwargs)
/appdata/users/P101440/micromamba/envs/torch29/lib/python3.11/site-packages/scipy/_lib/_util.py:1181: RuntimeWarning: logm result may be inaccurate, approximate err = 1.0686870837162132e-06
  return f(*arrays, *other_args, **kwargs)
/appdata/users/P101440/micromamba/envs/torch29/lib/python3.11/site-packages/scipy/_lib/_util.py:1181: RuntimeWarning: logm result may be inaccurate, approximate err = 7.807396400494326e-07
  return f(*arrays, *other_args, **kwargs)
/appdata/users/P101440/micromamba/envs/torch29/lib/python3.11/site-packages/scipy/_lib/_util.py:1181: RuntimeWarning: logm result may be inaccurate, approximate err = 1.0298465440428117e-06
  return f(*arrays, *other_args, **kwargs)
/appdata/users/P101440/micromamba/envs/torch29/lib/python3.11/site-packages/scipy/_lib/_util.py:1181: RuntimeWarning: logm result may be inaccurate, approximate err = 9.619966476748232e-07
  return f(*arrays, *other_args, **kwargs)
/appdata/users/P101440/micromamba/envs/torch29/lib/python3.11/site-packages/scipy/_lib/_util.py:1181: RuntimeWarning: logm result may be inaccurate, approximate err = 6.988697123233578e-07
  return f(*arrays, *other_args, **kwargs)
/appdata/users/P101440/micromamba/envs/torch29/lib/python3.11/site-packages/scipy/_lib/_util.py:1181: RuntimeWarning: logm result may be inaccurate, approximate err = 6.870463380437286e-07
  return f(*arrays, *other_args, **kwargs)
/appdata/users/P101440/micromamba/envs/torch29/lib/python3.11/site-packages/scipy/_lib/_util.py:1181: RuntimeWarning: logm result may be inaccurate, approximate err = 6.866090416224324e-07
  return f(*arrays, *other_args, **kwargs)
/appdata/users/P101440/micromamba/envs/torch29/lib/python3.11/site-packages/scipy/_lib/_util.py:1181: RuntimeWarning: logm result may be inaccurate, approximate err = 8.121388646031846e-07
  return f(*arrays, *other_args, **kwargs)
/appdata/users/P101440/micromamba/envs/torch29/lib/python3.11/site-packages/scipy/_lib/_util.py:1181: RuntimeWarning: logm result may be inaccurate, approximate err = 7.816223615009221e-07
  return f(*arrays, *other_args, **kwargs)
/appdata/users/P101440/micromamba/envs/torch29/lib/python3.11/site-packages/scipy/_lib/_util.py:1181: RuntimeWarning: logm result may be inaccurate, approximate err = 8.596126122029091e-07
  return f(*arrays, *other_args, **kwargs)
/appdata/users/P101440/micromamba/envs/torch29/lib/python3.11/site-packages/scipy/_lib/_util.py:1181: RuntimeWarning: logm result may be inaccurate, approximate err = 6.249719604056736e-07
  return f(*arrays, *other_args, **kwargs)
/appdata/users/P101440/micromamba/envs/torch29/lib/python3.11/site-packages/scipy/_lib/_util.py:1181: RuntimeWarning: logm result may be inaccurate, approximate err = 1.1796087164839264e-06
  return f(*arrays, *other_args, **kwargs)
/appdata/users/P101440/micromamba/envs/torch29/lib/python3.11/site-packages/scipy/_lib/_util.py:1181: RuntimeWarning: logm result may be inaccurate, approximate err = 7.745812808934716e-07
  return f(*arrays, *other_args, **kwargs)
/appdata/users/P101440/micromamba/envs/torch29/lib/python3.11/site-packages/scipy/_lib/_util.py:1181: RuntimeWarning: logm result may be inaccurate, approximate err = 1.1777951840485912e-06
  return f(*arrays, *other_args, **kwargs)
/appdata/users/P101440/micromamba/envs/torch29/lib/python3.11/site-packages/scipy/_lib/_util.py:1181: RuntimeWarning: logm result may be inaccurate, approximate err = 9.113672945204598e-07
  return f(*arrays, *other_args, **kwargs)
/appdata/users/P101440/micromamba/envs/torch29/lib/python3.11/site-packages/scipy/_lib/_util.py:1181: RuntimeWarning: logm result may be inaccurate, approximate err = 9.428217140339257e-07
  return f(*arrays, *other_args, **kwargs)
/appdata/users/P101440/micromamba/envs/torch29/lib/python3.11/site-packages/scipy/_lib/_util.py:1181: RuntimeWarning: logm result may be inaccurate, approximate err = 9.200933277497825e-07
  return f(*arrays, *other_args, **kwargs)
/appdata/users/P101440/micromamba/envs/torch29/lib/python3.11/site-packages/scipy/_lib/_util.py:1181: RuntimeWarning: logm result may be inaccurate, approximate err = 9.137664278568991e-07
  return f(*arrays, *other_args, **kwargs)
/appdata/users/P101440/micromamba/envs/torch29/lib/python3.11/site-packages/scipy/_lib/_util.py:1181: RuntimeWarning: logm result may be inaccurate, approximate err = 9.105906997319835e-07
  return f(*arrays, *other_args, **kwargs)
/appdata/users/P101440/micromamba/envs/torch29/lib/python3.11/site-packages/scipy/_lib/_util.py:1181: RuntimeWarning: logm result may be inaccurate, approximate err = 1.0724427284003468e-06
  return f(*arrays, *other_args, **kwargs)
/appdata/users/P101440/micromamba/envs/torch29/lib/python3.11/site-packages/scipy/_lib/_util.py:1181: RuntimeWarning: logm result may be inaccurate, approximate err = 7.566239332845726e-07
  return f(*arrays, *other_args, **kwargs)
/appdata/users/P101440/micromamba/envs/torch29/lib/python3.11/site-packages/scipy/_lib/_util.py:1181: RuntimeWarning: logm result may be inaccurate, approximate err = 5.801642259939399e-07
  return f(*arrays, *other_args, **kwargs)
/appdata/users/P101440/micromamba/envs/torch29/lib/python3.11/site-packages/scipy/_lib/_util.py:1181: RuntimeWarning: logm result may be inaccurate, approximate err = 9.621545586924185e-07
  return f(*arrays, *other_args, **kwargs)
/appdata/users/P101440/micromamba/envs/torch29/lib/python3.11/site-packages/scipy/_lib/_util.py:1181: RuntimeWarning: logm result may be inaccurate, approximate err = 9.179747735288402e-07
  return f(*arrays, *other_args, **kwargs)
/appdata/users/P101440/micromamba/envs/torch29/lib/python3.11/site-packages/scipy/_lib/_util.py:1181: RuntimeWarning: logm result may be inaccurate, approximate err = 7.816495894985565e-07
  return f(*arrays, *other_args, **kwargs)
/appdata/users/P101440/micromamba/envs/torch29/lib/python3.11/site-packages/scipy/_lib/_util.py:1181: RuntimeWarning: logm result may be inaccurate, approximate err = 6.962985139580269e-07
  return f(*arrays, *other_args, **kwargs)
/appdata/users/P101440/micromamba/envs/torch29/lib/python3.11/site-packages/scipy/_lib/_util.py:1181: RuntimeWarning: logm result may be inaccurate, approximate err = 1.3091524806441157e-06
  return f(*arrays, *other_args, **kwargs)
/appdata/users/P101440/micromamba/envs/torch29/lib/python3.11/site-packages/scipy/_lib/_util.py:1181: RuntimeWarning: logm result may be inaccurate, approximate err = 8.153345447681204e-07
  return f(*arrays, *other_args, **kwargs)
/appdata/users/P101440/micromamba/envs/torch29/lib/python3.11/site-packages/scipy/_lib/_util.py:1181: RuntimeWarning: logm result may be inaccurate, approximate err = 7.233148267005163e-07
  return f(*arrays, *other_args, **kwargs)
/appdata/users/P101440/micromamba/envs/torch29/lib/python3.11/site-packages/scipy/_lib/_util.py:1181: RuntimeWarning: logm result may be inaccurate, approximate err = 9.542243333271472e-07
  return f(*arrays, *other_args, **kwargs)
/appdata/users/P101440/micromamba/envs/torch29/lib/python3.11/site-packages/scipy/_lib/_util.py:1181: RuntimeWarning: logm result may be inaccurate, approximate err = 6.070773679311969e-07
  return f(*arrays, *other_args, **kwargs)
/appdata/users/P101440/micromamba/envs/torch29/lib/python3.11/site-packages/scipy/_lib/_util.py:1181: RuntimeWarning: logm result may be inaccurate, approximate err = 7.99267354523181e-07
  return f(*arrays, *other_args, **kwargs)
/appdata/users/P101440/micromamba/envs/torch29/lib/python3.11/site-packages/scipy/_lib/_util.py:1181: RuntimeWarning: logm result may be inaccurate, approximate err = 7.201522294053575e-07
  return f(*arrays, *other_args, **kwargs)
/appdata/users/P101440/micromamba/envs/torch29/lib/python3.11/site-packages/scipy/_lib/_util.py:1181: RuntimeWarning: logm result may be inaccurate, approximate err = 1.0864278010558337e-06
  return f(*arrays, *other_args, **kwargs)
/appdata/users/P101440/micromamba/envs/torch29/lib/python3.11/site-packages/scipy/_lib/_util.py:1181: RuntimeWarning: logm result may be inaccurate, approximate err = 8.331494996127731e-07
  return f(*arrays, *other_args, **kwargs)
/appdata/users/P101440/micromamba/envs/torch29/lib/python3.11/site-packages/scipy/_lib/_util.py:1181: RuntimeWarning: logm result may be inaccurate, approximate err = 1.027984581014607e-06
  return f(*arrays, *other_args, **kwargs)
/appdata/users/P101440/micromamba/envs/torch29/lib/python3.11/site-packages/scipy/_lib/_util.py:1181: RuntimeWarning: logm result may be inaccurate, approximate err = 8.024626936276036e-07
  return f(*arrays, *other_args, **kwargs)
/appdata/users/P101440/micromamba/envs/torch29/lib/python3.11/site-packages/scipy/_lib/_util.py:1181: RuntimeWarning: logm result may be inaccurate, approximate err = 1.0146590057047433e-06
  return f(*arrays, *other_args, **kwargs)
/appdata/users/P101440/micromamba/envs/torch29/lib/python3.11/site-packages/scipy/_lib/_util.py:1181: RuntimeWarning: logm result may be inaccurate, approximate err = 8.366170050067012e-07
  return f(*arrays, *other_args, **kwargs)
/appdata/users/P101440/micromamba/envs/torch29/lib/python3.11/site-packages/scipy/_lib/_util.py:1181: RuntimeWarning: logm result may be inaccurate, approximate err = 7.56549411562446e-07
  return f(*arrays, *other_args, **kwargs)
/appdata/users/P101440/micromamba/envs/torch29/lib/python3.11/site-packages/scipy/_lib/_util.py:1181: RuntimeWarning: logm result may be inaccurate, approximate err = 7.128035690584511e-07
  return f(*arrays, *other_args, **kwargs)
/appdata/users/P101440/micromamba/envs/torch29/lib/python3.11/site-packages/scipy/_lib/_util.py:1181: RuntimeWarning: logm result may be inaccurate, approximate err = 8.306448080475093e-07
  return f(*arrays, *other_args, **kwargs)
/appdata/users/P101440/micromamba/envs/torch29/lib/python3.11/site-packages/scipy/_lib/_util.py:1181: RuntimeWarning: logm result may be inaccurate, approximate err = 7.795836154400604e-07
  return f(*arrays, *other_args, **kwargs)
/appdata/users/P101440/micromamba/envs/torch29/lib/python3.11/site-packages/scipy/_lib/_util.py:1181: RuntimeWarning: logm result may be inaccurate, approximate err = 7.025187187537085e-07
  return f(*arrays, *other_args, **kwargs)
/appdata/users/P101440/micromamba/envs/torch29/lib/python3.11/site-packages/scipy/_lib/_util.py:1181: RuntimeWarning: logm result may be inaccurate, approximate err = 8.638864983367966e-07
  return f(*arrays, *other_args, **kwargs)
/appdata/users/P101440/micromamba/envs/torch29/lib/python3.11/site-packages/scipy/_lib/_util.py:1181: RuntimeWarning: logm result may be inaccurate, approximate err = 7.551706175945583e-07
  return f(*arrays, *other_args, **kwargs)
/appdata/users/P101440/micromamba/envs/torch29/lib/python3.11/site-packages/scipy/_lib/_util.py:1181: RuntimeWarning: logm result may be inaccurate, approximate err = 1.1431810662543285e-06
  return f(*arrays, *other_args, **kwargs)
/appdata/users/P101440/micromamba/envs/torch29/lib/python3.11/site-packages/scipy/_lib/_util.py:1181: RuntimeWarning: logm result may be inaccurate, approximate err = 8.197135912269005e-07
  return f(*arrays, *other_args, **kwargs)
/appdata/users/P101440/micromamba/envs/torch29/lib/python3.11/site-packages/scipy/_lib/_util.py:1181: RuntimeWarning: logm result may be inaccurate, approximate err = 7.764444944768911e-07
  return f(*arrays, *other_args, **kwargs)
/appdata/users/P101440/micromamba/envs/torch29/lib/python3.11/site-packages/scipy/_lib/_util.py:1181: RuntimeWarning: logm result may be inaccurate, approximate err = 8.275511049760098e-07
  return f(*arrays, *other_args, **kwargs)
/appdata/users/P101440/micromamba/envs/torch29/lib/python3.11/site-packages/scipy/_lib/_util.py:1181: RuntimeWarning: logm result may be inaccurate, approximate err = 8.496006671521172e-07
  return f(*arrays, *other_args, **kwargs)
/appdata/users/P101440/micromamba/envs/torch29/lib/python3.11/site-packages/scipy/_lib/_util.py:1181: RuntimeWarning: logm result may be inaccurate, approximate err = 1.2348524478511536e-06
  return f(*arrays, *other_args, **kwargs)
/appdata/users/P101440/micromamba/envs/torch29/lib/python3.11/site-packages/scipy/_lib/_util.py:1181: RuntimeWarning: logm result may be inaccurate, approximate err = 6.374721692736784e-07
  return f(*arrays, *other_args, **kwargs)
/appdata/users/P101440/micromamba/envs/torch29/lib/python3.11/site-packages/scipy/_lib/_util.py:1181: RuntimeWarning: logm result may be inaccurate, approximate err = 7.270613195942133e-07
  return f(*arrays, *other_args, **kwargs)
/appdata/users/P101440/micromamba/envs/torch29/lib/python3.11/site-packages/scipy/_lib/_util.py:1181: RuntimeWarning: logm result may be inaccurate, approximate err = 7.613760431013361e-07
  return f(*arrays, *other_args, **kwargs)
/appdata/users/P101440/micromamba/envs/torch29/lib/python3.11/site-packages/scipy/_lib/_util.py:1181: RuntimeWarning: logm result may be inaccurate, approximate err = 6.484090135927545e-07
  return f(*arrays, *other_args, **kwargs)
/appdata/users/P101440/micromamba/envs/torch29/lib/python3.11/site-packages/scipy/_lib/_util.py:1181: RuntimeWarning: logm result may be inaccurate, approximate err = 1.049137154041091e-06
  return f(*arrays, *other_args, **kwargs)
/appdata/users/P101440/micromamba/envs/torch29/lib/python3.11/site-packages/scipy/_lib/_util.py:1181: RuntimeWarning: logm result may be inaccurate, approximate err = 1.195290337818733e-06
  return f(*arrays, *other_args, **kwargs)
/appdata/users/P101440/micromamba/envs/torch29/lib/python3.11/site-packages/scipy/_lib/_util.py:1181: RuntimeWarning: logm result may be inaccurate, approximate err = 5.491107231136994e-07
  return f(*arrays, *other_args, **kwargs)
/appdata/users/P101440/micromamba/envs/torch29/lib/python3.11/site-packages/scipy/_lib/_util.py:1181: RuntimeWarning: logm result may be inaccurate, approximate err = 8.113428293654579e-07
  return f(*arrays, *other_args, **kwargs)
/appdata/users/P101440/micromamba/envs/torch29/lib/python3.11/site-packages/scipy/_lib/_util.py:1181: RuntimeWarning: logm result may be inaccurate, approximate err = 7.096429044395336e-07
  return f(*arrays, *other_args, **kwargs)
/appdata/users/P101440/micromamba/envs/torch29/lib/python3.11/site-packages/scipy/_lib/_util.py:1181: RuntimeWarning: logm result may be inaccurate, approximate err = 9.145547323896608e-07
  return f(*arrays, *other_args, **kwargs)
/appdata/users/P101440/micromamba/envs/torch29/lib/python3.11/site-packages/scipy/_lib/_util.py:1181: RuntimeWarning: logm result may be inaccurate, approximate err = 6.862828172415902e-07
  return f(*arrays, *other_args, **kwargs)
/appdata/users/P101440/micromamba/envs/torch29/lib/python3.11/site-packages/scipy/_lib/_util.py:1181: RuntimeWarning: logm result may be inaccurate, approximate err = 9.269692782254424e-07
  return f(*arrays, *other_args, **kwargs)
/appdata/users/P101440/micromamba/envs/torch29/lib/python3.11/site-packages/scipy/_lib/_util.py:1181: RuntimeWarning: logm result may be inaccurate, approximate err = 9.103168281399121e-07
  return f(*arrays, *other_args, **kwargs)
/appdata/users/P101440/micromamba/envs/torch29/lib/python3.11/site-packages/scipy/_lib/_util.py:1181: RuntimeWarning: logm result may be inaccurate, approximate err = 9.642511713536805e-07
  return f(*arrays, *other_args, **kwargs)
/appdata/users/P101440/micromamba/envs/torch29/lib/python3.11/site-packages/scipy/_lib/_util.py:1181: RuntimeWarning: logm result may be inaccurate, approximate err = 7.956783747431473e-07
  return f(*arrays, *other_args, **kwargs)
/appdata/users/P101440/micromamba/envs/torch29/lib/python3.11/site-packages/scipy/_lib/_util.py:1181: RuntimeWarning: logm result may be inaccurate, approximate err = 7.965736017467862e-07
  return f(*arrays, *other_args, **kwargs)
/appdata/users/P101440/micromamba/envs/torch29/lib/python3.11/site-packages/scipy/_lib/_util.py:1181: RuntimeWarning: logm result may be inaccurate, approximate err = 6.035334649823199e-07
  return f(*arrays, *other_args, **kwargs)
/appdata/users/P101440/micromamba/envs/torch29/lib/python3.11/site-packages/scipy/_lib/_util.py:1181: RuntimeWarning: logm result may be inaccurate, approximate err = 9.123688755607873e-07
  return f(*arrays, *other_args, **kwargs)
/appdata/users/P101440/micromamba/envs/torch29/lib/python3.11/site-packages/scipy/_lib/_util.py:1181: RuntimeWarning: logm result may be inaccurate, approximate err = 5.460560714709572e-07
  return f(*arrays, *other_args, **kwargs)
/appdata/users/P101440/micromamba/envs/torch29/lib/python3.11/site-packages/scipy/_lib/_util.py:1181: RuntimeWarning: logm result may be inaccurate, approximate err = 5.915370593356784e-07
  return f(*arrays, *other_args, **kwargs)
/appdata/users/P101440/micromamba/envs/torch29/lib/python3.11/site-packages/scipy/_lib/_util.py:1181: RuntimeWarning: logm result may be inaccurate, approximate err = 7.604378424730385e-07
  return f(*arrays, *other_args, **kwargs)
/appdata/users/P101440/micromamba/envs/torch29/lib/python3.11/site-packages/scipy/_lib/_util.py:1181: RuntimeWarning: logm result may be inaccurate, approximate err = 8.731496450309351e-07
  return f(*arrays, *other_args, **kwargs)
/appdata/users/P101440/micromamba/envs/torch29/lib/python3.11/site-packages/scipy/_lib/_util.py:1181: RuntimeWarning: logm result may be inaccurate, approximate err = 6.577932367690664e-07
  return f(*arrays, *other_args, **kwargs)
/appdata/users/P101440/micromamba/envs/torch29/lib/python3.11/site-packages/scipy/_lib/_util.py:1181: RuntimeWarning: logm result may be inaccurate, approximate err = 7.98820565250935e-07
  return f(*arrays, *other_args, **kwargs)
/appdata/users/P101440/micromamba/envs/torch29/lib/python3.11/site-packages/scipy/_lib/_util.py:1181: RuntimeWarning: logm result may be inaccurate, approximate err = 9.762667332324781e-07
  return f(*arrays, *other_args, **kwargs)
/appdata/users/P101440/micromamba/envs/torch29/lib/python3.11/site-packages/scipy/_lib/_util.py:1181: RuntimeWarning: logm result may be inaccurate, approximate err = 6.777381145184336e-07
  return f(*arrays, *other_args, **kwargs)
/appdata/users/P101440/micromamba/envs/torch29/lib/python3.11/site-packages/scipy/_lib/_util.py:1181: RuntimeWarning: logm result may be inaccurate, approximate err = 6.573449127245112e-07
  return f(*arrays, *other_args, **kwargs)
/appdata/users/P101440/micromamba/envs/torch29/lib/python3.11/site-packages/scipy/_lib/_util.py:1181: RuntimeWarning: logm result may be inaccurate, approximate err = 8.268879128081608e-07
  return f(*arrays, *other_args, **kwargs)
/appdata/users/P101440/micromamba/envs/torch29/lib/python3.11/site-packages/scipy/_lib/_util.py:1181: RuntimeWarning: logm result may be inaccurate, approximate err = 6.306844966275094e-07
  return f(*arrays, *other_args, **kwargs)
/appdata/users/P101440/micromamba/envs/torch29/lib/python3.11/site-packages/scipy/_lib/_util.py:1181: RuntimeWarning: logm result may be inaccurate, approximate err = 8.27482438126026e-07
  return f(*arrays, *other_args, **kwargs)
/appdata/users/P101440/micromamba/envs/torch29/lib/python3.11/site-packages/scipy/_lib/_util.py:1181: RuntimeWarning: logm result may be inaccurate, approximate err = 7.410005764540983e-07
  return f(*arrays, *other_args, **kwargs)
/appdata/users/P101440/micromamba/envs/torch29/lib/python3.11/site-packages/scipy/_lib/_util.py:1181: RuntimeWarning: logm result may be inaccurate, approximate err = 8.670193096804724e-07
  return f(*arrays, *other_args, **kwargs)
/appdata/users/P101440/micromamba/envs/torch29/lib/python3.11/site-packages/scipy/_lib/_util.py:1181: RuntimeWarning: logm result may be inaccurate, approximate err = 9.571627970217378e-07
  return f(*arrays, *other_args, **kwargs)
/appdata/users/P101440/micromamba/envs/torch29/lib/python3.11/site-packages/scipy/_lib/_util.py:1181: RuntimeWarning: logm result may be inaccurate, approximate err = 1.169072675111238e-06
  return f(*arrays, *other_args, **kwargs)
/appdata/users/P101440/micromamba/envs/torch29/lib/python3.11/site-packages/scipy/_lib/_util.py:1181: RuntimeWarning: logm result may be inaccurate, approximate err = 7.481920647478546e-07
  return f(*arrays, *other_args, **kwargs)
/appdata/users/P101440/micromamba/envs/torch29/lib/python3.11/site-packages/scipy/_lib/_util.py:1181: RuntimeWarning: logm result may be inaccurate, approximate err = 7.385213507404842e-07
  return f(*arrays, *other_args, **kwargs)
/appdata/users/P101440/micromamba/envs/torch29/lib/python3.11/site-packages/scipy/_lib/_util.py:1181: RuntimeWarning: logm result may be inaccurate, approximate err = 1.3326720136319636e-06
  return f(*arrays, *other_args, **kwargs)
/appdata/users/P101440/micromamba/envs/torch29/lib/python3.11/site-packages/scipy/_lib/_util.py:1181: RuntimeWarning: logm result may be inaccurate, approximate err = 6.631465225837019e-07
  return f(*arrays, *other_args, **kwargs)
/appdata/users/P101440/micromamba/envs/torch29/lib/python3.11/site-packages/scipy/_lib/_util.py:1181: RuntimeWarning: logm result may be inaccurate, approximate err = 8.570297609367117e-07
  return f(*arrays, *other_args, **kwargs)
/appdata/users/P101440/micromamba/envs/torch29/lib/python3.11/site-packages/scipy/_lib/_util.py:1181: RuntimeWarning: logm result may be inaccurate, approximate err = 7.348131703110994e-07
  return f(*arrays, *other_args, **kwargs)
/appdata/users/P101440/micromamba/envs/torch29/lib/python3.11/site-packages/scipy/_lib/_util.py:1181: RuntimeWarning: logm result may be inaccurate, approximate err = 7.71874738347833e-07
  return f(*arrays, *other_args, **kwargs)
/appdata/users/P101440/micromamba/envs/torch29/lib/python3.11/site-packages/scipy/_lib/_util.py:1181: RuntimeWarning: logm result may be inaccurate, approximate err = 6.821048259553208e-07
  return f(*arrays, *other_args, **kwargs)
/appdata/users/P101440/micromamba/envs/torch29/lib/python3.11/site-packages/scipy/_lib/_util.py:1181: RuntimeWarning: logm result may be inaccurate, approximate err = 8.234830488618172e-07
  return f(*arrays, *other_args, **kwargs)
/appdata/users/P101440/micromamba/envs/torch29/lib/python3.11/site-packages/scipy/_lib/_util.py:1181: RuntimeWarning: logm result may be inaccurate, approximate err = 9.05098147541139e-07
  return f(*arrays, *other_args, **kwargs)
/appdata/users/P101440/micromamba/envs/torch29/lib/python3.11/site-packages/scipy/_lib/_util.py:1181: RuntimeWarning: logm result may be inaccurate, approximate err = 9.845543900155462e-07
  return f(*arrays, *other_args, **kwargs)
/appdata/users/P101440/micromamba/envs/torch29/lib/python3.11/site-packages/scipy/_lib/_util.py:1181: RuntimeWarning: logm result may be inaccurate, approximate err = 8.601247145634261e-07
  return f(*arrays, *other_args, **kwargs)
/appdata/users/P101440/micromamba/envs/torch29/lib/python3.11/site-packages/scipy/_lib/_util.py:1181: RuntimeWarning: logm result may be inaccurate, approximate err = 1.1882053740919218e-06
  return f(*arrays, *other_args, **kwargs)
/appdata/users/P101440/micromamba/envs/torch29/lib/python3.11/site-packages/scipy/_lib/_util.py:1181: RuntimeWarning: logm result may be inaccurate, approximate err = 8.790944434622361e-07
  return f(*arrays, *other_args, **kwargs)
/appdata/users/P101440/micromamba/envs/torch29/lib/python3.11/site-packages/scipy/_lib/_util.py:1181: RuntimeWarning: logm result may be inaccurate, approximate err = 1.1186594974788022e-06
  return f(*arrays, *other_args, **kwargs)
/appdata/users/P101440/micromamba/envs/torch29/lib/python3.11/site-packages/scipy/_lib/_util.py:1181: RuntimeWarning: logm result may be inaccurate, approximate err = 8.513626994499646e-07
  return f(*arrays, *other_args, **kwargs)
/appdata/users/P101440/micromamba/envs/torch29/lib/python3.11/site-packages/scipy/_lib/_util.py:1181: RuntimeWarning: logm result may be inaccurate, approximate err = 1.311329469899647e-06
  return f(*arrays, *other_args, **kwargs)
/appdata/users/P101440/micromamba/envs/torch29/lib/python3.11/site-packages/scipy/_lib/_util.py:1181: RuntimeWarning: logm result may be inaccurate, approximate err = 5.977960313430231e-07
  return f(*arrays, *other_args, **kwargs)
/appdata/users/P101440/micromamba/envs/torch29/lib/python3.11/site-packages/scipy/_lib/_util.py:1181: RuntimeWarning: logm result may be inaccurate, approximate err = 1.1606715588641237e-06
  return f(*arrays, *other_args, **kwargs)
/appdata/users/P101440/micromamba/envs/torch29/lib/python3.11/site-packages/scipy/_lib/_util.py:1181: RuntimeWarning: logm result may be inaccurate, approximate err = 7.815951335032878e-07
  return f(*arrays, *other_args, **kwargs)
/appdata/users/P101440/micromamba/envs/torch29/lib/python3.11/site-packages/scipy/_lib/_util.py:1181: RuntimeWarning: logm result may be inaccurate, approximate err = 6.209012326507946e-07
  return f(*arrays, *other_args, **kwargs)
/appdata/users/P101440/micromamba/envs/torch29/lib/python3.11/site-packages/scipy/_lib/_util.py:1181: RuntimeWarning: logm result may be inaccurate, approximate err = 9.209471727444907e-07
  return f(*arrays, *other_args, **kwargs)
/appdata/users/P101440/micromamba/envs/torch29/lib/python3.11/site-packages/scipy/_lib/_util.py:1181: RuntimeWarning: logm result may be inaccurate, approximate err = 8.813207159619196e-07
  return f(*arrays, *other_args, **kwargs)
/appdata/users/P101440/micromamba/envs/torch29/lib/python3.11/site-packages/scipy/_lib/_util.py:1181: RuntimeWarning: logm result may be inaccurate, approximate err = 5.789416377410816e-07
  return f(*arrays, *other_args, **kwargs)
/appdata/users/P101440/micromamba/envs/torch29/lib/python3.11/site-packages/scipy/_lib/_util.py:1181: RuntimeWarning: logm result may be inaccurate, approximate err = 7.679768714297097e-07
  return f(*arrays, *other_args, **kwargs)
/appdata/users/P101440/micromamba/envs/torch29/lib/python3.11/site-packages/scipy/_lib/_util.py:1181: RuntimeWarning: logm result may be inaccurate, approximate err = 7.393093142127327e-07
  return f(*arrays, *other_args, **kwargs)
/appdata/users/P101440/micromamba/envs/torch29/lib/python3.11/site-packages/scipy/_lib/_util.py:1181: RuntimeWarning: logm result may be inaccurate, approximate err = 1.1044807024518377e-06
  return f(*arrays, *other_args, **kwargs)
/appdata/users/P101440/micromamba/envs/torch29/lib/python3.11/site-packages/scipy/_lib/_util.py:1181: RuntimeWarning: logm result may be inaccurate, approximate err = 9.690626256997348e-07
  return f(*arrays, *other_args, **kwargs)
/appdata/users/P101440/micromamba/envs/torch29/lib/python3.11/site-packages/scipy/_lib/_util.py:1181: RuntimeWarning: logm result may be inaccurate, approximate err = 7.646083304280182e-07
  return f(*arrays, *other_args, **kwargs)
/appdata/users/P101440/micromamba/envs/torch29/lib/python3.11/site-packages/scipy/_lib/_util.py:1181: RuntimeWarning: logm result may be inaccurate, approximate err = 7.285689207492396e-07
  return f(*arrays, *other_args, **kwargs)
/appdata/users/P101440/micromamba/envs/torch29/lib/python3.11/site-packages/scipy/_lib/_util.py:1181: RuntimeWarning: logm result may be inaccurate, approximate err = 1.1031764870494953e-06
  return f(*arrays, *other_args, **kwargs)
/appdata/users/P101440/micromamba/envs/torch29/lib/python3.11/site-packages/scipy/_lib/_util.py:1181: RuntimeWarning: logm result may be inaccurate, approximate err = 8.79812432685867e-07
  return f(*arrays, *other_args, **kwargs)
/appdata/users/P101440/micromamba/envs/torch29/lib/python3.11/site-packages/scipy/_lib/_util.py:1181: RuntimeWarning: logm result may be inaccurate, approximate err = 7.940155910546309e-07
  return f(*arrays, *other_args, **kwargs)
/appdata/users/P101440/micromamba/envs/torch29/lib/python3.11/site-packages/scipy/_lib/_util.py:1181: RuntimeWarning: logm result may be inaccurate, approximate err = 7.379436510746018e-07
  return f(*arrays, *other_args, **kwargs)
/appdata/users/P101440/micromamba/envs/torch29/lib/python3.11/site-packages/scipy/_lib/_util.py:1181: RuntimeWarning: logm result may be inaccurate, approximate err = 8.585503223912383e-07
  return f(*arrays, *other_args, **kwargs)
/appdata/users/P101440/micromamba/envs/torch29/lib/python3.11/site-packages/scipy/_lib/_util.py:1181: RuntimeWarning: logm result may be inaccurate, approximate err = 8.712304975233565e-07
  return f(*arrays, *other_args, **kwargs)
/appdata/users/P101440/micromamba/envs/torch29/lib/python3.11/site-packages/scipy/_lib/_util.py:1181: RuntimeWarning: logm result may be inaccurate, approximate err = 8.665271593599755e-07
  return f(*arrays, *other_args, **kwargs)
/appdata/users/P101440/micromamba/envs/torch29/lib/python3.11/site-packages/scipy/_lib/_util.py:1181: RuntimeWarning: logm result may be inaccurate, approximate err = 1.079360231415194e-06
  return f(*arrays, *other_args, **kwargs)
/appdata/users/P101440/micromamba/envs/torch29/lib/python3.11/site-packages/scipy/_lib/_util.py:1181: RuntimeWarning: logm result may be inaccurate, approximate err = 1.0557664609223139e-06
  return f(*arrays, *other_args, **kwargs)
/appdata/users/P101440/micromamba/envs/torch29/lib/python3.11/site-packages/scipy/_lib/_util.py:1181: RuntimeWarning: logm result may be inaccurate, approximate err = 7.582015655316354e-07
  return f(*arrays, *other_args, **kwargs)
/appdata/users/P101440/micromamba/envs/torch29/lib/python3.11/site-packages/scipy/_lib/_util.py:1181: RuntimeWarning: logm result may be inaccurate, approximate err = 7.271177082657232e-07
  return f(*arrays, *other_args, **kwargs)
/appdata/users/P101440/micromamba/envs/torch29/lib/python3.11/site-packages/scipy/_lib/_util.py:1181: RuntimeWarning: logm result may be inaccurate, approximate err = 1.124925347539829e-06
  return f(*arrays, *other_args, **kwargs)
/appdata/users/P101440/micromamba/envs/torch29/lib/python3.11/site-packages/scipy/_lib/_util.py:1181: RuntimeWarning: logm result may be inaccurate, approximate err = 6.342862661767867e-07
  return f(*arrays, *other_args, **kwargs)
/appdata/users/P101440/micromamba/envs/torch29/lib/python3.11/site-packages/scipy/_lib/_util.py:1181: RuntimeWarning: logm result may be inaccurate, approximate err = 8.70476810632681e-07
  return f(*arrays, *other_args, **kwargs)
/appdata/users/P101440/micromamba/envs/torch29/lib/python3.11/site-packages/scipy/_lib/_util.py:1181: RuntimeWarning: logm result may be inaccurate, approximate err = 7.375185759883607e-07
  return f(*arrays, *other_args, **kwargs)
/appdata/users/P101440/micromamba/envs/torch29/lib/python3.11/site-packages/scipy/_lib/_util.py:1181: RuntimeWarning: logm result may be inaccurate, approximate err = 5.44840816019132e-07
  return f(*arrays, *other_args, **kwargs)
/appdata/users/P101440/micromamba/envs/torch29/lib/python3.11/site-packages/scipy/_lib/_util.py:1181: RuntimeWarning: logm result may be inaccurate, approximate err = 5.47270701645175e-07
  return f(*arrays, *other_args, **kwargs)
/appdata/users/P101440/micromamba/envs/torch29/lib/python3.11/site-packages/scipy/_lib/_util.py:1181: RuntimeWarning: logm result may be inaccurate, approximate err = 6.74851492021844e-07
  return f(*arrays, *other_args, **kwargs)
/appdata/users/P101440/micromamba/envs/torch29/lib/python3.11/site-packages/scipy/_lib/_util.py:1181: RuntimeWarning: logm result may be inaccurate, approximate err = 5.467778123602329e-07
  return f(*arrays, *other_args, **kwargs)
/appdata/users/P101440/micromamba/envs/torch29/lib/python3.11/site-packages/scipy/_lib/_util.py:1181: RuntimeWarning: logm result may be inaccurate, approximate err = 6.849678584330832e-07
  return f(*arrays, *other_args, **kwargs)
/appdata/users/P101440/micromamba/envs/torch29/lib/python3.11/site-packages/scipy/_lib/_util.py:1181: RuntimeWarning: logm result may be inaccurate, approximate err = 1.0805990768858464e-06
  return f(*arrays, *other_args, **kwargs)
/appdata/users/P101440/micromamba/envs/torch29/lib/python3.11/site-packages/scipy/_lib/_util.py:1181: RuntimeWarning: logm result may be inaccurate, approximate err = 8.015474008971069e-07
  return f(*arrays, *other_args, **kwargs)
/appdata/users/P101440/micromamba/envs/torch29/lib/python3.11/site-packages/scipy/_lib/_util.py:1181: RuntimeWarning: logm result may be inaccurate, approximate err = 1.073963062481198e-06
  return f(*arrays, *other_args, **kwargs)
/appdata/users/P101440/micromamba/envs/torch29/lib/python3.11/site-packages/scipy/_lib/_util.py:1181: RuntimeWarning: logm result may be inaccurate, approximate err = 1.2039391776852426e-06
  return f(*arrays, *other_args, **kwargs)
/appdata/users/P101440/micromamba/envs/torch29/lib/python3.11/site-packages/scipy/_lib/_util.py:1181: RuntimeWarning: logm result may be inaccurate, approximate err = 8.819388881420309e-07
  return f(*arrays, *other_args, **kwargs)
/appdata/users/P101440/micromamba/envs/torch29/lib/python3.11/site-packages/scipy/_lib/_util.py:1181: RuntimeWarning: logm result may be inaccurate, approximate err = 8.961131356954866e-07
  return f(*arrays, *other_args, **kwargs)
/appdata/users/P101440/micromamba/envs/torch29/lib/python3.11/site-packages/scipy/_lib/_util.py:1181: RuntimeWarning: logm result may be inaccurate, approximate err = 8.694344728610304e-07
  return f(*arrays, *other_args, **kwargs)
/appdata/users/P101440/micromamba/envs/torch29/lib/python3.11/site-packages/scipy/_lib/_util.py:1181: RuntimeWarning: logm result may be inaccurate, approximate err = 6.34225330031768e-07
  return f(*arrays, *other_args, **kwargs)
/appdata/users/P101440/micromamba/envs/torch29/lib/python3.11/site-packages/scipy/_lib/_util.py:1181: RuntimeWarning: logm result may be inaccurate, approximate err = 6.661227303084161e-07
  return f(*arrays, *other_args, **kwargs)
/appdata/users/P101440/micromamba/envs/torch29/lib/python3.11/site-packages/scipy/_lib/_util.py:1181: RuntimeWarning: logm result may be inaccurate, approximate err = 1.1389946621420677e-06
  return f(*arrays, *other_args, **kwargs)
/appdata/users/P101440/micromamba/envs/torch29/lib/python3.11/site-packages/scipy/_lib/_util.py:1181: RuntimeWarning: logm result may be inaccurate, approximate err = 9.789699788598227e-07
  return f(*arrays, *other_args, **kwargs)
/appdata/users/P101440/micromamba/envs/torch29/lib/python3.11/site-packages/scipy/_lib/_util.py:1181: RuntimeWarning: logm result may be inaccurate, approximate err = 8.364970085494861e-07
  return f(*arrays, *other_args, **kwargs)
/appdata/users/P101440/micromamba/envs/torch29/lib/python3.11/site-packages/scipy/_lib/_util.py:1181: RuntimeWarning: logm result may be inaccurate, approximate err = 9.247799539480184e-07
  return f(*arrays, *other_args, **kwargs)
/appdata/users/P101440/micromamba/envs/torch29/lib/python3.11/site-packages/scipy/_lib/_util.py:1181: RuntimeWarning: logm result may be inaccurate, approximate err = 1.0785877293528756e-06
  return f(*arrays, *other_args, **kwargs)
/appdata/users/P101440/micromamba/envs/torch29/lib/python3.11/site-packages/scipy/_lib/_util.py:1181: RuntimeWarning: logm result may be inaccurate, approximate err = 9.654607993070385e-07
  return f(*arrays, *other_args, **kwargs)
/appdata/users/P101440/micromamba/envs/torch29/lib/python3.11/site-packages/scipy/_lib/_util.py:1181: RuntimeWarning: logm result may be inaccurate, approximate err = 9.585816087565036e-07
  return f(*arrays, *other_args, **kwargs)
/appdata/users/P101440/micromamba/envs/torch29/lib/python3.11/site-packages/scipy/_lib/_util.py:1181: RuntimeWarning: logm result may be inaccurate, approximate err = 9.89210434454435e-07
  return f(*arrays, *other_args, **kwargs)
/appdata/users/P101440/micromamba/envs/torch29/lib/python3.11/site-packages/scipy/_lib/_util.py:1181: RuntimeWarning: logm result may be inaccurate, approximate err = 7.532929657827481e-07
  return f(*arrays, *other_args, **kwargs)
/appdata/users/P101440/micromamba/envs/torch29/lib/python3.11/site-packages/scipy/_lib/_util.py:1181: RuntimeWarning: logm result may be inaccurate, approximate err = 7.821670919838652e-07
  return f(*arrays, *other_args, **kwargs)
/appdata/users/P101440/micromamba/envs/torch29/lib/python3.11/site-packages/scipy/_lib/_util.py:1181: RuntimeWarning: logm result may be inaccurate, approximate err = 1.0686044333851896e-06
  return f(*arrays, *other_args, **kwargs)
/appdata/users/P101440/micromamba/envs/torch29/lib/python3.11/site-packages/scipy/_lib/_util.py:1181: RuntimeWarning: logm result may be inaccurate, approximate err = 8.189373374989373e-07
  return f(*arrays, *other_args, **kwargs)
/appdata/users/P101440/micromamba/envs/torch29/lib/python3.11/site-packages/scipy/_lib/_util.py:1181: RuntimeWarning: logm result may be inaccurate, approximate err = 8.479877919853607e-07
  return f(*arrays, *other_args, **kwargs)
/appdata/users/P101440/micromamba/envs/torch29/lib/python3.11/site-packages/scipy/_lib/_util.py:1181: RuntimeWarning: logm result may be inaccurate, approximate err = 1.6260796655842569e-06
  return f(*arrays, *other_args, **kwargs)
/appdata/users/P101440/micromamba/envs/torch29/lib/python3.11/site-packages/scipy/_lib/_util.py:1181: RuntimeWarning: logm result may be inaccurate, approximate err = 9.803452485357411e-07
  return f(*arrays, *other_args, **kwargs)
/appdata/users/P101440/micromamba/envs/torch29/lib/python3.11/site-packages/scipy/_lib/_util.py:1181: RuntimeWarning: logm result may be inaccurate, approximate err = 8.341951911461365e-07
  return f(*arrays, *other_args, **kwargs)
/appdata/users/P101440/micromamba/envs/torch29/lib/python3.11/site-packages/scipy/_lib/_util.py:1181: RuntimeWarning: logm result may be inaccurate, approximate err = 7.386706784018315e-07
  return f(*arrays, *other_args, **kwargs)
/appdata/users/P101440/micromamba/envs/torch29/lib/python3.11/site-packages/scipy/_lib/_util.py:1181: RuntimeWarning: logm result may be inaccurate, approximate err = 7.591631288050849e-07
  return f(*arrays, *other_args, **kwargs)
/appdata/users/P101440/micromamba/envs/torch29/lib/python3.11/site-packages/scipy/_lib/_util.py:1181: RuntimeWarning: logm result may be inaccurate, approximate err = 9.679509958004928e-07
  return f(*arrays, *other_args, **kwargs)
/appdata/users/P101440/micromamba/envs/torch29/lib/python3.11/site-packages/scipy/_lib/_util.py:1181: RuntimeWarning: logm result may be inaccurate, approximate err = 6.269092409638688e-07
  return f(*arrays, *other_args, **kwargs)
/appdata/users/P101440/micromamba/envs/torch29/lib/python3.11/site-packages/scipy/_lib/_util.py:1181: RuntimeWarning: logm result may be inaccurate, approximate err = 7.48054674204468e-07
  return f(*arrays, *other_args, **kwargs)
/appdata/users/P101440/micromamba/envs/torch29/lib/python3.11/site-packages/scipy/_lib/_util.py:1181: RuntimeWarning: logm result may be inaccurate, approximate err = 7.662986831746821e-07
  return f(*arrays, *other_args, **kwargs)
/appdata/users/P101440/micromamba/envs/torch29/lib/python3.11/site-packages/scipy/_lib/_util.py:1181: RuntimeWarning: logm result may be inaccurate, approximate err = 8.786823286754952e-07
  return f(*arrays, *other_args, **kwargs)
/appdata/users/P101440/micromamba/envs/torch29/lib/python3.11/site-packages/scipy/_lib/_util.py:1181: RuntimeWarning: logm result may be inaccurate, approximate err = 9.935586149367737e-07
  return f(*arrays, *other_args, **kwargs)
/appdata/users/P101440/micromamba/envs/torch29/lib/python3.11/site-packages/scipy/_lib/_util.py:1181: RuntimeWarning: logm result may be inaccurate, approximate err = 8.59906265304744e-07
  return f(*arrays, *other_args, **kwargs)
/appdata/users/P101440/micromamba/envs/torch29/lib/python3.11/site-packages/scipy/_lib/_util.py:1181: RuntimeWarning: logm result may be inaccurate, approximate err = 7.101595542735595e-07
  return f(*arrays, *other_args, **kwargs)
/appdata/users/P101440/micromamba/envs/torch29/lib/python3.11/site-packages/scipy/_lib/_util.py:1181: RuntimeWarning: logm result may be inaccurate, approximate err = 9.07276898942655e-07
  return f(*arrays, *other_args, **kwargs)
/appdata/users/P101440/micromamba/envs/torch29/lib/python3.11/site-packages/scipy/_lib/_util.py:1181: RuntimeWarning: logm result may be inaccurate, approximate err = 9.704050398795516e-07
  return f(*arrays, *other_args, **kwargs)
/appdata/users/P101440/micromamba/envs/torch29/lib/python3.11/site-packages/scipy/_lib/_util.py:1181: RuntimeWarning: logm result may be inaccurate, approximate err = 5.500384077095077e-07
  return f(*arrays, *other_args, **kwargs)
/appdata/users/P101440/micromamba/envs/torch29/lib/python3.11/site-packages/scipy/_lib/_util.py:1181: RuntimeWarning: logm result may be inaccurate, approximate err = 9.967995993065415e-07
  return f(*arrays, *other_args, **kwargs)
/appdata/users/P101440/micromamba/envs/torch29/lib/python3.11/site-packages/scipy/_lib/_util.py:1181: RuntimeWarning: logm result may be inaccurate, approximate err = 1.0538093420109362e-06
  return f(*arrays, *other_args, **kwargs)
/appdata/users/P101440/micromamba/envs/torch29/lib/python3.11/site-packages/scipy/_lib/_util.py:1181: RuntimeWarning: logm result may be inaccurate, approximate err = 8.426304134445672e-07
  return f(*arrays, *other_args, **kwargs)
/appdata/users/P101440/micromamba/envs/torch29/lib/python3.11/site-packages/scipy/_lib/_util.py:1181: RuntimeWarning: logm result may be inaccurate, approximate err = 7.539934472333698e-07
  return f(*arrays, *other_args, **kwargs)
/appdata/users/P101440/micromamba/envs/torch29/lib/python3.11/site-packages/scipy/_lib/_util.py:1181: RuntimeWarning: logm result may be inaccurate, approximate err = 7.243048116833961e-07
  return f(*arrays, *other_args, **kwargs)
/appdata/users/P101440/micromamba/envs/torch29/lib/python3.11/site-packages/scipy/_lib/_util.py:1181: RuntimeWarning: logm result may be inaccurate, approximate err = 9.03023988030327e-07
  return f(*arrays, *other_args, **kwargs)
/appdata/users/P101440/micromamba/envs/torch29/lib/python3.11/site-packages/scipy/_lib/_util.py:1181: RuntimeWarning: logm result may be inaccurate, approximate err = 9.057131364897941e-07
  return f(*arrays, *other_args, **kwargs)
/appdata/users/P101440/micromamba/envs/torch29/lib/python3.11/site-packages/scipy/_lib/_util.py:1181: RuntimeWarning: logm result may be inaccurate, approximate err = 6.696972718600591e-07
  return f(*arrays, *other_args, **kwargs)
/appdata/users/P101440/micromamba/envs/torch29/lib/python3.11/site-packages/scipy/_lib/_util.py:1181: RuntimeWarning: logm result may be inaccurate, approximate err = 8.994172731036087e-07
  return f(*arrays, *other_args, **kwargs)
/appdata/users/P101440/micromamba/envs/torch29/lib/python3.11/site-packages/scipy/_lib/_util.py:1181: RuntimeWarning: logm result may be inaccurate, approximate err = 6.964149292798538e-07
  return f(*arrays, *other_args, **kwargs)
/appdata/users/P101440/micromamba/envs/torch29/lib/python3.11/site-packages/scipy/_lib/_util.py:1181: RuntimeWarning: logm result may be inaccurate, approximate err = 1.004232331069943e-06
  return f(*arrays, *other_args, **kwargs)
/appdata/users/P101440/micromamba/envs/torch29/lib/python3.11/site-packages/scipy/_lib/_util.py:1181: RuntimeWarning: logm result may be inaccurate, approximate err = 7.789876690367237e-07
  return f(*arrays, *other_args, **kwargs)
/appdata/users/P101440/micromamba/envs/torch29/lib/python3.11/site-packages/scipy/_lib/_util.py:1181: RuntimeWarning: logm result may be inaccurate, approximate err = 6.296113497228362e-07
  return f(*arrays, *other_args, **kwargs)
/appdata/users/P101440/micromamba/envs/torch29/lib/python3.11/site-packages/scipy/_lib/_util.py:1181: RuntimeWarning: logm result may be inaccurate, approximate err = 7.68742893342278e-07
  return f(*arrays, *other_args, **kwargs)
/appdata/users/P101440/micromamba/envs/torch29/lib/python3.11/site-packages/scipy/_lib/_util.py:1181: RuntimeWarning: logm result may be inaccurate, approximate err = 1.16600483579532e-06
  return f(*arrays, *other_args, **kwargs)
/appdata/users/P101440/micromamba/envs/torch29/lib/python3.11/site-packages/scipy/_lib/_util.py:1181: RuntimeWarning: logm result may be inaccurate, approximate err = 6.233530029930989e-07
  return f(*arrays, *other_args, **kwargs)
/appdata/users/P101440/micromamba/envs/torch29/lib/python3.11/site-packages/scipy/_lib/_util.py:1181: RuntimeWarning: logm result may be inaccurate, approximate err = 6.297524919318676e-07
  return f(*arrays, *other_args, **kwargs)
/appdata/users/P101440/micromamba/envs/torch29/lib/python3.11/site-packages/scipy/_lib/_util.py:1181: RuntimeWarning: logm result may be inaccurate, approximate err = 9.424553013559489e-07
  return f(*arrays, *other_args, **kwargs)
/appdata/users/P101440/micromamba/envs/torch29/lib/python3.11/site-packages/scipy/_lib/_util.py:1181: RuntimeWarning: logm result may be inaccurate, approximate err = 1.061465354723623e-06
  return f(*arrays, *other_args, **kwargs)
/appdata/users/P101440/micromamba/envs/torch29/lib/python3.11/site-packages/scipy/_lib/_util.py:1181: RuntimeWarning: logm result may be inaccurate, approximate err = 1.100020654121181e-06
  return f(*arrays, *other_args, **kwargs)
/appdata/users/P101440/micromamba/envs/torch29/lib/python3.11/site-packages/scipy/_lib/_util.py:1181: RuntimeWarning: logm result may be inaccurate, approximate err = 1.0097170388689847e-06
  return f(*arrays, *other_args, **kwargs)
/appdata/users/P101440/micromamba/envs/torch29/lib/python3.11/site-packages/scipy/_lib/_util.py:1181: RuntimeWarning: logm result may be inaccurate, approximate err = 9.72369207374868e-07
  return f(*arrays, *other_args, **kwargs)
/appdata/users/P101440/micromamba/envs/torch29/lib/python3.11/site-packages/scipy/_lib/_util.py:1181: RuntimeWarning: logm result may be inaccurate, approximate err = 7.035708904368221e-07
  return f(*arrays, *other_args, **kwargs)
/appdata/users/P101440/micromamba/envs/torch29/lib/python3.11/site-packages/scipy/_lib/_util.py:1181: RuntimeWarning: logm result may be inaccurate, approximate err = 7.438776492563193e-07
  return f(*arrays, *other_args, **kwargs)
/appdata/users/P101440/micromamba/envs/torch29/lib/python3.11/site-packages/scipy/_lib/_util.py:1181: RuntimeWarning: logm result may be inaccurate, approximate err = 6.700478252241737e-07
  return f(*arrays, *other_args, **kwargs)
/appdata/users/P101440/micromamba/envs/torch29/lib/python3.11/site-packages/scipy/_lib/_util.py:1181: RuntimeWarning: logm result may be inaccurate, approximate err = 7.231977861010819e-07
  return f(*arrays, *other_args, **kwargs)
/appdata/users/P101440/micromamba/envs/torch29/lib/python3.11/site-packages/scipy/_lib/_util.py:1181: RuntimeWarning: logm result may be inaccurate, approximate err = 9.221602681463992e-07
  return f(*arrays, *other_args, **kwargs)
/appdata/users/P101440/micromamba/envs/torch29/lib/python3.11/site-packages/scipy/_lib/_util.py:1181: RuntimeWarning: logm result may be inaccurate, approximate err = 6.783578214708541e-07
  return f(*arrays, *other_args, **kwargs)
/appdata/users/P101440/micromamba/envs/torch29/lib/python3.11/site-packages/scipy/_lib/_util.py:1181: RuntimeWarning: logm result may be inaccurate, approximate err = 9.719261697682668e-07
  return f(*arrays, *other_args, **kwargs)
/appdata/users/P101440/micromamba/envs/torch29/lib/python3.11/site-packages/scipy/_lib/_util.py:1181: RuntimeWarning: logm result may be inaccurate, approximate err = 9.744276212586556e-07
  return f(*arrays, *other_args, **kwargs)
/appdata/users/P101440/micromamba/envs/torch29/lib/python3.11/site-packages/scipy/_lib/_util.py:1181: RuntimeWarning: logm result may be inaccurate, approximate err = 1.2414556067597005e-06
  return f(*arrays, *other_args, **kwargs)
/appdata/users/P101440/micromamba/envs/torch29/lib/python3.11/site-packages/scipy/_lib/_util.py:1181: RuntimeWarning: logm result may be inaccurate, approximate err = 7.687083893870295e-07
  return f(*arrays, *other_args, **kwargs)
/appdata/users/P101440/micromamba/envs/torch29/lib/python3.11/site-packages/scipy/_lib/_util.py:1181: RuntimeWarning: logm result may be inaccurate, approximate err = 8.081592000053206e-07
  return f(*arrays, *other_args, **kwargs)
/appdata/users/P101440/micromamba/envs/torch29/lib/python3.11/site-packages/scipy/_lib/_util.py:1181: RuntimeWarning: logm result may be inaccurate, approximate err = 1.266694198420737e-06
  return f(*arrays, *other_args, **kwargs)
/appdata/users/P101440/micromamba/envs/torch29/lib/python3.11/site-packages/scipy/_lib/_util.py:1181: RuntimeWarning: logm result may be inaccurate, approximate err = 9.142592602984223e-07
  return f(*arrays, *other_args, **kwargs)
/appdata/users/P101440/micromamba/envs/torch29/lib/python3.11/site-packages/scipy/_lib/_util.py:1181: RuntimeWarning: logm result may be inaccurate, approximate err = 9.050825156009523e-07
  return f(*arrays, *other_args, **kwargs)
/appdata/users/P101440/micromamba/envs/torch29/lib/python3.11/site-packages/scipy/_lib/_util.py:1181: RuntimeWarning: logm result may be inaccurate, approximate err = 1.0534171224207967e-06
  return f(*arrays, *other_args, **kwargs)
/appdata/users/P101440/micromamba/envs/torch29/lib/python3.11/site-packages/scipy/_lib/_util.py:1181: RuntimeWarning: logm result may be inaccurate, approximate err = 9.278644483856624e-07
  return f(*arrays, *other_args, **kwargs)
/appdata/users/P101440/micromamba/envs/torch29/lib/python3.11/site-packages/scipy/_lib/_util.py:1181: RuntimeWarning: logm result may be inaccurate, approximate err = 8.567194527131505e-07
  return f(*arrays, *other_args, **kwargs)
/appdata/users/P101440/micromamba/envs/torch29/lib/python3.11/site-packages/scipy/_lib/_util.py:1181: RuntimeWarning: logm result may be inaccurate, approximate err = 9.275364050154167e-07
  return f(*arrays, *other_args, **kwargs)
/appdata/users/P101440/micromamba/envs/torch29/lib/python3.11/site-packages/scipy/_lib/_util.py:1181: RuntimeWarning: logm result may be inaccurate, approximate err = 1.081005621017539e-06
  return f(*arrays, *other_args, **kwargs)
/appdata/users/P101440/micromamba/envs/torch29/lib/python3.11/site-packages/scipy/_lib/_util.py:1181: RuntimeWarning: logm result may be inaccurate, approximate err = 7.65122990742384e-07
  return f(*arrays, *other_args, **kwargs)
/appdata/users/P101440/micromamba/envs/torch29/lib/python3.11/site-packages/scipy/_lib/_util.py:1181: RuntimeWarning: logm result may be inaccurate, approximate err = 7.671924890928494e-07
  return f(*arrays, *other_args, **kwargs)
/appdata/users/P101440/micromamba/envs/torch29/lib/python3.11/site-packages/scipy/_lib/_util.py:1181: RuntimeWarning: logm result may be inaccurate, approximate err = 8.044354444791679e-07
  return f(*arrays, *other_args, **kwargs)
/appdata/users/P101440/micromamba/envs/torch29/lib/python3.11/site-packages/scipy/_lib/_util.py:1181: RuntimeWarning: logm result may be inaccurate, approximate err = 1.0544705446591252e-06
  return f(*arrays, *other_args, **kwargs)
/appdata/users/P101440/micromamba/envs/torch29/lib/python3.11/site-packages/scipy/_lib/_util.py:1181: RuntimeWarning: logm result may be inaccurate, approximate err = 6.572380470970529e-07
  return f(*arrays, *other_args, **kwargs)
/appdata/users/P101440/micromamba/envs/torch29/lib/python3.11/site-packages/scipy/_lib/_util.py:1181: RuntimeWarning: logm result may be inaccurate, approximate err = 9.098806685869931e-07
  return f(*arrays, *other_args, **kwargs)
/appdata/users/P101440/micromamba/envs/torch29/lib/python3.11/site-packages/scipy/_lib/_util.py:1181: RuntimeWarning: logm result may be inaccurate, approximate err = 8.389832828470389e-07
  return f(*arrays, *other_args, **kwargs)
/appdata/users/P101440/micromamba/envs/torch29/lib/python3.11/site-packages/scipy/_lib/_util.py:1181: RuntimeWarning: logm result may be inaccurate, approximate err = 8.348009714609361e-07
  return f(*arrays, *other_args, **kwargs)
/appdata/users/P101440/micromamba/envs/torch29/lib/python3.11/site-packages/scipy/_lib/_util.py:1181: RuntimeWarning: logm result may be inaccurate, approximate err = 8.462598657388298e-07
  return f(*arrays, *other_args, **kwargs)
/appdata/users/P101440/micromamba/envs/torch29/lib/python3.11/site-packages/scipy/_lib/_util.py:1181: RuntimeWarning: logm result may be inaccurate, approximate err = 6.973629638196144e-07
  return f(*arrays, *other_args, **kwargs)
/appdata/users/P101440/micromamba/envs/torch29/lib/python3.11/site-packages/scipy/_lib/_util.py:1181: RuntimeWarning: logm result may be inaccurate, approximate err = 7.233412588902866e-07
  return f(*arrays, *other_args, **kwargs)
/appdata/users/P101440/micromamba/envs/torch29/lib/python3.11/site-packages/scipy/_lib/_util.py:1181: RuntimeWarning: logm result may be inaccurate, approximate err = 8.606598385085817e-07
  return f(*arrays, *other_args, **kwargs)
/appdata/users/P101440/micromamba/envs/torch29/lib/python3.11/site-packages/scipy/_lib/_util.py:1181: RuntimeWarning: logm result may be inaccurate, approximate err = 1.159696580543823e-06
  return f(*arrays, *other_args, **kwargs)
/appdata/users/P101440/micromamba/envs/torch29/lib/python3.11/site-packages/scipy/_lib/_util.py:1181: RuntimeWarning: logm result may be inaccurate, approximate err = 9.060731827048585e-07
  return f(*arrays, *other_args, **kwargs)
/appdata/users/P101440/micromamba/envs/torch29/lib/python3.11/site-packages/scipy/_lib/_util.py:1181: RuntimeWarning: logm result may be inaccurate, approximate err = 1.0263232752549811e-06
  return f(*arrays, *other_args, **kwargs)
/appdata/users/P101440/micromamba/envs/torch29/lib/python3.11/site-packages/scipy/_lib/_util.py:1181: RuntimeWarning: logm result may be inaccurate, approximate err = 1.0199690905210446e-06
  return f(*arrays, *other_args, **kwargs)
/appdata/users/P101440/micromamba/envs/torch29/lib/python3.11/site-packages/scipy/_lib/_util.py:1181: RuntimeWarning: logm result may be inaccurate, approximate err = 8.879262622940587e-07
  return f(*arrays, *other_args, **kwargs)
/appdata/users/P101440/micromamba/envs/torch29/lib/python3.11/site-packages/scipy/_lib/_util.py:1181: RuntimeWarning: logm result may be inaccurate, approximate err = 7.619740358677518e-07
  return f(*arrays, *other_args, **kwargs)
/appdata/users/P101440/micromamba/envs/torch29/lib/python3.11/site-packages/scipy/_lib/_util.py:1181: RuntimeWarning: logm result may be inaccurate, approximate err = 8.928325314627727e-07
  return f(*arrays, *other_args, **kwargs)
/appdata/users/P101440/micromamba/envs/torch29/lib/python3.11/site-packages/scipy/_lib/_util.py:1181: RuntimeWarning: logm result may be inaccurate, approximate err = 9.186909437630675e-07
  return f(*arrays, *other_args, **kwargs)
/appdata/users/P101440/micromamba/envs/torch29/lib/python3.11/site-packages/scipy/_lib/_util.py:1181: RuntimeWarning: logm result may be inaccurate, approximate err = 8.734891139283718e-07
  return f(*arrays, *other_args, **kwargs)
/appdata/users/P101440/micromamba/envs/torch29/lib/python3.11/site-packages/scipy/_lib/_util.py:1181: RuntimeWarning: logm result may be inaccurate, approximate err = 4.5272940951690543e-07
  return f(*arrays, *other_args, **kwargs)
/appdata/users/P101440/micromamba/envs/torch29/lib/python3.11/site-packages/scipy/_lib/_util.py:1181: RuntimeWarning: logm result may be inaccurate, approximate err = 5.453342737382627e-07
  return f(*arrays, *other_args, **kwargs)
/appdata/users/P101440/micromamba/envs/torch29/lib/python3.11/site-packages/scipy/_lib/_util.py:1181: RuntimeWarning: logm result may be inaccurate, approximate err = 7.834097459635814e-07
  return f(*arrays, *other_args, **kwargs)
/appdata/users/P101440/micromamba/envs/torch29/lib/python3.11/site-packages/scipy/_lib/_util.py:1181: RuntimeWarning: logm result may be inaccurate, approximate err = 7.476966743524827e-07
  return f(*arrays, *other_args, **kwargs)
/appdata/users/P101440/micromamba/envs/torch29/lib/python3.11/site-packages/scipy/_lib/_util.py:1181: RuntimeWarning: logm result may be inaccurate, approximate err = 9.960792795027373e-07
  return f(*arrays, *other_args, **kwargs)
/appdata/users/P101440/micromamba/envs/torch29/lib/python3.11/site-packages/scipy/_lib/_util.py:1181: RuntimeWarning: logm result may be inaccurate, approximate err = 7.605706855429162e-07
  return f(*arrays, *other_args, **kwargs)
/appdata/users/P101440/micromamba/envs/torch29/lib/python3.11/site-packages/scipy/_lib/_util.py:1181: RuntimeWarning: logm result may be inaccurate, approximate err = 8.317450692629791e-07
  return f(*arrays, *other_args, **kwargs)
/appdata/users/P101440/micromamba/envs/torch29/lib/python3.11/site-packages/scipy/_lib/_util.py:1181: RuntimeWarning: logm result may be inaccurate, approximate err = 7.870191325309861e-07
  return f(*arrays, *other_args, **kwargs)
/appdata/users/P101440/micromamba/envs/torch29/lib/python3.11/site-packages/scipy/_lib/_util.py:1181: RuntimeWarning: logm result may be inaccurate, approximate err = 9.318764568888582e-07
  return f(*arrays, *other_args, **kwargs)
/appdata/users/P101440/micromamba/envs/torch29/lib/python3.11/site-packages/scipy/_lib/_util.py:1181: RuntimeWarning: logm result may be inaccurate, approximate err = 7.687437459935609e-07
  return f(*arrays, *other_args, **kwargs)
/appdata/users/P101440/micromamba/envs/torch29/lib/python3.11/site-packages/scipy/_lib/_util.py:1181: RuntimeWarning: logm result may be inaccurate, approximate err = 1.0246430974802934e-06
  return f(*arrays, *other_args, **kwargs)
/appdata/users/P101440/micromamba/envs/torch29/lib/python3.11/site-packages/scipy/_lib/_util.py:1181: RuntimeWarning: logm result may be inaccurate, approximate err = 1.4344980172609212e-06
  return f(*arrays, *other_args, **kwargs)
/appdata/users/P101440/micromamba/envs/torch29/lib/python3.11/site-packages/scipy/_lib/_util.py:1181: RuntimeWarning: logm result may be inaccurate, approximate err = 7.448939527421317e-07
  return f(*arrays, *other_args, **kwargs)
/appdata/users/P101440/micromamba/envs/torch29/lib/python3.11/site-packages/scipy/_lib/_util.py:1181: RuntimeWarning: logm result may be inaccurate, approximate err = 7.246364930324489e-07
  return f(*arrays, *other_args, **kwargs)
/appdata/users/P101440/micromamba/envs/torch29/lib/python3.11/site-packages/scipy/_lib/_util.py:1181: RuntimeWarning: logm result may be inaccurate, approximate err = 8.14635541246389e-07
  return f(*arrays, *other_args, **kwargs)
/appdata/users/P101440/micromamba/envs/torch29/lib/python3.11/site-packages/scipy/_lib/_util.py:1181: RuntimeWarning: logm result may be inaccurate, approximate err = 7.68562358643976e-07
  return f(*arrays, *other_args, **kwargs)
/appdata/users/P101440/micromamba/envs/torch29/lib/python3.11/site-packages/scipy/_lib/_util.py:1181: RuntimeWarning: logm result may be inaccurate, approximate err = 8.095942121144617e-07
  return f(*arrays, *other_args, **kwargs)
/appdata/users/P101440/micromamba/envs/torch29/lib/python3.11/site-packages/scipy/_lib/_util.py:1181: RuntimeWarning: logm result may be inaccurate, approximate err = 7.606865892739734e-07
  return f(*arrays, *other_args, **kwargs)
/appdata/users/P101440/micromamba/envs/torch29/lib/python3.11/site-packages/scipy/_lib/_util.py:1181: RuntimeWarning: logm result may be inaccurate, approximate err = 6.164323167467955e-07
  return f(*arrays, *other_args, **kwargs)
/appdata/users/P101440/micromamba/envs/torch29/lib/python3.11/site-packages/scipy/_lib/_util.py:1181: RuntimeWarning: logm result may be inaccurate, approximate err = 9.547937906972948e-07
  return f(*arrays, *other_args, **kwargs)
/appdata/users/P101440/micromamba/envs/torch29/lib/python3.11/site-packages/scipy/_lib/_util.py:1181: RuntimeWarning: logm result may be inaccurate, approximate err = 6.155954110909079e-07
  return f(*arrays, *other_args, **kwargs)
/appdata/users/P101440/micromamba/envs/torch29/lib/python3.11/site-packages/scipy/_lib/_util.py:1181: RuntimeWarning: logm result may be inaccurate, approximate err = 7.14459588380123e-07
  return f(*arrays, *other_args, **kwargs)
/appdata/users/P101440/micromamba/envs/torch29/lib/python3.11/site-packages/scipy/_lib/_util.py:1181: RuntimeWarning: logm result may be inaccurate, approximate err = 8.2493045283627e-07
  return f(*arrays, *other_args, **kwargs)
/appdata/users/P101440/micromamba/envs/torch29/lib/python3.11/site-packages/scipy/_lib/_util.py:1181: RuntimeWarning: logm result may be inaccurate, approximate err = 5.514272629625339e-07
  return f(*arrays, *other_args, **kwargs)
/appdata/users/P101440/micromamba/envs/torch29/lib/python3.11/site-packages/scipy/_lib/_util.py:1181: RuntimeWarning: logm result may be inaccurate, approximate err = 7.73271437992662e-07
  return f(*arrays, *other_args, **kwargs)
/appdata/users/P101440/micromamba/envs/torch29/lib/python3.11/site-packages/scipy/_lib/_util.py:1181: RuntimeWarning: logm result may be inaccurate, approximate err = 1.1054420383516117e-06
  return f(*arrays, *other_args, **kwargs)
/appdata/users/P101440/micromamba/envs/torch29/lib/python3.11/site-packages/scipy/_lib/_util.py:1181: RuntimeWarning: logm result may be inaccurate, approximate err = 8.98681264516199e-07
  return f(*arrays, *other_args, **kwargs)
/appdata/users/P101440/micromamba/envs/torch29/lib/python3.11/site-packages/scipy/_lib/_util.py:1181: RuntimeWarning: logm result may be inaccurate, approximate err = 7.480645649593498e-07
  return f(*arrays, *other_args, **kwargs)
/appdata/users/P101440/micromamba/envs/torch29/lib/python3.11/site-packages/scipy/_lib/_util.py:1181: RuntimeWarning: logm result may be inaccurate, approximate err = 8.152233590408287e-07
  return f(*arrays, *other_args, **kwargs)
/appdata/users/P101440/micromamba/envs/torch29/lib/python3.11/site-packages/scipy/_lib/_util.py:1181: RuntimeWarning: logm result may be inaccurate, approximate err = 1.2724013913611998e-06
  return f(*arrays, *other_args, **kwargs)
/appdata/users/P101440/micromamba/envs/torch29/lib/python3.11/site-packages/scipy/_lib/_util.py:1181: RuntimeWarning: logm result may be inaccurate, approximate err = 8.79935726061376e-07
  return f(*arrays, *other_args, **kwargs)
/appdata/users/P101440/micromamba/envs/torch29/lib/python3.11/site-packages/scipy/_lib/_util.py:1181: RuntimeWarning: logm result may be inaccurate, approximate err = 9.761303090272122e-07
  return f(*arrays, *other_args, **kwargs)
/appdata/users/P101440/micromamba/envs/torch29/lib/python3.11/site-packages/scipy/_lib/_util.py:1181: RuntimeWarning: logm result may be inaccurate, approximate err = 9.693359288576175e-07
  return f(*arrays, *other_args, **kwargs)
/appdata/users/P101440/micromamba/envs/torch29/lib/python3.11/site-packages/scipy/_lib/_util.py:1181: RuntimeWarning: logm result may be inaccurate, approximate err = 6.845223197160522e-07
  return f(*arrays, *other_args, **kwargs)
/appdata/users/P101440/micromamba/envs/torch29/lib/python3.11/site-packages/scipy/_lib/_util.py:1181: RuntimeWarning: logm result may be inaccurate, approximate err = 7.646475523870322e-07
  return f(*arrays, *other_args, **kwargs)
/appdata/users/P101440/micromamba/envs/torch29/lib/python3.11/site-packages/scipy/_lib/_util.py:1181: RuntimeWarning: logm result may be inaccurate, approximate err = 5.35432548076642e-07
  return f(*arrays, *other_args, **kwargs)
/appdata/users/P101440/micromamba/envs/torch29/lib/python3.11/site-packages/scipy/_lib/_util.py:1181: RuntimeWarning: logm result may be inaccurate, approximate err = 1.1156071195728146e-06
  return f(*arrays, *other_args, **kwargs)
/appdata/users/P101440/micromamba/envs/torch29/lib/python3.11/site-packages/scipy/_lib/_util.py:1181: RuntimeWarning: logm result may be inaccurate, approximate err = 1.3503173477147357e-06
  return f(*arrays, *other_args, **kwargs)
/appdata/users/P101440/micromamba/envs/torch29/lib/python3.11/site-packages/scipy/_lib/_util.py:1181: RuntimeWarning: logm result may be inaccurate, approximate err = 8.236942221628851e-07
  return f(*arrays, *other_args, **kwargs)
/appdata/users/P101440/micromamba/envs/torch29/lib/python3.11/site-packages/scipy/_lib/_util.py:1181: RuntimeWarning: logm result may be inaccurate, approximate err = 7.487306561415608e-07
  return f(*arrays, *other_args, **kwargs)
/appdata/users/P101440/micromamba/envs/torch29/lib/python3.11/site-packages/scipy/_lib/_util.py:1181: RuntimeWarning: logm result may be inaccurate, approximate err = 6.436847002078139e-07
  return f(*arrays, *other_args, **kwargs)
/appdata/users/P101440/micromamba/envs/torch29/lib/python3.11/site-packages/scipy/_lib/_util.py:1181: RuntimeWarning: logm result may be inaccurate, approximate err = 1.2519677738964674e-06
  return f(*arrays, *other_args, **kwargs)
/appdata/users/P101440/micromamba/envs/torch29/lib/python3.11/site-packages/scipy/_lib/_util.py:1181: RuntimeWarning: logm result may be inaccurate, approximate err = 6.531007556986879e-07
  return f(*arrays, *other_args, **kwargs)
/appdata/users/P101440/micromamba/envs/torch29/lib/python3.11/site-packages/scipy/_lib/_util.py:1181: RuntimeWarning: logm result may be inaccurate, approximate err = 5.668726998919738e-07
  return f(*arrays, *other_args, **kwargs)
/appdata/users/P101440/micromamba/envs/torch29/lib/python3.11/site-packages/scipy/_lib/_util.py:1181: RuntimeWarning: logm result may be inaccurate, approximate err = 7.682497766836605e-07
  return f(*arrays, *other_args, **kwargs)
/appdata/users/P101440/micromamba/envs/torch29/lib/python3.11/site-packages/scipy/_lib/_util.py:1181: RuntimeWarning: logm result may be inaccurate, approximate err = 8.208223789551994e-07
  return f(*arrays, *other_args, **kwargs)
/appdata/users/P101440/micromamba/envs/torch29/lib/python3.11/site-packages/scipy/_lib/_util.py:1181: RuntimeWarning: logm result may be inaccurate, approximate err = 9.97750930764596e-07
  return f(*arrays, *other_args, **kwargs)
/appdata/users/P101440/micromamba/envs/torch29/lib/python3.11/site-packages/scipy/_lib/_util.py:1181: RuntimeWarning: logm result may be inaccurate, approximate err = 8.826756925373047e-07
  return f(*arrays, *other_args, **kwargs)
/appdata/users/P101440/micromamba/envs/torch29/lib/python3.11/site-packages/scipy/_lib/_util.py:1181: RuntimeWarning: logm result may be inaccurate, approximate err = 8.536115956303547e-07
  return f(*arrays, *other_args, **kwargs)
/appdata/users/P101440/micromamba/envs/torch29/lib/python3.11/site-packages/scipy/_lib/_util.py:1181: RuntimeWarning: logm result may be inaccurate, approximate err = 8.275979439531511e-07
  return f(*arrays, *other_args, **kwargs)
/appdata/users/P101440/micromamba/envs/torch29/lib/python3.11/site-packages/scipy/_lib/_util.py:1181: RuntimeWarning: logm result may be inaccurate, approximate err = 1.1072773986597895e-06
  return f(*arrays, *other_args, **kwargs)
/appdata/users/P101440/micromamba/envs/torch29/lib/python3.11/site-packages/scipy/_lib/_util.py:1181: RuntimeWarning: logm result may be inaccurate, approximate err = 6.595428772016021e-07
  return f(*arrays, *other_args, **kwargs)
/appdata/users/P101440/micromamba/envs/torch29/lib/python3.11/site-packages/scipy/_lib/_util.py:1181: RuntimeWarning: logm result may be inaccurate, approximate err = 6.615813390453695e-07
  return f(*arrays, *other_args, **kwargs)
/appdata/users/P101440/micromamba/envs/torch29/lib/python3.11/site-packages/scipy/_lib/_util.py:1181: RuntimeWarning: logm result may be inaccurate, approximate err = 1.0069998097606003e-06
  return f(*arrays, *other_args, **kwargs)
/appdata/users/P101440/micromamba/envs/torch29/lib/python3.11/site-packages/scipy/_lib/_util.py:1181: RuntimeWarning: logm result may be inaccurate, approximate err = 8.406126426052651e-07
  return f(*arrays, *other_args, **kwargs)
/appdata/users/P101440/micromamba/envs/torch29/lib/python3.11/site-packages/scipy/_lib/_util.py:1181: RuntimeWarning: logm result may be inaccurate, approximate err = 5.253816652839305e-07
  return f(*arrays, *other_args, **kwargs)
/appdata/users/P101440/micromamba/envs/torch29/lib/python3.11/site-packages/scipy/_lib/_util.py:1181: RuntimeWarning: logm result may be inaccurate, approximate err = 8.877477171154169e-07
  return f(*arrays, *other_args, **kwargs)
/appdata/users/P101440/micromamba/envs/torch29/lib/python3.11/site-packages/scipy/_lib/_util.py:1181: RuntimeWarning: logm result may be inaccurate, approximate err = 7.824748990969965e-07
  return f(*arrays, *other_args, **kwargs)
/appdata/users/P101440/micromamba/envs/torch29/lib/python3.11/site-packages/scipy/_lib/_util.py:1181: RuntimeWarning: logm result may be inaccurate, approximate err = 5.48876471384574e-07
  return f(*arrays, *other_args, **kwargs)
/appdata/users/P101440/micromamba/envs/torch29/lib/python3.11/site-packages/scipy/_lib/_util.py:1181: RuntimeWarning: logm result may be inaccurate, approximate err = 7.773240895403433e-07
  return f(*arrays, *other_args, **kwargs)
/appdata/users/P101440/micromamba/envs/torch29/lib/python3.11/site-packages/scipy/_lib/_util.py:1181: RuntimeWarning: logm result may be inaccurate, approximate err = 1.0404329486846109e-06
  return f(*arrays, *other_args, **kwargs)
/appdata/users/P101440/micromamba/envs/torch29/lib/python3.11/site-packages/scipy/_lib/_util.py:1181: RuntimeWarning: logm result may be inaccurate, approximate err = 8.847488857099961e-07
  return f(*arrays, *other_args, **kwargs)
/appdata/users/P101440/micromamba/envs/torch29/lib/python3.11/site-packages/scipy/_lib/_util.py:1181: RuntimeWarning: logm result may be inaccurate, approximate err = 9.14304735033511e-07
  return f(*arrays, *other_args, **kwargs)
/appdata/users/P101440/micromamba/envs/torch29/lib/python3.11/site-packages/scipy/_lib/_util.py:1181: RuntimeWarning: logm result may be inaccurate, approximate err = 7.851989494156442e-07
  return f(*arrays, *other_args, **kwargs)
/appdata/users/P101440/micromamba/envs/torch29/lib/python3.11/site-packages/scipy/_lib/_util.py:1181: RuntimeWarning: logm result may be inaccurate, approximate err = 7.567539341835072e-07
  return f(*arrays, *other_args, **kwargs)
/appdata/users/P101440/micromamba/envs/torch29/lib/python3.11/site-packages/scipy/_lib/_util.py:1181: RuntimeWarning: logm result may be inaccurate, approximate err = 8.052678026615467e-07
  return f(*arrays, *other_args, **kwargs)
/appdata/users/P101440/micromamba/envs/torch29/lib/python3.11/site-packages/scipy/_lib/_util.py:1181: RuntimeWarning: logm result may be inaccurate, approximate err = 1.2888267519883811e-06
  return f(*arrays, *other_args, **kwargs)
/appdata/users/P101440/micromamba/envs/torch29/lib/python3.11/site-packages/scipy/_lib/_util.py:1181: RuntimeWarning: logm result may be inaccurate, approximate err = 8.718018875697453e-07
  return f(*arrays, *other_args, **kwargs)
/appdata/users/P101440/micromamba/envs/torch29/lib/python3.11/site-packages/scipy/_lib/_util.py:1181: RuntimeWarning: logm result may be inaccurate, approximate err = 9.012762234306138e-07
  return f(*arrays, *other_args, **kwargs)
/appdata/users/P101440/micromamba/envs/torch29/lib/python3.11/site-packages/scipy/_lib/_util.py:1181: RuntimeWarning: logm result may be inaccurate, approximate err = 9.595585197530454e-07
  return f(*arrays, *other_args, **kwargs)
/appdata/users/P101440/micromamba/envs/torch29/lib/python3.11/site-packages/scipy/_lib/_util.py:1181: RuntimeWarning: logm result may be inaccurate, approximate err = 5.776360580966866e-07
  return f(*arrays, *other_args, **kwargs)
/appdata/users/P101440/micromamba/envs/torch29/lib/python3.11/site-packages/scipy/_lib/_util.py:1181: RuntimeWarning: logm result may be inaccurate, approximate err = 5.533387934519851e-07
  return f(*arrays, *other_args, **kwargs)
/appdata/users/P101440/micromamba/envs/torch29/lib/python3.11/site-packages/scipy/_lib/_util.py:1181: RuntimeWarning: logm result may be inaccurate, approximate err = 6.932256155778305e-07
  return f(*arrays, *other_args, **kwargs)
/appdata/users/P101440/micromamba/envs/torch29/lib/python3.11/site-packages/scipy/_lib/_util.py:1181: RuntimeWarning: logm result may be inaccurate, approximate err = 7.015350433903222e-07
  return f(*arrays, *other_args, **kwargs)
/appdata/users/P101440/micromamba/envs/torch29/lib/python3.11/site-packages/scipy/_lib/_util.py:1181: RuntimeWarning: logm result may be inaccurate, approximate err = 6.182577863000915e-07
  return f(*arrays, *other_args, **kwargs)
/appdata/users/P101440/micromamba/envs/torch29/lib/python3.11/site-packages/scipy/_lib/_util.py:1181: RuntimeWarning: logm result may be inaccurate, approximate err = 1.0862687531698612e-06
  return f(*arrays, *other_args, **kwargs)
/appdata/users/P101440/micromamba/envs/torch29/lib/python3.11/site-packages/scipy/_lib/_util.py:1181: RuntimeWarning: logm result may be inaccurate, approximate err = 1.0431701866764342e-06
  return f(*arrays, *other_args, **kwargs)
/appdata/users/P101440/micromamba/envs/torch29/lib/python3.11/site-packages/scipy/_lib/_util.py:1181: RuntimeWarning: logm result may be inaccurate, approximate err = 7.258116170305584e-07
  return f(*arrays, *other_args, **kwargs)
/appdata/users/P101440/micromamba/envs/torch29/lib/python3.11/site-packages/scipy/_lib/_util.py:1181: RuntimeWarning: logm result may be inaccurate, approximate err = 8.06915522844065e-07
  return f(*arrays, *other_args, **kwargs)
/appdata/users/P101440/micromamba/envs/torch29/lib/python3.11/site-packages/scipy/_lib/_util.py:1181: RuntimeWarning: logm result may be inaccurate, approximate err = 1.053476580636925e-06
  return f(*arrays, *other_args, **kwargs)
/appdata/users/P101440/micromamba/envs/torch29/lib/python3.11/site-packages/scipy/_lib/_util.py:1181: RuntimeWarning: logm result may be inaccurate, approximate err = 7.970859314809786e-07
  return f(*arrays, *other_args, **kwargs)
/appdata/users/P101440/micromamba/envs/torch29/lib/python3.11/site-packages/scipy/_lib/_util.py:1181: RuntimeWarning: logm result may be inaccurate, approximate err = 1.0061980901809875e-06
  return f(*arrays, *other_args, **kwargs)
/appdata/users/P101440/micromamba/envs/torch29/lib/python3.11/site-packages/scipy/_lib/_util.py:1181: RuntimeWarning: logm result may be inaccurate, approximate err = 1.2127197805966716e-06
  return f(*arrays, *other_args, **kwargs)
/appdata/users/P101440/micromamba/envs/torch29/lib/python3.11/site-packages/scipy/_lib/_util.py:1181: RuntimeWarning: logm result may be inaccurate, approximate err = 9.106191782848327e-07
  return f(*arrays, *other_args, **kwargs)
/appdata/users/P101440/micromamba/envs/torch29/lib/python3.11/site-packages/scipy/_lib/_util.py:1181: RuntimeWarning: logm result may be inaccurate, approximate err = 8.744410706640338e-07
  return f(*arrays, *other_args, **kwargs)
/appdata/users/P101440/micromamba/envs/torch29/lib/python3.11/site-packages/scipy/_lib/_util.py:1181: RuntimeWarning: logm result may be inaccurate, approximate err = 7.069284038152546e-07
  return f(*arrays, *other_args, **kwargs)
/appdata/users/P101440/micromamba/envs/torch29/lib/python3.11/site-packages/scipy/_lib/_util.py:1181: RuntimeWarning: logm result may be inaccurate, approximate err = 7.594669568788959e-07
  return f(*arrays, *other_args, **kwargs)
/appdata/users/P101440/micromamba/envs/torch29/lib/python3.11/site-packages/scipy/_lib/_util.py:1181: RuntimeWarning: logm result may be inaccurate, approximate err = 6.409800334949978e-07
  return f(*arrays, *other_args, **kwargs)
/appdata/users/P101440/micromamba/envs/torch29/lib/python3.11/site-packages/scipy/_lib/_util.py:1181: RuntimeWarning: logm result may be inaccurate, approximate err = 9.090298362934845e-07
  return f(*arrays, *other_args, **kwargs)
/appdata/users/P101440/micromamba/envs/torch29/lib/python3.11/site-packages/scipy/_lib/_util.py:1181: RuntimeWarning: logm result may be inaccurate, approximate err = 7.609277759001998e-07
  return f(*arrays, *other_args, **kwargs)
/appdata/users/P101440/micromamba/envs/torch29/lib/python3.11/site-packages/scipy/_lib/_util.py:1181: RuntimeWarning: logm result may be inaccurate, approximate err = 8.452236670564162e-07
  return f(*arrays, *other_args, **kwargs)
/appdata/users/P101440/micromamba/envs/torch29/lib/python3.11/site-packages/scipy/_lib/_util.py:1181: RuntimeWarning: logm result may be inaccurate, approximate err = 8.570342515668017e-07
  return f(*arrays, *other_args, **kwargs)
/appdata/users/P101440/micromamba/envs/torch29/lib/python3.11/site-packages/scipy/_lib/_util.py:1181: RuntimeWarning: logm result may be inaccurate, approximate err = 1.6554936337342951e-06
  return f(*arrays, *other_args, **kwargs)
/appdata/users/P101440/micromamba/envs/torch29/lib/python3.11/site-packages/scipy/_lib/_util.py:1181: RuntimeWarning: logm result may be inaccurate, approximate err = 8.443780643574428e-07
  return f(*arrays, *other_args, **kwargs)
/appdata/users/P101440/micromamba/envs/torch29/lib/python3.11/site-packages/scipy/_lib/_util.py:1181: RuntimeWarning: logm result may be inaccurate, approximate err = 5.77700006942905e-07
  return f(*arrays, *other_args, **kwargs)
/appdata/users/P101440/micromamba/envs/torch29/lib/python3.11/site-packages/scipy/_lib/_util.py:1181: RuntimeWarning: logm result may be inaccurate, approximate err = 8.198182968044421e-07
  return f(*arrays, *other_args, **kwargs)
/appdata/users/P101440/micromamba/envs/torch29/lib/python3.11/site-packages/scipy/_lib/_util.py:1181: RuntimeWarning: logm result may be inaccurate, approximate err = 9.882370477498625e-07
  return f(*arrays, *other_args, **kwargs)
/appdata/users/P101440/micromamba/envs/torch29/lib/python3.11/site-packages/scipy/_lib/_util.py:1181: RuntimeWarning: logm result may be inaccurate, approximate err = 1.1579003285078215e-06
  return f(*arrays, *other_args, **kwargs)
/appdata/users/P101440/micromamba/envs/torch29/lib/python3.11/site-packages/scipy/_lib/_util.py:1181: RuntimeWarning: logm result may be inaccurate, approximate err = 8.697161888449045e-07
  return f(*arrays, *other_args, **kwargs)
/appdata/users/P101440/micromamba/envs/torch29/lib/python3.11/site-packages/scipy/_lib/_util.py:1181: RuntimeWarning: logm result may be inaccurate, approximate err = 6.829964149801526e-07
  return f(*arrays, *other_args, **kwargs)
/appdata/users/P101440/micromamba/envs/torch29/lib/python3.11/site-packages/scipy/_lib/_util.py:1181: RuntimeWarning: logm result may be inaccurate, approximate err = 1.1238063279961352e-06
  return f(*arrays, *other_args, **kwargs)
/appdata/users/P101440/micromamba/envs/torch29/lib/python3.11/site-packages/scipy/_lib/_util.py:1181: RuntimeWarning: logm result may be inaccurate, approximate err = 1.003263264465204e-06
  return f(*arrays, *other_args, **kwargs)
/appdata/users/P101440/micromamba/envs/torch29/lib/python3.11/site-packages/scipy/_lib/_util.py:1181: RuntimeWarning: logm result may be inaccurate, approximate err = 9.729108114697738e-07
  return f(*arrays, *other_args, **kwargs)
/appdata/users/P101440/micromamba/envs/torch29/lib/python3.11/site-packages/scipy/_lib/_util.py:1181: RuntimeWarning: logm result may be inaccurate, approximate err = 8.996472615763196e-07
  return f(*arrays, *other_args, **kwargs)
/appdata/users/P101440/micromamba/envs/torch29/lib/python3.11/site-packages/scipy/_lib/_util.py:1181: RuntimeWarning: logm result may be inaccurate, approximate err = 1.0748808563221246e-06
  return f(*arrays, *other_args, **kwargs)
/appdata/users/P101440/micromamba/envs/torch29/lib/python3.11/site-packages/scipy/_lib/_util.py:1181: RuntimeWarning: logm result may be inaccurate, approximate err = 1.1917499023184064e-06
  return f(*arrays, *other_args, **kwargs)
/appdata/users/P101440/micromamba/envs/torch29/lib/python3.11/site-packages/scipy/_lib/_util.py:1181: RuntimeWarning: logm result may be inaccurate, approximate err = 7.060963866933889e-07
  return f(*arrays, *other_args, **kwargs)
/appdata/users/P101440/micromamba/envs/torch29/lib/python3.11/site-packages/scipy/_lib/_util.py:1181: RuntimeWarning: logm result may be inaccurate, approximate err = 8.046381481108256e-07
  return f(*arrays, *other_args, **kwargs)
/appdata/users/P101440/micromamba/envs/torch29/lib/python3.11/site-packages/scipy/_lib/_util.py:1181: RuntimeWarning: logm result may be inaccurate, approximate err = 1.158295049208391e-06
  return f(*arrays, *other_args, **kwargs)
/appdata/users/P101440/micromamba/envs/torch29/lib/python3.11/site-packages/scipy/_lib/_util.py:1181: RuntimeWarning: logm result may be inaccurate, approximate err = 1.0386286248831311e-06
  return f(*arrays, *other_args, **kwargs)
/appdata/users/P101440/micromamba/envs/torch29/lib/python3.11/site-packages/scipy/_lib/_util.py:1181: RuntimeWarning: logm result may be inaccurate, approximate err = 9.833973990680533e-07
  return f(*arrays, *other_args, **kwargs)
/appdata/users/P101440/micromamba/envs/torch29/lib/python3.11/site-packages/scipy/_lib/_util.py:1181: RuntimeWarning: logm result may be inaccurate, approximate err = 8.690556114743231e-07
  return f(*arrays, *other_args, **kwargs)
/appdata/users/P101440/micromamba/envs/torch29/lib/python3.11/site-packages/scipy/_lib/_util.py:1181: RuntimeWarning: logm result may be inaccurate, approximate err = 8.818858532322338e-07
  return f(*arrays, *other_args, **kwargs)
/appdata/users/P101440/micromamba/envs/torch29/lib/python3.11/site-packages/scipy/_lib/_util.py:1181: RuntimeWarning: logm result may be inaccurate, approximate err = 7.531340315836133e-07
  return f(*arrays, *other_args, **kwargs)
/appdata/users/P101440/micromamba/envs/torch29/lib/python3.11/site-packages/scipy/_lib/_util.py:1181: RuntimeWarning: logm result may be inaccurate, approximate err = 7.20821788036119e-07
  return f(*arrays, *other_args, **kwargs)
/appdata/users/P101440/micromamba/envs/torch29/lib/python3.11/site-packages/scipy/_lib/_util.py:1181: RuntimeWarning: logm result may be inaccurate, approximate err = 8.344291018147487e-07
  return f(*arrays, *other_args, **kwargs)
/appdata/users/P101440/micromamba/envs/torch29/lib/python3.11/site-packages/scipy/_lib/_util.py:1181: RuntimeWarning: logm result may be inaccurate, approximate err = 1.3724946938964422e-06
  return f(*arrays, *other_args, **kwargs)
/appdata/users/P101440/micromamba/envs/torch29/lib/python3.11/site-packages/scipy/_lib/_util.py:1181: RuntimeWarning: logm result may be inaccurate, approximate err = 9.444561896998493e-07
  return f(*arrays, *other_args, **kwargs)
/appdata/users/P101440/micromamba/envs/torch29/lib/python3.11/site-packages/scipy/_lib/_util.py:1181: RuntimeWarning: logm result may be inaccurate, approximate err = 7.190332098616636e-07
  return f(*arrays, *other_args, **kwargs)
/appdata/users/P101440/micromamba/envs/torch29/lib/python3.11/site-packages/scipy/_lib/_util.py:1181: RuntimeWarning: logm result may be inaccurate, approximate err = 6.263493332880898e-07
  return f(*arrays, *other_args, **kwargs)
/appdata/users/P101440/micromamba/envs/torch29/lib/python3.11/site-packages/scipy/_lib/_util.py:1181: RuntimeWarning: logm result may be inaccurate, approximate err = 7.027012429716706e-07
  return f(*arrays, *other_args, **kwargs)
/appdata/users/P101440/micromamba/envs/torch29/lib/python3.11/site-packages/scipy/_lib/_util.py:1181: RuntimeWarning: logm result may be inaccurate, approximate err = 9.069047450793732e-07
  return f(*arrays, *other_args, **kwargs)
/appdata/users/P101440/micromamba/envs/torch29/lib/python3.11/site-packages/scipy/_lib/_util.py:1181: RuntimeWarning: logm result may be inaccurate, approximate err = 7.087057269927755e-07
  return f(*arrays, *other_args, **kwargs)
/appdata/users/P101440/micromamba/envs/torch29/lib/python3.11/site-packages/scipy/_lib/_util.py:1181: RuntimeWarning: logm result may be inaccurate, approximate err = 6.523034699057462e-07
  return f(*arrays, *other_args, **kwargs)
/appdata/users/P101440/micromamba/envs/torch29/lib/python3.11/site-packages/scipy/_lib/_util.py:1181: RuntimeWarning: logm result may be inaccurate, approximate err = 8.123855081976217e-07
  return f(*arrays, *other_args, **kwargs)
/appdata/users/P101440/micromamba/envs/torch29/lib/python3.11/site-packages/scipy/_lib/_util.py:1181: RuntimeWarning: logm result may be inaccurate, approximate err = 9.017105071507103e-07
  return f(*arrays, *other_args, **kwargs)
/appdata/users/P101440/micromamba/envs/torch29/lib/python3.11/site-packages/scipy/_lib/_util.py:1181: RuntimeWarning: logm result may be inaccurate, approximate err = 5.58233296032995e-07
  return f(*arrays, *other_args, **kwargs)
/appdata/users/P101440/micromamba/envs/torch29/lib/python3.11/site-packages/scipy/_lib/_util.py:1181: RuntimeWarning: logm result may be inaccurate, approximate err = 9.506209153187228e-07
  return f(*arrays, *other_args, **kwargs)
/appdata/users/P101440/micromamba/envs/torch29/lib/python3.11/site-packages/scipy/_lib/_util.py:1181: RuntimeWarning: logm result may be inaccurate, approximate err = 5.385928716350463e-07
  return f(*arrays, *other_args, **kwargs)
/appdata/users/P101440/micromamba/envs/torch29/lib/python3.11/site-packages/scipy/_lib/_util.py:1181: RuntimeWarning: logm result may be inaccurate, approximate err = 6.843325763838948e-07
  return f(*arrays, *other_args, **kwargs)
/appdata/users/P101440/micromamba/envs/torch29/lib/python3.11/site-packages/scipy/_lib/_util.py:1181: RuntimeWarning: logm result may be inaccurate, approximate err = 8.347852258339117e-07
  return f(*arrays, *other_args, **kwargs)
/appdata/users/P101440/micromamba/envs/torch29/lib/python3.11/site-packages/scipy/_lib/_util.py:1181: RuntimeWarning: logm result may be inaccurate, approximate err = 7.222758995339973e-07
  return f(*arrays, *other_args, **kwargs)
/appdata/users/P101440/micromamba/envs/torch29/lib/python3.11/site-packages/scipy/_lib/_util.py:1181: RuntimeWarning: logm result may be inaccurate, approximate err = 5.184943461244984e-07
  return f(*arrays, *other_args, **kwargs)
/appdata/users/P101440/micromamba/envs/torch29/lib/python3.11/site-packages/scipy/_lib/_util.py:1181: RuntimeWarning: logm result may be inaccurate, approximate err = 9.385852308696485e-07
  return f(*arrays, *other_args, **kwargs)
/appdata/users/P101440/micromamba/envs/torch29/lib/python3.11/site-packages/scipy/_lib/_util.py:1181: RuntimeWarning: logm result may be inaccurate, approximate err = 7.830146273590799e-07
  return f(*arrays, *other_args, **kwargs)
/appdata/users/P101440/micromamba/envs/torch29/lib/python3.11/site-packages/scipy/_lib/_util.py:1181: RuntimeWarning: logm result may be inaccurate, approximate err = 7.259606036313926e-07
  return f(*arrays, *other_args, **kwargs)
/appdata/users/P101440/micromamba/envs/torch29/lib/python3.11/site-packages/scipy/_lib/_util.py:1181: RuntimeWarning: logm result may be inaccurate, approximate err = 7.739262741779385e-07
  return f(*arrays, *other_args, **kwargs)
/appdata/users/P101440/micromamba/envs/torch29/lib/python3.11/site-packages/scipy/_lib/_util.py:1181: RuntimeWarning: logm result may be inaccurate, approximate err = 8.479532311866933e-07
  return f(*arrays, *other_args, **kwargs)
/appdata/users/P101440/micromamba/envs/torch29/lib/python3.11/site-packages/scipy/_lib/_util.py:1181: RuntimeWarning: logm result may be inaccurate, approximate err = 8.745017225919582e-07
  return f(*arrays, *other_args, **kwargs)
/appdata/users/P101440/micromamba/envs/torch29/lib/python3.11/site-packages/scipy/_lib/_util.py:1181: RuntimeWarning: logm result may be inaccurate, approximate err = 8.713416264072293e-07
  return f(*arrays, *other_args, **kwargs)
/appdata/users/P101440/micromamba/envs/torch29/lib/python3.11/site-packages/scipy/_lib/_util.py:1181: RuntimeWarning: logm result may be inaccurate, approximate err = 1.034311708281166e-06
  return f(*arrays, *other_args, **kwargs)
/appdata/users/P101440/micromamba/envs/torch29/lib/python3.11/site-packages/scipy/_lib/_util.py:1181: RuntimeWarning: logm result may be inaccurate, approximate err = 7.822984571248526e-07
  return f(*arrays, *other_args, **kwargs)
/appdata/users/P101440/micromamba/envs/torch29/lib/python3.11/site-packages/scipy/_lib/_util.py:1181: RuntimeWarning: logm result may be inaccurate, approximate err = 8.856625299813459e-07
  return f(*arrays, *other_args, **kwargs)
/appdata/users/P101440/micromamba/envs/torch29/lib/python3.11/site-packages/scipy/_lib/_util.py:1181: RuntimeWarning: logm result may be inaccurate, approximate err = 6.702719588247419e-07
  return f(*arrays, *other_args, **kwargs)
/appdata/users/P101440/micromamba/envs/torch29/lib/python3.11/site-packages/scipy/_lib/_util.py:1181: RuntimeWarning: logm result may be inaccurate, approximate err = 6.755867048013897e-07
  return f(*arrays, *other_args, **kwargs)
/appdata/users/P101440/micromamba/envs/torch29/lib/python3.11/site-packages/scipy/_lib/_util.py:1181: RuntimeWarning: logm result may be inaccurate, approximate err = 7.787326694597141e-07
  return f(*arrays, *other_args, **kwargs)
/appdata/users/P101440/micromamba/envs/torch29/lib/python3.11/site-packages/scipy/_lib/_util.py:1181: RuntimeWarning: logm result may be inaccurate, approximate err = 1.1953721923418925e-06
  return f(*arrays, *other_args, **kwargs)
/appdata/users/P101440/micromamba/envs/torch29/lib/python3.11/site-packages/scipy/_lib/_util.py:1181: RuntimeWarning: logm result may be inaccurate, approximate err = 8.510016300533607e-07
  return f(*arrays, *other_args, **kwargs)
/appdata/users/P101440/micromamba/envs/torch29/lib/python3.11/site-packages/scipy/_lib/_util.py:1181: RuntimeWarning: logm result may be inaccurate, approximate err = 8.603502124060469e-07
  return f(*arrays, *other_args, **kwargs)
/appdata/users/P101440/micromamba/envs/torch29/lib/python3.11/site-packages/scipy/_lib/_util.py:1181: RuntimeWarning: logm result may be inaccurate, approximate err = 7.936409929243382e-07
  return f(*arrays, *other_args, **kwargs)
/appdata/users/P101440/micromamba/envs/torch29/lib/python3.11/site-packages/scipy/_lib/_util.py:1181: RuntimeWarning: logm result may be inaccurate, approximate err = 7.813180218363414e-07
  return f(*arrays, *other_args, **kwargs)
/appdata/users/P101440/micromamba/envs/torch29/lib/python3.11/site-packages/scipy/_lib/_util.py:1181: RuntimeWarning: logm result may be inaccurate, approximate err = 1.1004239013345796e-06
  return f(*arrays, *other_args, **kwargs)
/appdata/users/P101440/micromamba/envs/torch29/lib/python3.11/site-packages/scipy/_lib/_util.py:1181: RuntimeWarning: logm result may be inaccurate, approximate err = 1.1323392072881688e-06
  return f(*arrays, *other_args, **kwargs)
/appdata/users/P101440/micromamba/envs/torch29/lib/python3.11/site-packages/scipy/_lib/_util.py:1181: RuntimeWarning: logm result may be inaccurate, approximate err = 1.011131530503917e-06
  return f(*arrays, *other_args, **kwargs)
/appdata/users/P101440/micromamba/envs/torch29/lib/python3.11/site-packages/scipy/_lib/_util.py:1181: RuntimeWarning: logm result may be inaccurate, approximate err = 1.071520500772749e-06
  return f(*arrays, *other_args, **kwargs)
/appdata/users/P101440/micromamba/envs/torch29/lib/python3.11/site-packages/scipy/_lib/_util.py:1181: RuntimeWarning: logm result may be inaccurate, approximate err = 8.043607522267848e-07
  return f(*arrays, *other_args, **kwargs)
/appdata/users/P101440/micromamba/envs/torch29/lib/python3.11/site-packages/scipy/_lib/_util.py:1181: RuntimeWarning: logm result may be inaccurate, approximate err = 9.306536412623245e-07
  return f(*arrays, *other_args, **kwargs)
/appdata/users/P101440/micromamba/envs/torch29/lib/python3.11/site-packages/scipy/_lib/_util.py:1181: RuntimeWarning: logm result may be inaccurate, approximate err = 7.525015917053679e-07
  return f(*arrays, *other_args, **kwargs)
/appdata/users/P101440/micromamba/envs/torch29/lib/python3.11/site-packages/scipy/_lib/_util.py:1181: RuntimeWarning: logm result may be inaccurate, approximate err = 6.390636713149433e-07
  return f(*arrays, *other_args, **kwargs)
/appdata/users/P101440/micromamba/envs/torch29/lib/python3.11/site-packages/scipy/_lib/_util.py:1181: RuntimeWarning: logm result may be inaccurate, approximate err = 8.545598575437907e-07
  return f(*arrays, *other_args, **kwargs)
/appdata/users/P101440/micromamba/envs/torch29/lib/python3.11/site-packages/scipy/_lib/_util.py:1181: RuntimeWarning: logm result may be inaccurate, approximate err = 1.0592480066407006e-06
  return f(*arrays, *other_args, **kwargs)
/appdata/users/P101440/micromamba/envs/torch29/lib/python3.11/site-packages/scipy/_lib/_util.py:1181: RuntimeWarning: logm result may be inaccurate, approximate err = 6.929629989826935e-07
  return f(*arrays, *other_args, **kwargs)
/appdata/users/P101440/micromamba/envs/torch29/lib/python3.11/site-packages/scipy/_lib/_util.py:1181: RuntimeWarning: logm result may be inaccurate, approximate err = 7.496111606997147e-07
  return f(*arrays, *other_args, **kwargs)
/appdata/users/P101440/micromamba/envs/torch29/lib/python3.11/site-packages/scipy/_lib/_util.py:1181: RuntimeWarning: logm result may be inaccurate, approximate err = 9.68317635852145e-07
  return f(*arrays, *other_args, **kwargs)
/appdata/users/P101440/micromamba/envs/torch29/lib/python3.11/site-packages/scipy/_lib/_util.py:1181: RuntimeWarning: logm result may be inaccurate, approximate err = 8.16925364688359e-07
  return f(*arrays, *other_args, **kwargs)
/appdata/users/P101440/micromamba/envs/torch29/lib/python3.11/site-packages/scipy/_lib/_util.py:1181: RuntimeWarning: logm result may be inaccurate, approximate err = 7.655099807379884e-07
  return f(*arrays, *other_args, **kwargs)
/appdata/users/P101440/micromamba/envs/torch29/lib/python3.11/site-packages/scipy/_lib/_util.py:1181: RuntimeWarning: logm result may be inaccurate, approximate err = 7.686725211897283e-07
  return f(*arrays, *other_args, **kwargs)
/appdata/users/P101440/micromamba/envs/torch29/lib/python3.11/site-packages/scipy/_lib/_util.py:1181: RuntimeWarning: logm result may be inaccurate, approximate err = 8.257821377810615e-07
  return f(*arrays, *other_args, **kwargs)
/appdata/users/P101440/micromamba/envs/torch29/lib/python3.11/site-packages/scipy/_lib/_util.py:1181: RuntimeWarning: logm result may be inaccurate, approximate err = 9.245018190995324e-07
  return f(*arrays, *other_args, **kwargs)
/appdata/users/P101440/micromamba/envs/torch29/lib/python3.11/site-packages/scipy/_lib/_util.py:1181: RuntimeWarning: logm result may be inaccurate, approximate err = 6.633227940255892e-07
  return f(*arrays, *other_args, **kwargs)
/appdata/users/P101440/micromamba/envs/torch29/lib/python3.11/site-packages/scipy/_lib/_util.py:1181: RuntimeWarning: logm result may be inaccurate, approximate err = 9.023075904224243e-07
  return f(*arrays, *other_args, **kwargs)
/appdata/users/P101440/micromamba/envs/torch29/lib/python3.11/site-packages/scipy/_lib/_util.py:1181: RuntimeWarning: logm result may be inaccurate, approximate err = 1.0682380207072129e-06
  return f(*arrays, *other_args, **kwargs)
/appdata/users/P101440/micromamba/envs/torch29/lib/python3.11/site-packages/scipy/_lib/_util.py:1181: RuntimeWarning: logm result may be inaccurate, approximate err = 8.239678095378622e-07
  return f(*arrays, *other_args, **kwargs)
/appdata/users/P101440/micromamba/envs/torch29/lib/python3.11/site-packages/scipy/_lib/_util.py:1181: RuntimeWarning: logm result may be inaccurate, approximate err = 1.1729083553291275e-06
  return f(*arrays, *other_args, **kwargs)
/appdata/users/P101440/micromamba/envs/torch29/lib/python3.11/site-packages/scipy/_lib/_util.py:1181: RuntimeWarning: logm result may be inaccurate, approximate err = 7.883935495556216e-07
  return f(*arrays, *other_args, **kwargs)
/appdata/users/P101440/micromamba/envs/torch29/lib/python3.11/site-packages/scipy/_lib/_util.py:1181: RuntimeWarning: logm result may be inaccurate, approximate err = 8.267762154900993e-07
  return f(*arrays, *other_args, **kwargs)
/appdata/users/P101440/micromamba/envs/torch29/lib/python3.11/site-packages/scipy/_lib/_util.py:1181: RuntimeWarning: logm result may be inaccurate, approximate err = 9.383189762957045e-07
  return f(*arrays, *other_args, **kwargs)
/appdata/users/P101440/micromamba/envs/torch29/lib/python3.11/site-packages/scipy/_lib/_util.py:1181: RuntimeWarning: logm result may be inaccurate, approximate err = 7.807602173670602e-07
  return f(*arrays, *other_args, **kwargs)
/appdata/users/P101440/micromamba/envs/torch29/lib/python3.11/site-packages/scipy/_lib/_util.py:1181: RuntimeWarning: logm result may be inaccurate, approximate err = 5.832737315358827e-07
  return f(*arrays, *other_args, **kwargs)
/appdata/users/P101440/micromamba/envs/torch29/lib/python3.11/site-packages/scipy/_lib/_util.py:1181: RuntimeWarning: logm result may be inaccurate, approximate err = 9.561514389133663e-07
  return f(*arrays, *other_args, **kwargs)
/appdata/users/P101440/micromamba/envs/torch29/lib/python3.11/site-packages/scipy/_lib/_util.py:1181: RuntimeWarning: logm result may be inaccurate, approximate err = 9.159853675555496e-07
  return f(*arrays, *other_args, **kwargs)
/appdata/users/P101440/micromamba/envs/torch29/lib/python3.11/site-packages/scipy/_lib/_util.py:1181: RuntimeWarning: logm result may be inaccurate, approximate err = 8.815434284770163e-07
  return f(*arrays, *other_args, **kwargs)
/appdata/users/P101440/micromamba/envs/torch29/lib/python3.11/site-packages/scipy/_lib/_util.py:1181: RuntimeWarning: logm result may be inaccurate, approximate err = 7.044486096674518e-07
  return f(*arrays, *other_args, **kwargs)
/appdata/users/P101440/micromamba/envs/torch29/lib/python3.11/site-packages/scipy/_lib/_util.py:1181: RuntimeWarning: logm result may be inaccurate, approximate err = 8.877649975147506e-07
  return f(*arrays, *other_args, **kwargs)
/appdata/users/P101440/micromamba/envs/torch29/lib/python3.11/site-packages/scipy/_lib/_util.py:1181: RuntimeWarning: logm result may be inaccurate, approximate err = 6.876870202177088e-07
  return f(*arrays, *other_args, **kwargs)
/appdata/users/P101440/micromamba/envs/torch29/lib/python3.11/site-packages/scipy/_lib/_util.py:1181: RuntimeWarning: logm result may be inaccurate, approximate err = 7.650089060007303e-07
  return f(*arrays, *other_args, **kwargs)
/appdata/users/P101440/micromamba/envs/torch29/lib/python3.11/site-packages/scipy/_lib/_util.py:1181: RuntimeWarning: logm result may be inaccurate, approximate err = 6.433778594328032e-07
  return f(*arrays, *other_args, **kwargs)
/appdata/users/P101440/micromamba/envs/torch29/lib/python3.11/site-packages/scipy/_lib/_util.py:1181: RuntimeWarning: logm result may be inaccurate, approximate err = 7.60073362471303e-07
  return f(*arrays, *other_args, **kwargs)
/appdata/users/P101440/micromamba/envs/torch29/lib/python3.11/site-packages/scipy/_lib/_util.py:1181: RuntimeWarning: logm result may be inaccurate, approximate err = 7.54720701934275e-07
  return f(*arrays, *other_args, **kwargs)
/appdata/users/P101440/micromamba/envs/torch29/lib/python3.11/site-packages/scipy/_lib/_util.py:1181: RuntimeWarning: logm result may be inaccurate, approximate err = 9.224960990650288e-07
  return f(*arrays, *other_args, **kwargs)
/appdata/users/P101440/micromamba/envs/torch29/lib/python3.11/site-packages/scipy/_lib/_util.py:1181: RuntimeWarning: logm result may be inaccurate, approximate err = 9.486187195761886e-07
  return f(*arrays, *other_args, **kwargs)
/appdata/users/P101440/micromamba/envs/torch29/lib/python3.11/site-packages/scipy/_lib/_util.py:1181: RuntimeWarning: logm result may be inaccurate, approximate err = 1.2330203844612697e-06
  return f(*arrays, *other_args, **kwargs)
/appdata/users/P101440/micromamba/envs/torch29/lib/python3.11/site-packages/scipy/_lib/_util.py:1181: RuntimeWarning: logm result may be inaccurate, approximate err = 6.679992452518491e-07
  return f(*arrays, *other_args, **kwargs)
/appdata/users/P101440/micromamba/envs/torch29/lib/python3.11/site-packages/scipy/_lib/_util.py:1181: RuntimeWarning: logm result may be inaccurate, approximate err = 8.456200362161326e-07
  return f(*arrays, *other_args, **kwargs)
/appdata/users/P101440/micromamba/envs/torch29/lib/python3.11/site-packages/scipy/_lib/_util.py:1181: RuntimeWarning: logm result may be inaccurate, approximate err = 1.0295298125129193e-06
  return f(*arrays, *other_args, **kwargs)
/appdata/users/P101440/micromamba/envs/torch29/lib/python3.11/site-packages/scipy/_lib/_util.py:1181: RuntimeWarning: logm result may be inaccurate, approximate err = 6.959655252103403e-07
  return f(*arrays, *other_args, **kwargs)
/appdata/users/P101440/micromamba/envs/torch29/lib/python3.11/site-packages/scipy/_lib/_util.py:1181: RuntimeWarning: logm result may be inaccurate, approximate err = 8.243998763646232e-07
  return f(*arrays, *other_args, **kwargs)
/appdata/users/P101440/micromamba/envs/torch29/lib/python3.11/site-packages/scipy/_lib/_util.py:1181: RuntimeWarning: logm result may be inaccurate, approximate err = 8.790513561507396e-07
  return f(*arrays, *other_args, **kwargs)
/appdata/users/P101440/micromamba/envs/torch29/lib/python3.11/site-packages/scipy/_lib/_util.py:1181: RuntimeWarning: logm result may be inaccurate, approximate err = 1.2044058621540898e-06
  return f(*arrays, *other_args, **kwargs)
/appdata/users/P101440/micromamba/envs/torch29/lib/python3.11/site-packages/scipy/_lib/_util.py:1181: RuntimeWarning: logm result may be inaccurate, approximate err = 8.368085104848433e-07
  return f(*arrays, *other_args, **kwargs)
/appdata/users/P101440/micromamba/envs/torch29/lib/python3.11/site-packages/scipy/_lib/_util.py:1181: RuntimeWarning: logm result may be inaccurate, approximate err = 9.086117529477633e-07
  return f(*arrays, *other_args, **kwargs)
/appdata/users/P101440/micromamba/envs/torch29/lib/python3.11/site-packages/scipy/_lib/_util.py:1181: RuntimeWarning: logm result may be inaccurate, approximate err = 7.872162086641765e-07
  return f(*arrays, *other_args, **kwargs)
/appdata/users/P101440/micromamba/envs/torch29/lib/python3.11/site-packages/scipy/_lib/_util.py:1181: RuntimeWarning: logm result may be inaccurate, approximate err = 1.0885700021390221e-06
  return f(*arrays, *other_args, **kwargs)
/appdata/users/P101440/micromamba/envs/torch29/lib/python3.11/site-packages/scipy/_lib/_util.py:1181: RuntimeWarning: logm result may be inaccurate, approximate err = 6.996324373176321e-07
  return f(*arrays, *other_args, **kwargs)
/appdata/users/P101440/micromamba/envs/torch29/lib/python3.11/site-packages/scipy/_lib/_util.py:1181: RuntimeWarning: logm result may be inaccurate, approximate err = 9.073935416381573e-07
  return f(*arrays, *other_args, **kwargs)
/appdata/users/P101440/micromamba/envs/torch29/lib/python3.11/site-packages/scipy/_lib/_util.py:1181: RuntimeWarning: logm result may be inaccurate, approximate err = 8.434598157691653e-07
  return f(*arrays, *other_args, **kwargs)
/appdata/users/P101440/micromamba/envs/torch29/lib/python3.11/site-packages/scipy/_lib/_util.py:1181: RuntimeWarning: logm result may be inaccurate, approximate err = 1.013135033645085e-06
  return f(*arrays, *other_args, **kwargs)
/appdata/users/P101440/micromamba/envs/torch29/lib/python3.11/site-packages/scipy/_lib/_util.py:1181: RuntimeWarning: logm result may be inaccurate, approximate err = 1.0095344578076038e-06
  return f(*arrays, *other_args, **kwargs)
/appdata/users/P101440/micromamba/envs/torch29/lib/python3.11/site-packages/scipy/_lib/_util.py:1181: RuntimeWarning: logm result may be inaccurate, approximate err = 7.95726691649179e-07
  return f(*arrays, *other_args, **kwargs)
/appdata/users/P101440/micromamba/envs/torch29/lib/python3.11/site-packages/scipy/_lib/_util.py:1181: RuntimeWarning: logm result may be inaccurate, approximate err = 8.114447496154753e-07
  return f(*arrays, *other_args, **kwargs)
/appdata/users/P101440/micromamba/envs/torch29/lib/python3.11/site-packages/scipy/_lib/_util.py:1181: RuntimeWarning: logm result may be inaccurate, approximate err = 1.0829170378201525e-06
  return f(*arrays, *other_args, **kwargs)
/appdata/users/P101440/micromamba/envs/torch29/lib/python3.11/site-packages/scipy/_lib/_util.py:1181: RuntimeWarning: logm result may be inaccurate, approximate err = 1.126516849581094e-06
  return f(*arrays, *other_args, **kwargs)
/appdata/users/P101440/micromamba/envs/torch29/lib/python3.11/site-packages/scipy/_lib/_util.py:1181: RuntimeWarning: logm result may be inaccurate, approximate err = 8.75066632488597e-07
  return f(*arrays, *other_args, **kwargs)
/appdata/users/P101440/micromamba/envs/torch29/lib/python3.11/site-packages/scipy/_lib/_util.py:1181: RuntimeWarning: logm result may be inaccurate, approximate err = 7.580962915199052e-07
  return f(*arrays, *other_args, **kwargs)
/appdata/users/P101440/micromamba/envs/torch29/lib/python3.11/site-packages/scipy/_lib/_util.py:1181: RuntimeWarning: logm result may be inaccurate, approximate err = 9.281785651182872e-07
  return f(*arrays, *other_args, **kwargs)
/appdata/users/P101440/micromamba/envs/torch29/lib/python3.11/site-packages/scipy/_lib/_util.py:1181: RuntimeWarning: logm result may be inaccurate, approximate err = 8.527202339791984e-07
  return f(*arrays, *other_args, **kwargs)
/appdata/users/P101440/micromamba/envs/torch29/lib/python3.11/site-packages/scipy/_lib/_util.py:1181: RuntimeWarning: logm result may be inaccurate, approximate err = 7.622322186762176e-07
  return f(*arrays, *other_args, **kwargs)
/appdata/users/P101440/micromamba/envs/torch29/lib/python3.11/site-packages/scipy/_lib/_util.py:1181: RuntimeWarning: logm result may be inaccurate, approximate err = 8.108555107355642e-07
  return f(*arrays, *other_args, **kwargs)
/appdata/users/P101440/micromamba/envs/torch29/lib/python3.11/site-packages/scipy/_lib/_util.py:1181: RuntimeWarning: logm result may be inaccurate, approximate err = 1.2364663461994496e-06
  return f(*arrays, *other_args, **kwargs)
/appdata/users/P101440/micromamba/envs/torch29/lib/python3.11/site-packages/scipy/_lib/_util.py:1181: RuntimeWarning: logm result may be inaccurate, approximate err = 1.1345063057888183e-06
  return f(*arrays, *other_args, **kwargs)
/appdata/users/P101440/micromamba/envs/torch29/lib/python3.11/site-packages/scipy/_lib/_util.py:1181: RuntimeWarning: logm result may be inaccurate, approximate err = 8.938636142374889e-07
  return f(*arrays, *other_args, **kwargs)
/appdata/users/P101440/micromamba/envs/torch29/lib/python3.11/site-packages/scipy/_lib/_util.py:1181: RuntimeWarning: logm result may be inaccurate, approximate err = 6.418372322514188e-07
  return f(*arrays, *other_args, **kwargs)
/appdata/users/P101440/micromamba/envs/torch29/lib/python3.11/site-packages/scipy/_lib/_util.py:1181: RuntimeWarning: logm result may be inaccurate, approximate err = 6.123134426161414e-07
  return f(*arrays, *other_args, **kwargs)
/appdata/users/P101440/micromamba/envs/torch29/lib/python3.11/site-packages/scipy/_lib/_util.py:1181: RuntimeWarning: logm result may be inaccurate, approximate err = 1.1022045782738132e-06
  return f(*arrays, *other_args, **kwargs)
/appdata/users/P101440/micromamba/envs/torch29/lib/python3.11/site-packages/scipy/_lib/_util.py:1181: RuntimeWarning: logm result may be inaccurate, approximate err = 9.065929589269217e-07
  return f(*arrays, *other_args, **kwargs)
/appdata/users/P101440/micromamba/envs/torch29/lib/python3.11/site-packages/scipy/_lib/_util.py:1181: RuntimeWarning: logm result may be inaccurate, approximate err = 7.799130798957776e-07
  return f(*arrays, *other_args, **kwargs)
/appdata/users/P101440/micromamba/envs/torch29/lib/python3.11/site-packages/scipy/_lib/_util.py:1181: RuntimeWarning: logm result may be inaccurate, approximate err = 8.502962032252981e-07
  return f(*arrays, *other_args, **kwargs)
/appdata/users/P101440/micromamba/envs/torch29/lib/python3.11/site-packages/scipy/_lib/_util.py:1181: RuntimeWarning: logm result may be inaccurate, approximate err = 7.449700092365674e-07
  return f(*arrays, *other_args, **kwargs)
/appdata/users/P101440/micromamba/envs/torch29/lib/python3.11/site-packages/scipy/_lib/_util.py:1181: RuntimeWarning: logm result may be inaccurate, approximate err = 1.3052062968199607e-06
  return f(*arrays, *other_args, **kwargs)
/appdata/users/P101440/micromamba/envs/torch29/lib/python3.11/site-packages/scipy/_lib/_util.py:1181: RuntimeWarning: logm result may be inaccurate, approximate err = 7.649520625818695e-07
  return f(*arrays, *other_args, **kwargs)
/appdata/users/P101440/micromamba/envs/torch29/lib/python3.11/site-packages/scipy/_lib/_util.py:1181: RuntimeWarning: logm result may be inaccurate, approximate err = 8.67441713126027e-07
  return f(*arrays, *other_args, **kwargs)
/appdata/users/P101440/micromamba/envs/torch29/lib/python3.11/site-packages/scipy/_lib/_util.py:1181: RuntimeWarning: logm result may be inaccurate, approximate err = 7.829776222934015e-07
  return f(*arrays, *other_args, **kwargs)
/appdata/users/P101440/micromamba/envs/torch29/lib/python3.11/site-packages/scipy/_lib/_util.py:1181: RuntimeWarning: logm result may be inaccurate, approximate err = 9.071918043446203e-07
  return f(*arrays, *other_args, **kwargs)
/appdata/users/P101440/micromamba/envs/torch29/lib/python3.11/site-packages/scipy/_lib/_util.py:1181: RuntimeWarning: logm result may be inaccurate, approximate err = 5.80581968279148e-07
  return f(*arrays, *other_args, **kwargs)
/appdata/users/P101440/micromamba/envs/torch29/lib/python3.11/site-packages/scipy/_lib/_util.py:1181: RuntimeWarning: logm result may be inaccurate, approximate err = 6.789777557969501e-07
  return f(*arrays, *other_args, **kwargs)
/appdata/users/P101440/micromamba/envs/torch29/lib/python3.11/site-packages/scipy/_lib/_util.py:1181: RuntimeWarning: logm result may be inaccurate, approximate err = 5.862466991857218e-07
  return f(*arrays, *other_args, **kwargs)
/appdata/users/P101440/micromamba/envs/torch29/lib/python3.11/site-packages/scipy/_lib/_util.py:1181: RuntimeWarning: logm result may be inaccurate, approximate err = 8.25926065317617e-07
  return f(*arrays, *other_args, **kwargs)
/appdata/users/P101440/micromamba/envs/torch29/lib/python3.11/site-packages/scipy/_lib/_util.py:1181: RuntimeWarning: logm result may be inaccurate, approximate err = 7.608902592437516e-07
  return f(*arrays, *other_args, **kwargs)
/appdata/users/P101440/micromamba/envs/torch29/lib/python3.11/site-packages/scipy/_lib/_util.py:1181: RuntimeWarning: logm result may be inaccurate, approximate err = 7.289060022230842e-07
  return f(*arrays, *other_args, **kwargs)
/appdata/users/P101440/micromamba/envs/torch29/lib/python3.11/site-packages/scipy/_lib/_util.py:1181: RuntimeWarning: logm result may be inaccurate, approximate err = 8.567932354708319e-07
  return f(*arrays, *other_args, **kwargs)
/appdata/users/P101440/micromamba/envs/torch29/lib/python3.11/site-packages/scipy/_lib/_util.py:1181: RuntimeWarning: logm result may be inaccurate, approximate err = 1.2495659120759228e-06
  return f(*arrays, *other_args, **kwargs)
/appdata/users/P101440/micromamba/envs/torch29/lib/python3.11/site-packages/scipy/_lib/_util.py:1181: RuntimeWarning: logm result may be inaccurate, approximate err = 8.218785296776332e-07
  return f(*arrays, *other_args, **kwargs)
/appdata/users/P101440/micromamba/envs/torch29/lib/python3.11/site-packages/scipy/_lib/_util.py:1181: RuntimeWarning: logm result may be inaccurate, approximate err = 8.285103376692859e-07
  return f(*arrays, *other_args, **kwargs)
/appdata/users/P101440/micromamba/envs/torch29/lib/python3.11/site-packages/scipy/_lib/_util.py:1181: RuntimeWarning: logm result may be inaccurate, approximate err = 7.390859764200286e-07
  return f(*arrays, *other_args, **kwargs)
/appdata/users/P101440/micromamba/envs/torch29/lib/python3.11/site-packages/scipy/_lib/_util.py:1181: RuntimeWarning: logm result may be inaccurate, approximate err = 9.97699885374459e-07
  return f(*arrays, *other_args, **kwargs)
/appdata/users/P101440/micromamba/envs/torch29/lib/python3.11/site-packages/scipy/_lib/_util.py:1181: RuntimeWarning: logm result may be inaccurate, approximate err = 7.000970754234004e-07
  return f(*arrays, *other_args, **kwargs)
/appdata/users/P101440/micromamba/envs/torch29/lib/python3.11/site-packages/scipy/_lib/_util.py:1181: RuntimeWarning: logm result may be inaccurate, approximate err = 1.0820489251273102e-06
  return f(*arrays, *other_args, **kwargs)
/appdata/users/P101440/micromamba/envs/torch29/lib/python3.11/site-packages/scipy/_lib/_util.py:1181: RuntimeWarning: logm result may be inaccurate, approximate err = 9.398803513249732e-07
  return f(*arrays, *other_args, **kwargs)
/appdata/users/P101440/micromamba/envs/torch29/lib/python3.11/site-packages/scipy/_lib/_util.py:1181: RuntimeWarning: logm result may be inaccurate, approximate err = 7.75742137193447e-07
  return f(*arrays, *other_args, **kwargs)
/appdata/users/P101440/micromamba/envs/torch29/lib/python3.11/site-packages/scipy/_lib/_util.py:1181: RuntimeWarning: logm result may be inaccurate, approximate err = 1.1047872021663352e-06
  return f(*arrays, *other_args, **kwargs)
/appdata/users/P101440/micromamba/envs/torch29/lib/python3.11/site-packages/scipy/_lib/_util.py:1181: RuntimeWarning: logm result may be inaccurate, approximate err = 6.768901812392869e-07
  return f(*arrays, *other_args, **kwargs)
/appdata/users/P101440/micromamba/envs/torch29/lib/python3.11/site-packages/scipy/_lib/_util.py:1181: RuntimeWarning: logm result may be inaccurate, approximate err = 9.742814199853456e-07
  return f(*arrays, *other_args, **kwargs)
/appdata/users/P101440/micromamba/envs/torch29/lib/python3.11/site-packages/scipy/_lib/_util.py:1181: RuntimeWarning: logm result may be inaccurate, approximate err = 8.201270134122751e-07
  return f(*arrays, *other_args, **kwargs)
/appdata/users/P101440/micromamba/envs/torch29/lib/python3.11/site-packages/scipy/_lib/_util.py:1181: RuntimeWarning: logm result may be inaccurate, approximate err = 7.747306653982378e-07
  return f(*arrays, *other_args, **kwargs)
/appdata/users/P101440/micromamba/envs/torch29/lib/python3.11/site-packages/scipy/_lib/_util.py:1181: RuntimeWarning: logm result may be inaccurate, approximate err = 9.3038391923983e-07
  return f(*arrays, *other_args, **kwargs)
/appdata/users/P101440/micromamba/envs/torch29/lib/python3.11/site-packages/scipy/_lib/_util.py:1181: RuntimeWarning: logm result may be inaccurate, approximate err = 5.91150865147938e-07
  return f(*arrays, *other_args, **kwargs)
/appdata/users/P101440/micromamba/envs/torch29/lib/python3.11/site-packages/scipy/_lib/_util.py:1181: RuntimeWarning: logm result may be inaccurate, approximate err = 9.119147534875083e-07
  return f(*arrays, *other_args, **kwargs)
/appdata/users/P101440/micromamba/envs/torch29/lib/python3.11/site-packages/scipy/_lib/_util.py:1181: RuntimeWarning: logm result may be inaccurate, approximate err = 8.346784170498722e-07
  return f(*arrays, *other_args, **kwargs)
/appdata/users/P101440/micromamba/envs/torch29/lib/python3.11/site-packages/scipy/_lib/_util.py:1181: RuntimeWarning: logm result may be inaccurate, approximate err = 7.388329663626791e-07
  return f(*arrays, *other_args, **kwargs)
/appdata/users/P101440/micromamba/envs/torch29/lib/python3.11/site-packages/scipy/_lib/_util.py:1181: RuntimeWarning: logm result may be inaccurate, approximate err = 8.449459301118623e-07
  return f(*arrays, *other_args, **kwargs)
/appdata/users/P101440/micromamba/envs/torch29/lib/python3.11/site-packages/scipy/_lib/_util.py:1181: RuntimeWarning: logm result may be inaccurate, approximate err = 8.909215694075101e-07
  return f(*arrays, *other_args, **kwargs)
/appdata/users/P101440/micromamba/envs/torch29/lib/python3.11/site-packages/scipy/_lib/_util.py:1181: RuntimeWarning: logm result may be inaccurate, approximate err = 1.0304077022738056e-06
  return f(*arrays, *other_args, **kwargs)
/appdata/users/P101440/micromamba/envs/torch29/lib/python3.11/site-packages/scipy/_lib/_util.py:1181: RuntimeWarning: logm result may be inaccurate, approximate err = 9.944915291271172e-07
  return f(*arrays, *other_args, **kwargs)
/appdata/users/P101440/micromamba/envs/torch29/lib/python3.11/site-packages/scipy/_lib/_util.py:1181: RuntimeWarning: logm result may be inaccurate, approximate err = 7.515815241276869e-07
  return f(*arrays, *other_args, **kwargs)
/appdata/users/P101440/micromamba/envs/torch29/lib/python3.11/site-packages/scipy/_lib/_util.py:1181: RuntimeWarning: logm result may be inaccurate, approximate err = 7.595402280458075e-07
  return f(*arrays, *other_args, **kwargs)
/appdata/users/P101440/micromamba/envs/torch29/lib/python3.11/site-packages/scipy/_lib/_util.py:1181: RuntimeWarning: logm result may be inaccurate, approximate err = 8.31963177461148e-07
  return f(*arrays, *other_args, **kwargs)
/appdata/users/P101440/micromamba/envs/torch29/lib/python3.11/site-packages/scipy/_lib/_util.py:1181: RuntimeWarning: logm result may be inaccurate, approximate err = 6.47819092591817e-07
  return f(*arrays, *other_args, **kwargs)
/appdata/users/P101440/micromamba/envs/torch29/lib/python3.11/site-packages/scipy/_lib/_util.py:1181: RuntimeWarning: logm result may be inaccurate, approximate err = 6.17945602243708e-07
  return f(*arrays, *other_args, **kwargs)
/appdata/users/P101440/micromamba/envs/torch29/lib/python3.11/site-packages/scipy/_lib/_util.py:1181: RuntimeWarning: logm result may be inaccurate, approximate err = 7.983148293533304e-07
  return f(*arrays, *other_args, **kwargs)
/appdata/users/P101440/micromamba/envs/torch29/lib/python3.11/site-packages/scipy/_lib/_util.py:1181: RuntimeWarning: logm result may be inaccurate, approximate err = 7.715561878285371e-07
  return f(*arrays, *other_args, **kwargs)
/appdata/users/P101440/micromamba/envs/torch29/lib/python3.11/site-packages/scipy/_lib/_util.py:1181: RuntimeWarning: logm result may be inaccurate, approximate err = 8.965263873506046e-07
  return f(*arrays, *other_args, **kwargs)
/appdata/users/P101440/micromamba/envs/torch29/lib/python3.11/site-packages/scipy/_lib/_util.py:1181: RuntimeWarning: logm result may be inaccurate, approximate err = 9.966228162738844e-07
  return f(*arrays, *other_args, **kwargs)
/appdata/users/P101440/micromamba/envs/torch29/lib/python3.11/site-packages/scipy/_lib/_util.py:1181: RuntimeWarning: logm result may be inaccurate, approximate err = 6.749737053723948e-07
  return f(*arrays, *other_args, **kwargs)
/appdata/users/P101440/micromamba/envs/torch29/lib/python3.11/site-packages/scipy/_lib/_util.py:1181: RuntimeWarning: logm result may be inaccurate, approximate err = 8.501765478285961e-07
  return f(*arrays, *other_args, **kwargs)
/appdata/users/P101440/micromamba/envs/torch29/lib/python3.11/site-packages/scipy/_lib/_util.py:1181: RuntimeWarning: logm result may be inaccurate, approximate err = 1.1671685342662386e-06
  return f(*arrays, *other_args, **kwargs)
/appdata/users/P101440/micromamba/envs/torch29/lib/python3.11/site-packages/scipy/_lib/_util.py:1181: RuntimeWarning: logm result may be inaccurate, approximate err = 8.978157097772055e-07
  return f(*arrays, *other_args, **kwargs)
/appdata/users/P101440/micromamba/envs/torch29/lib/python3.11/site-packages/scipy/_lib/_util.py:1181: RuntimeWarning: logm result may be inaccurate, approximate err = 9.252379982171988e-07
  return f(*arrays, *other_args, **kwargs)
/appdata/users/P101440/micromamba/envs/torch29/lib/python3.11/site-packages/scipy/_lib/_util.py:1181: RuntimeWarning: logm result may be inaccurate, approximate err = 5.786763495052583e-07
  return f(*arrays, *other_args, **kwargs)
/appdata/users/P101440/micromamba/envs/torch29/lib/python3.11/site-packages/scipy/_lib/_util.py:1181: RuntimeWarning: logm result may be inaccurate, approximate err = 1.0521396234253189e-06
  return f(*arrays, *other_args, **kwargs)
/appdata/users/P101440/micromamba/envs/torch29/lib/python3.11/site-packages/scipy/_lib/_util.py:1181: RuntimeWarning: logm result may be inaccurate, approximate err = 9.036126016326307e-07
  return f(*arrays, *other_args, **kwargs)
/appdata/users/P101440/micromamba/envs/torch29/lib/python3.11/site-packages/scipy/_lib/_util.py:1181: RuntimeWarning: logm result may be inaccurate, approximate err = 7.632614256181114e-07
  return f(*arrays, *other_args, **kwargs)
/appdata/users/P101440/micromamba/envs/torch29/lib/python3.11/site-packages/scipy/_lib/_util.py:1181: RuntimeWarning: logm result may be inaccurate, approximate err = 8.392210588681337e-07
  return f(*arrays, *other_args, **kwargs)
/appdata/users/P101440/micromamba/envs/torch29/lib/python3.11/site-packages/scipy/_lib/_util.py:1181: RuntimeWarning: logm result may be inaccurate, approximate err = 7.455676040990511e-07
  return f(*arrays, *other_args, **kwargs)
/appdata/users/P101440/micromamba/envs/torch29/lib/python3.11/site-packages/scipy/_lib/_util.py:1181: RuntimeWarning: logm result may be inaccurate, approximate err = 7.906532459855953e-07
  return f(*arrays, *other_args, **kwargs)
/appdata/users/P101440/micromamba/envs/torch29/lib/python3.11/site-packages/scipy/_lib/_util.py:1181: RuntimeWarning: logm result may be inaccurate, approximate err = 7.333880489568401e-07
  return f(*arrays, *other_args, **kwargs)
/appdata/users/P101440/micromamba/envs/torch29/lib/python3.11/site-packages/scipy/_lib/_util.py:1181: RuntimeWarning: logm result may be inaccurate, approximate err = 8.43134046135674e-07
  return f(*arrays, *other_args, **kwargs)
/appdata/users/P101440/micromamba/envs/torch29/lib/python3.11/site-packages/scipy/_lib/_util.py:1181: RuntimeWarning: logm result may be inaccurate, approximate err = 8.76232149948919e-07
  return f(*arrays, *other_args, **kwargs)
/appdata/users/P101440/micromamba/envs/torch29/lib/python3.11/site-packages/scipy/_lib/_util.py:1181: RuntimeWarning: logm result may be inaccurate, approximate err = 7.129197570066026e-07
  return f(*arrays, *other_args, **kwargs)
/appdata/users/P101440/micromamba/envs/torch29/lib/python3.11/site-packages/scipy/_lib/_util.py:1181: RuntimeWarning: logm result may be inaccurate, approximate err = 7.12011342329788e-07
  return f(*arrays, *other_args, **kwargs)
/appdata/users/P101440/micromamba/envs/torch29/lib/python3.11/site-packages/scipy/_lib/_util.py:1181: RuntimeWarning: logm result may be inaccurate, approximate err = 7.880274210947391e-07
  return f(*arrays, *other_args, **kwargs)
/appdata/users/P101440/micromamba/envs/torch29/lib/python3.11/site-packages/scipy/_lib/_util.py:1181: RuntimeWarning: logm result may be inaccurate, approximate err = 7.548744633822935e-07
  return f(*arrays, *other_args, **kwargs)
/appdata/users/P101440/micromamba/envs/torch29/lib/python3.11/site-packages/scipy/_lib/_util.py:1181: RuntimeWarning: logm result may be inaccurate, approximate err = 1.0154871006307076e-06
  return f(*arrays, *other_args, **kwargs)
/appdata/users/P101440/micromamba/envs/torch29/lib/python3.11/site-packages/scipy/_lib/_util.py:1181: RuntimeWarning: logm result may be inaccurate, approximate err = 6.902077416270913e-07
  return f(*arrays, *other_args, **kwargs)
/appdata/users/P101440/micromamba/envs/torch29/lib/python3.11/site-packages/scipy/_lib/_util.py:1181: RuntimeWarning: logm result may be inaccurate, approximate err = 9.754436405273736e-07
  return f(*arrays, *other_args, **kwargs)
/appdata/users/P101440/micromamba/envs/torch29/lib/python3.11/site-packages/scipy/_lib/_util.py:1181: RuntimeWarning: logm result may be inaccurate, approximate err = 6.617161716349074e-07
  return f(*arrays, *other_args, **kwargs)
/appdata/users/P101440/micromamba/envs/torch29/lib/python3.11/site-packages/scipy/_lib/_util.py:1181: RuntimeWarning: logm result may be inaccurate, approximate err = 9.088161618819868e-07
  return f(*arrays, *other_args, **kwargs)
/appdata/users/P101440/micromamba/envs/torch29/lib/python3.11/site-packages/scipy/_lib/_util.py:1181: RuntimeWarning: logm result may be inaccurate, approximate err = 6.455100560742721e-07
  return f(*arrays, *other_args, **kwargs)
/appdata/users/P101440/micromamba/envs/torch29/lib/python3.11/site-packages/scipy/_lib/_util.py:1181: RuntimeWarning: logm result may be inaccurate, approximate err = 8.801002877589781e-07
  return f(*arrays, *other_args, **kwargs)
/appdata/users/P101440/micromamba/envs/torch29/lib/python3.11/site-packages/scipy/_lib/_util.py:1181: RuntimeWarning: logm result may be inaccurate, approximate err = 9.17527245292149e-07
  return f(*arrays, *other_args, **kwargs)
/appdata/users/P101440/micromamba/envs/torch29/lib/python3.11/site-packages/scipy/_lib/_util.py:1181: RuntimeWarning: logm result may be inaccurate, approximate err = 1.0055478014692198e-06
  return f(*arrays, *other_args, **kwargs)
/appdata/users/P101440/micromamba/envs/torch29/lib/python3.11/site-packages/scipy/_lib/_util.py:1181: RuntimeWarning: logm result may be inaccurate, approximate err = 9.587912472852622e-07
  return f(*arrays, *other_args, **kwargs)
/appdata/users/P101440/micromamba/envs/torch29/lib/python3.11/site-packages/scipy/_lib/_util.py:1181: RuntimeWarning: logm result may be inaccurate, approximate err = 9.204687785313581e-07
  return f(*arrays, *other_args, **kwargs)
/appdata/users/P101440/micromamba/envs/torch29/lib/python3.11/site-packages/scipy/_lib/_util.py:1181: RuntimeWarning: logm result may be inaccurate, approximate err = 8.206268944377371e-07
  return f(*arrays, *other_args, **kwargs)
/appdata/users/P101440/micromamba/envs/torch29/lib/python3.11/site-packages/scipy/_lib/_util.py:1181: RuntimeWarning: logm result may be inaccurate, approximate err = 8.395369945901621e-07
  return f(*arrays, *other_args, **kwargs)
/appdata/users/P101440/micromamba/envs/torch29/lib/python3.11/site-packages/scipy/_lib/_util.py:1181: RuntimeWarning: logm result may be inaccurate, approximate err = 6.834403052380367e-07
  return f(*arrays, *other_args, **kwargs)
/appdata/users/P101440/micromamba/envs/torch29/lib/python3.11/site-packages/scipy/_lib/_util.py:1181: RuntimeWarning: logm result may be inaccurate, approximate err = 7.107757369340106e-07
  return f(*arrays, *other_args, **kwargs)
/appdata/users/P101440/micromamba/envs/torch29/lib/python3.11/site-packages/scipy/_lib/_util.py:1181: RuntimeWarning: logm result may be inaccurate, approximate err = 8.063428822424612e-07
  return f(*arrays, *other_args, **kwargs)
/appdata/users/P101440/micromamba/envs/torch29/lib/python3.11/site-packages/scipy/_lib/_util.py:1181: RuntimeWarning: logm result may be inaccurate, approximate err = 7.968044428707799e-07
  return f(*arrays, *other_args, **kwargs)
/appdata/users/P101440/micromamba/envs/torch29/lib/python3.11/site-packages/scipy/_lib/_util.py:1181: RuntimeWarning: logm result may be inaccurate, approximate err = 8.366675388060685e-07
  return f(*arrays, *other_args, **kwargs)
/appdata/users/P101440/micromamba/envs/torch29/lib/python3.11/site-packages/scipy/_lib/_util.py:1181: RuntimeWarning: logm result may be inaccurate, approximate err = 8.213849014282459e-07
  return f(*arrays, *other_args, **kwargs)
/appdata/users/P101440/micromamba/envs/torch29/lib/python3.11/site-packages/scipy/_lib/_util.py:1181: RuntimeWarning: logm result may be inaccurate, approximate err = 7.129885375434242e-07
  return f(*arrays, *other_args, **kwargs)
/appdata/users/P101440/micromamba/envs/torch29/lib/python3.11/site-packages/scipy/_lib/_util.py:1181: RuntimeWarning: logm result may be inaccurate, approximate err = 6.525137337121123e-07
  return f(*arrays, *other_args, **kwargs)
/appdata/users/P101440/micromamba/envs/torch29/lib/python3.11/site-packages/scipy/_lib/_util.py:1181: RuntimeWarning: logm result may be inaccurate, approximate err = 5.878864612895995e-07
  return f(*arrays, *other_args, **kwargs)
/appdata/users/P101440/micromamba/envs/torch29/lib/python3.11/site-packages/scipy/_lib/_util.py:1181: RuntimeWarning: logm result may be inaccurate, approximate err = 1.087267719412921e-06
  return f(*arrays, *other_args, **kwargs)
/appdata/users/P101440/micromamba/envs/torch29/lib/python3.11/site-packages/scipy/_lib/_util.py:1181: RuntimeWarning: logm result may be inaccurate, approximate err = 6.33907575320336e-07
  return f(*arrays, *other_args, **kwargs)
/appdata/users/P101440/micromamba/envs/torch29/lib/python3.11/site-packages/scipy/_lib/_util.py:1181: RuntimeWarning: logm result may be inaccurate, approximate err = 1.0343724170525093e-06
  return f(*arrays, *other_args, **kwargs)
/appdata/users/P101440/micromamba/envs/torch29/lib/python3.11/site-packages/scipy/_lib/_util.py:1181: RuntimeWarning: logm result may be inaccurate, approximate err = 7.959674235280545e-07
  return f(*arrays, *other_args, **kwargs)
/appdata/users/P101440/micromamba/envs/torch29/lib/python3.11/site-packages/scipy/_lib/_util.py:1181: RuntimeWarning: logm result may be inaccurate, approximate err = 8.625060559097619e-07
  return f(*arrays, *other_args, **kwargs)
/appdata/users/P101440/micromamba/envs/torch29/lib/python3.11/site-packages/scipy/_lib/_util.py:1181: RuntimeWarning: logm result may be inaccurate, approximate err = 9.561232445776113e-07
  return f(*arrays, *other_args, **kwargs)
/appdata/users/P101440/micromamba/envs/torch29/lib/python3.11/site-packages/scipy/_lib/_util.py:1181: RuntimeWarning: logm result may be inaccurate, approximate err = 6.517059887301002e-07
  return f(*arrays, *other_args, **kwargs)
/appdata/users/P101440/micromamba/envs/torch29/lib/python3.11/site-packages/scipy/_lib/_util.py:1181: RuntimeWarning: logm result may be inaccurate, approximate err = 9.537044434182462e-07
  return f(*arrays, *other_args, **kwargs)
/appdata/users/P101440/micromamba/envs/torch29/lib/python3.11/site-packages/scipy/_lib/_util.py:1181: RuntimeWarning: logm result may be inaccurate, approximate err = 1.1821343832707498e-06
  return f(*arrays, *other_args, **kwargs)
/appdata/users/P101440/micromamba/envs/torch29/lib/python3.11/site-packages/scipy/_lib/_util.py:1181: RuntimeWarning: logm result may be inaccurate, approximate err = 7.323002932935196e-07
  return f(*arrays, *other_args, **kwargs)
/appdata/users/P101440/micromamba/envs/torch29/lib/python3.11/site-packages/scipy/_lib/_util.py:1181: RuntimeWarning: logm result may be inaccurate, approximate err = 6.528646281367401e-07
  return f(*arrays, *other_args, **kwargs)
/appdata/users/P101440/micromamba/envs/torch29/lib/python3.11/site-packages/scipy/_lib/_util.py:1181: RuntimeWarning: logm result may be inaccurate, approximate err = 9.362098012388742e-07
  return f(*arrays, *other_args, **kwargs)
/appdata/users/P101440/micromamba/envs/torch29/lib/python3.11/site-packages/scipy/_lib/_util.py:1181: RuntimeWarning: logm result may be inaccurate, approximate err = 9.155676821137604e-07
  return f(*arrays, *other_args, **kwargs)
/appdata/users/P101440/micromamba/envs/torch29/lib/python3.11/site-packages/scipy/_lib/_util.py:1181: RuntimeWarning: logm result may be inaccurate, approximate err = 7.588781727463356e-07
  return f(*arrays, *other_args, **kwargs)
/appdata/users/P101440/micromamba/envs/torch29/lib/python3.11/site-packages/scipy/_lib/_util.py:1181: RuntimeWarning: logm result may be inaccurate, approximate err = 7.460698157046863e-07
  return f(*arrays, *other_args, **kwargs)
/appdata/users/P101440/micromamba/envs/torch29/lib/python3.11/site-packages/scipy/_lib/_util.py:1181: RuntimeWarning: logm result may be inaccurate, approximate err = 8.112260161396989e-07
  return f(*arrays, *other_args, **kwargs)
/appdata/users/P101440/micromamba/envs/torch29/lib/python3.11/site-packages/scipy/_lib/_util.py:1181: RuntimeWarning: logm result may be inaccurate, approximate err = 8.139176657095959e-07
  return f(*arrays, *other_args, **kwargs)
/appdata/users/P101440/micromamba/envs/torch29/lib/python3.11/site-packages/scipy/_lib/_util.py:1181: RuntimeWarning: logm result may be inaccurate, approximate err = 6.710037041557371e-07
  return f(*arrays, *other_args, **kwargs)
/appdata/users/P101440/micromamba/envs/torch29/lib/python3.11/site-packages/scipy/_lib/_util.py:1181: RuntimeWarning: logm result may be inaccurate, approximate err = 6.42519523808005e-07
  return f(*arrays, *other_args, **kwargs)
/appdata/users/P101440/micromamba/envs/torch29/lib/python3.11/site-packages/scipy/_lib/_util.py:1181: RuntimeWarning: logm result may be inaccurate, approximate err = 6.626979711654712e-07
  return f(*arrays, *other_args, **kwargs)
/appdata/users/P101440/micromamba/envs/torch29/lib/python3.11/site-packages/scipy/_lib/_util.py:1181: RuntimeWarning: logm result may be inaccurate, approximate err = 1.0392826652605436e-06
  return f(*arrays, *other_args, **kwargs)
/appdata/users/P101440/micromamba/envs/torch29/lib/python3.11/site-packages/scipy/_lib/_util.py:1181: RuntimeWarning: logm result may be inaccurate, approximate err = 9.460713954467792e-07
  return f(*arrays, *other_args, **kwargs)
/appdata/users/P101440/micromamba/envs/torch29/lib/python3.11/site-packages/scipy/_lib/_util.py:1181: RuntimeWarning: logm result may be inaccurate, approximate err = 8.105556048576545e-07
  return f(*arrays, *other_args, **kwargs)
/appdata/users/P101440/micromamba/envs/torch29/lib/python3.11/site-packages/scipy/_lib/_util.py:1181: RuntimeWarning: logm result may be inaccurate, approximate err = 6.426150207516912e-07
  return f(*arrays, *other_args, **kwargs)
/appdata/users/P101440/micromamba/envs/torch29/lib/python3.11/site-packages/scipy/_lib/_util.py:1181: RuntimeWarning: logm result may be inaccurate, approximate err = 9.11567724415363e-07
  return f(*arrays, *other_args, **kwargs)
/appdata/users/P101440/micromamba/envs/torch29/lib/python3.11/site-packages/scipy/_lib/_util.py:1181: RuntimeWarning: logm result may be inaccurate, approximate err = 8.88443537405692e-07
  return f(*arrays, *other_args, **kwargs)
/appdata/users/P101440/micromamba/envs/torch29/lib/python3.11/site-packages/scipy/_lib/_util.py:1181: RuntimeWarning: logm result may be inaccurate, approximate err = 6.961316216802516e-07
  return f(*arrays, *other_args, **kwargs)
/appdata/users/P101440/micromamba/envs/torch29/lib/python3.11/site-packages/scipy/_lib/_util.py:1181: RuntimeWarning: logm result may be inaccurate, approximate err = 7.890659503573261e-07
  return f(*arrays, *other_args, **kwargs)
/appdata/users/P101440/micromamba/envs/torch29/lib/python3.11/site-packages/scipy/_lib/_util.py:1181: RuntimeWarning: logm result may be inaccurate, approximate err = 1.1347976851538988e-06
  return f(*arrays, *other_args, **kwargs)
/appdata/users/P101440/micromamba/envs/torch29/lib/python3.11/site-packages/scipy/_lib/_util.py:1181: RuntimeWarning: logm result may be inaccurate, approximate err = 9.212046734319301e-07
  return f(*arrays, *other_args, **kwargs)
/appdata/users/P101440/micromamba/envs/torch29/lib/python3.11/site-packages/scipy/_lib/_util.py:1181: RuntimeWarning: logm result may be inaccurate, approximate err = 7.771665195832611e-07
  return f(*arrays, *other_args, **kwargs)
/appdata/users/P101440/micromamba/envs/torch29/lib/python3.11/site-packages/scipy/_lib/_util.py:1181: RuntimeWarning: logm result may be inaccurate, approximate err = 8.516320235685271e-07
  return f(*arrays, *other_args, **kwargs)
/appdata/users/P101440/micromamba/envs/torch29/lib/python3.11/site-packages/scipy/_lib/_util.py:1181: RuntimeWarning: logm result may be inaccurate, approximate err = 9.369050530949607e-07
  return f(*arrays, *other_args, **kwargs)
/appdata/users/P101440/micromamba/envs/torch29/lib/python3.11/site-packages/scipy/_lib/_util.py:1181: RuntimeWarning: logm result may be inaccurate, approximate err = 8.29955979497754e-07
  return f(*arrays, *other_args, **kwargs)
/appdata/users/P101440/micromamba/envs/torch29/lib/python3.11/site-packages/scipy/_lib/_util.py:1181: RuntimeWarning: logm result may be inaccurate, approximate err = 8.701323395143845e-07
  return f(*arrays, *other_args, **kwargs)
/appdata/users/P101440/micromamba/envs/torch29/lib/python3.11/site-packages/scipy/_lib/_util.py:1181: RuntimeWarning: logm result may be inaccurate, approximate err = 8.013248020688479e-07
  return f(*arrays, *other_args, **kwargs)
/appdata/users/P101440/micromamba/envs/torch29/lib/python3.11/site-packages/scipy/_lib/_util.py:1181: RuntimeWarning: logm result may be inaccurate, approximate err = 9.684911219665082e-07
  return f(*arrays, *other_args, **kwargs)
/appdata/users/P101440/micromamba/envs/torch29/lib/python3.11/site-packages/scipy/_lib/_util.py:1181: RuntimeWarning: logm result may be inaccurate, approximate err = 6.492593911389122e-07
  return f(*arrays, *other_args, **kwargs)
/appdata/users/P101440/micromamba/envs/torch29/lib/python3.11/site-packages/scipy/_lib/_util.py:1181: RuntimeWarning: logm result may be inaccurate, approximate err = 1.0976431212839088e-06
  return f(*arrays, *other_args, **kwargs)
/appdata/users/P101440/micromamba/envs/torch29/lib/python3.11/site-packages/scipy/_lib/_util.py:1181: RuntimeWarning: logm result may be inaccurate, approximate err = 6.312192795121518e-07
  return f(*arrays, *other_args, **kwargs)
/appdata/users/P101440/micromamba/envs/torch29/lib/python3.11/site-packages/scipy/_lib/_util.py:1181: RuntimeWarning: logm result may be inaccurate, approximate err = 1.0582242566670175e-06
  return f(*arrays, *other_args, **kwargs)
/appdata/users/P101440/micromamba/envs/torch29/lib/python3.11/site-packages/scipy/_lib/_util.py:1181: RuntimeWarning: logm result may be inaccurate, approximate err = 1.022480091705802e-06
  return f(*arrays, *other_args, **kwargs)
/appdata/users/P101440/micromamba/envs/torch29/lib/python3.11/site-packages/scipy/_lib/_util.py:1181: RuntimeWarning: logm result may be inaccurate, approximate err = 9.727070846565766e-07
  return f(*arrays, *other_args, **kwargs)
/appdata/users/P101440/micromamba/envs/torch29/lib/python3.11/site-packages/scipy/_lib/_util.py:1181: RuntimeWarning: logm result may be inaccurate, approximate err = 8.523548444827611e-07
  return f(*arrays, *other_args, **kwargs)
/appdata/users/P101440/micromamba/envs/torch29/lib/python3.11/site-packages/scipy/_lib/_util.py:1181: RuntimeWarning: logm result may be inaccurate, approximate err = 5.617374085886695e-07
  return f(*arrays, *other_args, **kwargs)
/appdata/users/P101440/micromamba/envs/torch29/lib/python3.11/site-packages/scipy/_lib/_util.py:1181: RuntimeWarning: logm result may be inaccurate, approximate err = 1.0342382665839978e-06
  return f(*arrays, *other_args, **kwargs)
/appdata/users/P101440/micromamba/envs/torch29/lib/python3.11/site-packages/scipy/_lib/_util.py:1181: RuntimeWarning: logm result may be inaccurate, approximate err = 6.514709980365296e-07
  return f(*arrays, *other_args, **kwargs)
/appdata/users/P101440/micromamba/envs/torch29/lib/python3.11/site-packages/scipy/_lib/_util.py:1181: RuntimeWarning: logm result may be inaccurate, approximate err = 1.1416728966651135e-06
  return f(*arrays, *other_args, **kwargs)
/appdata/users/P101440/micromamba/envs/torch29/lib/python3.11/site-packages/scipy/_lib/_util.py:1181: RuntimeWarning: logm result may be inaccurate, approximate err = 7.017729330982547e-07
  return f(*arrays, *other_args, **kwargs)
/appdata/users/P101440/micromamba/envs/torch29/lib/python3.11/site-packages/scipy/_lib/_util.py:1181: RuntimeWarning: logm result may be inaccurate, approximate err = 6.753331263098517e-07
  return f(*arrays, *other_args, **kwargs)
/appdata/users/P101440/micromamba/envs/torch29/lib/python3.11/site-packages/scipy/_lib/_util.py:1181: RuntimeWarning: logm result may be inaccurate, approximate err = 8.439545808869298e-07
  return f(*arrays, *other_args, **kwargs)
/appdata/users/P101440/micromamba/envs/torch29/lib/python3.11/site-packages/scipy/_lib/_util.py:1181: RuntimeWarning: logm result may be inaccurate, approximate err = 8.712909789210244e-07
  return f(*arrays, *other_args, **kwargs)
/appdata/users/P101440/micromamba/envs/torch29/lib/python3.11/site-packages/scipy/_lib/_util.py:1181: RuntimeWarning: logm result may be inaccurate, approximate err = 5.162747243048216e-07
  return f(*arrays, *other_args, **kwargs)
/appdata/users/P101440/micromamba/envs/torch29/lib/python3.11/site-packages/scipy/_lib/_util.py:1181: RuntimeWarning: logm result may be inaccurate, approximate err = 1.0465836339790258e-06
  return f(*arrays, *other_args, **kwargs)
/appdata/users/P101440/micromamba/envs/torch29/lib/python3.11/site-packages/scipy/_lib/_util.py:1181: RuntimeWarning: logm result may be inaccurate, approximate err = 8.882595921022585e-07
  return f(*arrays, *other_args, **kwargs)
/appdata/users/P101440/micromamba/envs/torch29/lib/python3.11/site-packages/scipy/_lib/_util.py:1181: RuntimeWarning: logm result may be inaccurate, approximate err = 1.1247637985434267e-06
  return f(*arrays, *other_args, **kwargs)
/appdata/users/P101440/micromamba/envs/torch29/lib/python3.11/site-packages/scipy/_lib/_util.py:1181: RuntimeWarning: logm result may be inaccurate, approximate err = 1.0282722087140428e-06
  return f(*arrays, *other_args, **kwargs)
/appdata/users/P101440/micromamba/envs/torch29/lib/python3.11/site-packages/scipy/_lib/_util.py:1181: RuntimeWarning: logm result may be inaccurate, approximate err = 7.35372395865852e-07
  return f(*arrays, *other_args, **kwargs)
/appdata/users/P101440/micromamba/envs/torch29/lib/python3.11/site-packages/scipy/_lib/_util.py:1181: RuntimeWarning: logm result may be inaccurate, approximate err = 9.753775884746574e-07
  return f(*arrays, *other_args, **kwargs)
/appdata/users/P101440/micromamba/envs/torch29/lib/python3.11/site-packages/scipy/_lib/_util.py:1181: RuntimeWarning: logm result may be inaccurate, approximate err = 7.858510571168154e-07
  return f(*arrays, *other_args, **kwargs)
/appdata/users/P101440/micromamba/envs/torch29/lib/python3.11/site-packages/scipy/_lib/_util.py:1181: RuntimeWarning: logm result may be inaccurate, approximate err = 7.924044211904402e-07
  return f(*arrays, *other_args, **kwargs)
/appdata/users/P101440/micromamba/envs/torch29/lib/python3.11/site-packages/scipy/_lib/_util.py:1181: RuntimeWarning: logm result may be inaccurate, approximate err = 9.956909252650803e-07
  return f(*arrays, *other_args, **kwargs)
/appdata/users/P101440/micromamba/envs/torch29/lib/python3.11/site-packages/scipy/_lib/_util.py:1181: RuntimeWarning: logm result may be inaccurate, approximate err = 8.46107070628932e-07
  return f(*arrays, *other_args, **kwargs)
/appdata/users/P101440/micromamba/envs/torch29/lib/python3.11/site-packages/scipy/_lib/_util.py:1181: RuntimeWarning: logm result may be inaccurate, approximate err = 8.671506179780408e-07
  return f(*arrays, *other_args, **kwargs)
/appdata/users/P101440/micromamba/envs/torch29/lib/python3.11/site-packages/scipy/_lib/_util.py:1181: RuntimeWarning: logm result may be inaccurate, approximate err = 6.299282517829852e-07
  return f(*arrays, *other_args, **kwargs)
/appdata/users/P101440/micromamba/envs/torch29/lib/python3.11/site-packages/scipy/_lib/_util.py:1181: RuntimeWarning: logm result may be inaccurate, approximate err = 1.1155128731843433e-06
  return f(*arrays, *other_args, **kwargs)
/appdata/users/P101440/micromamba/envs/torch29/lib/python3.11/site-packages/scipy/_lib/_util.py:1181: RuntimeWarning: logm result may be inaccurate, approximate err = 7.997853685992595e-07
  return f(*arrays, *other_args, **kwargs)
/appdata/users/P101440/micromamba/envs/torch29/lib/python3.11/site-packages/scipy/_lib/_util.py:1181: RuntimeWarning: logm result may be inaccurate, approximate err = 7.636739951522031e-07
  return f(*arrays, *other_args, **kwargs)
/appdata/users/P101440/micromamba/envs/torch29/lib/python3.11/site-packages/scipy/_lib/_util.py:1181: RuntimeWarning: logm result may be inaccurate, approximate err = 7.584500849588949e-07
  return f(*arrays, *other_args, **kwargs)
/appdata/users/P101440/micromamba/envs/torch29/lib/python3.11/site-packages/scipy/_lib/_util.py:1181: RuntimeWarning: logm result may be inaccurate, approximate err = 8.272726859104296e-07
  return f(*arrays, *other_args, **kwargs)
/appdata/users/P101440/micromamba/envs/torch29/lib/python3.11/site-packages/scipy/_lib/_util.py:1181: RuntimeWarning: logm result may be inaccurate, approximate err = 9.178471032100788e-07
  return f(*arrays, *other_args, **kwargs)
/appdata/users/P101440/micromamba/envs/torch29/lib/python3.11/site-packages/scipy/_lib/_util.py:1181: RuntimeWarning: logm result may be inaccurate, approximate err = 8.605610446466017e-07
  return f(*arrays, *other_args, **kwargs)
/appdata/users/P101440/micromamba/envs/torch29/lib/python3.11/site-packages/scipy/_lib/_util.py:1181: RuntimeWarning: logm result may be inaccurate, approximate err = 7.567577426925709e-07
  return f(*arrays, *other_args, **kwargs)
/appdata/users/P101440/micromamba/envs/torch29/lib/python3.11/site-packages/scipy/_lib/_util.py:1181: RuntimeWarning: logm result may be inaccurate, approximate err = 1.1228584071432124e-06
  return f(*arrays, *other_args, **kwargs)
/appdata/users/P101440/micromamba/envs/torch29/lib/python3.11/site-packages/scipy/_lib/_util.py:1181: RuntimeWarning: logm result may be inaccurate, approximate err = 7.582885928059113e-07
  return f(*arrays, *other_args, **kwargs)
/appdata/users/P101440/micromamba/envs/torch29/lib/python3.11/site-packages/scipy/_lib/_util.py:1181: RuntimeWarning: logm result may be inaccurate, approximate err = 7.270938340298017e-07
  return f(*arrays, *other_args, **kwargs)
/appdata/users/P101440/micromamba/envs/torch29/lib/python3.11/site-packages/scipy/_lib/_util.py:1181: RuntimeWarning: logm result may be inaccurate, approximate err = 1.1296680213490617e-06
  return f(*arrays, *other_args, **kwargs)
/appdata/users/P101440/micromamba/envs/torch29/lib/python3.11/site-packages/scipy/_lib/_util.py:1181: RuntimeWarning: logm result may be inaccurate, approximate err = 1.0495509741303977e-06
  return f(*arrays, *other_args, **kwargs)
/appdata/users/P101440/micromamba/envs/torch29/lib/python3.11/site-packages/scipy/_lib/_util.py:1181: RuntimeWarning: logm result may be inaccurate, approximate err = 8.026738669286715e-07
  return f(*arrays, *other_args, **kwargs)
/appdata/users/P101440/micromamba/envs/torch29/lib/python3.11/site-packages/scipy/_lib/_util.py:1181: RuntimeWarning: logm result may be inaccurate, approximate err = 7.780383270983293e-07
  return f(*arrays, *other_args, **kwargs)
/appdata/users/P101440/micromamba/envs/torch29/lib/python3.11/site-packages/scipy/_lib/_util.py:1181: RuntimeWarning: logm result may be inaccurate, approximate err = 1.052007633006724e-06
  return f(*arrays, *other_args, **kwargs)
/appdata/users/P101440/micromamba/envs/torch29/lib/python3.11/site-packages/scipy/_lib/_util.py:1181: RuntimeWarning: logm result may be inaccurate, approximate err = 9.600782959751086e-07
  return f(*arrays, *other_args, **kwargs)
/appdata/users/P101440/micromamba/envs/torch29/lib/python3.11/site-packages/scipy/_lib/_util.py:1181: RuntimeWarning: logm result may be inaccurate, approximate err = 7.080542445692117e-07
  return f(*arrays, *other_args, **kwargs)
/appdata/users/P101440/micromamba/envs/torch29/lib/python3.11/site-packages/scipy/_lib/_util.py:1181: RuntimeWarning: logm result may be inaccurate, approximate err = 8.727815270503925e-07
  return f(*arrays, *other_args, **kwargs)
/appdata/users/P101440/micromamba/envs/torch29/lib/python3.11/site-packages/scipy/_lib/_util.py:1181: RuntimeWarning: logm result may be inaccurate, approximate err = 8.052812177083979e-07
  return f(*arrays, *other_args, **kwargs)
/appdata/users/P101440/micromamba/envs/torch29/lib/python3.11/site-packages/scipy/_lib/_util.py:1181: RuntimeWarning: logm result may be inaccurate, approximate err = 7.377924475804321e-07
  return f(*arrays, *other_args, **kwargs)
/appdata/users/P101440/micromamba/envs/torch29/lib/python3.11/site-packages/scipy/_lib/_util.py:1181: RuntimeWarning: logm result may be inaccurate, approximate err = 7.397074455184338e-07
  return f(*arrays, *other_args, **kwargs)
/appdata/users/P101440/micromamba/envs/torch29/lib/python3.11/site-packages/scipy/_lib/_util.py:1181: RuntimeWarning: logm result may be inaccurate, approximate err = 7.196135811682325e-07
  return f(*arrays, *other_args, **kwargs)
/appdata/users/P101440/micromamba/envs/torch29/lib/python3.11/site-packages/scipy/_lib/_util.py:1181: RuntimeWarning: logm result may be inaccurate, approximate err = 1.236105958923872e-06
  return f(*arrays, *other_args, **kwargs)
/appdata/users/P101440/micromamba/envs/torch29/lib/python3.11/site-packages/scipy/_lib/_util.py:1181: RuntimeWarning: logm result may be inaccurate, approximate err = 1.2641691000681021e-06
  return f(*arrays, *other_args, **kwargs)
/appdata/users/P101440/micromamba/envs/torch29/lib/python3.11/site-packages/scipy/_lib/_util.py:1181: RuntimeWarning: logm result may be inaccurate, approximate err = 8.013061574274616e-07
  return f(*arrays, *other_args, **kwargs)
/appdata/users/P101440/micromamba/envs/torch29/lib/python3.11/site-packages/scipy/_lib/_util.py:1181: RuntimeWarning: logm result may be inaccurate, approximate err = 9.072534794540843e-07
  return f(*arrays, *other_args, **kwargs)
/appdata/users/P101440/micromamba/envs/torch29/lib/python3.11/site-packages/scipy/_lib/_util.py:1181: RuntimeWarning: logm result may be inaccurate, approximate err = 7.250787916746049e-07
  return f(*arrays, *other_args, **kwargs)
/appdata/users/P101440/micromamba/envs/torch29/lib/python3.11/site-packages/scipy/_lib/_util.py:1181: RuntimeWarning: logm result may be inaccurate, approximate err = 9.431025773665169e-07
  return f(*arrays, *other_args, **kwargs)
/appdata/users/P101440/micromamba/envs/torch29/lib/python3.11/site-packages/scipy/_lib/_util.py:1181: RuntimeWarning: logm result may be inaccurate, approximate err = 9.924978030539933e-07
  return f(*arrays, *other_args, **kwargs)
/appdata/users/P101440/micromamba/envs/torch29/lib/python3.11/site-packages/scipy/_lib/_util.py:1181: RuntimeWarning: logm result may be inaccurate, approximate err = 9.785775318960077e-07
  return f(*arrays, *other_args, **kwargs)
/appdata/users/P101440/micromamba/envs/torch29/lib/python3.11/site-packages/scipy/_lib/_util.py:1181: RuntimeWarning: logm result may be inaccurate, approximate err = 1.4289300906966673e-06
  return f(*arrays, *other_args, **kwargs)
/appdata/users/P101440/micromamba/envs/torch29/lib/python3.11/site-packages/scipy/_lib/_util.py:1181: RuntimeWarning: logm result may be inaccurate, approximate err = 8.63360753555753e-07
  return f(*arrays, *other_args, **kwargs)
/appdata/users/P101440/micromamba/envs/torch29/lib/python3.11/site-packages/scipy/_lib/_util.py:1181: RuntimeWarning: logm result may be inaccurate, approximate err = 8.549957328796154e-07
  return f(*arrays, *other_args, **kwargs)
/appdata/users/P101440/micromamba/envs/torch29/lib/python3.11/site-packages/scipy/_lib/_util.py:1181: RuntimeWarning: logm result may be inaccurate, approximate err = 8.070530270742893e-07
  return f(*arrays, *other_args, **kwargs)
/appdata/users/P101440/micromamba/envs/torch29/lib/python3.11/site-packages/scipy/_lib/_util.py:1181: RuntimeWarning: logm result may be inaccurate, approximate err = 6.081461947360367e-07
  return f(*arrays, *other_args, **kwargs)
/appdata/users/P101440/micromamba/envs/torch29/lib/python3.11/site-packages/scipy/_lib/_util.py:1181: RuntimeWarning: logm result may be inaccurate, approximate err = 6.674933956674067e-07
  return f(*arrays, *other_args, **kwargs)
/appdata/users/P101440/micromamba/envs/torch29/lib/python3.11/site-packages/scipy/_lib/_util.py:1181: RuntimeWarning: logm result may be inaccurate, approximate err = 8.150628332259657e-07
  return f(*arrays, *other_args, **kwargs)
/appdata/users/P101440/micromamba/envs/torch29/lib/python3.11/site-packages/scipy/_lib/_util.py:1181: RuntimeWarning: logm result may be inaccurate, approximate err = 9.262722642233712e-07
  return f(*arrays, *other_args, **kwargs)
/appdata/users/P101440/micromamba/envs/torch29/lib/python3.11/site-packages/scipy/_lib/_util.py:1181: RuntimeWarning: logm result may be inaccurate, approximate err = 8.456962632408249e-07
  return f(*arrays, *other_args, **kwargs)
/appdata/users/P101440/micromamba/envs/torch29/lib/python3.11/site-packages/scipy/_lib/_util.py:1181: RuntimeWarning: logm result may be inaccurate, approximate err = 7.602585014865326e-07
  return f(*arrays, *other_args, **kwargs)
/appdata/users/P101440/micromamba/envs/torch29/lib/python3.11/site-packages/scipy/_lib/_util.py:1181: RuntimeWarning: logm result may be inaccurate, approximate err = 6.289148473115347e-07
  return f(*arrays, *other_args, **kwargs)
/appdata/users/P101440/micromamba/envs/torch29/lib/python3.11/site-packages/scipy/_lib/_util.py:1181: RuntimeWarning: logm result may be inaccurate, approximate err = 6.885688321744965e-07
  return f(*arrays, *other_args, **kwargs)
/appdata/users/P101440/micromamba/envs/torch29/lib/python3.11/site-packages/scipy/_lib/_util.py:1181: RuntimeWarning: logm result may be inaccurate, approximate err = 7.145059157664946e-07
  return f(*arrays, *other_args, **kwargs)
/appdata/users/P101440/micromamba/envs/torch29/lib/python3.11/site-packages/scipy/_lib/_util.py:1181: RuntimeWarning: logm result may be inaccurate, approximate err = 6.950456281629158e-07
  return f(*arrays, *other_args, **kwargs)
/appdata/users/P101440/micromamba/envs/torch29/lib/python3.11/site-packages/scipy/_lib/_util.py:1181: RuntimeWarning: logm result may be inaccurate, approximate err = 9.752574214871856e-07
  return f(*arrays, *other_args, **kwargs)
/appdata/users/P101440/micromamba/envs/torch29/lib/python3.11/site-packages/scipy/_lib/_util.py:1181: RuntimeWarning: logm result may be inaccurate, approximate err = 7.625114335496619e-07
  return f(*arrays, *other_args, **kwargs)
/appdata/users/P101440/micromamba/envs/torch29/lib/python3.11/site-packages/scipy/_lib/_util.py:1181: RuntimeWarning: logm result may be inaccurate, approximate err = 7.878441579123319e-07
  return f(*arrays, *other_args, **kwargs)
/appdata/users/P101440/micromamba/envs/torch29/lib/python3.11/site-packages/scipy/_lib/_util.py:1181: RuntimeWarning: logm result may be inaccurate, approximate err = 8.214113904614351e-07
  return f(*arrays, *other_args, **kwargs)
/appdata/users/P101440/micromamba/envs/torch29/lib/python3.11/site-packages/scipy/_lib/_util.py:1181: RuntimeWarning: logm result may be inaccurate, approximate err = 7.600256708428788e-07
  return f(*arrays, *other_args, **kwargs)
/appdata/users/P101440/micromamba/envs/torch29/lib/python3.11/site-packages/scipy/_lib/_util.py:1181: RuntimeWarning: logm result may be inaccurate, approximate err = 8.391285746256472e-07
  return f(*arrays, *other_args, **kwargs)
/appdata/users/P101440/micromamba/envs/torch29/lib/python3.11/site-packages/scipy/_lib/_util.py:1181: RuntimeWarning: logm result may be inaccurate, approximate err = 8.486004503538425e-07
  return f(*arrays, *other_args, **kwargs)
/appdata/users/P101440/micromamba/envs/torch29/lib/python3.11/site-packages/scipy/_lib/_util.py:1181: RuntimeWarning: logm result may be inaccurate, approximate err = 7.849495204936829e-07
  return f(*arrays, *other_args, **kwargs)
/appdata/users/P101440/micromamba/envs/torch29/lib/python3.11/site-packages/scipy/_lib/_util.py:1181: RuntimeWarning: logm result may be inaccurate, approximate err = 8.557410637877183e-07
  return f(*arrays, *other_args, **kwargs)
/appdata/users/P101440/micromamba/envs/torch29/lib/python3.11/site-packages/scipy/_lib/_util.py:1181: RuntimeWarning: logm result may be inaccurate, approximate err = 7.971124205141678e-07
  return f(*arrays, *other_args, **kwargs)
/appdata/users/P101440/micromamba/envs/torch29/lib/python3.11/site-packages/scipy/_lib/_util.py:1181: RuntimeWarning: logm result may be inaccurate, approximate err = 1.0068249594041845e-06
  return f(*arrays, *other_args, **kwargs)
/appdata/users/P101440/micromamba/envs/torch29/lib/python3.11/site-packages/scipy/_lib/_util.py:1181: RuntimeWarning: logm result may be inaccurate, approximate err = 8.901149044504564e-07
  return f(*arrays, *other_args, **kwargs)
/appdata/users/P101440/micromamba/envs/torch29/lib/python3.11/site-packages/scipy/_lib/_util.py:1181: RuntimeWarning: logm result may be inaccurate, approximate err = 1.0228429800918093e-06
  return f(*arrays, *other_args, **kwargs)
/appdata/users/P101440/micromamba/envs/torch29/lib/python3.11/site-packages/scipy/_lib/_util.py:1181: RuntimeWarning: logm result may be inaccurate, approximate err = 9.075924367607513e-07
  return f(*arrays, *other_args, **kwargs)
/appdata/users/P101440/micromamba/envs/torch29/lib/python3.11/site-packages/scipy/_lib/_util.py:1181: RuntimeWarning: logm result may be inaccurate, approximate err = 8.972961040853988e-07
  return f(*arrays, *other_args, **kwargs)
/appdata/users/P101440/micromamba/envs/torch29/lib/python3.11/site-packages/scipy/_lib/_util.py:1181: RuntimeWarning: logm result may be inaccurate, approximate err = 9.119810329139e-07
  return f(*arrays, *other_args, **kwargs)
/appdata/users/P101440/micromamba/envs/torch29/lib/python3.11/site-packages/scipy/_lib/_util.py:1181: RuntimeWarning: logm result may be inaccurate, approximate err = 1.1397277148716967e-06
  return f(*arrays, *other_args, **kwargs)
/appdata/users/P101440/micromamba/envs/torch29/lib/python3.11/site-packages/scipy/_lib/_util.py:1181: RuntimeWarning: logm result may be inaccurate, approximate err = 6.545207611452497e-07
  return f(*arrays, *other_args, **kwargs)
/appdata/users/P101440/micromamba/envs/torch29/lib/python3.11/site-packages/scipy/_lib/_util.py:1181: RuntimeWarning: logm result may be inaccurate, approximate err = 8.327552336595545e-07
  return f(*arrays, *other_args, **kwargs)
/appdata/users/P101440/micromamba/envs/torch29/lib/python3.11/site-packages/scipy/_lib/_util.py:1181: RuntimeWarning: logm result may be inaccurate, approximate err = 8.523152246198151e-07
  return f(*arrays, *other_args, **kwargs)
/appdata/users/P101440/micromamba/envs/torch29/lib/python3.11/site-packages/scipy/_lib/_util.py:1181: RuntimeWarning: logm result may be inaccurate, approximate err = 9.295213203586172e-07
  return f(*arrays, *other_args, **kwargs)
/appdata/users/P101440/micromamba/envs/torch29/lib/python3.11/site-packages/scipy/_lib/_util.py:1181: RuntimeWarning: logm result may be inaccurate, approximate err = 6.06591754603869e-07
  return f(*arrays, *other_args, **kwargs)
/appdata/users/P101440/micromamba/envs/torch29/lib/python3.11/site-packages/scipy/_lib/_util.py:1181: RuntimeWarning: logm result may be inaccurate, approximate err = 9.369105100631714e-07
  return f(*arrays, *other_args, **kwargs)
/appdata/users/P101440/micromamba/envs/torch29/lib/python3.11/site-packages/scipy/_lib/_util.py:1181: RuntimeWarning: logm result may be inaccurate, approximate err = 6.577315048161836e-07
  return f(*arrays, *other_args, **kwargs)
/appdata/users/P101440/micromamba/envs/torch29/lib/python3.11/site-packages/scipy/_lib/_util.py:1181: RuntimeWarning: logm result may be inaccurate, approximate err = 8.774812840783852e-07
  return f(*arrays, *other_args, **kwargs)
/appdata/users/P101440/micromamba/envs/torch29/lib/python3.11/site-packages/scipy/_lib/_util.py:1181: RuntimeWarning: logm result may be inaccurate, approximate err = 7.359640221693553e-07
  return f(*arrays, *other_args, **kwargs)
/appdata/users/P101440/micromamba/envs/torch29/lib/python3.11/site-packages/scipy/_lib/_util.py:1181: RuntimeWarning: logm result may be inaccurate, approximate err = 8.29639077437605e-07
  return f(*arrays, *other_args, **kwargs)
/appdata/users/P101440/micromamba/envs/torch29/lib/python3.11/site-packages/scipy/_lib/_util.py:1181: RuntimeWarning: logm result may be inaccurate, approximate err = 7.677490998503345e-07
  return f(*arrays, *other_args, **kwargs)
/appdata/users/P101440/micromamba/envs/torch29/lib/python3.11/site-packages/scipy/_lib/_util.py:1181: RuntimeWarning: logm result may be inaccurate, approximate err = 9.549825108479126e-07
  return f(*arrays, *other_args, **kwargs)
/appdata/users/P101440/micromamba/envs/torch29/lib/python3.11/site-packages/scipy/_lib/_util.py:1181: RuntimeWarning: logm result may be inaccurate, approximate err = 1.0784914366013254e-06
  return f(*arrays, *other_args, **kwargs)
/appdata/users/P101440/micromamba/envs/torch29/lib/python3.11/site-packages/scipy/_lib/_util.py:1181: RuntimeWarning: logm result may be inaccurate, approximate err = 9.604724482414895e-07
  return f(*arrays, *other_args, **kwargs)
/appdata/users/P101440/micromamba/envs/torch29/lib/python3.11/site-packages/scipy/_lib/_util.py:1181: RuntimeWarning: logm result may be inaccurate, approximate err = 7.784808531141607e-07
  return f(*arrays, *other_args, **kwargs)
/appdata/users/P101440/micromamba/envs/torch29/lib/python3.11/site-packages/scipy/_lib/_util.py:1181: RuntimeWarning: logm result may be inaccurate, approximate err = 7.57295140374481e-07
  return f(*arrays, *other_args, **kwargs)
/appdata/users/P101440/micromamba/envs/torch29/lib/python3.11/site-packages/scipy/_lib/_util.py:1181: RuntimeWarning: logm result may be inaccurate, approximate err = 8.960277000369388e-07
  return f(*arrays, *other_args, **kwargs)
/appdata/users/P101440/micromamba/envs/torch29/lib/python3.11/site-packages/scipy/_lib/_util.py:1181: RuntimeWarning: logm result may be inaccurate, approximate err = 8.804302069620462e-07
  return f(*arrays, *other_args, **kwargs)
/appdata/users/P101440/micromamba/envs/torch29/lib/python3.11/site-packages/scipy/_lib/_util.py:1181: RuntimeWarning: logm result may be inaccurate, approximate err = 6.356451081046544e-07
  return f(*arrays, *other_args, **kwargs)
/appdata/users/P101440/micromamba/envs/torch29/lib/python3.11/site-packages/scipy/_lib/_util.py:1181: RuntimeWarning: logm result may be inaccurate, approximate err = 8.741551482671639e-07
  return f(*arrays, *other_args, **kwargs)
/appdata/users/P101440/micromamba/envs/torch29/lib/python3.11/site-packages/scipy/_lib/_util.py:1181: RuntimeWarning: logm result may be inaccurate, approximate err = 9.723294169816654e-07
  return f(*arrays, *other_args, **kwargs)
/appdata/users/P101440/micromamba/envs/torch29/lib/python3.11/site-packages/scipy/_lib/_util.py:1181: RuntimeWarning: logm result may be inaccurate, approximate err = 5.412369432633568e-07
  return f(*arrays, *other_args, **kwargs)
/appdata/users/P101440/micromamba/envs/torch29/lib/python3.11/site-packages/scipy/_lib/_util.py:1181: RuntimeWarning: logm result may be inaccurate, approximate err = 9.295186487179308e-07
  return f(*arrays, *other_args, **kwargs)
/appdata/users/P101440/micromamba/envs/torch29/lib/python3.11/site-packages/scipy/_lib/_util.py:1181: RuntimeWarning: logm result may be inaccurate, approximate err = 5.961024385214841e-07
  return f(*arrays, *other_args, **kwargs)
/appdata/users/P101440/micromamba/envs/torch29/lib/python3.11/site-packages/scipy/_lib/_util.py:1181: RuntimeWarning: logm result may be inaccurate, approximate err = 8.575356673645729e-07
  return f(*arrays, *other_args, **kwargs)
/appdata/users/P101440/micromamba/envs/torch29/lib/python3.11/site-packages/scipy/_lib/_util.py:1181: RuntimeWarning: logm result may be inaccurate, approximate err = 7.96499762145686e-07
  return f(*arrays, *other_args, **kwargs)
/appdata/users/P101440/micromamba/envs/torch29/lib/python3.11/site-packages/scipy/_lib/_util.py:1181: RuntimeWarning: logm result may be inaccurate, approximate err = 1.009676452667918e-06
  return f(*arrays, *other_args, **kwargs)
/appdata/users/P101440/micromamba/envs/torch29/lib/python3.11/site-packages/scipy/_lib/_util.py:1181: RuntimeWarning: logm result may be inaccurate, approximate err = 6.577552653652674e-07
  return f(*arrays, *other_args, **kwargs)
/appdata/users/P101440/micromamba/envs/torch29/lib/python3.11/site-packages/scipy/_lib/_util.py:1181: RuntimeWarning: logm result may be inaccurate, approximate err = 9.62701960816048e-07
  return f(*arrays, *other_args, **kwargs)
/appdata/users/P101440/micromamba/envs/torch29/lib/python3.11/site-packages/scipy/_lib/_util.py:1181: RuntimeWarning: logm result may be inaccurate, approximate err = 7.955680416671385e-07
  return f(*arrays, *other_args, **kwargs)
/appdata/users/P101440/micromamba/envs/torch29/lib/python3.11/site-packages/scipy/_lib/_util.py:1181: RuntimeWarning: logm result may be inaccurate, approximate err = 6.791910323045158e-07
  return f(*arrays, *other_args, **kwargs)
/appdata/users/P101440/micromamba/envs/torch29/lib/python3.11/site-packages/scipy/_lib/_util.py:1181: RuntimeWarning: logm result may be inaccurate, approximate err = 6.540001322719036e-07
  return f(*arrays, *other_args, **kwargs)
/appdata/users/P101440/micromamba/envs/torch29/lib/python3.11/site-packages/scipy/_lib/_util.py:1181: RuntimeWarning: logm result may be inaccurate, approximate err = 9.278958827962924e-07
  return f(*arrays, *other_args, **kwargs)
/appdata/users/P101440/micromamba/envs/torch29/lib/python3.11/site-packages/scipy/_lib/_util.py:1181: RuntimeWarning: logm result may be inaccurate, approximate err = 1.0035304285338498e-06
  return f(*arrays, *other_args, **kwargs)
/appdata/users/P101440/micromamba/envs/torch29/lib/python3.11/site-packages/scipy/_lib/_util.py:1181: RuntimeWarning: logm result may be inaccurate, approximate err = 9.133697176366695e-07
  return f(*arrays, *other_args, **kwargs)
/appdata/users/P101440/micromamba/envs/torch29/lib/python3.11/site-packages/scipy/_lib/_util.py:1181: RuntimeWarning: logm result may be inaccurate, approximate err = 9.339293001175974e-07
  return f(*arrays, *other_args, **kwargs)
/appdata/users/P101440/micromamba/envs/torch29/lib/python3.11/site-packages/scipy/_lib/_util.py:1181: RuntimeWarning: logm result may be inaccurate, approximate err = 7.54048073758895e-07
  return f(*arrays, *other_args, **kwargs)
/appdata/users/P101440/micromamba/envs/torch29/lib/python3.11/site-packages/scipy/_lib/_util.py:1181: RuntimeWarning: logm result may be inaccurate, approximate err = 1.277736032534449e-06
  return f(*arrays, *other_args, **kwargs)
/appdata/users/P101440/micromamba/envs/torch29/lib/python3.11/site-packages/scipy/_lib/_util.py:1181: RuntimeWarning: logm result may be inaccurate, approximate err = 7.784075819472491e-07
  return f(*arrays, *other_args, **kwargs)
/appdata/users/P101440/micromamba/envs/torch29/lib/python3.11/site-packages/scipy/_lib/_util.py:1181: RuntimeWarning: logm result may be inaccurate, approximate err = 9.462245884606091e-07
  return f(*arrays, *other_args, **kwargs)
/appdata/users/P101440/micromamba/envs/torch29/lib/python3.11/site-packages/scipy/_lib/_util.py:1181: RuntimeWarning: logm result may be inaccurate, approximate err = 7.502180210394727e-07
  return f(*arrays, *other_args, **kwargs)
/appdata/users/P101440/micromamba/envs/torch29/lib/python3.11/site-packages/scipy/_lib/_util.py:1181: RuntimeWarning: logm result may be inaccurate, approximate err = 7.1684536351313e-07
  return f(*arrays, *other_args, **kwargs)
/appdata/users/P101440/micromamba/envs/torch29/lib/python3.11/site-packages/scipy/_lib/_util.py:1181: RuntimeWarning: logm result may be inaccurate, approximate err = 7.231957965814217e-07
  return f(*arrays, *other_args, **kwargs)
/appdata/users/P101440/micromamba/envs/torch29/lib/python3.11/site-packages/scipy/_lib/_util.py:1181: RuntimeWarning: logm result may be inaccurate, approximate err = 8.88400677467871e-07
  return f(*arrays, *other_args, **kwargs)
/appdata/users/P101440/micromamba/envs/torch29/lib/python3.11/site-packages/scipy/_lib/_util.py:1181: RuntimeWarning: logm result may be inaccurate, approximate err = 7.140725983845186e-07
  return f(*arrays, *other_args, **kwargs)
/appdata/users/P101440/micromamba/envs/torch29/lib/python3.11/site-packages/scipy/_lib/_util.py:1181: RuntimeWarning: logm result may be inaccurate, approximate err = 6.37756158994307e-07
  return f(*arrays, *other_args, **kwargs)
/appdata/users/P101440/micromamba/envs/torch29/lib/python3.11/site-packages/scipy/_lib/_util.py:1181: RuntimeWarning: logm result may be inaccurate, approximate err = 7.805410859873518e-07
  return f(*arrays, *other_args, **kwargs)
/appdata/users/P101440/micromamba/envs/torch29/lib/python3.11/site-packages/scipy/_lib/_util.py:1181: RuntimeWarning: logm result may be inaccurate, approximate err = 6.781913270970108e-07
  return f(*arrays, *other_args, **kwargs)
/appdata/users/P101440/micromamba/envs/torch29/lib/python3.11/site-packages/scipy/_lib/_util.py:1181: RuntimeWarning: logm result may be inaccurate, approximate err = 8.188605420400563e-07
  return f(*arrays, *other_args, **kwargs)
/appdata/users/P101440/micromamba/envs/torch29/lib/python3.11/site-packages/scipy/_lib/_util.py:1181: RuntimeWarning: logm result may be inaccurate, approximate err = 9.575697959007812e-07
  return f(*arrays, *other_args, **kwargs)
/appdata/users/P101440/micromamba/envs/torch29/lib/python3.11/site-packages/scipy/_lib/_util.py:1181: RuntimeWarning: logm result may be inaccurate, approximate err = 8.523080055056198e-07
  return f(*arrays, *other_args, **kwargs)
/appdata/users/P101440/micromamba/envs/torch29/lib/python3.11/site-packages/scipy/_lib/_util.py:1181: RuntimeWarning: logm result may be inaccurate, approximate err = 8.990846822598542e-07
  return f(*arrays, *other_args, **kwargs)
/appdata/users/P101440/micromamba/envs/torch29/lib/python3.11/site-packages/scipy/_lib/_util.py:1181: RuntimeWarning: logm result may be inaccurate, approximate err = 6.106185992393875e-07
  return f(*arrays, *other_args, **kwargs)
/appdata/users/P101440/micromamba/envs/torch29/lib/python3.11/site-packages/scipy/_lib/_util.py:1181: RuntimeWarning: logm result may be inaccurate, approximate err = 1.294627850256802e-06
  return f(*arrays, *other_args, **kwargs)
/appdata/users/P101440/micromamba/envs/torch29/lib/python3.11/site-packages/scipy/_lib/_util.py:1181: RuntimeWarning: logm result may be inaccurate, approximate err = 9.235423590325809e-07
  return f(*arrays, *other_args, **kwargs)
/appdata/users/P101440/micromamba/envs/torch29/lib/python3.11/site-packages/scipy/_lib/_util.py:1181: RuntimeWarning: logm result may be inaccurate, approximate err = 7.161513053688395e-07
  return f(*arrays, *other_args, **kwargs)
/appdata/users/P101440/micromamba/envs/torch29/lib/python3.11/site-packages/scipy/_lib/_util.py:1181: RuntimeWarning: logm result may be inaccurate, approximate err = 9.858879366220208e-07
  return f(*arrays, *other_args, **kwargs)
/appdata/users/P101440/micromamba/envs/torch29/lib/python3.11/site-packages/scipy/_lib/_util.py:1181: RuntimeWarning: logm result may be inaccurate, approximate err = 8.500799708599516e-07
  return f(*arrays, *other_args, **kwargs)
/appdata/users/P101440/micromamba/envs/torch29/lib/python3.11/site-packages/scipy/_lib/_util.py:1181: RuntimeWarning: logm result may be inaccurate, approximate err = 8.930563240028278e-07
  return f(*arrays, *other_args, **kwargs)
/appdata/users/P101440/micromamba/envs/torch29/lib/python3.11/site-packages/scipy/_lib/_util.py:1181: RuntimeWarning: logm result may be inaccurate, approximate err = 1.1971445701419725e-06
  return f(*arrays, *other_args, **kwargs)
/appdata/users/P101440/micromamba/envs/torch29/lib/python3.11/site-packages/scipy/_lib/_util.py:1181: RuntimeWarning: logm result may be inaccurate, approximate err = 1.044818077389209e-06
  return f(*arrays, *other_args, **kwargs)
/appdata/users/P101440/micromamba/envs/torch29/lib/python3.11/site-packages/scipy/_lib/_util.py:1181: RuntimeWarning: logm result may be inaccurate, approximate err = 7.016369636403397e-07
  return f(*arrays, *other_args, **kwargs)
/appdata/users/P101440/micromamba/envs/torch29/lib/python3.11/site-packages/scipy/_lib/_util.py:1181: RuntimeWarning: logm result may be inaccurate, approximate err = 1.0419325917609967e-06
  return f(*arrays, *other_args, **kwargs)
/appdata/users/P101440/micromamba/envs/torch29/lib/python3.11/site-packages/scipy/_lib/_util.py:1181: RuntimeWarning: logm result may be inaccurate, approximate err = 8.247351388490642e-07
  return f(*arrays, *other_args, **kwargs)
/appdata/users/P101440/micromamba/envs/torch29/lib/python3.11/site-packages/scipy/_lib/_util.py:1181: RuntimeWarning: logm result may be inaccurate, approximate err = 7.652562317161937e-07
  return f(*arrays, *other_args, **kwargs)
/appdata/users/P101440/micromamba/envs/torch29/lib/python3.11/site-packages/scipy/_lib/_util.py:1181: RuntimeWarning: logm result may be inaccurate, approximate err = 8.420366839345661e-07
  return f(*arrays, *other_args, **kwargs)
/appdata/users/P101440/micromamba/envs/torch29/lib/python3.11/site-packages/scipy/_lib/_util.py:1181: RuntimeWarning: logm result may be inaccurate, approximate err = 1.2361879271338694e-06
  return f(*arrays, *other_args, **kwargs)
/appdata/users/P101440/micromamba/envs/torch29/lib/python3.11/site-packages/scipy/_lib/_util.py:1181: RuntimeWarning: logm result may be inaccurate, approximate err = 9.198789712172584e-07
  return f(*arrays, *other_args, **kwargs)
/appdata/users/P101440/micromamba/envs/torch29/lib/python3.11/site-packages/scipy/_lib/_util.py:1181: RuntimeWarning: logm result may be inaccurate, approximate err = 8.652595511193795e-07
  return f(*arrays, *other_args, **kwargs)
/appdata/users/P101440/micromamba/envs/torch29/lib/python3.11/site-packages/scipy/_lib/_util.py:1181: RuntimeWarning: logm result may be inaccurate, approximate err = 6.57559837691224e-07
  return f(*arrays, *other_args, **kwargs)
/appdata/users/P101440/micromamba/envs/torch29/lib/python3.11/site-packages/scipy/_lib/_util.py:1181: RuntimeWarning: logm result may be inaccurate, approximate err = 8.68414474552992e-07
  return f(*arrays, *other_args, **kwargs)
/appdata/users/P101440/micromamba/envs/torch29/lib/python3.11/site-packages/scipy/_lib/_util.py:1181: RuntimeWarning: logm result may be inaccurate, approximate err = 1.1828936976598925e-06
  return f(*arrays, *other_args, **kwargs)
/appdata/users/P101440/micromamba/envs/torch29/lib/python3.11/site-packages/scipy/_lib/_util.py:1181: RuntimeWarning: logm result may be inaccurate, approximate err = 1.0491955890756799e-06
  return f(*arrays, *other_args, **kwargs)
/appdata/users/P101440/micromamba/envs/torch29/lib/python3.11/site-packages/scipy/_lib/_util.py:1181: RuntimeWarning: logm result may be inaccurate, approximate err = 8.229355898947688e-07
  return f(*arrays, *other_args, **kwargs)
/appdata/users/P101440/micromamba/envs/torch29/lib/python3.11/site-packages/scipy/_lib/_util.py:1181: RuntimeWarning: logm result may be inaccurate, approximate err = 9.646553280617809e-07
  return f(*arrays, *other_args, **kwargs)
/appdata/users/P101440/micromamba/envs/torch29/lib/python3.11/site-packages/scipy/_lib/_util.py:1181: RuntimeWarning: logm result may be inaccurate, approximate err = 9.554976259096293e-07
  return f(*arrays, *other_args, **kwargs)
/appdata/users/P101440/micromamba/envs/torch29/lib/python3.11/site-packages/scipy/_lib/_util.py:1181: RuntimeWarning: logm result may be inaccurate, approximate err = 8.885718898454797e-07
  return f(*arrays, *other_args, **kwargs)
/appdata/users/P101440/micromamba/envs/torch29/lib/python3.11/site-packages/scipy/_lib/_util.py:1181: RuntimeWarning: logm result may be inaccurate, approximate err = 8.852130122249946e-07
  return f(*arrays, *other_args, **kwargs)
/appdata/users/P101440/micromamba/envs/torch29/lib/python3.11/site-packages/scipy/_lib/_util.py:1181: RuntimeWarning: logm result may be inaccurate, approximate err = 8.812482406028721e-07
  return f(*arrays, *other_args, **kwargs)
/appdata/users/P101440/micromamba/envs/torch29/lib/python3.11/site-packages/scipy/_lib/_util.py:1181: RuntimeWarning: logm result may be inaccurate, approximate err = 1.240815890923841e-06
  return f(*arrays, *other_args, **kwargs)
/appdata/users/P101440/micromamba/envs/torch29/lib/python3.11/site-packages/scipy/_lib/_util.py:1181: RuntimeWarning: logm result may be inaccurate, approximate err = 1.2672280718106776e-06
  return f(*arrays, *other_args, **kwargs)
/appdata/users/P101440/micromamba/envs/torch29/lib/python3.11/site-packages/scipy/_lib/_util.py:1181: RuntimeWarning: logm result may be inaccurate, approximate err = 8.846963055475499e-07
  return f(*arrays, *other_args, **kwargs)
/appdata/users/P101440/micromamba/envs/torch29/lib/python3.11/site-packages/scipy/_lib/_util.py:1181: RuntimeWarning: logm result may be inaccurate, approximate err = 6.552141371685138e-07
  return f(*arrays, *other_args, **kwargs)
/appdata/users/P101440/micromamba/envs/torch29/lib/python3.11/site-packages/scipy/_lib/_util.py:1181: RuntimeWarning: logm result may be inaccurate, approximate err = 5.59065995275887e-07
  return f(*arrays, *other_args, **kwargs)
/appdata/users/P101440/micromamba/envs/torch29/lib/python3.11/site-packages/scipy/_lib/_util.py:1181: RuntimeWarning: logm result may be inaccurate, approximate err = 8.965782285486057e-07
  return f(*arrays, *other_args, **kwargs)
/appdata/users/P101440/micromamba/envs/torch29/lib/python3.11/site-packages/scipy/_lib/_util.py:1181: RuntimeWarning: logm result may be inaccurate, approximate err = 9.552319397698739e-07
  return f(*arrays, *other_args, **kwargs)
/appdata/users/P101440/micromamba/envs/torch29/lib/python3.11/site-packages/scipy/_lib/_util.py:1181: RuntimeWarning: logm result may be inaccurate, approximate err = 6.085664381316747e-07
  return f(*arrays, *other_args, **kwargs)
/appdata/users/P101440/micromamba/envs/torch29/lib/python3.11/site-packages/scipy/_lib/_util.py:1181: RuntimeWarning: logm result may be inaccurate, approximate err = 1.0906871921179118e-06
  return f(*arrays, *other_args, **kwargs)
/appdata/users/P101440/micromamba/envs/torch29/lib/python3.11/site-packages/scipy/_lib/_util.py:1181: RuntimeWarning: logm result may be inaccurate, approximate err = 7.779992188261531e-07
  return f(*arrays, *other_args, **kwargs)
/appdata/users/P101440/micromamba/envs/torch29/lib/python3.11/site-packages/scipy/_lib/_util.py:1181: RuntimeWarning: logm result may be inaccurate, approximate err = 8.434662959189154e-07
  return f(*arrays, *other_args, **kwargs)
/appdata/users/P101440/micromamba/envs/torch29/lib/python3.11/site-packages/scipy/_lib/_util.py:1181: RuntimeWarning: logm result may be inaccurate, approximate err = 6.917032919773192e-07
  return f(*arrays, *other_args, **kwargs)
/appdata/users/P101440/micromamba/envs/torch29/lib/python3.11/site-packages/scipy/_lib/_util.py:1181: RuntimeWarning: logm result may be inaccurate, approximate err = 8.514483624821878e-07
  return f(*arrays, *other_args, **kwargs)
/appdata/users/P101440/micromamba/envs/torch29/lib/python3.11/site-packages/scipy/_lib/_util.py:1181: RuntimeWarning: logm result may be inaccurate, approximate err = 9.684811175247887e-07
  return f(*arrays, *other_args, **kwargs)
/appdata/users/P101440/micromamba/envs/torch29/lib/python3.11/site-packages/scipy/_lib/_util.py:1181: RuntimeWarning: logm result may be inaccurate, approximate err = 7.361903158198402e-07
  return f(*arrays, *other_args, **kwargs)
/appdata/users/P101440/micromamba/envs/torch29/lib/python3.11/site-packages/scipy/_lib/_util.py:1181: RuntimeWarning: logm result may be inaccurate, approximate err = 1.0329991937396699e-06
  return f(*arrays, *other_args, **kwargs)
/appdata/users/P101440/micromamba/envs/torch29/lib/python3.11/site-packages/scipy/_lib/_util.py:1181: RuntimeWarning: logm result may be inaccurate, approximate err = 8.57885993355012e-07
  return f(*arrays, *other_args, **kwargs)
/appdata/users/P101440/micromamba/envs/torch29/lib/python3.11/site-packages/scipy/_lib/_util.py:1181: RuntimeWarning: logm result may be inaccurate, approximate err = 5.261890123620105e-07
  return f(*arrays, *other_args, **kwargs)
/appdata/users/P101440/micromamba/envs/torch29/lib/python3.11/site-packages/scipy/_lib/_util.py:1181: RuntimeWarning: logm result may be inaccurate, approximate err = 8.024974249565275e-07
  return f(*arrays, *other_args, **kwargs)
/appdata/users/P101440/micromamba/envs/torch29/lib/python3.11/site-packages/scipy/_lib/_util.py:1181: RuntimeWarning: logm result may be inaccurate, approximate err = 1.0747991154858028e-06
  return f(*arrays, *other_args, **kwargs)
/appdata/users/P101440/micromamba/envs/torch29/lib/python3.11/site-packages/scipy/_lib/_util.py:1181: RuntimeWarning: logm result may be inaccurate, approximate err = 8.172480079338129e-07
  return f(*arrays, *other_args, **kwargs)
/appdata/users/P101440/micromamba/envs/torch29/lib/python3.11/site-packages/scipy/_lib/_util.py:1181: RuntimeWarning: logm result may be inaccurate, approximate err = 9.084790235647233e-07
  return f(*arrays, *other_args, **kwargs)
/appdata/users/P101440/micromamba/envs/torch29/lib/python3.11/site-packages/scipy/_lib/_util.py:1181: RuntimeWarning: logm result may be inaccurate, approximate err = 6.137697141639364e-07
  return f(*arrays, *other_args, **kwargs)
/appdata/users/P101440/micromamba/envs/torch29/lib/python3.11/site-packages/scipy/_lib/_util.py:1181: RuntimeWarning: logm result may be inaccurate, approximate err = 8.469313570458326e-07
  return f(*arrays, *other_args, **kwargs)
/appdata/users/P101440/micromamba/envs/torch29/lib/python3.11/site-packages/scipy/_lib/_util.py:1181: RuntimeWarning: logm result may be inaccurate, approximate err = 9.184328177980206e-07
  return f(*arrays, *other_args, **kwargs)
/appdata/users/P101440/micromamba/envs/torch29/lib/python3.11/site-packages/scipy/_lib/_util.py:1181: RuntimeWarning: logm result may be inaccurate, approximate err = 8.049370876506146e-07
  return f(*arrays, *other_args, **kwargs)
/appdata/users/P101440/micromamba/envs/torch29/lib/python3.11/site-packages/scipy/_lib/_util.py:1181: RuntimeWarning: logm result may be inaccurate, approximate err = 1.0065032256534323e-06
  return f(*arrays, *other_args, **kwargs)
/appdata/users/P101440/micromamba/envs/torch29/lib/python3.11/site-packages/scipy/_lib/_util.py:1181: RuntimeWarning: logm result may be inaccurate, approximate err = 6.750563557034184e-07
  return f(*arrays, *other_args, **kwargs)
/appdata/users/P101440/micromamba/envs/torch29/lib/python3.11/site-packages/scipy/_lib/_util.py:1181: RuntimeWarning: logm result may be inaccurate, approximate err = 7.684308229727321e-07
  return f(*arrays, *other_args, **kwargs)
/appdata/users/P101440/micromamba/envs/torch29/lib/python3.11/site-packages/scipy/_lib/_util.py:1181: RuntimeWarning: logm result may be inaccurate, approximate err = 8.263481277026585e-07
  return f(*arrays, *other_args, **kwargs)
/appdata/users/P101440/micromamba/envs/torch29/lib/python3.11/site-packages/scipy/_lib/_util.py:1181: RuntimeWarning: logm result may be inaccurate, approximate err = 6.363025590871985e-07
  return f(*arrays, *other_args, **kwargs)
/appdata/users/P101440/micromamba/envs/torch29/lib/python3.11/site-packages/scipy/_lib/_util.py:1181: RuntimeWarning: logm result may be inaccurate, approximate err = 8.264240705102566e-07
  return f(*arrays, *other_args, **kwargs)
/appdata/users/P101440/micromamba/envs/torch29/lib/python3.11/site-packages/scipy/_lib/_util.py:1181: RuntimeWarning: logm result may be inaccurate, approximate err = 6.050404977031576e-07
  return f(*arrays, *other_args, **kwargs)
/appdata/users/P101440/micromamba/envs/torch29/lib/python3.11/site-packages/scipy/_lib/_util.py:1181: RuntimeWarning: logm result may be inaccurate, approximate err = 8.542550062884402e-07
  return f(*arrays, *other_args, **kwargs)
/appdata/users/P101440/micromamba/envs/torch29/lib/python3.11/site-packages/scipy/_lib/_util.py:1181: RuntimeWarning: logm result may be inaccurate, approximate err = 8.170457022060873e-07
  return f(*arrays, *other_args, **kwargs)
/appdata/users/P101440/micromamba/envs/torch29/lib/python3.11/site-packages/scipy/_lib/_util.py:1181: RuntimeWarning: logm result may be inaccurate, approximate err = 6.92928097123513e-07
  return f(*arrays, *other_args, **kwargs)
/appdata/users/P101440/micromamba/envs/torch29/lib/python3.11/site-packages/scipy/_lib/_util.py:1181: RuntimeWarning: logm result may be inaccurate, approximate err = 6.74358602736902e-07
  return f(*arrays, *other_args, **kwargs)
/appdata/users/P101440/micromamba/envs/torch29/lib/python3.11/site-packages/scipy/_lib/_util.py:1181: RuntimeWarning: logm result may be inaccurate, approximate err = 8.061880407694844e-07
  return f(*arrays, *other_args, **kwargs)
/appdata/users/P101440/micromamba/envs/torch29/lib/python3.11/site-packages/scipy/_lib/_util.py:1181: RuntimeWarning: logm result may be inaccurate, approximate err = 7.612871399942378e-07
  return f(*arrays, *other_args, **kwargs)
/appdata/users/P101440/micromamba/envs/torch29/lib/python3.11/site-packages/scipy/_lib/_util.py:1181: RuntimeWarning: logm result may be inaccurate, approximate err = 8.297195108752931e-07
  return f(*arrays, *other_args, **kwargs)
/appdata/users/P101440/micromamba/envs/torch29/lib/python3.11/site-packages/scipy/_lib/_util.py:1181: RuntimeWarning: logm result may be inaccurate, approximate err = 8.659428658575052e-07
  return f(*arrays, *other_args, **kwargs)
/appdata/users/P101440/micromamba/envs/torch29/lib/python3.11/site-packages/scipy/_lib/_util.py:1181: RuntimeWarning: logm result may be inaccurate, approximate err = 7.853660122236761e-07
  return f(*arrays, *other_args, **kwargs)
/appdata/users/P101440/micromamba/envs/torch29/lib/python3.11/site-packages/scipy/_lib/_util.py:1181: RuntimeWarning: logm result may be inaccurate, approximate err = 7.593060900035198e-07
  return f(*arrays, *other_args, **kwargs)
/appdata/users/P101440/micromamba/envs/torch29/lib/python3.11/site-packages/scipy/_lib/_util.py:1181: RuntimeWarning: logm result may be inaccurate, approximate err = 8.63444086007803e-07
  return f(*arrays, *other_args, **kwargs)
/appdata/users/P101440/micromamba/envs/torch29/lib/python3.11/site-packages/scipy/_lib/_util.py:1181: RuntimeWarning: logm result may be inaccurate, approximate err = 5.620240131065657e-07
  return f(*arrays, *other_args, **kwargs)
/appdata/users/P101440/micromamba/envs/torch29/lib/python3.11/site-packages/scipy/_lib/_util.py:1181: RuntimeWarning: logm result may be inaccurate, approximate err = 9.705120191938477e-07
  return f(*arrays, *other_args, **kwargs)
/appdata/users/P101440/micromamba/envs/torch29/lib/python3.11/site-packages/scipy/_lib/_util.py:1181: RuntimeWarning: logm result may be inaccurate, approximate err = 7.060980919959547e-07
  return f(*arrays, *other_args, **kwargs)
/appdata/users/P101440/micromamba/envs/torch29/lib/python3.11/site-packages/scipy/_lib/_util.py:1181: RuntimeWarning: logm result may be inaccurate, approximate err = 9.565654863763484e-07
  return f(*arrays, *other_args, **kwargs)
/appdata/users/P101440/micromamba/envs/torch29/lib/python3.11/site-packages/scipy/_lib/_util.py:1181: RuntimeWarning: logm result may be inaccurate, approximate err = 6.912359253874456e-07
  return f(*arrays, *other_args, **kwargs)
/appdata/users/P101440/micromamba/envs/torch29/lib/python3.11/site-packages/scipy/_lib/_util.py:1181: RuntimeWarning: logm result may be inaccurate, approximate err = 8.236736448452575e-07
  return f(*arrays, *other_args, **kwargs)
/appdata/users/P101440/micromamba/envs/torch29/lib/python3.11/site-packages/scipy/_lib/_util.py:1181: RuntimeWarning: logm result may be inaccurate, approximate err = 7.174853635660838e-07
  return f(*arrays, *other_args, **kwargs)
/appdata/users/P101440/micromamba/envs/torch29/lib/python3.11/site-packages/scipy/_lib/_util.py:1181: RuntimeWarning: logm result may be inaccurate, approximate err = 1.1372652579666465e-06
  return f(*arrays, *other_args, **kwargs)
/appdata/users/P101440/micromamba/envs/torch29/lib/python3.11/site-packages/scipy/_lib/_util.py:1181: RuntimeWarning: logm result may be inaccurate, approximate err = 8.90975513812009e-07
  return f(*arrays, *other_args, **kwargs)
/appdata/users/P101440/micromamba/envs/torch29/lib/python3.11/site-packages/scipy/_lib/_util.py:1181: RuntimeWarning: logm result may be inaccurate, approximate err = 5.645681540045189e-07
  return f(*arrays, *other_args, **kwargs)
/appdata/users/P101440/micromamba/envs/torch29/lib/python3.11/site-packages/scipy/_lib/_util.py:1181: RuntimeWarning: logm result may be inaccurate, approximate err = 9.205849664795096e-07
  return f(*arrays, *other_args, **kwargs)
/appdata/users/P101440/micromamba/envs/torch29/lib/python3.11/site-packages/scipy/_lib/_util.py:1181: RuntimeWarning: logm result may be inaccurate, approximate err = 7.381602813438803e-07
  return f(*arrays, *other_args, **kwargs)
/appdata/users/P101440/micromamba/envs/torch29/lib/python3.11/site-packages/scipy/_lib/_util.py:1181: RuntimeWarning: logm result may be inaccurate, approximate err = 6.963578016438987e-07
  return f(*arrays, *other_args, **kwargs)
/appdata/users/P101440/micromamba/envs/torch29/lib/python3.11/site-packages/scipy/_lib/_util.py:1181: RuntimeWarning: logm result may be inaccurate, approximate err = 6.860298640276596e-07
  return f(*arrays, *other_args, **kwargs)
/appdata/users/P101440/micromamba/envs/torch29/lib/python3.11/site-packages/scipy/_lib/_util.py:1181: RuntimeWarning: logm result may be inaccurate, approximate err = 9.208774258695485e-07
  return f(*arrays, *other_args, **kwargs)
/appdata/users/P101440/micromamba/envs/torch29/lib/python3.11/site-packages/scipy/_lib/_util.py:1181: RuntimeWarning: logm result may be inaccurate, approximate err = 7.109223361112527e-07
  return f(*arrays, *other_args, **kwargs)
/appdata/users/P101440/micromamba/envs/torch29/lib/python3.11/site-packages/scipy/_lib/_util.py:1181: RuntimeWarning: logm result may be inaccurate, approximate err = 7.012720288912533e-07
  return f(*arrays, *other_args, **kwargs)
/appdata/users/P101440/micromamba/envs/torch29/lib/python3.11/site-packages/scipy/_lib/_util.py:1181: RuntimeWarning: logm result may be inaccurate, approximate err = 9.540323162582354e-07
  return f(*arrays, *other_args, **kwargs)
/appdata/users/P101440/micromamba/envs/torch29/lib/python3.11/site-packages/scipy/_lib/_util.py:1181: RuntimeWarning: logm result may be inaccurate, approximate err = 5.97702126015065e-07
  return f(*arrays, *other_args, **kwargs)
/appdata/users/P101440/micromamba/envs/torch29/lib/python3.11/site-packages/scipy/_lib/_util.py:1181: RuntimeWarning: logm result may be inaccurate, approximate err = 1.0607824378894293e-06
  return f(*arrays, *other_args, **kwargs)
/appdata/users/P101440/micromamba/envs/torch29/lib/python3.11/site-packages/scipy/_lib/_util.py:1181: RuntimeWarning: logm result may be inaccurate, approximate err = 8.685351531312335e-07
  return f(*arrays, *other_args, **kwargs)
/appdata/users/P101440/micromamba/envs/torch29/lib/python3.11/site-packages/scipy/_lib/_util.py:1181: RuntimeWarning: logm result may be inaccurate, approximate err = 7.532867130066734e-07
  return f(*arrays, *other_args, **kwargs)
/appdata/users/P101440/micromamba/envs/torch29/lib/python3.11/site-packages/scipy/_lib/_util.py:1181: RuntimeWarning: logm result may be inaccurate, approximate err = 7.054035791043134e-07
  return f(*arrays, *other_args, **kwargs)
/appdata/users/P101440/micromamba/envs/torch29/lib/python3.11/site-packages/scipy/_lib/_util.py:1181: RuntimeWarning: logm result may be inaccurate, approximate err = 8.949971288529923e-07
  return f(*arrays, *other_args, **kwargs)
/appdata/users/P101440/micromamba/envs/torch29/lib/python3.11/site-packages/scipy/_lib/_util.py:1181: RuntimeWarning: logm result may be inaccurate, approximate err = 8.419955861427297e-07
  return f(*arrays, *other_args, **kwargs)
/appdata/users/P101440/micromamba/envs/torch29/lib/python3.11/site-packages/scipy/_lib/_util.py:1181: RuntimeWarning: logm result may be inaccurate, approximate err = 8.983997759060003e-07
  return f(*arrays, *other_args, **kwargs)
/appdata/users/P101440/micromamba/envs/torch29/lib/python3.11/site-packages/scipy/_lib/_util.py:1181: RuntimeWarning: logm result may be inaccurate, approximate err = 6.813967843299906e-07
  return f(*arrays, *other_args, **kwargs)
/appdata/users/P101440/micromamba/envs/torch29/lib/python3.11/site-packages/scipy/_lib/_util.py:1181: RuntimeWarning: logm result may be inaccurate, approximate err = 7.902348215793609e-07
  return f(*arrays, *other_args, **kwargs)
/appdata/users/P101440/micromamba/envs/torch29/lib/python3.11/site-packages/scipy/_lib/_util.py:1181: RuntimeWarning: logm result may be inaccurate, approximate err = 1.1120532690256368e-06
  return f(*arrays, *other_args, **kwargs)
/appdata/users/P101440/micromamba/envs/torch29/lib/python3.11/site-packages/scipy/_lib/_util.py:1181: RuntimeWarning: logm result may be inaccurate, approximate err = 5.939661491538573e-07
  return f(*arrays, *other_args, **kwargs)
/appdata/users/P101440/micromamba/envs/torch29/lib/python3.11/site-packages/scipy/_lib/_util.py:1181: RuntimeWarning: logm result may be inaccurate, approximate err = 7.257994525389222e-07
  return f(*arrays, *other_args, **kwargs)
/appdata/users/P101440/micromamba/envs/torch29/lib/python3.11/site-packages/scipy/_lib/_util.py:1181: RuntimeWarning: logm result may be inaccurate, approximate err = 5.88103546306229e-07
  return f(*arrays, *other_args, **kwargs)
/appdata/users/P101440/micromamba/envs/torch29/lib/python3.11/site-packages/scipy/_lib/_util.py:1181: RuntimeWarning: logm result may be inaccurate, approximate err = 6.946175972188939e-07
  return f(*arrays, *other_args, **kwargs)
/appdata/users/P101440/micromamba/envs/torch29/lib/python3.11/site-packages/scipy/_lib/_util.py:1181: RuntimeWarning: logm result may be inaccurate, approximate err = 1.0535081855778117e-06
  return f(*arrays, *other_args, **kwargs)
/appdata/users/P101440/micromamba/envs/torch29/lib/python3.11/site-packages/scipy/_lib/_util.py:1181: RuntimeWarning: logm result may be inaccurate, approximate err = 5.330900307853881e-07
  return f(*arrays, *other_args, **kwargs)
/appdata/users/P101440/micromamba/envs/torch29/lib/python3.11/site-packages/scipy/_lib/_util.py:1181: RuntimeWarning: logm result may be inaccurate, approximate err = 6.58790270335885e-07
  return f(*arrays, *other_args, **kwargs)
/appdata/users/P101440/micromamba/envs/torch29/lib/python3.11/site-packages/scipy/_lib/_util.py:1181: RuntimeWarning: logm result may be inaccurate, approximate err = 7.497165483982826e-07
  return f(*arrays, *other_args, **kwargs)
/appdata/users/P101440/micromamba/envs/torch29/lib/python3.11/site-packages/scipy/_lib/_util.py:1181: RuntimeWarning: logm result may be inaccurate, approximate err = 1.1766945817726082e-06
  return f(*arrays, *other_args, **kwargs)
/appdata/users/P101440/micromamba/envs/torch29/lib/python3.11/site-packages/scipy/_lib/_util.py:1181: RuntimeWarning: logm result may be inaccurate, approximate err = 7.451067176589277e-07
  return f(*arrays, *other_args, **kwargs)
/appdata/users/P101440/micromamba/envs/torch29/lib/python3.11/site-packages/scipy/_lib/_util.py:1181: RuntimeWarning: logm result may be inaccurate, approximate err = 9.947208354788017e-07
  return f(*arrays, *other_args, **kwargs)
/appdata/users/P101440/micromamba/envs/torch29/lib/python3.11/site-packages/scipy/_lib/_util.py:1181: RuntimeWarning: logm result may be inaccurate, approximate err = 1.0049265029010712e-06
  return f(*arrays, *other_args, **kwargs)
/appdata/users/P101440/micromamba/envs/torch29/lib/python3.11/site-packages/scipy/_lib/_util.py:1181: RuntimeWarning: logm result may be inaccurate, approximate err = 9.532970466352708e-07
  return f(*arrays, *other_args, **kwargs)
/appdata/users/P101440/micromamba/envs/torch29/lib/python3.11/site-packages/scipy/_lib/_util.py:1181: RuntimeWarning: logm result may be inaccurate, approximate err = 8.842862939673068e-07
  return f(*arrays, *other_args, **kwargs)
/appdata/users/P101440/micromamba/envs/torch29/lib/python3.11/site-packages/scipy/_lib/_util.py:1181: RuntimeWarning: logm result may be inaccurate, approximate err = 7.091838369888137e-07
  return f(*arrays, *other_args, **kwargs)
/appdata/users/P101440/micromamba/envs/torch29/lib/python3.11/site-packages/scipy/_lib/_util.py:1181: RuntimeWarning: logm result may be inaccurate, approximate err = 6.926616151758935e-07
  return f(*arrays, *other_args, **kwargs)
/appdata/users/P101440/micromamba/envs/torch29/lib/python3.11/site-packages/scipy/_lib/_util.py:1181: RuntimeWarning: logm result may be inaccurate, approximate err = 7.991374104676652e-07
  return f(*arrays, *other_args, **kwargs)
/appdata/users/P101440/micromamba/envs/torch29/lib/python3.11/site-packages/scipy/_lib/_util.py:1181: RuntimeWarning: logm result may be inaccurate, approximate err = 6.81813162373146e-07
  return f(*arrays, *other_args, **kwargs)
/appdata/users/P101440/micromamba/envs/torch29/lib/python3.11/site-packages/scipy/_lib/_util.py:1181: RuntimeWarning: logm result may be inaccurate, approximate err = 9.850538162936573e-07
  return f(*arrays, *other_args, **kwargs)
/appdata/users/P101440/micromamba/envs/torch29/lib/python3.11/site-packages/scipy/_lib/_util.py:1181: RuntimeWarning: logm result may be inaccurate, approximate err = 8.068465717769868e-07
  return f(*arrays, *other_args, **kwargs)
/appdata/users/P101440/micromamba/envs/torch29/lib/python3.11/site-packages/scipy/_lib/_util.py:1181: RuntimeWarning: logm result may be inaccurate, approximate err = 8.427971920355048e-07
  return f(*arrays, *other_args, **kwargs)
/appdata/users/P101440/micromamba/envs/torch29/lib/python3.11/site-packages/scipy/_lib/_util.py:1181: RuntimeWarning: logm result may be inaccurate, approximate err = 7.924526244096342e-07
  return f(*arrays, *other_args, **kwargs)
/appdata/users/P101440/micromamba/envs/torch29/lib/python3.11/site-packages/scipy/_lib/_util.py:1181: RuntimeWarning: logm result may be inaccurate, approximate err = 7.773543302391772e-07
  return f(*arrays, *other_args, **kwargs)
/appdata/users/P101440/micromamba/envs/torch29/lib/python3.11/site-packages/scipy/_lib/_util.py:1181: RuntimeWarning: logm result may be inaccurate, approximate err = 9.070351438822399e-07
  return f(*arrays, *other_args, **kwargs)
/appdata/users/P101440/micromamba/envs/torch29/lib/python3.11/site-packages/scipy/_lib/_util.py:1181: RuntimeWarning: logm result may be inaccurate, approximate err = 9.126197824116389e-07
  return f(*arrays, *other_args, **kwargs)
/appdata/users/P101440/micromamba/envs/torch29/lib/python3.11/site-packages/scipy/_lib/_util.py:1181: RuntimeWarning: logm result may be inaccurate, approximate err = 1.0422693321743282e-06
  return f(*arrays, *other_args, **kwargs)
/appdata/users/P101440/micromamba/envs/torch29/lib/python3.11/site-packages/scipy/_lib/_util.py:1181: RuntimeWarning: logm result may be inaccurate, approximate err = 8.185181741282577e-07
  return f(*arrays, *other_args, **kwargs)
/appdata/users/P101440/micromamba/envs/torch29/lib/python3.11/site-packages/scipy/_lib/_util.py:1181: RuntimeWarning: logm result may be inaccurate, approximate err = 6.261882390390383e-07
  return f(*arrays, *other_args, **kwargs)
/appdata/users/P101440/micromamba/envs/torch29/lib/python3.11/site-packages/scipy/_lib/_util.py:1181: RuntimeWarning: logm result may be inaccurate, approximate err = 6.573256428055174e-07
  return f(*arrays, *other_args, **kwargs)
/appdata/users/P101440/micromamba/envs/torch29/lib/python3.11/site-packages/scipy/_lib/_util.py:1181: RuntimeWarning: logm result may be inaccurate, approximate err = 9.123102699959418e-07
  return f(*arrays, *other_args, **kwargs)
/appdata/users/P101440/micromamba/envs/torch29/lib/python3.11/site-packages/scipy/_lib/_util.py:1181: RuntimeWarning: logm result may be inaccurate, approximate err = 1.0674980330804829e-06
  return f(*arrays, *other_args, **kwargs)
/appdata/users/P101440/micromamba/envs/torch29/lib/python3.11/site-packages/scipy/_lib/_util.py:1181: RuntimeWarning: logm result may be inaccurate, approximate err = 1.009751599667652e-06
  return f(*arrays, *other_args, **kwargs)
/appdata/users/P101440/micromamba/envs/torch29/lib/python3.11/site-packages/scipy/_lib/_util.py:1181: RuntimeWarning: logm result may be inaccurate, approximate err = 7.728230571046879e-07
  return f(*arrays, *other_args, **kwargs)
/appdata/users/P101440/micromamba/envs/torch29/lib/python3.11/site-packages/scipy/_lib/_util.py:1181: RuntimeWarning: logm result may be inaccurate, approximate err = 9.028223644236277e-07
  return f(*arrays, *other_args, **kwargs)
/appdata/users/P101440/micromamba/envs/torch29/lib/python3.11/site-packages/scipy/_lib/_util.py:1181: RuntimeWarning: logm result may be inaccurate, approximate err = 7.389958227577154e-07
  return f(*arrays, *other_args, **kwargs)
/appdata/users/P101440/micromamba/envs/torch29/lib/python3.11/site-packages/scipy/_lib/_util.py:1181: RuntimeWarning: logm result may be inaccurate, approximate err = 7.032986673038977e-07
  return f(*arrays, *other_args, **kwargs)
/appdata/users/P101440/micromamba/envs/torch29/lib/python3.11/site-packages/scipy/_lib/_util.py:1181: RuntimeWarning: logm result may be inaccurate, approximate err = 6.181700769047893e-07
  return f(*arrays, *other_args, **kwargs)
/appdata/users/P101440/micromamba/envs/torch29/lib/python3.11/site-packages/scipy/_lib/_util.py:1181: RuntimeWarning: logm result may be inaccurate, approximate err = 9.354901635560964e-07
  return f(*arrays, *other_args, **kwargs)
/appdata/users/P101440/micromamba/envs/torch29/lib/python3.11/site-packages/scipy/_lib/_util.py:1181: RuntimeWarning: logm result may be inaccurate, approximate err = 7.326822242248454e-07
  return f(*arrays, *other_args, **kwargs)
/appdata/users/P101440/micromamba/envs/torch29/lib/python3.11/site-packages/scipy/_lib/_util.py:1181: RuntimeWarning: logm result may be inaccurate, approximate err = 1.0153727316719596e-06
  return f(*arrays, *other_args, **kwargs)
/appdata/users/P101440/micromamba/envs/torch29/lib/python3.11/site-packages/scipy/_lib/_util.py:1181: RuntimeWarning: logm result may be inaccurate, approximate err = 8.970802696239843e-07
  return f(*arrays, *other_args, **kwargs)
/appdata/users/P101440/micromamba/envs/torch29/lib/python3.11/site-packages/scipy/_lib/_util.py:1181: RuntimeWarning: logm result may be inaccurate, approximate err = 8.892970413398871e-07
  return f(*arrays, *other_args, **kwargs)
/appdata/users/P101440/micromamba/envs/torch29/lib/python3.11/site-packages/scipy/_lib/_util.py:1181: RuntimeWarning: logm result may be inaccurate, approximate err = 7.989391406226787e-07
  return f(*arrays, *other_args, **kwargs)
/appdata/users/P101440/micromamba/envs/torch29/lib/python3.11/site-packages/scipy/_lib/_util.py:1181: RuntimeWarning: logm result may be inaccurate, approximate err = 9.7847862434719e-07
  return f(*arrays, *other_args, **kwargs)
/appdata/users/P101440/micromamba/envs/torch29/lib/python3.11/site-packages/scipy/_lib/_util.py:1181: RuntimeWarning: logm result may be inaccurate, approximate err = 6.452518164223875e-07
  return f(*arrays, *other_args, **kwargs)
/appdata/users/P101440/micromamba/envs/torch29/lib/python3.11/site-packages/scipy/_lib/_util.py:1181: RuntimeWarning: logm result may be inaccurate, approximate err = 7.757662956464628e-07
  return f(*arrays, *other_args, **kwargs)
/appdata/users/P101440/micromamba/envs/torch29/lib/python3.11/site-packages/scipy/_lib/_util.py:1181: RuntimeWarning: logm result may be inaccurate, approximate err = 7.552380907327461e-07
  return f(*arrays, *other_args, **kwargs)
/appdata/users/P101440/micromamba/envs/torch29/lib/python3.11/site-packages/scipy/_lib/_util.py:1181: RuntimeWarning: logm result may be inaccurate, approximate err = 1.0000662769016344e-06
  return f(*arrays, *other_args, **kwargs)
/appdata/users/P101440/micromamba/envs/torch29/lib/python3.11/site-packages/scipy/_lib/_util.py:1181: RuntimeWarning: logm result may be inaccurate, approximate err = 7.685792411393777e-07
  return f(*arrays, *other_args, **kwargs)
/appdata/users/P101440/micromamba/envs/torch29/lib/python3.11/site-packages/scipy/_lib/_util.py:1181: RuntimeWarning: logm result may be inaccurate, approximate err = 1.1633604799499153e-06
  return f(*arrays, *other_args, **kwargs)
/appdata/users/P101440/micromamba/envs/torch29/lib/python3.11/site-packages/scipy/_lib/_util.py:1181: RuntimeWarning: logm result may be inaccurate, approximate err = 1.017958084048587e-06
  return f(*arrays, *other_args, **kwargs)
/appdata/users/P101440/micromamba/envs/torch29/lib/python3.11/site-packages/scipy/_lib/_util.py:1181: RuntimeWarning: logm result may be inaccurate, approximate err = 5.31012233295769e-07
  return f(*arrays, *other_args, **kwargs)
/appdata/users/P101440/micromamba/envs/torch29/lib/python3.11/site-packages/scipy/_lib/_util.py:1181: RuntimeWarning: logm result may be inaccurate, approximate err = 1.0122589628736023e-06
  return f(*arrays, *other_args, **kwargs)
/appdata/users/P101440/micromamba/envs/torch29/lib/python3.11/site-packages/scipy/_lib/_util.py:1181: RuntimeWarning: logm result may be inaccurate, approximate err = 6.868388595648867e-07
  return f(*arrays, *other_args, **kwargs)
/appdata/users/P101440/micromamba/envs/torch29/lib/python3.11/site-packages/scipy/_lib/_util.py:1181: RuntimeWarning: logm result may be inaccurate, approximate err = 6.387257371898158e-07
  return f(*arrays, *other_args, **kwargs)
/appdata/users/P101440/micromamba/envs/torch29/lib/python3.11/site-packages/scipy/_lib/_util.py:1181: RuntimeWarning: logm result may be inaccurate, approximate err = 1.0151776450584293e-06
  return f(*arrays, *other_args, **kwargs)
/appdata/users/P101440/micromamba/envs/torch29/lib/python3.11/site-packages/scipy/_lib/_util.py:1181: RuntimeWarning: logm result may be inaccurate, approximate err = 9.251282335753785e-07
  return f(*arrays, *other_args, **kwargs)
/appdata/users/P101440/micromamba/envs/torch29/lib/python3.11/site-packages/scipy/_lib/_util.py:1181: RuntimeWarning: logm result may be inaccurate, approximate err = 5.70073098060675e-07
  return f(*arrays, *other_args, **kwargs)
/appdata/users/P101440/micromamba/envs/torch29/lib/python3.11/site-packages/scipy/_lib/_util.py:1181: RuntimeWarning: logm result may be inaccurate, approximate err = 5.705498438146606e-07
  return f(*arrays, *other_args, **kwargs)
/appdata/users/P101440/micromamba/envs/torch29/lib/python3.11/site-packages/scipy/_lib/_util.py:1181: RuntimeWarning: logm result may be inaccurate, approximate err = 1.0161032832911587e-06
  return f(*arrays, *other_args, **kwargs)
/appdata/users/P101440/micromamba/envs/torch29/lib/python3.11/site-packages/scipy/_lib/_util.py:1181: RuntimeWarning: logm result may be inaccurate, approximate err = 5.827100721944589e-07
  return f(*arrays, *other_args, **kwargs)
/appdata/users/P101440/micromamba/envs/torch29/lib/python3.11/site-packages/scipy/_lib/_util.py:1181: RuntimeWarning: logm result may be inaccurate, approximate err = 7.616418997713481e-07
  return f(*arrays, *other_args, **kwargs)
/appdata/users/P101440/micromamba/envs/torch29/lib/python3.11/site-packages/scipy/_lib/_util.py:1181: RuntimeWarning: logm result may be inaccurate, approximate err = 7.722648547314748e-07
  return f(*arrays, *other_args, **kwargs)
/appdata/users/P101440/micromamba/envs/torch29/lib/python3.11/site-packages/scipy/_lib/_util.py:1181: RuntimeWarning: logm result may be inaccurate, approximate err = 7.256019785017997e-07
  return f(*arrays, *other_args, **kwargs)
/appdata/users/P101440/micromamba/envs/torch29/lib/python3.11/site-packages/scipy/_lib/_util.py:1181: RuntimeWarning: logm result may be inaccurate, approximate err = 8.102076094473887e-07
  return f(*arrays, *other_args, **kwargs)
/appdata/users/P101440/micromamba/envs/torch29/lib/python3.11/site-packages/scipy/_lib/_util.py:1181: RuntimeWarning: logm result may be inaccurate, approximate err = 9.197062240673404e-07
  return f(*arrays, *other_args, **kwargs)
/appdata/users/P101440/micromamba/envs/torch29/lib/python3.11/site-packages/scipy/_lib/_util.py:1181: RuntimeWarning: logm result may be inaccurate, approximate err = 1.060232079908019e-06
  return f(*arrays, *other_args, **kwargs)
/appdata/users/P101440/micromamba/envs/torch29/lib/python3.11/site-packages/scipy/_lib/_util.py:1181: RuntimeWarning: logm result may be inaccurate, approximate err = 7.952418172862963e-07
  return f(*arrays, *other_args, **kwargs)
/appdata/users/P101440/micromamba/envs/torch29/lib/python3.11/site-packages/scipy/_lib/_util.py:1181: RuntimeWarning: logm result may be inaccurate, approximate err = 1.1545135976120946e-06
  return f(*arrays, *other_args, **kwargs)
/appdata/users/P101440/micromamba/envs/torch29/lib/python3.11/site-packages/scipy/_lib/_util.py:1181: RuntimeWarning: logm result may be inaccurate, approximate err = 8.017237291824131e-07
  return f(*arrays, *other_args, **kwargs)
/appdata/users/P101440/micromamba/envs/torch29/lib/python3.11/site-packages/scipy/_lib/_util.py:1181: RuntimeWarning: logm result may be inaccurate, approximate err = 6.390382054632937e-07
  return f(*arrays, *other_args, **kwargs)
/appdata/users/P101440/micromamba/envs/torch29/lib/python3.11/site-packages/scipy/_lib/_util.py:1181: RuntimeWarning: logm result may be inaccurate, approximate err = 6.150614240141294e-07
  return f(*arrays, *other_args, **kwargs)
/appdata/users/P101440/micromamba/envs/torch29/lib/python3.11/site-packages/scipy/_lib/_util.py:1181: RuntimeWarning: logm result may be inaccurate, approximate err = 7.440628451149678e-07
  return f(*arrays, *other_args, **kwargs)
/appdata/users/P101440/micromamba/envs/torch29/lib/python3.11/site-packages/scipy/_lib/_util.py:1181: RuntimeWarning: logm result may be inaccurate, approximate err = 8.211702038352087e-07
  return f(*arrays, *other_args, **kwargs)
/appdata/users/P101440/micromamba/envs/torch29/lib/python3.11/site-packages/scipy/_lib/_util.py:1181: RuntimeWarning: logm result may be inaccurate, approximate err = 9.335468575955019e-07
  return f(*arrays, *other_args, **kwargs)
/appdata/users/P101440/micromamba/envs/torch29/lib/python3.11/site-packages/scipy/_lib/_util.py:1181: RuntimeWarning: logm result may be inaccurate, approximate err = 1.117392343985557e-06
  return f(*arrays, *other_args, **kwargs)
/appdata/users/P101440/micromamba/envs/torch29/lib/python3.11/site-packages/scipy/_lib/_util.py:1181: RuntimeWarning: logm result may be inaccurate, approximate err = 7.912717592262197e-07
  return f(*arrays, *other_args, **kwargs)
/appdata/users/P101440/micromamba/envs/torch29/lib/python3.11/site-packages/scipy/_lib/_util.py:1181: RuntimeWarning: logm result may be inaccurate, approximate err = 1.4504346381727373e-06
  return f(*arrays, *other_args, **kwargs)
/appdata/users/P101440/micromamba/envs/torch29/lib/python3.11/site-packages/scipy/_lib/_util.py:1181: RuntimeWarning: logm result may be inaccurate, approximate err = 6.971600896577002e-07
  return f(*arrays, *other_args, **kwargs)
/appdata/users/P101440/micromamba/envs/torch29/lib/python3.11/site-packages/scipy/_lib/_util.py:1181: RuntimeWarning: logm result may be inaccurate, approximate err = 7.03911496202636e-07
  return f(*arrays, *other_args, **kwargs)
/appdata/users/P101440/micromamba/envs/torch29/lib/python3.11/site-packages/scipy/_lib/_util.py:1181: RuntimeWarning: logm result may be inaccurate, approximate err = 7.517668336731731e-07
  return f(*arrays, *other_args, **kwargs)
/appdata/users/P101440/micromamba/envs/torch29/lib/python3.11/site-packages/scipy/_lib/_util.py:1181: RuntimeWarning: logm result may be inaccurate, approximate err = 1.0324417871743208e-06
  return f(*arrays, *other_args, **kwargs)
/appdata/users/P101440/micromamba/envs/torch29/lib/python3.11/site-packages/scipy/_lib/_util.py:1181: RuntimeWarning: logm result may be inaccurate, approximate err = 6.108126058279595e-07
  return f(*arrays, *other_args, **kwargs)
/appdata/users/P101440/micromamba/envs/torch29/lib/python3.11/site-packages/scipy/_lib/_util.py:1181: RuntimeWarning: logm result may be inaccurate, approximate err = 8.73163571668556e-07
  return f(*arrays, *other_args, **kwargs)
/appdata/users/P101440/micromamba/envs/torch29/lib/python3.11/site-packages/scipy/_lib/_util.py:1181: RuntimeWarning: logm result may be inaccurate, approximate err = 1.013046812659013e-06
  return f(*arrays, *other_args, **kwargs)
/appdata/users/P101440/micromamba/envs/torch29/lib/python3.11/site-packages/scipy/_lib/_util.py:1181: RuntimeWarning: logm result may be inaccurate, approximate err = 8.55649716413609e-07
  return f(*arrays, *other_args, **kwargs)
/appdata/users/P101440/micromamba/envs/torch29/lib/python3.11/site-packages/scipy/_lib/_util.py:1181: RuntimeWarning: logm result may be inaccurate, approximate err = 7.902731908870919e-07
  return f(*arrays, *other_args, **kwargs)
/appdata/users/P101440/micromamba/envs/torch29/lib/python3.11/site-packages/scipy/_lib/_util.py:1181: RuntimeWarning: logm result may be inaccurate, approximate err = 7.963283792378206e-07
  return f(*arrays, *other_args, **kwargs)
/appdata/users/P101440/micromamba/envs/torch29/lib/python3.11/site-packages/scipy/_lib/_util.py:1181: RuntimeWarning: logm result may be inaccurate, approximate err = 8.197948204724526e-07
  return f(*arrays, *other_args, **kwargs)
/appdata/users/P101440/micromamba/envs/torch29/lib/python3.11/site-packages/scipy/_lib/_util.py:1181: RuntimeWarning: logm result may be inaccurate, approximate err = 7.151970748964231e-07
  return f(*arrays, *other_args, **kwargs)
/appdata/users/P101440/micromamba/envs/torch29/lib/python3.11/site-packages/scipy/_lib/_util.py:1181: RuntimeWarning: logm result may be inaccurate, approximate err = 1.0046968554888736e-06
  return f(*arrays, *other_args, **kwargs)
/appdata/users/P101440/micromamba/envs/torch29/lib/python3.11/site-packages/scipy/_lib/_util.py:1181: RuntimeWarning: logm result may be inaccurate, approximate err = 7.130852281989064e-07
  return f(*arrays, *other_args, **kwargs)
/appdata/users/P101440/micromamba/envs/torch29/lib/python3.11/site-packages/scipy/_lib/_util.py:1181: RuntimeWarning: logm result may be inaccurate, approximate err = 6.043709390723961e-07
  return f(*arrays, *other_args, **kwargs)
/appdata/users/P101440/micromamba/envs/torch29/lib/python3.11/site-packages/scipy/_lib/_util.py:1181: RuntimeWarning: logm result may be inaccurate, approximate err = 1.050762080012646e-06
  return f(*arrays, *other_args, **kwargs)
/appdata/users/P101440/micromamba/envs/torch29/lib/python3.11/site-packages/scipy/_lib/_util.py:1181: RuntimeWarning: logm result may be inaccurate, approximate err = 6.975313340262801e-07
  return f(*arrays, *other_args, **kwargs)
/appdata/users/P101440/micromamba/envs/torch29/lib/python3.11/site-packages/scipy/_lib/_util.py:1181: RuntimeWarning: logm result may be inaccurate, approximate err = 9.095707014239451e-07
  return f(*arrays, *other_args, **kwargs)
/appdata/users/P101440/micromamba/envs/torch29/lib/python3.11/site-packages/scipy/_lib/_util.py:1181: RuntimeWarning: logm result may be inaccurate, approximate err = 8.0036465988087e-07
  return f(*arrays, *other_args, **kwargs)
/appdata/users/P101440/micromamba/envs/torch29/lib/python3.11/site-packages/scipy/_lib/_util.py:1181: RuntimeWarning: logm result may be inaccurate, approximate err = 7.64117544349574e-07
  return f(*arrays, *other_args, **kwargs)
/appdata/users/P101440/micromamba/envs/torch29/lib/python3.11/site-packages/scipy/_lib/_util.py:1181: RuntimeWarning: logm result may be inaccurate, approximate err = 8.498911938659148e-07
  return f(*arrays, *other_args, **kwargs)
/appdata/users/P101440/micromamba/envs/torch29/lib/python3.11/site-packages/scipy/_lib/_util.py:1181: RuntimeWarning: logm result may be inaccurate, approximate err = 7.096961098795873e-07
  return f(*arrays, *other_args, **kwargs)
/appdata/users/P101440/micromamba/envs/torch29/lib/python3.11/site-packages/scipy/_lib/_util.py:1181: RuntimeWarning: logm result may be inaccurate, approximate err = 9.270150371776253e-07
  return f(*arrays, *other_args, **kwargs)
/appdata/users/P101440/micromamba/envs/torch29/lib/python3.11/site-packages/scipy/_lib/_util.py:1181: RuntimeWarning: logm result may be inaccurate, approximate err = 9.349209904030431e-07
  return f(*arrays, *other_args, **kwargs)
/appdata/users/P101440/micromamba/envs/torch29/lib/python3.11/site-packages/scipy/_lib/_util.py:1181: RuntimeWarning: logm result may be inaccurate, approximate err = 9.266516940442671e-07
  return f(*arrays, *other_args, **kwargs)
/appdata/users/P101440/micromamba/envs/torch29/lib/python3.11/site-packages/scipy/_lib/_util.py:1181: RuntimeWarning: logm result may be inaccurate, approximate err = 8.025841111702903e-07
  return f(*arrays, *other_args, **kwargs)
/appdata/users/P101440/micromamba/envs/torch29/lib/python3.11/site-packages/scipy/_lib/_util.py:1181: RuntimeWarning: logm result may be inaccurate, approximate err = 7.445560186170042e-07
  return f(*arrays, *other_args, **kwargs)
/appdata/users/P101440/micromamba/envs/torch29/lib/python3.11/site-packages/scipy/_lib/_util.py:1181: RuntimeWarning: logm result may be inaccurate, approximate err = 9.437866310690879e-07
  return f(*arrays, *other_args, **kwargs)
/appdata/users/P101440/micromamba/envs/torch29/lib/python3.11/site-packages/scipy/_lib/_util.py:1181: RuntimeWarning: logm result may be inaccurate, approximate err = 6.61746526020579e-07
  return f(*arrays, *other_args, **kwargs)
/appdata/users/P101440/micromamba/envs/torch29/lib/python3.11/site-packages/scipy/_lib/_util.py:1181: RuntimeWarning: logm result may be inaccurate, approximate err = 8.893053404790408e-07
  return f(*arrays, *other_args, **kwargs)
/appdata/users/P101440/micromamba/envs/torch29/lib/python3.11/site-packages/scipy/_lib/_util.py:1181: RuntimeWarning: logm result may be inaccurate, approximate err = 7.657386049686465e-07
  return f(*arrays, *other_args, **kwargs)
/appdata/users/P101440/micromamba/envs/torch29/lib/python3.11/site-packages/scipy/_lib/_util.py:1181: RuntimeWarning: logm result may be inaccurate, approximate err = 6.649904094047088e-07
  return f(*arrays, *other_args, **kwargs)
/appdata/users/P101440/micromamba/envs/torch29/lib/python3.11/site-packages/scipy/_lib/_util.py:1181: RuntimeWarning: logm result may be inaccurate, approximate err = 6.406271495507099e-07
  return f(*arrays, *other_args, **kwargs)
/appdata/users/P101440/micromamba/envs/torch29/lib/python3.11/site-packages/scipy/_lib/_util.py:1181: RuntimeWarning: logm result may be inaccurate, approximate err = 8.105698725557886e-07
  return f(*arrays, *other_args, **kwargs)
/appdata/users/P101440/micromamba/envs/torch29/lib/python3.11/site-packages/scipy/_lib/_util.py:1181: RuntimeWarning: logm result may be inaccurate, approximate err = 7.372675554506714e-07
  return f(*arrays, *other_args, **kwargs)
/appdata/users/P101440/micromamba/envs/torch29/lib/python3.11/site-packages/scipy/_lib/_util.py:1181: RuntimeWarning: logm result may be inaccurate, approximate err = 1.2272869298612932e-06
  return f(*arrays, *other_args, **kwargs)
/appdata/users/P101440/micromamba/envs/torch29/lib/python3.11/site-packages/scipy/_lib/_util.py:1181: RuntimeWarning: logm result may be inaccurate, approximate err = 9.593594541001949e-07
  return f(*arrays, *other_args, **kwargs)
/appdata/users/P101440/micromamba/envs/torch29/lib/python3.11/site-packages/scipy/_lib/_util.py:1181: RuntimeWarning: logm result may be inaccurate, approximate err = 1.027379767037928e-06
  return f(*arrays, *other_args, **kwargs)
/appdata/users/P101440/micromamba/envs/torch29/lib/python3.11/site-packages/scipy/_lib/_util.py:1181: RuntimeWarning: logm result may be inaccurate, approximate err = 9.256883117814141e-07
  return f(*arrays, *other_args, **kwargs)
/appdata/users/P101440/micromamba/envs/torch29/lib/python3.11/site-packages/scipy/_lib/_util.py:1181: RuntimeWarning: logm result may be inaccurate, approximate err = 1.4210426115823793e-06
  return f(*arrays, *other_args, **kwargs)
/appdata/users/P101440/micromamba/envs/torch29/lib/python3.11/site-packages/scipy/_lib/_util.py:1181: RuntimeWarning: logm result may be inaccurate, approximate err = 9.215856380251353e-07
  return f(*arrays, *other_args, **kwargs)
/appdata/users/P101440/micromamba/envs/torch29/lib/python3.11/site-packages/scipy/_lib/_util.py:1181: RuntimeWarning: logm result may be inaccurate, approximate err = 1.0555754670349415e-06
  return f(*arrays, *other_args, **kwargs)
/appdata/users/P101440/micromamba/envs/torch29/lib/python3.11/site-packages/scipy/_lib/_util.py:1181: RuntimeWarning: logm result may be inaccurate, approximate err = 1.0822101330631995e-06
  return f(*arrays, *other_args, **kwargs)
/appdata/users/P101440/micromamba/envs/torch29/lib/python3.11/site-packages/scipy/_lib/_util.py:1181: RuntimeWarning: logm result may be inaccurate, approximate err = 1.0107874004461337e-06
  return f(*arrays, *other_args, **kwargs)
/appdata/users/P101440/micromamba/envs/torch29/lib/python3.11/site-packages/scipy/_lib/_util.py:1181: RuntimeWarning: logm result may be inaccurate, approximate err = 7.281643092937884e-07
  return f(*arrays, *other_args, **kwargs)
/appdata/users/P101440/micromamba/envs/torch29/lib/python3.11/site-packages/scipy/_lib/_util.py:1181: RuntimeWarning: logm result may be inaccurate, approximate err = 7.885111017458257e-07
  return f(*arrays, *other_args, **kwargs)
/appdata/users/P101440/micromamba/envs/torch29/lib/python3.11/site-packages/scipy/_lib/_util.py:1181: RuntimeWarning: logm result may be inaccurate, approximate err = 7.716382697253721e-07
  return f(*arrays, *other_args, **kwargs)
/appdata/users/P101440/micromamba/envs/torch29/lib/python3.11/site-packages/scipy/_lib/_util.py:1181: RuntimeWarning: logm result may be inaccurate, approximate err = 7.011893217168108e-07
  return f(*arrays, *other_args, **kwargs)
/appdata/users/P101440/micromamba/envs/torch29/lib/python3.11/site-packages/scipy/_lib/_util.py:1181: RuntimeWarning: logm result may be inaccurate, approximate err = 7.482910291400913e-07
  return f(*arrays, *other_args, **kwargs)
/appdata/users/P101440/micromamba/envs/torch29/lib/python3.11/site-packages/scipy/_lib/_util.py:1181: RuntimeWarning: logm result may be inaccurate, approximate err = 8.456621003460896e-07
  return f(*arrays, *other_args, **kwargs)
/appdata/users/P101440/micromamba/envs/torch29/lib/python3.11/site-packages/scipy/_lib/_util.py:1181: RuntimeWarning: logm result may be inaccurate, approximate err = 7.714616572229716e-07
  return f(*arrays, *other_args, **kwargs)
/appdata/users/P101440/micromamba/envs/torch29/lib/python3.11/site-packages/scipy/_lib/_util.py:1181: RuntimeWarning: logm result may be inaccurate, approximate err = 8.289788411275367e-07
  return f(*arrays, *other_args, **kwargs)
/appdata/users/P101440/micromamba/envs/torch29/lib/python3.11/site-packages/scipy/_lib/_util.py:1181: RuntimeWarning: logm result may be inaccurate, approximate err = 1.1243824928897084e-06
  return f(*arrays, *other_args, **kwargs)
/appdata/users/P101440/micromamba/envs/torch29/lib/python3.11/site-packages/scipy/_lib/_util.py:1181: RuntimeWarning: logm result may be inaccurate, approximate err = 1.0522451248107245e-06
  return f(*arrays, *other_args, **kwargs)
/appdata/users/P101440/micromamba/envs/torch29/lib/python3.11/site-packages/scipy/_lib/_util.py:1181: RuntimeWarning: logm result may be inaccurate, approximate err = 1.0043590918940026e-06
  return f(*arrays, *other_args, **kwargs)
/appdata/users/P101440/micromamba/envs/torch29/lib/python3.11/site-packages/scipy/_lib/_util.py:1181: RuntimeWarning: logm result may be inaccurate, approximate err = 9.60178567765979e-07
  return f(*arrays, *other_args, **kwargs)
/appdata/users/P101440/micromamba/envs/torch29/lib/python3.11/site-packages/scipy/_lib/_util.py:1181: RuntimeWarning: logm result may be inaccurate, approximate err = 9.353765335617936e-07
  return f(*arrays, *other_args, **kwargs)
/appdata/users/P101440/micromamba/envs/torch29/lib/python3.11/site-packages/scipy/_lib/_util.py:1181: RuntimeWarning: logm result may be inaccurate, approximate err = 7.344629011640791e-07
  return f(*arrays, *other_args, **kwargs)
/appdata/users/P101440/micromamba/envs/torch29/lib/python3.11/site-packages/scipy/_lib/_util.py:1181: RuntimeWarning: logm result may be inaccurate, approximate err = 9.393543223268352e-07
  return f(*arrays, *other_args, **kwargs)
/appdata/users/P101440/micromamba/envs/torch29/lib/python3.11/site-packages/scipy/_lib/_util.py:1181: RuntimeWarning: logm result may be inaccurate, approximate err = 9.86431018645817e-07
  return f(*arrays, *other_args, **kwargs)
/appdata/users/P101440/micromamba/envs/torch29/lib/python3.11/site-packages/scipy/_lib/_util.py:1181: RuntimeWarning: logm result may be inaccurate, approximate err = 7.701740400989365e-07
  return f(*arrays, *other_args, **kwargs)
/appdata/users/P101440/micromamba/envs/torch29/lib/python3.11/site-packages/scipy/_lib/_util.py:1181: RuntimeWarning: logm result may be inaccurate, approximate err = 1.0902306257776218e-06
  return f(*arrays, *other_args, **kwargs)
/appdata/users/P101440/micromamba/envs/torch29/lib/python3.11/site-packages/scipy/_lib/_util.py:1181: RuntimeWarning: logm result may be inaccurate, approximate err = 8.095463499557809e-07
  return f(*arrays, *other_args, **kwargs)
/appdata/users/P101440/micromamba/envs/torch29/lib/python3.11/site-packages/scipy/_lib/_util.py:1181: RuntimeWarning: logm result may be inaccurate, approximate err = 7.613706429765443e-07
  return f(*arrays, *other_args, **kwargs)
/appdata/users/P101440/micromamba/envs/torch29/lib/python3.11/site-packages/scipy/_lib/_util.py:1181: RuntimeWarning: logm result may be inaccurate, approximate err = 9.124653956860129e-07
  return f(*arrays, *other_args, **kwargs)
/appdata/users/P101440/micromamba/envs/torch29/lib/python3.11/site-packages/scipy/_lib/_util.py:1181: RuntimeWarning: logm result may be inaccurate, approximate err = 6.734608746228332e-07
  return f(*arrays, *other_args, **kwargs)
/appdata/users/P101440/micromamba/envs/torch29/lib/python3.11/site-packages/scipy/_lib/_util.py:1181: RuntimeWarning: logm result may be inaccurate, approximate err = 6.844175004516728e-07
  return f(*arrays, *other_args, **kwargs)
/appdata/users/P101440/micromamba/envs/torch29/lib/python3.11/site-packages/scipy/_lib/_util.py:1181: RuntimeWarning: logm result may be inaccurate, approximate err = 6.668169589829631e-07
  return f(*arrays, *other_args, **kwargs)
/appdata/users/P101440/micromamba/envs/torch29/lib/python3.11/site-packages/scipy/_lib/_util.py:1181: RuntimeWarning: logm result may be inaccurate, approximate err = 5.211933284954284e-07
  return f(*arrays, *other_args, **kwargs)
/appdata/users/P101440/micromamba/envs/torch29/lib/python3.11/site-packages/scipy/_lib/_util.py:1181: RuntimeWarning: logm result may be inaccurate, approximate err = 8.151376960086054e-07
  return f(*arrays, *other_args, **kwargs)
/appdata/users/P101440/micromamba/envs/torch29/lib/python3.11/site-packages/scipy/_lib/_util.py:1181: RuntimeWarning: logm result may be inaccurate, approximate err = 1.0960025065287482e-06
  return f(*arrays, *other_args, **kwargs)
/appdata/users/P101440/micromamba/envs/torch29/lib/python3.11/site-packages/scipy/_lib/_util.py:1181: RuntimeWarning: logm result may be inaccurate, approximate err = 6.788463338125439e-07
  return f(*arrays, *other_args, **kwargs)
/appdata/users/P101440/micromamba/envs/torch29/lib/python3.11/site-packages/scipy/_lib/_util.py:1181: RuntimeWarning: logm result may be inaccurate, approximate err = 8.548261121177347e-07
  return f(*arrays, *other_args, **kwargs)
/appdata/users/P101440/micromamba/envs/torch29/lib/python3.11/site-packages/scipy/_lib/_util.py:1181: RuntimeWarning: logm result may be inaccurate, approximate err = 7.90760338986729e-07
  return f(*arrays, *other_args, **kwargs)
/appdata/users/P101440/micromamba/envs/torch29/lib/python3.11/site-packages/scipy/_lib/_util.py:1181: RuntimeWarning: logm result may be inaccurate, approximate err = 8.372022080038732e-07
  return f(*arrays, *other_args, **kwargs)
/appdata/users/P101440/micromamba/envs/torch29/lib/python3.11/site-packages/scipy/_lib/_util.py:1181: RuntimeWarning: logm result may be inaccurate, approximate err = 8.290506343655579e-07
  return f(*arrays, *other_args, **kwargs)
/appdata/users/P101440/micromamba/envs/torch29/lib/python3.11/site-packages/scipy/_lib/_util.py:1181: RuntimeWarning: logm result may be inaccurate, approximate err = 7.353791602326964e-07
  return f(*arrays, *other_args, **kwargs)
/appdata/users/P101440/micromamba/envs/torch29/lib/python3.11/site-packages/scipy/_lib/_util.py:1181: RuntimeWarning: logm result may be inaccurate, approximate err = 6.91683339937299e-07
  return f(*arrays, *other_args, **kwargs)
/appdata/users/P101440/micromamba/envs/torch29/lib/python3.11/site-packages/scipy/_lib/_util.py:1181: RuntimeWarning: logm result may be inaccurate, approximate err = 6.392648970177106e-07
  return f(*arrays, *other_args, **kwargs)
/appdata/users/P101440/micromamba/envs/torch29/lib/python3.11/site-packages/scipy/_lib/_util.py:1181: RuntimeWarning: logm result may be inaccurate, approximate err = 1.053702476383478e-06
  return f(*arrays, *other_args, **kwargs)
/appdata/users/P101440/micromamba/envs/torch29/lib/python3.11/site-packages/scipy/_lib/_util.py:1181: RuntimeWarning: logm result may be inaccurate, approximate err = 7.715721039858181e-07
  return f(*arrays, *other_args, **kwargs)
/appdata/users/P101440/micromamba/envs/torch29/lib/python3.11/site-packages/scipy/_lib/_util.py:1181: RuntimeWarning: logm result may be inaccurate, approximate err = 8.988207582660834e-07
  return f(*arrays, *other_args, **kwargs)
/appdata/users/P101440/micromamba/envs/torch29/lib/python3.11/site-packages/scipy/_lib/_util.py:1181: RuntimeWarning: logm result may be inaccurate, approximate err = 1.2067905572621385e-06
  return f(*arrays, *other_args, **kwargs)
/appdata/users/P101440/micromamba/envs/torch29/lib/python3.11/site-packages/scipy/_lib/_util.py:1181: RuntimeWarning: logm result may be inaccurate, approximate err = 9.63738102655043e-07
  return f(*arrays, *other_args, **kwargs)
/appdata/users/P101440/micromamba/envs/torch29/lib/python3.11/site-packages/scipy/_lib/_util.py:1181: RuntimeWarning: logm result may be inaccurate, approximate err = 6.11318398568983e-07
  return f(*arrays, *other_args, **kwargs)
/appdata/users/P101440/micromamba/envs/torch29/lib/python3.11/site-packages/scipy/_lib/_util.py:1181: RuntimeWarning: logm result may be inaccurate, approximate err = 6.701554298160772e-07
  return f(*arrays, *other_args, **kwargs)
/appdata/users/P101440/micromamba/envs/torch29/lib/python3.11/site-packages/scipy/_lib/_util.py:1181: RuntimeWarning: logm result may be inaccurate, approximate err = 7.566212048004672e-07
  return f(*arrays, *other_args, **kwargs)
/appdata/users/P101440/micromamba/envs/torch29/lib/python3.11/site-packages/scipy/_lib/_util.py:1181: RuntimeWarning: logm result may be inaccurate, approximate err = 8.805957349977689e-07
  return f(*arrays, *other_args, **kwargs)
/appdata/users/P101440/micromamba/envs/torch29/lib/python3.11/site-packages/scipy/_lib/_util.py:1181: RuntimeWarning: logm result may be inaccurate, approximate err = 7.770108823024202e-07
  return f(*arrays, *other_args, **kwargs)
/appdata/users/P101440/micromamba/envs/torch29/lib/python3.11/site-packages/scipy/_lib/_util.py:1181: RuntimeWarning: logm result may be inaccurate, approximate err = 5.738225468121527e-07
  return f(*arrays, *other_args, **kwargs)
/appdata/users/P101440/micromamba/envs/torch29/lib/python3.11/site-packages/scipy/_lib/_util.py:1181: RuntimeWarning: logm result may be inaccurate, approximate err = 5.180864945941721e-07
  return f(*arrays, *other_args, **kwargs)
/appdata/users/P101440/micromamba/envs/torch29/lib/python3.11/site-packages/scipy/_lib/_util.py:1181: RuntimeWarning: logm result may be inaccurate, approximate err = 7.510935802201857e-07
  return f(*arrays, *other_args, **kwargs)
/appdata/users/P101440/micromamba/envs/torch29/lib/python3.11/site-packages/scipy/_lib/_util.py:1181: RuntimeWarning: logm result may be inaccurate, approximate err = 7.784488502693421e-07
  return f(*arrays, *other_args, **kwargs)
/appdata/users/P101440/micromamba/envs/torch29/lib/python3.11/site-packages/scipy/_lib/_util.py:1181: RuntimeWarning: logm result may be inaccurate, approximate err = 7.725874979769287e-07
  return f(*arrays, *other_args, **kwargs)
/appdata/users/P101440/micromamba/envs/torch29/lib/python3.11/site-packages/scipy/_lib/_util.py:1181: RuntimeWarning: logm result may be inaccurate, approximate err = 9.563093499309616e-07
  return f(*arrays, *other_args, **kwargs)
/appdata/users/P101440/micromamba/envs/torch29/lib/python3.11/site-packages/scipy/_lib/_util.py:1181: RuntimeWarning: logm result may be inaccurate, approximate err = 1.1283548246865394e-06
  return f(*arrays, *other_args, **kwargs)
/appdata/users/P101440/micromamba/envs/torch29/lib/python3.11/site-packages/scipy/_lib/_util.py:1181: RuntimeWarning: logm result may be inaccurate, approximate err = 1.010335608953028e-06
  return f(*arrays, *other_args, **kwargs)
/appdata/users/P101440/micromamba/envs/torch29/lib/python3.11/site-packages/scipy/_lib/_util.py:1181: RuntimeWarning: logm result may be inaccurate, approximate err = 7.382604962913319e-07
  return f(*arrays, *other_args, **kwargs)
/appdata/users/P101440/micromamba/envs/torch29/lib/python3.11/site-packages/scipy/_lib/_util.py:1181: RuntimeWarning: logm result may be inaccurate, approximate err = 8.794795007815992e-07
  return f(*arrays, *other_args, **kwargs)
/appdata/users/P101440/micromamba/envs/torch29/lib/python3.11/site-packages/scipy/_lib/_util.py:1181: RuntimeWarning: logm result may be inaccurate, approximate err = 1.0503955536478315e-06
  return f(*arrays, *other_args, **kwargs)
/appdata/users/P101440/micromamba/envs/torch29/lib/python3.11/site-packages/scipy/_lib/_util.py:1181: RuntimeWarning: logm result may be inaccurate, approximate err = 8.470054240206082e-07
  return f(*arrays, *other_args, **kwargs)
/appdata/users/P101440/micromamba/envs/torch29/lib/python3.11/site-packages/scipy/_lib/_util.py:1181: RuntimeWarning: logm result may be inaccurate, approximate err = 8.30466035495192e-07
  return f(*arrays, *other_args, **kwargs)
/appdata/users/P101440/micromamba/envs/torch29/lib/python3.11/site-packages/scipy/_lib/_util.py:1181: RuntimeWarning: logm result may be inaccurate, approximate err = 8.994041422738519e-07
  return f(*arrays, *other_args, **kwargs)
/appdata/users/P101440/micromamba/envs/torch29/lib/python3.11/site-packages/scipy/_lib/_util.py:1181: RuntimeWarning: logm result may be inaccurate, approximate err = 9.416449984200881e-07
  return f(*arrays, *other_args, **kwargs)
/appdata/users/P101440/micromamba/envs/torch29/lib/python3.11/site-packages/scipy/_lib/_util.py:1181: RuntimeWarning: logm result may be inaccurate, approximate err = 8.559067055102787e-07
  return f(*arrays, *other_args, **kwargs)
/appdata/users/P101440/micromamba/envs/torch29/lib/python3.11/site-packages/scipy/_lib/_util.py:1181: RuntimeWarning: logm result may be inaccurate, approximate err = 7.851404575376364e-07
  return f(*arrays, *other_args, **kwargs)
/appdata/users/P101440/micromamba/envs/torch29/lib/python3.11/site-packages/scipy/_lib/_util.py:1181: RuntimeWarning: logm result may be inaccurate, approximate err = 8.309138479489775e-07
  return f(*arrays, *other_args, **kwargs)
/appdata/users/P101440/micromamba/envs/torch29/lib/python3.11/site-packages/scipy/_lib/_util.py:1181: RuntimeWarning: logm result may be inaccurate, approximate err = 7.653160878362542e-07
  return f(*arrays, *other_args, **kwargs)
/appdata/users/P101440/micromamba/envs/torch29/lib/python3.11/site-packages/scipy/_lib/_util.py:1181: RuntimeWarning: logm result may be inaccurate, approximate err = 8.176746746357821e-07
  return f(*arrays, *other_args, **kwargs)
/appdata/users/P101440/micromamba/envs/torch29/lib/python3.11/site-packages/scipy/_lib/_util.py:1181: RuntimeWarning: logm result may be inaccurate, approximate err = 6.255785933717561e-07
  return f(*arrays, *other_args, **kwargs)
/appdata/users/P101440/micromamba/envs/torch29/lib/python3.11/site-packages/scipy/_lib/_util.py:1181: RuntimeWarning: logm result may be inaccurate, approximate err = 6.302022939053131e-07
  return f(*arrays, *other_args, **kwargs)
/appdata/users/P101440/micromamba/envs/torch29/lib/python3.11/site-packages/scipy/_lib/_util.py:1181: RuntimeWarning: logm result may be inaccurate, approximate err = 7.343820129790402e-07
  return f(*arrays, *other_args, **kwargs)
/appdata/users/P101440/micromamba/envs/torch29/lib/python3.11/site-packages/scipy/_lib/_util.py:1181: RuntimeWarning: logm result may be inaccurate, approximate err = 7.355396292041405e-07
  return f(*arrays, *other_args, **kwargs)
/appdata/users/P101440/micromamba/envs/torch29/lib/python3.11/site-packages/scipy/_lib/_util.py:1181: RuntimeWarning: logm result may be inaccurate, approximate err = 8.16864087482827e-07
  return f(*arrays, *other_args, **kwargs)
/appdata/users/P101440/micromamba/envs/torch29/lib/python3.11/site-packages/scipy/_lib/_util.py:1181: RuntimeWarning: logm result may be inaccurate, approximate err = 8.685949524078751e-07
  return f(*arrays, *other_args, **kwargs)
/appdata/users/P101440/micromamba/envs/torch29/lib/python3.11/site-packages/scipy/_lib/_util.py:1181: RuntimeWarning: logm result may be inaccurate, approximate err = 1.3202954960434e-06
  return f(*arrays, *other_args, **kwargs)
/appdata/users/P101440/micromamba/envs/torch29/lib/python3.11/site-packages/scipy/_lib/_util.py:1181: RuntimeWarning: logm result may be inaccurate, approximate err = 6.83028929415741e-07
  return f(*arrays, *other_args, **kwargs)
/appdata/users/P101440/micromamba/envs/torch29/lib/python3.11/site-packages/scipy/_lib/_util.py:1181: RuntimeWarning: logm result may be inaccurate, approximate err = 8.444178547506453e-07
  return f(*arrays, *other_args, **kwargs)
/appdata/users/P101440/micromamba/envs/torch29/lib/python3.11/site-packages/scipy/_lib/_util.py:1181: RuntimeWarning: logm result may be inaccurate, approximate err = 7.790836207277607e-07
  return f(*arrays, *other_args, **kwargs)
/appdata/users/P101440/micromamba/envs/torch29/lib/python3.11/site-packages/scipy/_lib/_util.py:1181: RuntimeWarning: logm result may be inaccurate, approximate err = 7.275110078808211e-07
  return f(*arrays, *other_args, **kwargs)
/appdata/users/P101440/micromamba/envs/torch29/lib/python3.11/site-packages/scipy/_lib/_util.py:1181: RuntimeWarning: logm result may be inaccurate, approximate err = 1.048211743182037e-06
  return f(*arrays, *other_args, **kwargs)
/appdata/users/P101440/micromamba/envs/torch29/lib/python3.11/site-packages/scipy/_lib/_util.py:1181: RuntimeWarning: logm result may be inaccurate, approximate err = 7.427141213156574e-07
  return f(*arrays, *other_args, **kwargs)
/appdata/users/P101440/micromamba/envs/torch29/lib/python3.11/site-packages/scipy/_lib/_util.py:1181: RuntimeWarning: logm result may be inaccurate, approximate err = 7.461582072210149e-07
  return f(*arrays, *other_args, **kwargs)
/appdata/users/P101440/micromamba/envs/torch29/lib/python3.11/site-packages/scipy/_lib/_util.py:1181: RuntimeWarning: logm result may be inaccurate, approximate err = 9.365490996060544e-07
  return f(*arrays, *other_args, **kwargs)
/appdata/users/P101440/micromamba/envs/torch29/lib/python3.11/site-packages/scipy/_lib/_util.py:1181: RuntimeWarning: logm result may be inaccurate, approximate err = 8.460153821943095e-07
  return f(*arrays, *other_args, **kwargs)
/appdata/users/P101440/micromamba/envs/torch29/lib/python3.11/site-packages/scipy/_lib/_util.py:1181: RuntimeWarning: logm result may be inaccurate, approximate err = 8.568787848162174e-07
  return f(*arrays, *other_args, **kwargs)
/appdata/users/P101440/micromamba/envs/torch29/lib/python3.11/site-packages/scipy/_lib/_util.py:1181: RuntimeWarning: logm result may be inaccurate, approximate err = 6.261503244786581e-07
  return f(*arrays, *other_args, **kwargs)
/appdata/users/P101440/micromamba/envs/torch29/lib/python3.11/site-packages/scipy/_lib/_util.py:1181: RuntimeWarning: logm result may be inaccurate, approximate err = 5.841458801114641e-07
  return f(*arrays, *other_args, **kwargs)
/appdata/users/P101440/micromamba/envs/torch29/lib/python3.11/site-packages/scipy/_lib/_util.py:1181: RuntimeWarning: logm result may be inaccurate, approximate err = 9.200758199767733e-07
  return f(*arrays, *other_args, **kwargs)
/appdata/users/P101440/micromamba/envs/torch29/lib/python3.11/site-packages/scipy/_lib/_util.py:1181: RuntimeWarning: logm result may be inaccurate, approximate err = 1.058116254171182e-06
  return f(*arrays, *other_args, **kwargs)
/appdata/users/P101440/micromamba/envs/torch29/lib/python3.11/site-packages/scipy/_lib/_util.py:1181: RuntimeWarning: logm result may be inaccurate, approximate err = 1.1119982445961796e-06
  return f(*arrays, *other_args, **kwargs)
/appdata/users/P101440/micromamba/envs/torch29/lib/python3.11/site-packages/scipy/_lib/_util.py:1181: RuntimeWarning: logm result may be inaccurate, approximate err = 1.4348304375744192e-06
  return f(*arrays, *other_args, **kwargs)
/appdata/users/P101440/micromamba/envs/torch29/lib/python3.11/site-packages/scipy/_lib/_util.py:1181: RuntimeWarning: logm result may be inaccurate, approximate err = 7.937878194752557e-07
  return f(*arrays, *other_args, **kwargs)
/appdata/users/P101440/micromamba/envs/torch29/lib/python3.11/site-packages/scipy/_lib/_util.py:1181: RuntimeWarning: logm result may be inaccurate, approximate err = 7.43506120670645e-07
  return f(*arrays, *other_args, **kwargs)
/appdata/users/P101440/micromamba/envs/torch29/lib/python3.11/site-packages/scipy/_lib/_util.py:1181: RuntimeWarning: logm result may be inaccurate, approximate err = 9.982411484088516e-07
  return f(*arrays, *other_args, **kwargs)
/appdata/users/P101440/micromamba/envs/torch29/lib/python3.11/site-packages/scipy/_lib/_util.py:1181: RuntimeWarning: logm result may be inaccurate, approximate err = 8.081187843345106e-07
  return f(*arrays, *other_args, **kwargs)
/appdata/users/P101440/micromamba/envs/torch29/lib/python3.11/site-packages/scipy/_lib/_util.py:1181: RuntimeWarning: logm result may be inaccurate, approximate err = 9.934152558344067e-07
  return f(*arrays, *other_args, **kwargs)
/appdata/users/P101440/micromamba/envs/torch29/lib/python3.11/site-packages/scipy/_lib/_util.py:1181: RuntimeWarning: logm result may be inaccurate, approximate err = 9.339936468677479e-07
  return f(*arrays, *other_args, **kwargs)
/appdata/users/P101440/micromamba/envs/torch29/lib/python3.11/site-packages/scipy/_lib/_util.py:1181: RuntimeWarning: logm result may be inaccurate, approximate err = 9.091664310290071e-07
  return f(*arrays, *other_args, **kwargs)
/appdata/users/P101440/micromamba/envs/torch29/lib/python3.11/site-packages/scipy/_lib/_util.py:1181: RuntimeWarning: logm result may be inaccurate, approximate err = 5.299848453432787e-07
  return f(*arrays, *other_args, **kwargs)
/appdata/users/P101440/micromamba/envs/torch29/lib/python3.11/site-packages/scipy/_lib/_util.py:1181: RuntimeWarning: logm result may be inaccurate, approximate err = 8.6008759581091e-07
  return f(*arrays, *other_args, **kwargs)
/appdata/users/P101440/micromamba/envs/torch29/lib/python3.11/site-packages/scipy/_lib/_util.py:1181: RuntimeWarning: logm result may be inaccurate, approximate err = 8.262844062301156e-07
  return f(*arrays, *other_args, **kwargs)
/appdata/users/P101440/micromamba/envs/torch29/lib/python3.11/site-packages/scipy/_lib/_util.py:1181: RuntimeWarning: logm result may be inaccurate, approximate err = 1.4098226301939576e-06
  return f(*arrays, *other_args, **kwargs)
/appdata/users/P101440/micromamba/envs/torch29/lib/python3.11/site-packages/scipy/_lib/_util.py:1181: RuntimeWarning: logm result may be inaccurate, approximate err = 8.481919735459087e-07
  return f(*arrays, *other_args, **kwargs)
/appdata/users/P101440/micromamba/envs/torch29/lib/python3.11/site-packages/scipy/_lib/_util.py:1181: RuntimeWarning: logm result may be inaccurate, approximate err = 7.841831575206015e-07
  return f(*arrays, *other_args, **kwargs)
/appdata/users/P101440/micromamba/envs/torch29/lib/python3.11/site-packages/scipy/_lib/_util.py:1181: RuntimeWarning: logm result may be inaccurate, approximate err = 8.348039841621357e-07
  return f(*arrays, *other_args, **kwargs)
/appdata/users/P101440/micromamba/envs/torch29/lib/python3.11/site-packages/scipy/_lib/_util.py:1181: RuntimeWarning: logm result may be inaccurate, approximate err = 6.031768293723871e-07
  return f(*arrays, *other_args, **kwargs)
/appdata/users/P101440/micromamba/envs/torch29/lib/python3.11/site-packages/scipy/_lib/_util.py:1181: RuntimeWarning: logm result may be inaccurate, approximate err = 8.381979910154769e-07
  return f(*arrays, *other_args, **kwargs)
/appdata/users/P101440/micromamba/envs/torch29/lib/python3.11/site-packages/scipy/_lib/_util.py:1181: RuntimeWarning: logm result may be inaccurate, approximate err = 6.568404842255404e-07
  return f(*arrays, *other_args, **kwargs)
/appdata/users/P101440/micromamba/envs/torch29/lib/python3.11/site-packages/scipy/_lib/_util.py:1181: RuntimeWarning: logm result may be inaccurate, approximate err = 7.901509775365412e-07
  return f(*arrays, *other_args, **kwargs)
/appdata/users/P101440/micromamba/envs/torch29/lib/python3.11/site-packages/scipy/_lib/_util.py:1181: RuntimeWarning: logm result may be inaccurate, approximate err = 1.283890696868184e-06
  return f(*arrays, *other_args, **kwargs)
/appdata/users/P101440/micromamba/envs/torch29/lib/python3.11/site-packages/scipy/_lib/_util.py:1181: RuntimeWarning: logm result may be inaccurate, approximate err = 7.693852239754051e-07
  return f(*arrays, *other_args, **kwargs)
/appdata/users/P101440/micromamba/envs/torch29/lib/python3.11/site-packages/scipy/_lib/_util.py:1181: RuntimeWarning: logm result may be inaccurate, approximate err = 9.232837214767642e-07
  return f(*arrays, *other_args, **kwargs)
/appdata/users/P101440/micromamba/envs/torch29/lib/python3.11/site-packages/scipy/_lib/_util.py:1181: RuntimeWarning: logm result may be inaccurate, approximate err = 9.73205601439986e-07
  return f(*arrays, *other_args, **kwargs)
/appdata/users/P101440/micromamba/envs/torch29/lib/python3.11/site-packages/scipy/_lib/_util.py:1181: RuntimeWarning: logm result may be inaccurate, approximate err = 6.632502618231229e-07
  return f(*arrays, *other_args, **kwargs)
/appdata/users/P101440/micromamba/envs/torch29/lib/python3.11/site-packages/scipy/_lib/_util.py:1181: RuntimeWarning: logm result may be inaccurate, approximate err = 7.874940024521493e-07
  return f(*arrays, *other_args, **kwargs)
/appdata/users/P101440/micromamba/envs/torch29/lib/python3.11/site-packages/scipy/_lib/_util.py:1181: RuntimeWarning: logm result may be inaccurate, approximate err = 9.66412585512444e-07
  return f(*arrays, *other_args, **kwargs)
/appdata/users/P101440/micromamba/envs/torch29/lib/python3.11/site-packages/scipy/_lib/_util.py:1181: RuntimeWarning: logm result may be inaccurate, approximate err = 7.382720355053607e-07
  return f(*arrays, *other_args, **kwargs)
/appdata/users/P101440/micromamba/envs/torch29/lib/python3.11/site-packages/scipy/_lib/_util.py:1181: RuntimeWarning: logm result may be inaccurate, approximate err = 1.2313014394749189e-06
  return f(*arrays, *other_args, **kwargs)
/appdata/users/P101440/micromamba/envs/torch29/lib/python3.11/site-packages/scipy/_lib/_util.py:1181: RuntimeWarning: logm result may be inaccurate, approximate err = 1.1388726761651924e-06
  return f(*arrays, *other_args, **kwargs)
/appdata/users/P101440/micromamba/envs/torch29/lib/python3.11/site-packages/scipy/_lib/_util.py:1181: RuntimeWarning: logm result may be inaccurate, approximate err = 8.226344334616442e-07
  return f(*arrays, *other_args, **kwargs)
/appdata/users/P101440/micromamba/envs/torch29/lib/python3.11/site-packages/scipy/_lib/_util.py:1181: RuntimeWarning: logm result may be inaccurate, approximate err = 5.849568083249324e-07
  return f(*arrays, *other_args, **kwargs)
/appdata/users/P101440/micromamba/envs/torch29/lib/python3.11/site-packages/scipy/_lib/_util.py:1181: RuntimeWarning: logm result may be inaccurate, approximate err = 8.487432410220208e-07
  return f(*arrays, *other_args, **kwargs)
/appdata/users/P101440/micromamba/envs/torch29/lib/python3.11/site-packages/scipy/_lib/_util.py:1181: RuntimeWarning: logm result may be inaccurate, approximate err = 9.636401046009269e-07
  return f(*arrays, *other_args, **kwargs)
/appdata/users/P101440/micromamba/envs/torch29/lib/python3.11/site-packages/scipy/_lib/_util.py:1181: RuntimeWarning: logm result may be inaccurate, approximate err = 1.06010827494174e-06
  return f(*arrays, *other_args, **kwargs)
/appdata/users/P101440/micromamba/envs/torch29/lib/python3.11/site-packages/scipy/_lib/_util.py:1181: RuntimeWarning: logm result may be inaccurate, approximate err = 7.237993600028858e-07
  return f(*arrays, *other_args, **kwargs)
/appdata/users/P101440/micromamba/envs/torch29/lib/python3.11/site-packages/scipy/_lib/_util.py:1181: RuntimeWarning: logm result may be inaccurate, approximate err = 6.847158147138543e-07
  return f(*arrays, *other_args, **kwargs)
/appdata/users/P101440/micromamba/envs/torch29/lib/python3.11/site-packages/scipy/_lib/_util.py:1181: RuntimeWarning: logm result may be inaccurate, approximate err = 8.796237693786679e-07
  return f(*arrays, *other_args, **kwargs)
/appdata/users/P101440/micromamba/envs/torch29/lib/python3.11/site-packages/scipy/_lib/_util.py:1181: RuntimeWarning: logm result may be inaccurate, approximate err = 7.219616691145347e-07
  return f(*arrays, *other_args, **kwargs)
/appdata/users/P101440/micromamba/envs/torch29/lib/python3.11/site-packages/scipy/_lib/_util.py:1181: RuntimeWarning: logm result may be inaccurate, approximate err = 7.294186730177898e-07
  return f(*arrays, *other_args, **kwargs)
/appdata/users/P101440/micromamba/envs/torch29/lib/python3.11/site-packages/scipy/_lib/_util.py:1181: RuntimeWarning: logm result may be inaccurate, approximate err = 7.391333838313585e-07
  return f(*arrays, *other_args, **kwargs)
/appdata/users/P101440/micromamba/envs/torch29/lib/python3.11/site-packages/scipy/_lib/_util.py:1181: RuntimeWarning: logm result may be inaccurate, approximate err = 7.690354095757357e-07
  return f(*arrays, *other_args, **kwargs)
/appdata/users/P101440/micromamba/envs/torch29/lib/python3.11/site-packages/scipy/_lib/_util.py:1181: RuntimeWarning: logm result may be inaccurate, approximate err = 7.233242627080472e-07
  return f(*arrays, *other_args, **kwargs)
/appdata/users/P101440/micromamba/envs/torch29/lib/python3.11/site-packages/scipy/_lib/_util.py:1181: RuntimeWarning: logm result may be inaccurate, approximate err = 5.917821113143873e-07
  return f(*arrays, *other_args, **kwargs)
/appdata/users/P101440/micromamba/envs/torch29/lib/python3.11/site-packages/scipy/_lib/_util.py:1181: RuntimeWarning: logm result may be inaccurate, approximate err = 8.829165949464368e-07
  return f(*arrays, *other_args, **kwargs)
/appdata/users/P101440/micromamba/envs/torch29/lib/python3.11/site-packages/scipy/_lib/_util.py:1181: RuntimeWarning: logm result may be inaccurate, approximate err = 8.510771749570267e-07
  return f(*arrays, *other_args, **kwargs)
/appdata/users/P101440/micromamba/envs/torch29/lib/python3.11/site-packages/scipy/_lib/_util.py:1181: RuntimeWarning: logm result may be inaccurate, approximate err = 1.0973309372275253e-06
  return f(*arrays, *other_args, **kwargs)
/appdata/users/P101440/micromamba/envs/torch29/lib/python3.11/site-packages/scipy/_lib/_util.py:1181: RuntimeWarning: logm result may be inaccurate, approximate err = 7.095104592735879e-07
  return f(*arrays, *other_args, **kwargs)
/appdata/users/P101440/micromamba/envs/torch29/lib/python3.11/site-packages/scipy/_lib/_util.py:1181: RuntimeWarning: logm result may be inaccurate, approximate err = 6.163959938021435e-07
  return f(*arrays, *other_args, **kwargs)
/appdata/users/P101440/micromamba/envs/torch29/lib/python3.11/site-packages/scipy/_lib/_util.py:1181: RuntimeWarning: logm result may be inaccurate, approximate err = 6.836456805103808e-07
  return f(*arrays, *other_args, **kwargs)
/appdata/users/P101440/micromamba/envs/torch29/lib/python3.11/site-packages/scipy/_lib/_util.py:1181: RuntimeWarning: logm result may be inaccurate, approximate err = 8.680128757987404e-07
  return f(*arrays, *other_args, **kwargs)
/appdata/users/P101440/micromamba/envs/torch29/lib/python3.11/site-packages/scipy/_lib/_util.py:1181: RuntimeWarning: logm result may be inaccurate, approximate err = 9.717458624436404e-07
  return f(*arrays, *other_args, **kwargs)
/appdata/users/P101440/micromamba/envs/torch29/lib/python3.11/site-packages/scipy/_lib/_util.py:1181: RuntimeWarning: logm result may be inaccurate, approximate err = 9.822915671975352e-07
  return f(*arrays, *other_args, **kwargs)
/appdata/users/P101440/micromamba/envs/torch29/lib/python3.11/site-packages/scipy/_lib/_util.py:1181: RuntimeWarning: logm result may be inaccurate, approximate err = 7.296272315215901e-07
  return f(*arrays, *other_args, **kwargs)
/appdata/users/P101440/micromamba/envs/torch29/lib/python3.11/site-packages/scipy/_lib/_util.py:1181: RuntimeWarning: logm result may be inaccurate, approximate err = 5.691808837582357e-07
  return f(*arrays, *other_args, **kwargs)
/appdata/users/P101440/micromamba/envs/torch29/lib/python3.11/site-packages/scipy/_lib/_util.py:1181: RuntimeWarning: logm result may be inaccurate, approximate err = 1.0369811889177072e-06
  return f(*arrays, *other_args, **kwargs)
/appdata/users/P101440/micromamba/envs/torch29/lib/python3.11/site-packages/scipy/_lib/_util.py:1181: RuntimeWarning: logm result may be inaccurate, approximate err = 8.147858920892759e-07
  return f(*arrays, *other_args, **kwargs)
/appdata/users/P101440/micromamba/envs/torch29/lib/python3.11/site-packages/scipy/_lib/_util.py:1181: RuntimeWarning: logm result may be inaccurate, approximate err = 7.048249131003104e-07
  return f(*arrays, *other_args, **kwargs)
/appdata/users/P101440/micromamba/envs/torch29/lib/python3.11/site-packages/scipy/_lib/_util.py:1181: RuntimeWarning: logm result may be inaccurate, approximate err = 1.0339515483792638e-06
  return f(*arrays, *other_args, **kwargs)
/appdata/users/P101440/micromamba/envs/torch29/lib/python3.11/site-packages/scipy/_lib/_util.py:1181: RuntimeWarning: logm result may be inaccurate, approximate err = 1.0283687288392684e-06
  return f(*arrays, *other_args, **kwargs)
/appdata/users/P101440/micromamba/envs/torch29/lib/python3.11/site-packages/scipy/_lib/_util.py:1181: RuntimeWarning: logm result may be inaccurate, approximate err = 8.614009061602701e-07
  return f(*arrays, *other_args, **kwargs)
/appdata/users/P101440/micromamba/envs/torch29/lib/python3.11/site-packages/scipy/_lib/_util.py:1181: RuntimeWarning: logm result may be inaccurate, approximate err = 6.489854058600031e-07
  return f(*arrays, *other_args, **kwargs)
/appdata/users/P101440/micromamba/envs/torch29/lib/python3.11/site-packages/scipy/_lib/_util.py:1181: RuntimeWarning: logm result may be inaccurate, approximate err = 1.1362052418917301e-06
  return f(*arrays, *other_args, **kwargs)
/appdata/users/P101440/micromamba/envs/torch29/lib/python3.11/site-packages/scipy/_lib/_util.py:1181: RuntimeWarning: logm result may be inaccurate, approximate err = 7.271242452588922e-07
  return f(*arrays, *other_args, **kwargs)
/appdata/users/P101440/micromamba/envs/torch29/lib/python3.11/site-packages/scipy/_lib/_util.py:1181: RuntimeWarning: logm result may be inaccurate, approximate err = 8.047387609622092e-07
  return f(*arrays, *other_args, **kwargs)
/appdata/users/P101440/micromamba/envs/torch29/lib/python3.11/site-packages/scipy/_lib/_util.py:1181: RuntimeWarning: logm result may be inaccurate, approximate err = 8.218560196837643e-07
  return f(*arrays, *other_args, **kwargs)
/appdata/users/P101440/micromamba/envs/torch29/lib/python3.11/site-packages/scipy/_lib/_util.py:1181: RuntimeWarning: logm result may be inaccurate, approximate err = 9.618630656405003e-07
  return f(*arrays, *other_args, **kwargs)
/appdata/users/P101440/micromamba/envs/torch29/lib/python3.11/site-packages/scipy/_lib/_util.py:1181: RuntimeWarning: logm result may be inaccurate, approximate err = 7.6547297567231e-07
  return f(*arrays, *other_args, **kwargs)
/appdata/users/P101440/micromamba/envs/torch29/lib/python3.11/site-packages/scipy/_lib/_util.py:1181: RuntimeWarning: logm result may be inaccurate, approximate err = 1.23369898119563e-06
  return f(*arrays, *other_args, **kwargs)
/appdata/users/P101440/micromamba/envs/torch29/lib/python3.11/site-packages/scipy/_lib/_util.py:1181: RuntimeWarning: logm result may be inaccurate, approximate err = 7.500417495975853e-07
  return f(*arrays, *other_args, **kwargs)
/appdata/users/P101440/micromamba/envs/torch29/lib/python3.11/site-packages/scipy/_lib/_util.py:1181: RuntimeWarning: logm result may be inaccurate, approximate err = 9.86965119409433e-07
  return f(*arrays, *other_args, **kwargs)
/appdata/users/P101440/micromamba/envs/torch29/lib/python3.11/site-packages/scipy/_lib/_util.py:1181: RuntimeWarning: logm result may be inaccurate, approximate err = 9.522751156509912e-07
  return f(*arrays, *other_args, **kwargs)
/appdata/users/P101440/micromamba/envs/torch29/lib/python3.11/site-packages/scipy/_lib/_util.py:1181: RuntimeWarning: logm result may be inaccurate, approximate err = 9.97458528217976e-07
  return f(*arrays, *other_args, **kwargs)
/appdata/users/P101440/micromamba/envs/torch29/lib/python3.11/site-packages/scipy/_lib/_util.py:1181: RuntimeWarning: logm result may be inaccurate, approximate err = 8.25700226414483e-07
  return f(*arrays, *other_args, **kwargs)
/appdata/users/P101440/micromamba/envs/torch29/lib/python3.11/site-packages/scipy/_lib/_util.py:1181: RuntimeWarning: logm result may be inaccurate, approximate err = 8.575646575081919e-07
  return f(*arrays, *other_args, **kwargs)
/appdata/users/P101440/micromamba/envs/torch29/lib/python3.11/site-packages/scipy/_lib/_util.py:1181: RuntimeWarning: logm result may be inaccurate, approximate err = 1.222920559484919e-06
  return f(*arrays, *other_args, **kwargs)
/appdata/users/P101440/micromamba/envs/torch29/lib/python3.11/site-packages/scipy/_lib/_util.py:1181: RuntimeWarning: logm result may be inaccurate, approximate err = 1.083263100554177e-06
  return f(*arrays, *other_args, **kwargs)
/appdata/users/P101440/micromamba/envs/torch29/lib/python3.11/site-packages/scipy/_lib/_util.py:1181: RuntimeWarning: logm result may be inaccurate, approximate err = 7.840465059416601e-07
  return f(*arrays, *other_args, **kwargs)
/appdata/users/P101440/micromamba/envs/torch29/lib/python3.11/site-packages/scipy/_lib/_util.py:1181: RuntimeWarning: logm result may be inaccurate, approximate err = 1.1096109346908634e-06
  return f(*arrays, *other_args, **kwargs)
/appdata/users/P101440/micromamba/envs/torch29/lib/python3.11/site-packages/scipy/_lib/_util.py:1181: RuntimeWarning: logm result may be inaccurate, approximate err = 8.968734732661687e-07
  return f(*arrays, *other_args, **kwargs)
/appdata/users/P101440/micromamba/envs/torch29/lib/python3.11/site-packages/scipy/_lib/_util.py:1181: RuntimeWarning: logm result may be inaccurate, approximate err = 6.71702480303793e-07
  return f(*arrays, *other_args, **kwargs)
0   , obj: 0.000136, L-S: 0
1   , obj: 0.000118, L-S: 3
2   , obj: 0.000115, L-S: 1
3   , obj: 0.000107, L-S: 1
4   , obj: 0.000106, L-S: 2
5   , obj: 0.000106, L-S: 3
0   , obj: 0.000101, L-S: 2
1   , obj: 0.000099, L-S: 2
2   , obj: 0.000097, L-S: 3
3   , obj: 0.000096, L-S: 2
4   , obj: 0.000096, L-S: 1
5   , obj: 0.000096, L-S: 2
0   , obj: 0.000095, L-S: 3
1   , obj: 0.000095, L-S: 3
2   , obj: 0.000094, L-S: 2
3   , obj: 0.000094, L-S: 2
4   , obj: 0.000094, L-S: 3
5   , obj: 0.000094, L-S: 2
slice 27/30  cs (256, 256, 431)  (2804s)
done 2917s | saved 1 slice(s) [27] (no cs_recon for partial run) to results_ref_p14
PRECOMPUTE 27 exit 0
slice 27: sign -1 corr 0.9975 | arrival 49s pre 228 spokes -> /net/beegfs/users/P101440/DCE_NIK/results_nufft_p14_slice27
RULERS DONE
RULERS 27 exit 0
slice 27: model-free windows (304, 256, 256) (W=31 step=7)
signal rank (Gavish-Donoho) r_sig=110  |  raw spectrum r@90=101 r@99=250  (nwin=304)
K5 residual (denoised r=110): median 0.99  p85 1.00  p95 1.00  max 1.00
wrote 20260924_2323_step2_p14_slice27.png + step2_slice27.npz
STEP2 27 exit 0
===== AIF GATE slice 21 =====
aorta ROI 113 vox | TTP 60s onset 47s rise10-90 9s mono 1.00 baseNeg -0.05 recirc True(amp 0.27)
  [OK] sharp_first_pass_rise<40s
  [OK] physiological_TTP_45-110s
  [OK] monotonic_onset>0.8
  [OK] no_negative_baseline>-0.15
  [OK] recirculation_bump
VERDICT: PASS  (proceed to P3)
wrote 20260924_2323_aif_gate_p14_slice27.png
AIF 27 exit 0
