host worker02.cluster task 0 slice 24
-rw-rw---- 1 P101440 P101440 5457026560 Sep 24 16:38 /net/beegfs/users/P101440/dce_data/orig/meas_topqmri_p14.dat
Submitted batch job 3374301
tail chained afterany 3374298
error    libmamba Could not set lock (Resource temporarily unavailable)
warning  libmamba Cannot lock '/home/P101440/.cache/mamba/proc'
    Waiting for other mamba process to finish
loaded kdata (512, 2172, 25, 24) TA=390.0 geom={'nz_acq': 25, 'nz_full': 36, 'slab_os': 0.2, 'n_images_per_slab': 60, 'pf_slice_code': 2, 'slice_res': 0.5, 'n_keep': 30, 'nz_recon': 72, 'n_keep_full': 60, 'center_par': 7, 'center_col': 256}
kz DC: MDH CenterPar=7 (energy argmax said 6); using MDH
kz partial fourier: DC=7 -> zero-filled to 36 partitions (start=11)
slab crop: slab_os=0.200 keep 30/36 [3:33] -> nzz=30
front-end 52s | nzz=30 ntviews=2157 nt=431 bas=256
/appdata/users/P101440/micromamba/envs/torch29/lib/python3.11/site-packages/scipy/_lib/_util.py:1181: RuntimeWarning: logm result may be inaccurate, approximate err = 1.0659381359801046e-06
  return f(*arrays, *other_args, **kwargs)
/appdata/users/P101440/micromamba/envs/torch29/lib/python3.11/site-packages/scipy/_lib/_util.py:1181: RuntimeWarning: logm result may be inaccurate, approximate err = 7.910311978776008e-07
  return f(*arrays, *other_args, **kwargs)
/appdata/users/P101440/micromamba/envs/torch29/lib/python3.11/site-packages/scipy/_lib/_util.py:1181: RuntimeWarning: logm result may be inaccurate, approximate err = 5.537298193303286e-07
  return f(*arrays, *other_args, **kwargs)
/appdata/users/P101440/micromamba/envs/torch29/lib/python3.11/site-packages/scipy/_lib/_util.py:1181: RuntimeWarning: logm result may be inaccurate, approximate err = 1.0134801868844079e-06
  return f(*arrays, *other_args, **kwargs)
/appdata/users/P101440/micromamba/envs/torch29/lib/python3.11/site-packages/scipy/_lib/_util.py:1181: RuntimeWarning: logm result may be inaccurate, approximate err = 6.463600925599167e-07
  return f(*arrays, *other_args, **kwargs)
/appdata/users/P101440/micromamba/envs/torch29/lib/python3.11/site-packages/scipy/_lib/_util.py:1181: RuntimeWarning: logm result may be inaccurate, approximate err = 9.402947398484685e-07
  return f(*arrays, *other_args, **kwargs)
/appdata/users/P101440/micromamba/envs/torch29/lib/python3.11/site-packages/scipy/_lib/_util.py:1181: RuntimeWarning: logm result may be inaccurate, approximate err = 9.82951178229996e-07
  return f(*arrays, *other_args, **kwargs)
/appdata/users/P101440/micromamba/envs/torch29/lib/python3.11/site-packages/scipy/_lib/_util.py:1181: RuntimeWarning: logm result may be inaccurate, approximate err = 1.136784817390435e-06
  return f(*arrays, *other_args, **kwargs)
/appdata/users/P101440/micromamba/envs/torch29/lib/python3.11/site-packages/scipy/_lib/_util.py:1181: RuntimeWarning: logm result may be inaccurate, approximate err = 1.0522185220906977e-06
  return f(*arrays, *other_args, **kwargs)
/appdata/users/P101440/micromamba/envs/torch29/lib/python3.11/site-packages/scipy/_lib/_util.py:1181: RuntimeWarning: logm result may be inaccurate, approximate err = 7.870141303101263e-07
  return f(*arrays, *other_args, **kwargs)
/appdata/users/P101440/micromamba/envs/torch29/lib/python3.11/site-packages/scipy/_lib/_util.py:1181: RuntimeWarning: logm result may be inaccurate, approximate err = 8.737999905861216e-07
  return f(*arrays, *other_args, **kwargs)
/appdata/users/P101440/micromamba/envs/torch29/lib/python3.11/site-packages/scipy/_lib/_util.py:1181: RuntimeWarning: logm result may be inaccurate, approximate err = 8.385325145354727e-07
  return f(*arrays, *other_args, **kwargs)
/appdata/users/P101440/micromamba/envs/torch29/lib/python3.11/site-packages/scipy/_lib/_util.py:1181: RuntimeWarning: logm result may be inaccurate, approximate err = 7.916722211120941e-07
  return f(*arrays, *other_args, **kwargs)
/appdata/users/P101440/micromamba/envs/torch29/lib/python3.11/site-packages/scipy/_lib/_util.py:1181: RuntimeWarning: logm result may be inaccurate, approximate err = 8.427586521975172e-07
  return f(*arrays, *other_args, **kwargs)
/appdata/users/P101440/micromamba/envs/torch29/lib/python3.11/site-packages/scipy/_lib/_util.py:1181: RuntimeWarning: logm result may be inaccurate, approximate err = 7.768489922455046e-07
  return f(*arrays, *other_args, **kwargs)
/appdata/users/P101440/micromamba/envs/torch29/lib/python3.11/site-packages/scipy/_lib/_util.py:1181: RuntimeWarning: logm result may be inaccurate, approximate err = 8.256950536633667e-07
  return f(*arrays, *other_args, **kwargs)
/appdata/users/P101440/micromamba/envs/torch29/lib/python3.11/site-packages/scipy/_lib/_util.py:1181: RuntimeWarning: logm result may be inaccurate, approximate err = 1.3922066273153177e-06
  return f(*arrays, *other_args, **kwargs)
/appdata/users/P101440/micromamba/envs/torch29/lib/python3.11/site-packages/scipy/_lib/_util.py:1181: RuntimeWarning: logm result may be inaccurate, approximate err = 7.663647352273983e-07
  return f(*arrays, *other_args, **kwargs)
/appdata/users/P101440/micromamba/envs/torch29/lib/python3.11/site-packages/scipy/_lib/_util.py:1181: RuntimeWarning: logm result may be inaccurate, approximate err = 8.274356559923035e-07
  return f(*arrays, *other_args, **kwargs)
/appdata/users/P101440/micromamba/envs/torch29/lib/python3.11/site-packages/scipy/_lib/_util.py:1181: RuntimeWarning: logm result may be inaccurate, approximate err = 9.114198746829061e-07
  return f(*arrays, *other_args, **kwargs)
/appdata/users/P101440/micromamba/envs/torch29/lib/python3.11/site-packages/scipy/_lib/_util.py:1181: RuntimeWarning: logm result may be inaccurate, approximate err = 5.281466428641579e-07
  return f(*arrays, *other_args, **kwargs)
/appdata/users/P101440/micromamba/envs/torch29/lib/python3.11/site-packages/scipy/_lib/_util.py:1181: RuntimeWarning: logm result may be inaccurate, approximate err = 8.849781352182617e-07
  return f(*arrays, *other_args, **kwargs)
/appdata/users/P101440/micromamba/envs/torch29/lib/python3.11/site-packages/scipy/_lib/_util.py:1181: RuntimeWarning: logm result may be inaccurate, approximate err = 1.126183633459732e-06
  return f(*arrays, *other_args, **kwargs)
/appdata/users/P101440/micromamba/envs/torch29/lib/python3.11/site-packages/scipy/_lib/_util.py:1181: RuntimeWarning: logm result may be inaccurate, approximate err = 8.955359476203739e-07
  return f(*arrays, *other_args, **kwargs)
/appdata/users/P101440/micromamba/envs/torch29/lib/python3.11/site-packages/scipy/_lib/_util.py:1181: RuntimeWarning: logm result may be inaccurate, approximate err = 7.987929961927875e-07
  return f(*arrays, *other_args, **kwargs)
/appdata/users/P101440/micromamba/envs/torch29/lib/python3.11/site-packages/scipy/_lib/_util.py:1181: RuntimeWarning: logm result may be inaccurate, approximate err = 6.467349180638848e-07
  return f(*arrays, *other_args, **kwargs)
/appdata/users/P101440/micromamba/envs/torch29/lib/python3.11/site-packages/scipy/_lib/_util.py:1181: RuntimeWarning: logm result may be inaccurate, approximate err = 1.0262938303640112e-06
  return f(*arrays, *other_args, **kwargs)
/appdata/users/P101440/micromamba/envs/torch29/lib/python3.11/site-packages/scipy/_lib/_util.py:1181: RuntimeWarning: logm result may be inaccurate, approximate err = 8.738462611290743e-07
  return f(*arrays, *other_args, **kwargs)
/appdata/users/P101440/micromamba/envs/torch29/lib/python3.11/site-packages/scipy/_lib/_util.py:1181: RuntimeWarning: logm result may be inaccurate, approximate err = 8.04147077815287e-07
  return f(*arrays, *other_args, **kwargs)
/appdata/users/P101440/micromamba/envs/torch29/lib/python3.11/site-packages/scipy/_lib/_util.py:1181: RuntimeWarning: logm result may be inaccurate, approximate err = 8.400598403568438e-07
  return f(*arrays, *other_args, **kwargs)
/appdata/users/P101440/micromamba/envs/torch29/lib/python3.11/site-packages/scipy/_lib/_util.py:1181: RuntimeWarning: logm result may be inaccurate, approximate err = 8.599324701208388e-07
  return f(*arrays, *other_args, **kwargs)
/appdata/users/P101440/micromamba/envs/torch29/lib/python3.11/site-packages/scipy/_lib/_util.py:1181: RuntimeWarning: logm result may be inaccurate, approximate err = 6.891979751344479e-07
  return f(*arrays, *other_args, **kwargs)
/appdata/users/P101440/micromamba/envs/torch29/lib/python3.11/site-packages/scipy/_lib/_util.py:1181: RuntimeWarning: logm result may be inaccurate, approximate err = 1.4627877362727304e-06
  return f(*arrays, *other_args, **kwargs)
/appdata/users/P101440/micromamba/envs/torch29/lib/python3.11/site-packages/scipy/_lib/_util.py:1181: RuntimeWarning: logm result may be inaccurate, approximate err = 7.725024033788941e-07
  return f(*arrays, *other_args, **kwargs)
/appdata/users/P101440/micromamba/envs/torch29/lib/python3.11/site-packages/scipy/_lib/_util.py:1181: RuntimeWarning: logm result may be inaccurate, approximate err = 1.2882429700766806e-06
  return f(*arrays, *other_args, **kwargs)
/appdata/users/P101440/micromamba/envs/torch29/lib/python3.11/site-packages/scipy/_lib/_util.py:1181: RuntimeWarning: logm result may be inaccurate, approximate err = 6.710095021844609e-07
  return f(*arrays, *other_args, **kwargs)
/appdata/users/P101440/micromamba/envs/torch29/lib/python3.11/site-packages/scipy/_lib/_util.py:1181: RuntimeWarning: logm result may be inaccurate, approximate err = 8.285950343633885e-07
  return f(*arrays, *other_args, **kwargs)
/appdata/users/P101440/micromamba/envs/torch29/lib/python3.11/site-packages/scipy/_lib/_util.py:1181: RuntimeWarning: logm result may be inaccurate, approximate err = 1.3063892083664541e-06
  return f(*arrays, *other_args, **kwargs)
/appdata/users/P101440/micromamba/envs/torch29/lib/python3.11/site-packages/scipy/_lib/_util.py:1181: RuntimeWarning: logm result may be inaccurate, approximate err = 8.44421265355777e-07
  return f(*arrays, *other_args, **kwargs)
/appdata/users/P101440/micromamba/envs/torch29/lib/python3.11/site-packages/scipy/_lib/_util.py:1181: RuntimeWarning: logm result may be inaccurate, approximate err = 8.474031574223773e-07
  return f(*arrays, *other_args, **kwargs)
/appdata/users/P101440/micromamba/envs/torch29/lib/python3.11/site-packages/scipy/_lib/_util.py:1181: RuntimeWarning: logm result may be inaccurate, approximate err = 9.380495953337231e-07
  return f(*arrays, *other_args, **kwargs)
/appdata/users/P101440/micromamba/envs/torch29/lib/python3.11/site-packages/scipy/_lib/_util.py:1181: RuntimeWarning: logm result may be inaccurate, approximate err = 7.40394284548529e-07
  return f(*arrays, *other_args, **kwargs)
/appdata/users/P101440/micromamba/envs/torch29/lib/python3.11/site-packages/scipy/_lib/_util.py:1181: RuntimeWarning: logm result may be inaccurate, approximate err = 1.0222510127277928e-06
  return f(*arrays, *other_args, **kwargs)
/appdata/users/P101440/micromamba/envs/torch29/lib/python3.11/site-packages/scipy/_lib/_util.py:1181: RuntimeWarning: logm result may be inaccurate, approximate err = 6.900970674905693e-07
  return f(*arrays, *other_args, **kwargs)
/appdata/users/P101440/micromamba/envs/torch29/lib/python3.11/site-packages/scipy/_lib/_util.py:1181: RuntimeWarning: logm result may be inaccurate, approximate err = 9.81260882326751e-07
  return f(*arrays, *other_args, **kwargs)
/appdata/users/P101440/micromamba/envs/torch29/lib/python3.11/site-packages/scipy/_lib/_util.py:1181: RuntimeWarning: logm result may be inaccurate, approximate err = 1.0391230489403824e-06
  return f(*arrays, *other_args, **kwargs)
/appdata/users/P101440/micromamba/envs/torch29/lib/python3.11/site-packages/scipy/_lib/_util.py:1181: RuntimeWarning: logm result may be inaccurate, approximate err = 1.0516657766856952e-06
  return f(*arrays, *other_args, **kwargs)
/appdata/users/P101440/micromamba/envs/torch29/lib/python3.11/site-packages/scipy/_lib/_util.py:1181: RuntimeWarning: logm result may be inaccurate, approximate err = 7.574553251288307e-07
  return f(*arrays, *other_args, **kwargs)
/appdata/users/P101440/micromamba/envs/torch29/lib/python3.11/site-packages/scipy/_lib/_util.py:1181: RuntimeWarning: logm result may be inaccurate, approximate err = 8.054950626501522e-07
  return f(*arrays, *other_args, **kwargs)
/appdata/users/P101440/micromamba/envs/torch29/lib/python3.11/site-packages/scipy/_lib/_util.py:1181: RuntimeWarning: logm result may be inaccurate, approximate err = 8.579556833865354e-07
  return f(*arrays, *other_args, **kwargs)
/appdata/users/P101440/micromamba/envs/torch29/lib/python3.11/site-packages/scipy/_lib/_util.py:1181: RuntimeWarning: logm result may be inaccurate, approximate err = 9.31134536585887e-07
  return f(*arrays, *other_args, **kwargs)
/appdata/users/P101440/micromamba/envs/torch29/lib/python3.11/site-packages/scipy/_lib/_util.py:1181: RuntimeWarning: logm result may be inaccurate, approximate err = 1.0602612974253134e-06
  return f(*arrays, *other_args, **kwargs)
/appdata/users/P101440/micromamba/envs/torch29/lib/python3.11/site-packages/scipy/_lib/_util.py:1181: RuntimeWarning: logm result may be inaccurate, approximate err = 9.598705901225912e-07
  return f(*arrays, *other_args, **kwargs)
/appdata/users/P101440/micromamba/envs/torch29/lib/python3.11/site-packages/scipy/_lib/_util.py:1181: RuntimeWarning: logm result may be inaccurate, approximate err = 9.263370657208725e-07
  return f(*arrays, *other_args, **kwargs)
/appdata/users/P101440/micromamba/envs/torch29/lib/python3.11/site-packages/scipy/_lib/_util.py:1181: RuntimeWarning: logm result may be inaccurate, approximate err = 9.772243174666073e-07
  return f(*arrays, *other_args, **kwargs)
/appdata/users/P101440/micromamba/envs/torch29/lib/python3.11/site-packages/scipy/_lib/_util.py:1181: RuntimeWarning: logm result may be inaccurate, approximate err = 1.2928999240102712e-06
  return f(*arrays, *other_args, **kwargs)
/appdata/users/P101440/micromamba/envs/torch29/lib/python3.11/site-packages/scipy/_lib/_util.py:1181: RuntimeWarning: logm result may be inaccurate, approximate err = 8.874060881680634e-07
  return f(*arrays, *other_args, **kwargs)
/appdata/users/P101440/micromamba/envs/torch29/lib/python3.11/site-packages/scipy/_lib/_util.py:1181: RuntimeWarning: logm result may be inaccurate, approximate err = 5.272373186926416e-07
  return f(*arrays, *other_args, **kwargs)
/appdata/users/P101440/micromamba/envs/torch29/lib/python3.11/site-packages/scipy/_lib/_util.py:1181: RuntimeWarning: logm result may be inaccurate, approximate err = 9.46647276123258e-07
  return f(*arrays, *other_args, **kwargs)
/appdata/users/P101440/micromamba/envs/torch29/lib/python3.11/site-packages/scipy/_lib/_util.py:1181: RuntimeWarning: logm result may be inaccurate, approximate err = 8.766810424276628e-07
  return f(*arrays, *other_args, **kwargs)
/appdata/users/P101440/micromamba/envs/torch29/lib/python3.11/site-packages/scipy/_lib/_util.py:1181: RuntimeWarning: logm result may be inaccurate, approximate err = 8.592617177782813e-07
  return f(*arrays, *other_args, **kwargs)
/appdata/users/P101440/micromamba/envs/torch29/lib/python3.11/site-packages/scipy/_lib/_util.py:1181: RuntimeWarning: logm result may be inaccurate, approximate err = 7.92277091932192e-07
  return f(*arrays, *other_args, **kwargs)
/appdata/users/P101440/micromamba/envs/torch29/lib/python3.11/site-packages/scipy/_lib/_util.py:1181: RuntimeWarning: logm result may be inaccurate, approximate err = 8.413189220846107e-07
  return f(*arrays, *other_args, **kwargs)
/appdata/users/P101440/micromamba/envs/torch29/lib/python3.11/site-packages/scipy/_lib/_util.py:1181: RuntimeWarning: logm result may be inaccurate, approximate err = 8.097957220343233e-07
  return f(*arrays, *other_args, **kwargs)
/appdata/users/P101440/micromamba/envs/torch29/lib/python3.11/site-packages/scipy/_lib/_util.py:1181: RuntimeWarning: logm result may be inaccurate, approximate err = 8.584929105381889e-07
  return f(*arrays, *other_args, **kwargs)
/appdata/users/P101440/micromamba/envs/torch29/lib/python3.11/site-packages/scipy/_lib/_util.py:1181: RuntimeWarning: logm result may be inaccurate, approximate err = 7.666111514481599e-07
  return f(*arrays, *other_args, **kwargs)
/appdata/users/P101440/micromamba/envs/torch29/lib/python3.11/site-packages/scipy/_lib/_util.py:1181: RuntimeWarning: logm result may be inaccurate, approximate err = 8.55283815326402e-07
  return f(*arrays, *other_args, **kwargs)
/appdata/users/P101440/micromamba/envs/torch29/lib/python3.11/site-packages/scipy/_lib/_util.py:1181: RuntimeWarning: logm result may be inaccurate, approximate err = 7.814143714313104e-07
  return f(*arrays, *other_args, **kwargs)
/appdata/users/P101440/micromamba/envs/torch29/lib/python3.11/site-packages/scipy/_lib/_util.py:1181: RuntimeWarning: logm result may be inaccurate, approximate err = 9.397147664458316e-07
  return f(*arrays, *other_args, **kwargs)
/appdata/users/P101440/micromamba/envs/torch29/lib/python3.11/site-packages/scipy/_lib/_util.py:1181: RuntimeWarning: logm result may be inaccurate, approximate err = 8.632761137050693e-07
  return f(*arrays, *other_args, **kwargs)
/appdata/users/P101440/micromamba/envs/torch29/lib/python3.11/site-packages/scipy/_lib/_util.py:1181: RuntimeWarning: logm result may be inaccurate, approximate err = 5.705683747692092e-07
  return f(*arrays, *other_args, **kwargs)
/appdata/users/P101440/micromamba/envs/torch29/lib/python3.11/site-packages/scipy/_lib/_util.py:1181: RuntimeWarning: logm result may be inaccurate, approximate err = 9.650478887124336e-07
  return f(*arrays, *other_args, **kwargs)
/appdata/users/P101440/micromamba/envs/torch29/lib/python3.11/site-packages/scipy/_lib/_util.py:1181: RuntimeWarning: logm result may be inaccurate, approximate err = 6.493143018815317e-07
  return f(*arrays, *other_args, **kwargs)
/appdata/users/P101440/micromamba/envs/torch29/lib/python3.11/site-packages/scipy/_lib/_util.py:1181: RuntimeWarning: logm result may be inaccurate, approximate err = 1.0259140026391833e-06
  return f(*arrays, *other_args, **kwargs)
/appdata/users/P101440/micromamba/envs/torch29/lib/python3.11/site-packages/scipy/_lib/_util.py:1181: RuntimeWarning: logm result may be inaccurate, approximate err = 9.767549045136548e-07
  return f(*arrays, *other_args, **kwargs)
/appdata/users/P101440/micromamba/envs/torch29/lib/python3.11/site-packages/scipy/_lib/_util.py:1181: RuntimeWarning: logm result may be inaccurate, approximate err = 7.235417456286086e-07
  return f(*arrays, *other_args, **kwargs)
/appdata/users/P101440/micromamba/envs/torch29/lib/python3.11/site-packages/scipy/_lib/_util.py:1181: RuntimeWarning: logm result may be inaccurate, approximate err = 8.488349863000622e-07
  return f(*arrays, *other_args, **kwargs)
/appdata/users/P101440/micromamba/envs/torch29/lib/python3.11/site-packages/scipy/_lib/_util.py:1181: RuntimeWarning: logm result may be inaccurate, approximate err = 1.1091873375335126e-06
  return f(*arrays, *other_args, **kwargs)
/appdata/users/P101440/micromamba/envs/torch29/lib/python3.11/site-packages/scipy/_lib/_util.py:1181: RuntimeWarning: logm result may be inaccurate, approximate err = 5.605226078841952e-07
  return f(*arrays, *other_args, **kwargs)
/appdata/users/P101440/micromamba/envs/torch29/lib/python3.11/site-packages/scipy/_lib/_util.py:1181: RuntimeWarning: logm result may be inaccurate, approximate err = 8.273918865597807e-07
  return f(*arrays, *other_args, **kwargs)
/appdata/users/P101440/micromamba/envs/torch29/lib/python3.11/site-packages/scipy/_lib/_util.py:1181: RuntimeWarning: logm result may be inaccurate, approximate err = 8.247595246757555e-07
  return f(*arrays, *other_args, **kwargs)
/appdata/users/P101440/micromamba/envs/torch29/lib/python3.11/site-packages/scipy/_lib/_util.py:1181: RuntimeWarning: logm result may be inaccurate, approximate err = 8.2953454239032e-07
  return f(*arrays, *other_args, **kwargs)
/appdata/users/P101440/micromamba/envs/torch29/lib/python3.11/site-packages/scipy/_lib/_util.py:1181: RuntimeWarning: logm result may be inaccurate, approximate err = 1.1151896615047008e-06
  return f(*arrays, *other_args, **kwargs)
/appdata/users/P101440/micromamba/envs/torch29/lib/python3.11/site-packages/scipy/_lib/_util.py:1181: RuntimeWarning: logm result may be inaccurate, approximate err = 7.198474918368447e-07
  return f(*arrays, *other_args, **kwargs)
/appdata/users/P101440/micromamba/envs/torch29/lib/python3.11/site-packages/scipy/_lib/_util.py:1181: RuntimeWarning: logm result may be inaccurate, approximate err = 1.1345430266374024e-06
  return f(*arrays, *other_args, **kwargs)
/appdata/users/P101440/micromamba/envs/torch29/lib/python3.11/site-packages/scipy/_lib/_util.py:1181: RuntimeWarning: logm result may be inaccurate, approximate err = 7.599819014103559e-07
  return f(*arrays, *other_args, **kwargs)
/appdata/users/P101440/micromamba/envs/torch29/lib/python3.11/site-packages/scipy/_lib/_util.py:1181: RuntimeWarning: logm result may be inaccurate, approximate err = 7.933022061479278e-07
  return f(*arrays, *other_args, **kwargs)
/appdata/users/P101440/micromamba/envs/torch29/lib/python3.11/site-packages/scipy/_lib/_util.py:1181: RuntimeWarning: logm result may be inaccurate, approximate err = 7.179754106800829e-07
  return f(*arrays, *other_args, **kwargs)
/appdata/users/P101440/micromamba/envs/torch29/lib/python3.11/site-packages/scipy/_lib/_util.py:1181: RuntimeWarning: logm result may be inaccurate, approximate err = 8.779865083852201e-07
  return f(*arrays, *other_args, **kwargs)
/appdata/users/P101440/micromamba/envs/torch29/lib/python3.11/site-packages/scipy/_lib/_util.py:1181: RuntimeWarning: logm result may be inaccurate, approximate err = 8.729412002139725e-07
  return f(*arrays, *other_args, **kwargs)
/appdata/users/P101440/micromamba/envs/torch29/lib/python3.11/site-packages/scipy/_lib/_util.py:1181: RuntimeWarning: logm result may be inaccurate, approximate err = 6.614436074414698e-07
  return f(*arrays, *other_args, **kwargs)
/appdata/users/P101440/micromamba/envs/torch29/lib/python3.11/site-packages/scipy/_lib/_util.py:1181: RuntimeWarning: logm result may be inaccurate, approximate err = 9.014793249662034e-07
  return f(*arrays, *other_args, **kwargs)
/appdata/users/P101440/micromamba/envs/torch29/lib/python3.11/site-packages/scipy/_lib/_util.py:1181: RuntimeWarning: logm result may be inaccurate, approximate err = 7.474172321053629e-07
  return f(*arrays, *other_args, **kwargs)
/appdata/users/P101440/micromamba/envs/torch29/lib/python3.11/site-packages/scipy/_lib/_util.py:1181: RuntimeWarning: logm result may be inaccurate, approximate err = 8.725426710043394e-07
  return f(*arrays, *other_args, **kwargs)
/appdata/users/P101440/micromamba/envs/torch29/lib/python3.11/site-packages/scipy/_lib/_util.py:1181: RuntimeWarning: logm result may be inaccurate, approximate err = 9.008761026052525e-07
  return f(*arrays, *other_args, **kwargs)
/appdata/users/P101440/micromamba/envs/torch29/lib/python3.11/site-packages/scipy/_lib/_util.py:1181: RuntimeWarning: logm result may be inaccurate, approximate err = 1.199830307996308e-06
  return f(*arrays, *other_args, **kwargs)
/appdata/users/P101440/micromamba/envs/torch29/lib/python3.11/site-packages/scipy/_lib/_util.py:1181: RuntimeWarning: logm result may be inaccurate, approximate err = 9.199670785164926e-07
  return f(*arrays, *other_args, **kwargs)
/appdata/users/P101440/micromamba/envs/torch29/lib/python3.11/site-packages/scipy/_lib/_util.py:1181: RuntimeWarning: logm result may be inaccurate, approximate err = 1.3763896049567848e-06
  return f(*arrays, *other_args, **kwargs)
/appdata/users/P101440/micromamba/envs/torch29/lib/python3.11/site-packages/scipy/_lib/_util.py:1181: RuntimeWarning: logm result may be inaccurate, approximate err = 7.202579581644386e-07
  return f(*arrays, *other_args, **kwargs)
/appdata/users/P101440/micromamba/envs/torch29/lib/python3.11/site-packages/scipy/_lib/_util.py:1181: RuntimeWarning: logm result may be inaccurate, approximate err = 6.799871243856614e-07
  return f(*arrays, *other_args, **kwargs)
/appdata/users/P101440/micromamba/envs/torch29/lib/python3.11/site-packages/scipy/_lib/_util.py:1181: RuntimeWarning: logm result may be inaccurate, approximate err = 1.2359379297777195e-06
  return f(*arrays, *other_args, **kwargs)
/appdata/users/P101440/micromamba/envs/torch29/lib/python3.11/site-packages/scipy/_lib/_util.py:1181: RuntimeWarning: logm result may be inaccurate, approximate err = 9.900269333229517e-07
  return f(*arrays, *other_args, **kwargs)
/appdata/users/P101440/micromamba/envs/torch29/lib/python3.11/site-packages/scipy/_lib/_util.py:1181: RuntimeWarning: logm result may be inaccurate, approximate err = 7.557139269920299e-07
  return f(*arrays, *other_args, **kwargs)
/appdata/users/P101440/micromamba/envs/torch29/lib/python3.11/site-packages/scipy/_lib/_util.py:1181: RuntimeWarning: logm result may be inaccurate, approximate err = 9.756804502103478e-07
  return f(*arrays, *other_args, **kwargs)
/appdata/users/P101440/micromamba/envs/torch29/lib/python3.11/site-packages/scipy/_lib/_util.py:1181: RuntimeWarning: logm result may be inaccurate, approximate err = 6.483838319581992e-07
  return f(*arrays, *other_args, **kwargs)
/appdata/users/P101440/micromamba/envs/torch29/lib/python3.11/site-packages/scipy/_lib/_util.py:1181: RuntimeWarning: logm result may be inaccurate, approximate err = 1.1504802159834071e-06
  return f(*arrays, *other_args, **kwargs)
/appdata/users/P101440/micromamba/envs/torch29/lib/python3.11/site-packages/scipy/_lib/_util.py:1181: RuntimeWarning: logm result may be inaccurate, approximate err = 1.0256831046717707e-06
  return f(*arrays, *other_args, **kwargs)
/appdata/users/P101440/micromamba/envs/torch29/lib/python3.11/site-packages/scipy/_lib/_util.py:1181: RuntimeWarning: logm result may be inaccurate, approximate err = 1.268630740014487e-06
  return f(*arrays, *other_args, **kwargs)
/appdata/users/P101440/micromamba/envs/torch29/lib/python3.11/site-packages/scipy/_lib/_util.py:1181: RuntimeWarning: logm result may be inaccurate, approximate err = 6.81689868997637e-07
  return f(*arrays, *other_args, **kwargs)
/appdata/users/P101440/micromamba/envs/torch29/lib/python3.11/site-packages/scipy/_lib/_util.py:1181: RuntimeWarning: logm result may be inaccurate, approximate err = 7.363503300439334e-07
  return f(*arrays, *other_args, **kwargs)
/appdata/users/P101440/micromamba/envs/torch29/lib/python3.11/site-packages/scipy/_lib/_util.py:1181: RuntimeWarning: logm result may be inaccurate, approximate err = 1.0193667776547954e-06
  return f(*arrays, *other_args, **kwargs)
/appdata/users/P101440/micromamba/envs/torch29/lib/python3.11/site-packages/scipy/_lib/_util.py:1181: RuntimeWarning: logm result may be inaccurate, approximate err = 7.108532713573368e-07
  return f(*arrays, *other_args, **kwargs)
/appdata/users/P101440/micromamba/envs/torch29/lib/python3.11/site-packages/scipy/_lib/_util.py:1181: RuntimeWarning: logm result may be inaccurate, approximate err = 5.826718165735656e-07
  return f(*arrays, *other_args, **kwargs)
/appdata/users/P101440/micromamba/envs/torch29/lib/python3.11/site-packages/scipy/_lib/_util.py:1181: RuntimeWarning: logm result may be inaccurate, approximate err = 2.1288374227879103e-06
  return f(*arrays, *other_args, **kwargs)
/appdata/users/P101440/micromamba/envs/torch29/lib/python3.11/site-packages/scipy/_lib/_util.py:1181: RuntimeWarning: logm result may be inaccurate, approximate err = 7.596456725877943e-07
  return f(*arrays, *other_args, **kwargs)
/appdata/users/P101440/micromamba/envs/torch29/lib/python3.11/site-packages/scipy/_lib/_util.py:1181: RuntimeWarning: logm result may be inaccurate, approximate err = 1.1887669870702666e-06
  return f(*arrays, *other_args, **kwargs)
/appdata/users/P101440/micromamba/envs/torch29/lib/python3.11/site-packages/scipy/_lib/_util.py:1181: RuntimeWarning: logm result may be inaccurate, approximate err = 1.0633544889060431e-06
  return f(*arrays, *other_args, **kwargs)
/appdata/users/P101440/micromamba/envs/torch29/lib/python3.11/site-packages/scipy/_lib/_util.py:1181: RuntimeWarning: logm result may be inaccurate, approximate err = 1.1809970601461828e-06
  return f(*arrays, *other_args, **kwargs)
/appdata/users/P101440/micromamba/envs/torch29/lib/python3.11/site-packages/scipy/_lib/_util.py:1181: RuntimeWarning: logm result may be inaccurate, approximate err = 8.510725137966801e-07
  return f(*arrays, *other_args, **kwargs)
/appdata/users/P101440/micromamba/envs/torch29/lib/python3.11/site-packages/scipy/_lib/_util.py:1181: RuntimeWarning: logm result may be inaccurate, approximate err = 6.859648919999017e-07
  return f(*arrays, *other_args, **kwargs)
/appdata/users/P101440/micromamba/envs/torch29/lib/python3.11/site-packages/scipy/_lib/_util.py:1181: RuntimeWarning: logm result may be inaccurate, approximate err = 6.41626002106932e-07
  return f(*arrays, *other_args, **kwargs)
/appdata/users/P101440/micromamba/envs/torch29/lib/python3.11/site-packages/scipy/_lib/_util.py:1181: RuntimeWarning: logm result may be inaccurate, approximate err = 7.152631269491394e-07
  return f(*arrays, *other_args, **kwargs)
/appdata/users/P101440/micromamba/envs/torch29/lib/python3.11/site-packages/scipy/_lib/_util.py:1181: RuntimeWarning: logm result may be inaccurate, approximate err = 9.58061946221278e-07
  return f(*arrays, *other_args, **kwargs)
/appdata/users/P101440/micromamba/envs/torch29/lib/python3.11/site-packages/scipy/_lib/_util.py:1181: RuntimeWarning: logm result may be inaccurate, approximate err = 8.956099577517307e-07
  return f(*arrays, *other_args, **kwargs)
/appdata/users/P101440/micromamba/envs/torch29/lib/python3.11/site-packages/scipy/_lib/_util.py:1181: RuntimeWarning: logm result may be inaccurate, approximate err = 9.91491219792806e-07
  return f(*arrays, *other_args, **kwargs)
/appdata/users/P101440/micromamba/envs/torch29/lib/python3.11/site-packages/scipy/_lib/_util.py:1181: RuntimeWarning: logm result may be inaccurate, approximate err = 7.621513304911787e-07
  return f(*arrays, *other_args, **kwargs)
/appdata/users/P101440/micromamba/envs/torch29/lib/python3.11/site-packages/scipy/_lib/_util.py:1181: RuntimeWarning: logm result may be inaccurate, approximate err = 9.169289114652202e-07
  return f(*arrays, *other_args, **kwargs)
/appdata/users/P101440/micromamba/envs/torch29/lib/python3.11/site-packages/scipy/_lib/_util.py:1181: RuntimeWarning: logm result may be inaccurate, approximate err = 9.555511724101962e-07
  return f(*arrays, *other_args, **kwargs)
/appdata/users/P101440/micromamba/envs/torch29/lib/python3.11/site-packages/scipy/_lib/_util.py:1181: RuntimeWarning: logm result may be inaccurate, approximate err = 9.455442295802641e-07
  return f(*arrays, *other_args, **kwargs)
/appdata/users/P101440/micromamba/envs/torch29/lib/python3.11/site-packages/scipy/_lib/_util.py:1181: RuntimeWarning: logm result may be inaccurate, approximate err = 8.224451448768377e-07
  return f(*arrays, *other_args, **kwargs)
/appdata/users/P101440/micromamba/envs/torch29/lib/python3.11/site-packages/scipy/_lib/_util.py:1181: RuntimeWarning: logm result may be inaccurate, approximate err = 9.443880912840541e-07
  return f(*arrays, *other_args, **kwargs)
/appdata/users/P101440/micromamba/envs/torch29/lib/python3.11/site-packages/scipy/_lib/_util.py:1181: RuntimeWarning: logm result may be inaccurate, approximate err = 8.026448199416336e-07
  return f(*arrays, *other_args, **kwargs)
/appdata/users/P101440/micromamba/envs/torch29/lib/python3.11/site-packages/scipy/_lib/_util.py:1181: RuntimeWarning: logm result may be inaccurate, approximate err = 1.2436418046490871e-06
  return f(*arrays, *other_args, **kwargs)
/appdata/users/P101440/micromamba/envs/torch29/lib/python3.11/site-packages/scipy/_lib/_util.py:1181: RuntimeWarning: logm result may be inaccurate, approximate err = 7.705106099820114e-07
  return f(*arrays, *other_args, **kwargs)
/appdata/users/P101440/micromamba/envs/torch29/lib/python3.11/site-packages/scipy/_lib/_util.py:1181: RuntimeWarning: logm result may be inaccurate, approximate err = 1.199338612423162e-06
  return f(*arrays, *other_args, **kwargs)
/appdata/users/P101440/micromamba/envs/torch29/lib/python3.11/site-packages/scipy/_lib/_util.py:1181: RuntimeWarning: logm result may be inaccurate, approximate err = 7.67028893733368e-07
  return f(*arrays, *other_args, **kwargs)
/appdata/users/P101440/micromamba/envs/torch29/lib/python3.11/site-packages/scipy/_lib/_util.py:1181: RuntimeWarning: logm result may be inaccurate, approximate err = 8.872150374372723e-07
  return f(*arrays, *other_args, **kwargs)
/appdata/users/P101440/micromamba/envs/torch29/lib/python3.11/site-packages/scipy/_lib/_util.py:1181: RuntimeWarning: logm result may be inaccurate, approximate err = 8.281311920654844e-07
  return f(*arrays, *other_args, **kwargs)
/appdata/users/P101440/micromamba/envs/torch29/lib/python3.11/site-packages/scipy/_lib/_util.py:1181: RuntimeWarning: logm result may be inaccurate, approximate err = 9.032215757542872e-07
  return f(*arrays, *other_args, **kwargs)
/appdata/users/P101440/micromamba/envs/torch29/lib/python3.11/site-packages/scipy/_lib/_util.py:1181: RuntimeWarning: logm result may be inaccurate, approximate err = 7.644588890798332e-07
  return f(*arrays, *other_args, **kwargs)
/appdata/users/P101440/micromamba/envs/torch29/lib/python3.11/site-packages/scipy/_lib/_util.py:1181: RuntimeWarning: logm result may be inaccurate, approximate err = 9.140150041275774e-07
  return f(*arrays, *other_args, **kwargs)
/appdata/users/P101440/micromamba/envs/torch29/lib/python3.11/site-packages/scipy/_lib/_util.py:1181: RuntimeWarning: logm result may be inaccurate, approximate err = 8.283516308438266e-07
  return f(*arrays, *other_args, **kwargs)
/appdata/users/P101440/micromamba/envs/torch29/lib/python3.11/site-packages/scipy/_lib/_util.py:1181: RuntimeWarning: logm result may be inaccurate, approximate err = 8.384064358324395e-07
  return f(*arrays, *other_args, **kwargs)
/appdata/users/P101440/micromamba/envs/torch29/lib/python3.11/site-packages/scipy/_lib/_util.py:1181: RuntimeWarning: logm result may be inaccurate, approximate err = 9.458412364438118e-07
  return f(*arrays, *other_args, **kwargs)
/appdata/users/P101440/micromamba/envs/torch29/lib/python3.11/site-packages/scipy/_lib/_util.py:1181: RuntimeWarning: logm result may be inaccurate, approximate err = 7.258341270244273e-07
  return f(*arrays, *other_args, **kwargs)
/appdata/users/P101440/micromamba/envs/torch29/lib/python3.11/site-packages/scipy/_lib/_util.py:1181: RuntimeWarning: logm result may be inaccurate, approximate err = 9.736938864080003e-07
  return f(*arrays, *other_args, **kwargs)
/appdata/users/P101440/micromamba/envs/torch29/lib/python3.11/site-packages/scipy/_lib/_util.py:1181: RuntimeWarning: logm result may be inaccurate, approximate err = 6.84777205606224e-07
  return f(*arrays, *other_args, **kwargs)
/appdata/users/P101440/micromamba/envs/torch29/lib/python3.11/site-packages/scipy/_lib/_util.py:1181: RuntimeWarning: logm result may be inaccurate, approximate err = 6.530637506330095e-07
  return f(*arrays, *other_args, **kwargs)
/appdata/users/P101440/micromamba/envs/torch29/lib/python3.11/site-packages/scipy/_lib/_util.py:1181: RuntimeWarning: logm result may be inaccurate, approximate err = 1.2754421732097398e-06
  return f(*arrays, *other_args, **kwargs)
/appdata/users/P101440/micromamba/envs/torch29/lib/python3.11/site-packages/scipy/_lib/_util.py:1181: RuntimeWarning: logm result may be inaccurate, approximate err = 7.275923508132109e-07
  return f(*arrays, *other_args, **kwargs)
/appdata/users/P101440/micromamba/envs/torch29/lib/python3.11/site-packages/scipy/_lib/_util.py:1181: RuntimeWarning: logm result may be inaccurate, approximate err = 9.936904916685307e-07
  return f(*arrays, *other_args, **kwargs)
/appdata/users/P101440/micromamba/envs/torch29/lib/python3.11/site-packages/scipy/_lib/_util.py:1181: RuntimeWarning: logm result may be inaccurate, approximate err = 7.616345669703151e-07
  return f(*arrays, *other_args, **kwargs)
/appdata/users/P101440/micromamba/envs/torch29/lib/python3.11/site-packages/scipy/_lib/_util.py:1181: RuntimeWarning: logm result may be inaccurate, approximate err = 8.278140626316599e-07
  return f(*arrays, *other_args, **kwargs)
/appdata/users/P101440/micromamba/envs/torch29/lib/python3.11/site-packages/scipy/_lib/_util.py:1181: RuntimeWarning: logm result may be inaccurate, approximate err = 7.939094643916178e-07
  return f(*arrays, *other_args, **kwargs)
/appdata/users/P101440/micromamba/envs/torch29/lib/python3.11/site-packages/scipy/_lib/_util.py:1181: RuntimeWarning: logm result may be inaccurate, approximate err = 7.075626058394846e-07
  return f(*arrays, *other_args, **kwargs)
/appdata/users/P101440/micromamba/envs/torch29/lib/python3.11/site-packages/scipy/_lib/_util.py:1181: RuntimeWarning: logm result may be inaccurate, approximate err = 1.03048432720243e-06
  return f(*arrays, *other_args, **kwargs)
/appdata/users/P101440/micromamba/envs/torch29/lib/python3.11/site-packages/scipy/_lib/_util.py:1181: RuntimeWarning: logm result may be inaccurate, approximate err = 7.58768976538704e-07
  return f(*arrays, *other_args, **kwargs)
/appdata/users/P101440/micromamba/envs/torch29/lib/python3.11/site-packages/scipy/_lib/_util.py:1181: RuntimeWarning: logm result may be inaccurate, approximate err = 9.883522125164745e-07
  return f(*arrays, *other_args, **kwargs)
/appdata/users/P101440/micromamba/envs/torch29/lib/python3.11/site-packages/scipy/_lib/_util.py:1181: RuntimeWarning: logm result may be inaccurate, approximate err = 1.189881686514127e-06
  return f(*arrays, *other_args, **kwargs)
/appdata/users/P101440/micromamba/envs/torch29/lib/python3.11/site-packages/scipy/_lib/_util.py:1181: RuntimeWarning: logm result may be inaccurate, approximate err = 7.001387984928442e-07
  return f(*arrays, *other_args, **kwargs)
/appdata/users/P101440/micromamba/envs/torch29/lib/python3.11/site-packages/scipy/_lib/_util.py:1181: RuntimeWarning: logm result may be inaccurate, approximate err = 8.87585144937475e-07
  return f(*arrays, *other_args, **kwargs)
/appdata/users/P101440/micromamba/envs/torch29/lib/python3.11/site-packages/scipy/_lib/_util.py:1181: RuntimeWarning: logm result may be inaccurate, approximate err = 8.415950674134365e-07
  return f(*arrays, *other_args, **kwargs)
/appdata/users/P101440/micromamba/envs/torch29/lib/python3.11/site-packages/scipy/_lib/_util.py:1181: RuntimeWarning: logm result may be inaccurate, approximate err = 8.565703524254786e-07
  return f(*arrays, *other_args, **kwargs)
/appdata/users/P101440/micromamba/envs/torch29/lib/python3.11/site-packages/scipy/_lib/_util.py:1181: RuntimeWarning: logm result may be inaccurate, approximate err = 8.560216429032153e-07
  return f(*arrays, *other_args, **kwargs)
/appdata/users/P101440/micromamba/envs/torch29/lib/python3.11/site-packages/scipy/_lib/_util.py:1181: RuntimeWarning: logm result may be inaccurate, approximate err = 7.833597805984027e-07
  return f(*arrays, *other_args, **kwargs)
/appdata/users/P101440/micromamba/envs/torch29/lib/python3.11/site-packages/scipy/_lib/_util.py:1181: RuntimeWarning: logm result may be inaccurate, approximate err = 1.4832091892458266e-06
  return f(*arrays, *other_args, **kwargs)
/appdata/users/P101440/micromamba/envs/torch29/lib/python3.11/site-packages/scipy/_lib/_util.py:1181: RuntimeWarning: logm result may be inaccurate, approximate err = 8.779668405622942e-07
  return f(*arrays, *other_args, **kwargs)
/appdata/users/P101440/micromamba/envs/torch29/lib/python3.11/site-packages/scipy/_lib/_util.py:1181: RuntimeWarning: logm result may be inaccurate, approximate err = 7.431440280925017e-07
  return f(*arrays, *other_args, **kwargs)
/appdata/users/P101440/micromamba/envs/torch29/lib/python3.11/site-packages/scipy/_lib/_util.py:1181: RuntimeWarning: logm result may be inaccurate, approximate err = 7.335105465244851e-07
  return f(*arrays, *other_args, **kwargs)
/appdata/users/P101440/micromamba/envs/torch29/lib/python3.11/site-packages/scipy/_lib/_util.py:1181: RuntimeWarning: logm result may be inaccurate, approximate err = 8.316595767610124e-07
  return f(*arrays, *other_args, **kwargs)
/appdata/users/P101440/micromamba/envs/torch29/lib/python3.11/site-packages/scipy/_lib/_util.py:1181: RuntimeWarning: logm result may be inaccurate, approximate err = 7.154131935749319e-07
  return f(*arrays, *other_args, **kwargs)
/appdata/users/P101440/micromamba/envs/torch29/lib/python3.11/site-packages/scipy/_lib/_util.py:1181: RuntimeWarning: logm result may be inaccurate, approximate err = 7.822764018783346e-07
  return f(*arrays, *other_args, **kwargs)
/appdata/users/P101440/micromamba/envs/torch29/lib/python3.11/site-packages/scipy/_lib/_util.py:1181: RuntimeWarning: logm result may be inaccurate, approximate err = 8.664133019919973e-07
  return f(*arrays, *other_args, **kwargs)
/appdata/users/P101440/micromamba/envs/torch29/lib/python3.11/site-packages/scipy/_lib/_util.py:1181: RuntimeWarning: logm result may be inaccurate, approximate err = 8.716851311874052e-07
  return f(*arrays, *other_args, **kwargs)
/appdata/users/P101440/micromamba/envs/torch29/lib/python3.11/site-packages/scipy/_lib/_util.py:1181: RuntimeWarning: logm result may be inaccurate, approximate err = 1.0086541806231253e-06
  return f(*arrays, *other_args, **kwargs)
/appdata/users/P101440/micromamba/envs/torch29/lib/python3.11/site-packages/scipy/_lib/_util.py:1181: RuntimeWarning: logm result may be inaccurate, approximate err = 8.922176562009554e-07
  return f(*arrays, *other_args, **kwargs)
/appdata/users/P101440/micromamba/envs/torch29/lib/python3.11/site-packages/scipy/_lib/_util.py:1181: RuntimeWarning: logm result may be inaccurate, approximate err = 6.576574946848268e-07
  return f(*arrays, *other_args, **kwargs)
/appdata/users/P101440/micromamba/envs/torch29/lib/python3.11/site-packages/scipy/_lib/_util.py:1181: RuntimeWarning: logm result may be inaccurate, approximate err = 8.696203508407052e-07
  return f(*arrays, *other_args, **kwargs)
/appdata/users/P101440/micromamba/envs/torch29/lib/python3.11/site-packages/scipy/_lib/_util.py:1181: RuntimeWarning: logm result may be inaccurate, approximate err = 8.666264648127253e-07
  return f(*arrays, *other_args, **kwargs)
/appdata/users/P101440/micromamba/envs/torch29/lib/python3.11/site-packages/scipy/_lib/_util.py:1181: RuntimeWarning: logm result may be inaccurate, approximate err = 7.249269629028277e-07
  return f(*arrays, *other_args, **kwargs)
/appdata/users/P101440/micromamba/envs/torch29/lib/python3.11/site-packages/scipy/_lib/_util.py:1181: RuntimeWarning: logm result may be inaccurate, approximate err = 8.89601722064981e-07
  return f(*arrays, *other_args, **kwargs)
/appdata/users/P101440/micromamba/envs/torch29/lib/python3.11/site-packages/scipy/_lib/_util.py:1181: RuntimeWarning: logm result may be inaccurate, approximate err = 8.583686508245592e-07
  return f(*arrays, *other_args, **kwargs)
/appdata/users/P101440/micromamba/envs/torch29/lib/python3.11/site-packages/scipy/_lib/_util.py:1181: RuntimeWarning: logm result may be inaccurate, approximate err = 8.2238216236874e-07
  return f(*arrays, *other_args, **kwargs)
/appdata/users/P101440/micromamba/envs/torch29/lib/python3.11/site-packages/scipy/_lib/_util.py:1181: RuntimeWarning: logm result may be inaccurate, approximate err = 9.767375104274834e-07
  return f(*arrays, *other_args, **kwargs)
/appdata/users/P101440/micromamba/envs/torch29/lib/python3.11/site-packages/scipy/_lib/_util.py:1181: RuntimeWarning: logm result may be inaccurate, approximate err = 9.451058531340095e-07
  return f(*arrays, *other_args, **kwargs)
/appdata/users/P101440/micromamba/envs/torch29/lib/python3.11/site-packages/scipy/_lib/_util.py:1181: RuntimeWarning: logm result may be inaccurate, approximate err = 6.612540914829879e-07
  return f(*arrays, *other_args, **kwargs)
/appdata/users/P101440/micromamba/envs/torch29/lib/python3.11/site-packages/scipy/_lib/_util.py:1181: RuntimeWarning: logm result may be inaccurate, approximate err = 9.612385838408954e-07
  return f(*arrays, *other_args, **kwargs)
/appdata/users/P101440/micromamba/envs/torch29/lib/python3.11/site-packages/scipy/_lib/_util.py:1181: RuntimeWarning: logm result may be inaccurate, approximate err = 8.668472446515807e-07
  return f(*arrays, *other_args, **kwargs)
/appdata/users/P101440/micromamba/envs/torch29/lib/python3.11/site-packages/scipy/_lib/_util.py:1181: RuntimeWarning: logm result may be inaccurate, approximate err = 1.066245431502466e-06
  return f(*arrays, *other_args, **kwargs)
/appdata/users/P101440/micromamba/envs/torch29/lib/python3.11/site-packages/scipy/_lib/_util.py:1181: RuntimeWarning: logm result may be inaccurate, approximate err = 8.562135462852893e-07
  return f(*arrays, *other_args, **kwargs)
/appdata/users/P101440/micromamba/envs/torch29/lib/python3.11/site-packages/scipy/_lib/_util.py:1181: RuntimeWarning: logm result may be inaccurate, approximate err = 8.888275147000968e-07
  return f(*arrays, *other_args, **kwargs)
/appdata/users/P101440/micromamba/envs/torch29/lib/python3.11/site-packages/scipy/_lib/_util.py:1181: RuntimeWarning: logm result may be inaccurate, approximate err = 8.661580181978934e-07
  return f(*arrays, *other_args, **kwargs)
/appdata/users/P101440/micromamba/envs/torch29/lib/python3.11/site-packages/scipy/_lib/_util.py:1181: RuntimeWarning: logm result may be inaccurate, approximate err = 6.943844823581458e-07
  return f(*arrays, *other_args, **kwargs)
/appdata/users/P101440/micromamba/envs/torch29/lib/python3.11/site-packages/scipy/_lib/_util.py:1181: RuntimeWarning: logm result may be inaccurate, approximate err = 8.569641636313463e-07
  return f(*arrays, *other_args, **kwargs)
/appdata/users/P101440/micromamba/envs/torch29/lib/python3.11/site-packages/scipy/_lib/_util.py:1181: RuntimeWarning: logm result may be inaccurate, approximate err = 9.42950634907902e-07
  return f(*arrays, *other_args, **kwargs)
/appdata/users/P101440/micromamba/envs/torch29/lib/python3.11/site-packages/scipy/_lib/_util.py:1181: RuntimeWarning: logm result may be inaccurate, approximate err = 1.1818307257271954e-06
  return f(*arrays, *other_args, **kwargs)
/appdata/users/P101440/micromamba/envs/torch29/lib/python3.11/site-packages/scipy/_lib/_util.py:1181: RuntimeWarning: logm result may be inaccurate, approximate err = 1.1644540336419595e-06
  return f(*arrays, *other_args, **kwargs)
/appdata/users/P101440/micromamba/envs/torch29/lib/python3.11/site-packages/scipy/_lib/_util.py:1181: RuntimeWarning: logm result may be inaccurate, approximate err = 1.0391484011051944e-06
  return f(*arrays, *other_args, **kwargs)
/appdata/users/P101440/micromamba/envs/torch29/lib/python3.11/site-packages/scipy/_lib/_util.py:1181: RuntimeWarning: logm result may be inaccurate, approximate err = 1.309838012275577e-06
  return f(*arrays, *other_args, **kwargs)
/appdata/users/P101440/micromamba/envs/torch29/lib/python3.11/site-packages/scipy/_lib/_util.py:1181: RuntimeWarning: logm result may be inaccurate, approximate err = 9.15517603061744e-07
  return f(*arrays, *other_args, **kwargs)
/appdata/users/P101440/micromamba/envs/torch29/lib/python3.11/site-packages/scipy/_lib/_util.py:1181: RuntimeWarning: logm result may be inaccurate, approximate err = 7.27584563264827e-07
  return f(*arrays, *other_args, **kwargs)
/appdata/users/P101440/micromamba/envs/torch29/lib/python3.11/site-packages/scipy/_lib/_util.py:1181: RuntimeWarning: logm result may be inaccurate, approximate err = 9.23992331536283e-07
  return f(*arrays, *other_args, **kwargs)
/appdata/users/P101440/micromamba/envs/torch29/lib/python3.11/site-packages/scipy/_lib/_util.py:1181: RuntimeWarning: logm result may be inaccurate, approximate err = 7.920083362478181e-07
  return f(*arrays, *other_args, **kwargs)
/appdata/users/P101440/micromamba/envs/torch29/lib/python3.11/site-packages/scipy/_lib/_util.py:1181: RuntimeWarning: logm result may be inaccurate, approximate err = 9.682723884907318e-07
  return f(*arrays, *other_args, **kwargs)
/appdata/users/P101440/micromamba/envs/torch29/lib/python3.11/site-packages/scipy/_lib/_util.py:1181: RuntimeWarning: logm result may be inaccurate, approximate err = 8.005644644981658e-07
  return f(*arrays, *other_args, **kwargs)
/appdata/users/P101440/micromamba/envs/torch29/lib/python3.11/site-packages/scipy/_lib/_util.py:1181: RuntimeWarning: logm result may be inaccurate, approximate err = 6.70512463329942e-07
  return f(*arrays, *other_args, **kwargs)
/appdata/users/P101440/micromamba/envs/torch29/lib/python3.11/site-packages/scipy/_lib/_util.py:1181: RuntimeWarning: logm result may be inaccurate, approximate err = 8.663430435262853e-07
  return f(*arrays, *other_args, **kwargs)
/appdata/users/P101440/micromamba/envs/torch29/lib/python3.11/site-packages/scipy/_lib/_util.py:1181: RuntimeWarning: logm result may be inaccurate, approximate err = 1.0451359457874787e-06
  return f(*arrays, *other_args, **kwargs)
/appdata/users/P101440/micromamba/envs/torch29/lib/python3.11/site-packages/scipy/_lib/_util.py:1181: RuntimeWarning: logm result may be inaccurate, approximate err = 7.391777785414888e-07
  return f(*arrays, *other_args, **kwargs)
/appdata/users/P101440/micromamba/envs/torch29/lib/python3.11/site-packages/scipy/_lib/_util.py:1181: RuntimeWarning: logm result may be inaccurate, approximate err = 1.015646603264031e-06
  return f(*arrays, *other_args, **kwargs)
/appdata/users/P101440/micromamba/envs/torch29/lib/python3.11/site-packages/scipy/_lib/_util.py:1181: RuntimeWarning: logm result may be inaccurate, approximate err = 8.78860078046273e-07
  return f(*arrays, *other_args, **kwargs)
/appdata/users/P101440/micromamba/envs/torch29/lib/python3.11/site-packages/scipy/_lib/_util.py:1181: RuntimeWarning: logm result may be inaccurate, approximate err = 1.1142718676637742e-06
  return f(*arrays, *other_args, **kwargs)
/appdata/users/P101440/micromamba/envs/torch29/lib/python3.11/site-packages/scipy/_lib/_util.py:1181: RuntimeWarning: logm result may be inaccurate, approximate err = 9.95464802144852e-07
  return f(*arrays, *other_args, **kwargs)
/appdata/users/P101440/micromamba/envs/torch29/lib/python3.11/site-packages/scipy/_lib/_util.py:1181: RuntimeWarning: logm result may be inaccurate, approximate err = 1.0308858691132627e-06
  return f(*arrays, *other_args, **kwargs)
/appdata/users/P101440/micromamba/envs/torch29/lib/python3.11/site-packages/scipy/_lib/_util.py:1181: RuntimeWarning: logm result may be inaccurate, approximate err = 8.01288820184709e-07
  return f(*arrays, *other_args, **kwargs)
/appdata/users/P101440/micromamba/envs/torch29/lib/python3.11/site-packages/scipy/_lib/_util.py:1181: RuntimeWarning: logm result may be inaccurate, approximate err = 1.0121337936652708e-06
  return f(*arrays, *other_args, **kwargs)
/appdata/users/P101440/micromamba/envs/torch29/lib/python3.11/site-packages/scipy/_lib/_util.py:1181: RuntimeWarning: logm result may be inaccurate, approximate err = 1.128961002905271e-06
  return f(*arrays, *other_args, **kwargs)
/appdata/users/P101440/micromamba/envs/torch29/lib/python3.11/site-packages/scipy/_lib/_util.py:1181: RuntimeWarning: logm result may be inaccurate, approximate err = 9.057557690539397e-07
  return f(*arrays, *other_args, **kwargs)
/appdata/users/P101440/micromamba/envs/torch29/lib/python3.11/site-packages/scipy/_lib/_util.py:1181: RuntimeWarning: logm result may be inaccurate, approximate err = 8.101125672510534e-07
  return f(*arrays, *other_args, **kwargs)
/appdata/users/P101440/micromamba/envs/torch29/lib/python3.11/site-packages/scipy/_lib/_util.py:1181: RuntimeWarning: logm result may be inaccurate, approximate err = 7.771245691401418e-07
  return f(*arrays, *other_args, **kwargs)
/appdata/users/P101440/micromamba/envs/torch29/lib/python3.11/site-packages/scipy/_lib/_util.py:1181: RuntimeWarning: logm result may be inaccurate, approximate err = 8.978321375252563e-07
  return f(*arrays, *other_args, **kwargs)
/appdata/users/P101440/micromamba/envs/torch29/lib/python3.11/site-packages/scipy/_lib/_util.py:1181: RuntimeWarning: logm result may be inaccurate, approximate err = 6.38570895716839e-07
  return f(*arrays, *other_args, **kwargs)
/appdata/users/P101440/micromamba/envs/torch29/lib/python3.11/site-packages/scipy/_lib/_util.py:1181: RuntimeWarning: logm result may be inaccurate, approximate err = 5.268867084851081e-07
  return f(*arrays, *other_args, **kwargs)
/appdata/users/P101440/micromamba/envs/torch29/lib/python3.11/site-packages/scipy/_lib/_util.py:1181: RuntimeWarning: logm result may be inaccurate, approximate err = 8.119967560560326e-07
  return f(*arrays, *other_args, **kwargs)
/appdata/users/P101440/micromamba/envs/torch29/lib/python3.11/site-packages/scipy/_lib/_util.py:1181: RuntimeWarning: logm result may be inaccurate, approximate err = 7.800232424415299e-07
  return f(*arrays, *other_args, **kwargs)
/appdata/users/P101440/micromamba/envs/torch29/lib/python3.11/site-packages/scipy/_lib/_util.py:1181: RuntimeWarning: logm result may be inaccurate, approximate err = 1.0326546089345356e-06
  return f(*arrays, *other_args, **kwargs)
/appdata/users/P101440/micromamba/envs/torch29/lib/python3.11/site-packages/scipy/_lib/_util.py:1181: RuntimeWarning: logm result may be inaccurate, approximate err = 9.992023706217878e-07
  return f(*arrays, *other_args, **kwargs)
/appdata/users/P101440/micromamba/envs/torch29/lib/python3.11/site-packages/scipy/_lib/_util.py:1181: RuntimeWarning: logm result may be inaccurate, approximate err = 8.519676271134813e-07
  return f(*arrays, *other_args, **kwargs)
/appdata/users/P101440/micromamba/envs/torch29/lib/python3.11/site-packages/scipy/_lib/_util.py:1181: RuntimeWarning: logm result may be inaccurate, approximate err = 9.108826475312526e-07
  return f(*arrays, *other_args, **kwargs)
/appdata/users/P101440/micromamba/envs/torch29/lib/python3.11/site-packages/scipy/_lib/_util.py:1181: RuntimeWarning: logm result may be inaccurate, approximate err = 1.0700896382331848e-06
  return f(*arrays, *other_args, **kwargs)
/appdata/users/P101440/micromamba/envs/torch29/lib/python3.11/site-packages/scipy/_lib/_util.py:1181: RuntimeWarning: logm result may be inaccurate, approximate err = 8.718390063222614e-07
  return f(*arrays, *other_args, **kwargs)
/appdata/users/P101440/micromamba/envs/torch29/lib/python3.11/site-packages/scipy/_lib/_util.py:1181: RuntimeWarning: logm result may be inaccurate, approximate err = 1.0114836186403409e-06
  return f(*arrays, *other_args, **kwargs)
/appdata/users/P101440/micromamba/envs/torch29/lib/python3.11/site-packages/scipy/_lib/_util.py:1181: RuntimeWarning: logm result may be inaccurate, approximate err = 9.54537654251908e-07
  return f(*arrays, *other_args, **kwargs)
/appdata/users/P101440/micromamba/envs/torch29/lib/python3.11/site-packages/scipy/_lib/_util.py:1181: RuntimeWarning: logm result may be inaccurate, approximate err = 1.0717548093452933e-06
  return f(*arrays, *other_args, **kwargs)
/appdata/users/P101440/micromamba/envs/torch29/lib/python3.11/site-packages/scipy/_lib/_util.py:1181: RuntimeWarning: logm result may be inaccurate, approximate err = 9.199325745612441e-07
  return f(*arrays, *other_args, **kwargs)
/appdata/users/P101440/micromamba/envs/torch29/lib/python3.11/site-packages/scipy/_lib/_util.py:1181: RuntimeWarning: logm result may be inaccurate, approximate err = 5.731674264097819e-07
  return f(*arrays, *other_args, **kwargs)
/appdata/users/P101440/micromamba/envs/torch29/lib/python3.11/site-packages/scipy/_lib/_util.py:1181: RuntimeWarning: logm result may be inaccurate, approximate err = 1.1141429467897979e-06
  return f(*arrays, *other_args, **kwargs)
/appdata/users/P101440/micromamba/envs/torch29/lib/python3.11/site-packages/scipy/_lib/_util.py:1181: RuntimeWarning: logm result may be inaccurate, approximate err = 7.980833061083104e-07
  return f(*arrays, *other_args, **kwargs)
/appdata/users/P101440/micromamba/envs/torch29/lib/python3.11/site-packages/scipy/_lib/_util.py:1181: RuntimeWarning: logm result may be inaccurate, approximate err = 1.061374291566608e-06
  return f(*arrays, *other_args, **kwargs)
/appdata/users/P101440/micromamba/envs/torch29/lib/python3.11/site-packages/scipy/_lib/_util.py:1181: RuntimeWarning: logm result may be inaccurate, approximate err = 1.1809360103143263e-06
  return f(*arrays, *other_args, **kwargs)
/appdata/users/P101440/micromamba/envs/torch29/lib/python3.11/site-packages/scipy/_lib/_util.py:1181: RuntimeWarning: logm result may be inaccurate, approximate err = 9.03218790426763e-07
  return f(*arrays, *other_args, **kwargs)
/appdata/users/P101440/micromamba/envs/torch29/lib/python3.11/site-packages/scipy/_lib/_util.py:1181: RuntimeWarning: logm result may be inaccurate, approximate err = 1.174721774077625e-06
  return f(*arrays, *other_args, **kwargs)
/appdata/users/P101440/micromamba/envs/torch29/lib/python3.11/site-packages/scipy/_lib/_util.py:1181: RuntimeWarning: logm result may be inaccurate, approximate err = 9.401745160175778e-07
  return f(*arrays, *other_args, **kwargs)
/appdata/users/P101440/micromamba/envs/torch29/lib/python3.11/site-packages/scipy/_lib/_util.py:1181: RuntimeWarning: logm result may be inaccurate, approximate err = 8.173850574166863e-07
  return f(*arrays, *other_args, **kwargs)
/appdata/users/P101440/micromamba/envs/torch29/lib/python3.11/site-packages/scipy/_lib/_util.py:1181: RuntimeWarning: logm result may be inaccurate, approximate err = 7.70402152738825e-07
  return f(*arrays, *other_args, **kwargs)
/appdata/users/P101440/micromamba/envs/torch29/lib/python3.11/site-packages/scipy/_lib/_util.py:1181: RuntimeWarning: logm result may be inaccurate, approximate err = 6.32329999916692e-07
  return f(*arrays, *other_args, **kwargs)
/appdata/users/P101440/micromamba/envs/torch29/lib/python3.11/site-packages/scipy/_lib/_util.py:1181: RuntimeWarning: logm result may be inaccurate, approximate err = 1.080282345355954e-06
  return f(*arrays, *other_args, **kwargs)
/appdata/users/P101440/micromamba/envs/torch29/lib/python3.11/site-packages/scipy/_lib/_util.py:1181: RuntimeWarning: logm result may be inaccurate, approximate err = 8.773515673965449e-07
  return f(*arrays, *other_args, **kwargs)
/appdata/users/P101440/micromamba/envs/torch29/lib/python3.11/site-packages/scipy/_lib/_util.py:1181: RuntimeWarning: logm result may be inaccurate, approximate err = 9.102345188694017e-07
  return f(*arrays, *other_args, **kwargs)
/appdata/users/P101440/micromamba/envs/torch29/lib/python3.11/site-packages/scipy/_lib/_util.py:1181: RuntimeWarning: logm result may be inaccurate, approximate err = 1.2140230865043122e-06
  return f(*arrays, *other_args, **kwargs)
/appdata/users/P101440/micromamba/envs/torch29/lib/python3.11/site-packages/scipy/_lib/_util.py:1181: RuntimeWarning: logm result may be inaccurate, approximate err = 7.687922334298491e-07
  return f(*arrays, *other_args, **kwargs)
/appdata/users/P101440/micromamba/envs/torch29/lib/python3.11/site-packages/scipy/_lib/_util.py:1181: RuntimeWarning: logm result may be inaccurate, approximate err = 8.054283284764097e-07
  return f(*arrays, *other_args, **kwargs)
/appdata/users/P101440/micromamba/envs/torch29/lib/python3.11/site-packages/scipy/_lib/_util.py:1181: RuntimeWarning: logm result may be inaccurate, approximate err = 1.0150868092750898e-06
  return f(*arrays, *other_args, **kwargs)
/appdata/users/P101440/micromamba/envs/torch29/lib/python3.11/site-packages/scipy/_lib/_util.py:1181: RuntimeWarning: logm result may be inaccurate, approximate err = 8.298625289171468e-07
  return f(*arrays, *other_args, **kwargs)
/appdata/users/P101440/micromamba/envs/torch29/lib/python3.11/site-packages/scipy/_lib/_util.py:1181: RuntimeWarning: logm result may be inaccurate, approximate err = 8.075764412751596e-07
  return f(*arrays, *other_args, **kwargs)
/appdata/users/P101440/micromamba/envs/torch29/lib/python3.11/site-packages/scipy/_lib/_util.py:1181: RuntimeWarning: logm result may be inaccurate, approximate err = 8.496115810885385e-07
  return f(*arrays, *other_args, **kwargs)
/appdata/users/P101440/micromamba/envs/torch29/lib/python3.11/site-packages/scipy/_lib/_util.py:1181: RuntimeWarning: logm result may be inaccurate, approximate err = 5.976411330266274e-07
  return f(*arrays, *other_args, **kwargs)
/appdata/users/P101440/micromamba/envs/torch29/lib/python3.11/site-packages/scipy/_lib/_util.py:1181: RuntimeWarning: logm result may be inaccurate, approximate err = 5.682048822563956e-07
  return f(*arrays, *other_args, **kwargs)
/appdata/users/P101440/micromamba/envs/torch29/lib/python3.11/site-packages/scipy/_lib/_util.py:1181: RuntimeWarning: logm result may be inaccurate, approximate err = 1.302852297158097e-06
  return f(*arrays, *other_args, **kwargs)
/appdata/users/P101440/micromamba/envs/torch29/lib/python3.11/site-packages/scipy/_lib/_util.py:1181: RuntimeWarning: logm result may be inaccurate, approximate err = 9.509409437669092e-07
  return f(*arrays, *other_args, **kwargs)
/appdata/users/P101440/micromamba/envs/torch29/lib/python3.11/site-packages/scipy/_lib/_util.py:1181: RuntimeWarning: logm result may be inaccurate, approximate err = 8.730808644941135e-07
  return f(*arrays, *other_args, **kwargs)
/appdata/users/P101440/micromamba/envs/torch29/lib/python3.11/site-packages/scipy/_lib/_util.py:1181: RuntimeWarning: logm result may be inaccurate, approximate err = 6.69906398798048e-07
  return f(*arrays, *other_args, **kwargs)
/appdata/users/P101440/micromamba/envs/torch29/lib/python3.11/site-packages/scipy/_lib/_util.py:1181: RuntimeWarning: logm result may be inaccurate, approximate err = 1.1435460010034149e-06
  return f(*arrays, *other_args, **kwargs)
/appdata/users/P101440/micromamba/envs/torch29/lib/python3.11/site-packages/scipy/_lib/_util.py:1181: RuntimeWarning: logm result may be inaccurate, approximate err = 7.838671081117354e-07
  return f(*arrays, *other_args, **kwargs)
/appdata/users/P101440/micromamba/envs/torch29/lib/python3.11/site-packages/scipy/_lib/_util.py:1181: RuntimeWarning: logm result may be inaccurate, approximate err = 8.756924785302544e-07
  return f(*arrays, *other_args, **kwargs)
/appdata/users/P101440/micromamba/envs/torch29/lib/python3.11/site-packages/scipy/_lib/_util.py:1181: RuntimeWarning: logm result may be inaccurate, approximate err = 1.4073732472752454e-06
  return f(*arrays, *other_args, **kwargs)
/appdata/users/P101440/micromamba/envs/torch29/lib/python3.11/site-packages/scipy/_lib/_util.py:1181: RuntimeWarning: logm result may be inaccurate, approximate err = 8.243629281423637e-07
  return f(*arrays, *other_args, **kwargs)
/appdata/users/P101440/micromamba/envs/torch29/lib/python3.11/site-packages/scipy/_lib/_util.py:1181: RuntimeWarning: logm result may be inaccurate, approximate err = 7.650062912034628e-07
  return f(*arrays, *other_args, **kwargs)
/appdata/users/P101440/micromamba/envs/torch29/lib/python3.11/site-packages/scipy/_lib/_util.py:1181: RuntimeWarning: logm result may be inaccurate, approximate err = 8.146307095557859e-07
  return f(*arrays, *other_args, **kwargs)
/appdata/users/P101440/micromamba/envs/torch29/lib/python3.11/site-packages/scipy/_lib/_util.py:1181: RuntimeWarning: logm result may be inaccurate, approximate err = 6.955556841603538e-07
  return f(*arrays, *other_args, **kwargs)
/appdata/users/P101440/micromamba/envs/torch29/lib/python3.11/site-packages/scipy/_lib/_util.py:1181: RuntimeWarning: logm result may be inaccurate, approximate err = 1.237887317984132e-06
  return f(*arrays, *other_args, **kwargs)
/appdata/users/P101440/micromamba/envs/torch29/lib/python3.11/site-packages/scipy/_lib/_util.py:1181: RuntimeWarning: logm result may be inaccurate, approximate err = 9.343306714981736e-07
  return f(*arrays, *other_args, **kwargs)
/appdata/users/P101440/micromamba/envs/torch29/lib/python3.11/site-packages/scipy/_lib/_util.py:1181: RuntimeWarning: logm result may be inaccurate, approximate err = 8.331942353834165e-07
  return f(*arrays, *other_args, **kwargs)
/appdata/users/P101440/micromamba/envs/torch29/lib/python3.11/site-packages/scipy/_lib/_util.py:1181: RuntimeWarning: logm result may be inaccurate, approximate err = 1.0205653779848944e-06
  return f(*arrays, *other_args, **kwargs)
/appdata/users/P101440/micromamba/envs/torch29/lib/python3.11/site-packages/scipy/_lib/_util.py:1181: RuntimeWarning: logm result may be inaccurate, approximate err = 9.85363499239611e-07
  return f(*arrays, *other_args, **kwargs)
/appdata/users/P101440/micromamba/envs/torch29/lib/python3.11/site-packages/scipy/_lib/_util.py:1181: RuntimeWarning: logm result may be inaccurate, approximate err = 1.1137422006868292e-06
  return f(*arrays, *other_args, **kwargs)
/appdata/users/P101440/micromamba/envs/torch29/lib/python3.11/site-packages/scipy/_lib/_util.py:1181: RuntimeWarning: logm result may be inaccurate, approximate err = 8.058775051722478e-07
  return f(*arrays, *other_args, **kwargs)
/appdata/users/P101440/micromamba/envs/torch29/lib/python3.11/site-packages/scipy/_lib/_util.py:1181: RuntimeWarning: logm result may be inaccurate, approximate err = 8.284673640446272e-07
  return f(*arrays, *other_args, **kwargs)
/appdata/users/P101440/micromamba/envs/torch29/lib/python3.11/site-packages/scipy/_lib/_util.py:1181: RuntimeWarning: logm result may be inaccurate, approximate err = 1.2738438499582116e-06
  return f(*arrays, *other_args, **kwargs)
/appdata/users/P101440/micromamba/envs/torch29/lib/python3.11/site-packages/scipy/_lib/_util.py:1181: RuntimeWarning: logm result may be inaccurate, approximate err = 1.0142422297576559e-06
  return f(*arrays, *other_args, **kwargs)
/appdata/users/P101440/micromamba/envs/torch29/lib/python3.11/site-packages/scipy/_lib/_util.py:1181: RuntimeWarning: logm result may be inaccurate, approximate err = 1.2489107348301332e-06
  return f(*arrays, *other_args, **kwargs)
/appdata/users/P101440/micromamba/envs/torch29/lib/python3.11/site-packages/scipy/_lib/_util.py:1181: RuntimeWarning: logm result may be inaccurate, approximate err = 8.765580901126668e-07
  return f(*arrays, *other_args, **kwargs)
/appdata/users/P101440/micromamba/envs/torch29/lib/python3.11/site-packages/scipy/_lib/_util.py:1181: RuntimeWarning: logm result may be inaccurate, approximate err = 8.259944479505066e-07
  return f(*arrays, *other_args, **kwargs)
/appdata/users/P101440/micromamba/envs/torch29/lib/python3.11/site-packages/scipy/_lib/_util.py:1181: RuntimeWarning: logm result may be inaccurate, approximate err = 8.070178409980144e-07
  return f(*arrays, *other_args, **kwargs)
/appdata/users/P101440/micromamba/envs/torch29/lib/python3.11/site-packages/scipy/_lib/_util.py:1181: RuntimeWarning: logm result may be inaccurate, approximate err = 8.238142754635192e-07
  return f(*arrays, *other_args, **kwargs)
/appdata/users/P101440/micromamba/envs/torch29/lib/python3.11/site-packages/scipy/_lib/_util.py:1181: RuntimeWarning: logm result may be inaccurate, approximate err = 1.0681887943064794e-06
  return f(*arrays, *other_args, **kwargs)
/appdata/users/P101440/micromamba/envs/torch29/lib/python3.11/site-packages/scipy/_lib/_util.py:1181: RuntimeWarning: logm result may be inaccurate, approximate err = 9.199159762829368e-07
  return f(*arrays, *other_args, **kwargs)
/appdata/users/P101440/micromamba/envs/torch29/lib/python3.11/site-packages/scipy/_lib/_util.py:1181: RuntimeWarning: logm result may be inaccurate, approximate err = 1.0730975645856233e-06
  return f(*arrays, *other_args, **kwargs)
/appdata/users/P101440/micromamba/envs/torch29/lib/python3.11/site-packages/scipy/_lib/_util.py:1181: RuntimeWarning: logm result may be inaccurate, approximate err = 1.0610624485707376e-06
  return f(*arrays, *other_args, **kwargs)
/appdata/users/P101440/micromamba/envs/torch29/lib/python3.11/site-packages/scipy/_lib/_util.py:1181: RuntimeWarning: logm result may be inaccurate, approximate err = 9.906992772812373e-07
  return f(*arrays, *other_args, **kwargs)
/appdata/users/P101440/micromamba/envs/torch29/lib/python3.11/site-packages/scipy/_lib/_util.py:1181: RuntimeWarning: logm result may be inaccurate, approximate err = 5.888721830160648e-07
  return f(*arrays, *other_args, **kwargs)
/appdata/users/P101440/micromamba/envs/torch29/lib/python3.11/site-packages/scipy/_lib/_util.py:1181: RuntimeWarning: logm result may be inaccurate, approximate err = 1.2646050890907645e-06
  return f(*arrays, *other_args, **kwargs)
/appdata/users/P101440/micromamba/envs/torch29/lib/python3.11/site-packages/scipy/_lib/_util.py:1181: RuntimeWarning: logm result may be inaccurate, approximate err = 8.754904001762043e-07
  return f(*arrays, *other_args, **kwargs)
/appdata/users/P101440/micromamba/envs/torch29/lib/python3.11/site-packages/scipy/_lib/_util.py:1181: RuntimeWarning: logm result may be inaccurate, approximate err = 8.528166404175863e-07
  return f(*arrays, *other_args, **kwargs)
/appdata/users/P101440/micromamba/envs/torch29/lib/python3.11/site-packages/scipy/_lib/_util.py:1181: RuntimeWarning: logm result may be inaccurate, approximate err = 8.186912623386888e-07
  return f(*arrays, *other_args, **kwargs)
/appdata/users/P101440/micromamba/envs/torch29/lib/python3.11/site-packages/scipy/_lib/_util.py:1181: RuntimeWarning: logm result may be inaccurate, approximate err = 8.401441959904332e-07
  return f(*arrays, *other_args, **kwargs)
/appdata/users/P101440/micromamba/envs/torch29/lib/python3.11/site-packages/scipy/_lib/_util.py:1181: RuntimeWarning: logm result may be inaccurate, approximate err = 8.39068604818749e-07
  return f(*arrays, *other_args, **kwargs)
/appdata/users/P101440/micromamba/envs/torch29/lib/python3.11/site-packages/scipy/_lib/_util.py:1181: RuntimeWarning: logm result may be inaccurate, approximate err = 1.1647726978480932e-06
  return f(*arrays, *other_args, **kwargs)
/appdata/users/P101440/micromamba/envs/torch29/lib/python3.11/site-packages/scipy/_lib/_util.py:1181: RuntimeWarning: logm result may be inaccurate, approximate err = 9.995500249715406e-07
  return f(*arrays, *other_args, **kwargs)
/appdata/users/P101440/micromamba/envs/torch29/lib/python3.11/site-packages/scipy/_lib/_util.py:1181: RuntimeWarning: logm result may be inaccurate, approximate err = 8.307320626954606e-07
  return f(*arrays, *other_args, **kwargs)
/appdata/users/P101440/micromamba/envs/torch29/lib/python3.11/site-packages/scipy/_lib/_util.py:1181: RuntimeWarning: logm result may be inaccurate, approximate err = 7.974093705342966e-07
  return f(*arrays, *other_args, **kwargs)
/appdata/users/P101440/micromamba/envs/torch29/lib/python3.11/site-packages/scipy/_lib/_util.py:1181: RuntimeWarning: logm result may be inaccurate, approximate err = 7.831715720385546e-07
  return f(*arrays, *other_args, **kwargs)
/appdata/users/P101440/micromamba/envs/torch29/lib/python3.11/site-packages/scipy/_lib/_util.py:1181: RuntimeWarning: logm result may be inaccurate, approximate err = 7.138567070796853e-07
  return f(*arrays, *other_args, **kwargs)
/appdata/users/P101440/micromamba/envs/torch29/lib/python3.11/site-packages/scipy/_lib/_util.py:1181: RuntimeWarning: logm result may be inaccurate, approximate err = 5.973491283839394e-07
  return f(*arrays, *other_args, **kwargs)
/appdata/users/P101440/micromamba/envs/torch29/lib/python3.11/site-packages/scipy/_lib/_util.py:1181: RuntimeWarning: logm result may be inaccurate, approximate err = 9.685744544185582e-07
  return f(*arrays, *other_args, **kwargs)
/appdata/users/P101440/micromamba/envs/torch29/lib/python3.11/site-packages/scipy/_lib/_util.py:1181: RuntimeWarning: logm result may be inaccurate, approximate err = 7.784055355841701e-07
  return f(*arrays, *other_args, **kwargs)
/appdata/users/P101440/micromamba/envs/torch29/lib/python3.11/site-packages/scipy/_lib/_util.py:1181: RuntimeWarning: logm result may be inaccurate, approximate err = 1.0250681725665345e-06
  return f(*arrays, *other_args, **kwargs)
/appdata/users/P101440/micromamba/envs/torch29/lib/python3.11/site-packages/scipy/_lib/_util.py:1181: RuntimeWarning: logm result may be inaccurate, approximate err = 6.274615316215204e-07
  return f(*arrays, *other_args, **kwargs)
/appdata/users/P101440/micromamba/envs/torch29/lib/python3.11/site-packages/scipy/_lib/_util.py:1181: RuntimeWarning: logm result may be inaccurate, approximate err = 9.077596700990398e-07
  return f(*arrays, *other_args, **kwargs)
/appdata/users/P101440/micromamba/envs/torch29/lib/python3.11/site-packages/scipy/_lib/_util.py:1181: RuntimeWarning: logm result may be inaccurate, approximate err = 6.610688956243393e-07
  return f(*arrays, *other_args, **kwargs)
/appdata/users/P101440/micromamba/envs/torch29/lib/python3.11/site-packages/scipy/_lib/_util.py:1181: RuntimeWarning: logm result may be inaccurate, approximate err = 7.139314561754873e-07
  return f(*arrays, *other_args, **kwargs)
/appdata/users/P101440/micromamba/envs/torch29/lib/python3.11/site-packages/scipy/_lib/_util.py:1181: RuntimeWarning: logm result may be inaccurate, approximate err = 5.768851565335353e-07
  return f(*arrays, *other_args, **kwargs)
/appdata/users/P101440/micromamba/envs/torch29/lib/python3.11/site-packages/scipy/_lib/_util.py:1181: RuntimeWarning: logm result may be inaccurate, approximate err = 8.067733574534941e-07
  return f(*arrays, *other_args, **kwargs)
/appdata/users/P101440/micromamba/envs/torch29/lib/python3.11/site-packages/scipy/_lib/_util.py:1181: RuntimeWarning: logm result may be inaccurate, approximate err = 1.068768483492022e-06
  return f(*arrays, *other_args, **kwargs)
/appdata/users/P101440/micromamba/envs/torch29/lib/python3.11/site-packages/scipy/_lib/_util.py:1181: RuntimeWarning: logm result may be inaccurate, approximate err = 8.134928748404491e-07
  return f(*arrays, *other_args, **kwargs)
/appdata/users/P101440/micromamba/envs/torch29/lib/python3.11/site-packages/scipy/_lib/_util.py:1181: RuntimeWarning: logm result may be inaccurate, approximate err = 1.5193390936474316e-06
  return f(*arrays, *other_args, **kwargs)
/appdata/users/P101440/micromamba/envs/torch29/lib/python3.11/site-packages/scipy/_lib/_util.py:1181: RuntimeWarning: logm result may be inaccurate, approximate err = 9.391015396431612e-07
  return f(*arrays, *other_args, **kwargs)
/appdata/users/P101440/micromamba/envs/torch29/lib/python3.11/site-packages/scipy/_lib/_util.py:1181: RuntimeWarning: logm result may be inaccurate, approximate err = 1.419661202817224e-06
  return f(*arrays, *other_args, **kwargs)
/appdata/users/P101440/micromamba/envs/torch29/lib/python3.11/site-packages/scipy/_lib/_util.py:1181: RuntimeWarning: logm result may be inaccurate, approximate err = 1.0044482223747764e-06
  return f(*arrays, *other_args, **kwargs)
/appdata/users/P101440/micromamba/envs/torch29/lib/python3.11/site-packages/scipy/_lib/_util.py:1181: RuntimeWarning: logm result may be inaccurate, approximate err = 9.460578098696715e-07
  return f(*arrays, *other_args, **kwargs)
/appdata/users/P101440/micromamba/envs/torch29/lib/python3.11/site-packages/scipy/_lib/_util.py:1181: RuntimeWarning: logm result may be inaccurate, approximate err = 7.519209361817047e-07
  return f(*arrays, *other_args, **kwargs)
/appdata/users/P101440/micromamba/envs/torch29/lib/python3.11/site-packages/scipy/_lib/_util.py:1181: RuntimeWarning: logm result may be inaccurate, approximate err = 1.1222930424992228e-06
  return f(*arrays, *other_args, **kwargs)
/appdata/users/P101440/micromamba/envs/torch29/lib/python3.11/site-packages/scipy/_lib/_util.py:1181: RuntimeWarning: logm result may be inaccurate, approximate err = 8.258055572696321e-07
  return f(*arrays, *other_args, **kwargs)
/appdata/users/P101440/micromamba/envs/torch29/lib/python3.11/site-packages/scipy/_lib/_util.py:1181: RuntimeWarning: logm result may be inaccurate, approximate err = 8.764307040109998e-07
  return f(*arrays, *other_args, **kwargs)
/appdata/users/P101440/micromamba/envs/torch29/lib/python3.11/site-packages/scipy/_lib/_util.py:1181: RuntimeWarning: logm result may be inaccurate, approximate err = 6.591998271687771e-07
  return f(*arrays, *other_args, **kwargs)
/appdata/users/P101440/micromamba/envs/torch29/lib/python3.11/site-packages/scipy/_lib/_util.py:1181: RuntimeWarning: logm result may be inaccurate, approximate err = 6.707616080348089e-07
  return f(*arrays, *other_args, **kwargs)
/appdata/users/P101440/micromamba/envs/torch29/lib/python3.11/site-packages/scipy/_lib/_util.py:1181: RuntimeWarning: logm result may be inaccurate, approximate err = 7.855094281694619e-07
  return f(*arrays, *other_args, **kwargs)
/appdata/users/P101440/micromamba/envs/torch29/lib/python3.11/site-packages/scipy/_lib/_util.py:1181: RuntimeWarning: logm result may be inaccurate, approximate err = 8.983631687442539e-07
  return f(*arrays, *other_args, **kwargs)
/appdata/users/P101440/micromamba/envs/torch29/lib/python3.11/site-packages/scipy/_lib/_util.py:1181: RuntimeWarning: logm result may be inaccurate, approximate err = 1.0449942919876776e-06
  return f(*arrays, *other_args, **kwargs)
/appdata/users/P101440/micromamba/envs/torch29/lib/python3.11/site-packages/scipy/_lib/_util.py:1181: RuntimeWarning: logm result may be inaccurate, approximate err = 1.0845036513273953e-06
  return f(*arrays, *other_args, **kwargs)
/appdata/users/P101440/micromamba/envs/torch29/lib/python3.11/site-packages/scipy/_lib/_util.py:1181: RuntimeWarning: logm result may be inaccurate, approximate err = 9.65299705057987e-07
  return f(*arrays, *other_args, **kwargs)
/appdata/users/P101440/micromamba/envs/torch29/lib/python3.11/site-packages/scipy/_lib/_util.py:1181: RuntimeWarning: logm result may be inaccurate, approximate err = 9.182828080156469e-07
  return f(*arrays, *other_args, **kwargs)
/appdata/users/P101440/micromamba/envs/torch29/lib/python3.11/site-packages/scipy/_lib/_util.py:1181: RuntimeWarning: logm result may be inaccurate, approximate err = 7.111437412277155e-07
  return f(*arrays, *other_args, **kwargs)
/appdata/users/P101440/micromamba/envs/torch29/lib/python3.11/site-packages/scipy/_lib/_util.py:1181: RuntimeWarning: logm result may be inaccurate, approximate err = 1.0543338930801838e-06
  return f(*arrays, *other_args, **kwargs)
/appdata/users/P101440/micromamba/envs/torch29/lib/python3.11/site-packages/scipy/_lib/_util.py:1181: RuntimeWarning: logm result may be inaccurate, approximate err = 8.528828061571403e-07
  return f(*arrays, *other_args, **kwargs)
/appdata/users/P101440/micromamba/envs/torch29/lib/python3.11/site-packages/scipy/_lib/_util.py:1181: RuntimeWarning: logm result may be inaccurate, approximate err = 8.108700626507925e-07
  return f(*arrays, *other_args, **kwargs)
/appdata/users/P101440/micromamba/envs/torch29/lib/python3.11/site-packages/scipy/_lib/_util.py:1181: RuntimeWarning: logm result may be inaccurate, approximate err = 5.973935799374885e-07
  return f(*arrays, *other_args, **kwargs)
/appdata/users/P101440/micromamba/envs/torch29/lib/python3.11/site-packages/scipy/_lib/_util.py:1181: RuntimeWarning: logm result may be inaccurate, approximate err = 7.493861744478636e-07
  return f(*arrays, *other_args, **kwargs)
/appdata/users/P101440/micromamba/envs/torch29/lib/python3.11/site-packages/scipy/_lib/_util.py:1181: RuntimeWarning: logm result may be inaccurate, approximate err = 9.835978289629566e-07
  return f(*arrays, *other_args, **kwargs)
/appdata/users/P101440/micromamba/envs/torch29/lib/python3.11/site-packages/scipy/_lib/_util.py:1181: RuntimeWarning: logm result may be inaccurate, approximate err = 6.381404205058061e-07
  return f(*arrays, *other_args, **kwargs)
/appdata/users/P101440/micromamba/envs/torch29/lib/python3.11/site-packages/scipy/_lib/_util.py:1181: RuntimeWarning: logm result may be inaccurate, approximate err = 9.885760618999484e-07
  return f(*arrays, *other_args, **kwargs)
/appdata/users/P101440/micromamba/envs/torch29/lib/python3.11/site-packages/scipy/_lib/_util.py:1181: RuntimeWarning: logm result may be inaccurate, approximate err = 6.841230515419738e-07
  return f(*arrays, *other_args, **kwargs)
/appdata/users/P101440/micromamba/envs/torch29/lib/python3.11/site-packages/scipy/_lib/_util.py:1181: RuntimeWarning: logm result may be inaccurate, approximate err = 6.641487857450556e-07
  return f(*arrays, *other_args, **kwargs)
/appdata/users/P101440/micromamba/envs/torch29/lib/python3.11/site-packages/scipy/_lib/_util.py:1181: RuntimeWarning: logm result may be inaccurate, approximate err = 9.413107591171865e-07
  return f(*arrays, *other_args, **kwargs)
/appdata/users/P101440/micromamba/envs/torch29/lib/python3.11/site-packages/scipy/_lib/_util.py:1181: RuntimeWarning: logm result may be inaccurate, approximate err = 9.006817549561674e-07
  return f(*arrays, *other_args, **kwargs)
/appdata/users/P101440/micromamba/envs/torch29/lib/python3.11/site-packages/scipy/_lib/_util.py:1181: RuntimeWarning: logm result may be inaccurate, approximate err = 8.187481057575496e-07
  return f(*arrays, *other_args, **kwargs)
/appdata/users/P101440/micromamba/envs/torch29/lib/python3.11/site-packages/scipy/_lib/_util.py:1181: RuntimeWarning: logm result may be inaccurate, approximate err = 1.4387265991899767e-06
  return f(*arrays, *other_args, **kwargs)
/appdata/users/P101440/micromamba/envs/torch29/lib/python3.11/site-packages/scipy/_lib/_util.py:1181: RuntimeWarning: logm result may be inaccurate, approximate err = 7.582280545648246e-07
  return f(*arrays, *other_args, **kwargs)
/appdata/users/P101440/micromamba/envs/torch29/lib/python3.11/site-packages/scipy/_lib/_util.py:1181: RuntimeWarning: logm result may be inaccurate, approximate err = 7.776520192237513e-07
  return f(*arrays, *other_args, **kwargs)
/appdata/users/P101440/micromamba/envs/torch29/lib/python3.11/site-packages/scipy/_lib/_util.py:1181: RuntimeWarning: logm result may be inaccurate, approximate err = 1.2595527323355782e-06
  return f(*arrays, *other_args, **kwargs)
/appdata/users/P101440/micromamba/envs/torch29/lib/python3.11/site-packages/scipy/_lib/_util.py:1181: RuntimeWarning: logm result may be inaccurate, approximate err = 9.219605203725223e-07
  return f(*arrays, *other_args, **kwargs)
/appdata/users/P101440/micromamba/envs/torch29/lib/python3.11/site-packages/scipy/_lib/_util.py:1181: RuntimeWarning: logm result may be inaccurate, approximate err = 9.524683264316991e-07
  return f(*arrays, *other_args, **kwargs)
/appdata/users/P101440/micromamba/envs/torch29/lib/python3.11/site-packages/scipy/_lib/_util.py:1181: RuntimeWarning: logm result may be inaccurate, approximate err = 6.190742283251893e-07
  return f(*arrays, *other_args, **kwargs)
/appdata/users/P101440/micromamba/envs/torch29/lib/python3.11/site-packages/scipy/_lib/_util.py:1181: RuntimeWarning: logm result may be inaccurate, approximate err = 8.272290301647445e-07
  return f(*arrays, *other_args, **kwargs)
/appdata/users/P101440/micromamba/envs/torch29/lib/python3.11/site-packages/scipy/_lib/_util.py:1181: RuntimeWarning: logm result may be inaccurate, approximate err = 9.587777185515733e-07
  return f(*arrays, *other_args, **kwargs)
/appdata/users/P101440/micromamba/envs/torch29/lib/python3.11/site-packages/scipy/_lib/_util.py:1181: RuntimeWarning: logm result may be inaccurate, approximate err = 6.690790996799478e-07
  return f(*arrays, *other_args, **kwargs)
/appdata/users/P101440/micromamba/envs/torch29/lib/python3.11/site-packages/scipy/_lib/_util.py:1181: RuntimeWarning: logm result may be inaccurate, approximate err = 1.0032995305664372e-06
  return f(*arrays, *other_args, **kwargs)
/appdata/users/P101440/micromamba/envs/torch29/lib/python3.11/site-packages/scipy/_lib/_util.py:1181: RuntimeWarning: logm result may be inaccurate, approximate err = 1.4383051620825427e-06
  return f(*arrays, *other_args, **kwargs)
/appdata/users/P101440/micromamba/envs/torch29/lib/python3.11/site-packages/scipy/_lib/_util.py:1181: RuntimeWarning: logm result may be inaccurate, approximate err = 6.230638973647729e-07
  return f(*arrays, *other_args, **kwargs)
/appdata/users/P101440/micromamba/envs/torch29/lib/python3.11/site-packages/scipy/_lib/_util.py:1181: RuntimeWarning: logm result may be inaccurate, approximate err = 8.366068300347251e-07
  return f(*arrays, *other_args, **kwargs)
/appdata/users/P101440/micromamba/envs/torch29/lib/python3.11/site-packages/scipy/_lib/_util.py:1181: RuntimeWarning: logm result may be inaccurate, approximate err = 7.338090881603421e-07
  return f(*arrays, *other_args, **kwargs)
/appdata/users/P101440/micromamba/envs/torch29/lib/python3.11/site-packages/scipy/_lib/_util.py:1181: RuntimeWarning: logm result may be inaccurate, approximate err = 9.820022341955337e-07
  return f(*arrays, *other_args, **kwargs)
/appdata/users/P101440/micromamba/envs/torch29/lib/python3.11/site-packages/scipy/_lib/_util.py:1181: RuntimeWarning: logm result may be inaccurate, approximate err = 6.954780928936088e-07
  return f(*arrays, *other_args, **kwargs)
/appdata/users/P101440/micromamba/envs/torch29/lib/python3.11/site-packages/scipy/_lib/_util.py:1181: RuntimeWarning: logm result may be inaccurate, approximate err = 8.375789093406638e-07
  return f(*arrays, *other_args, **kwargs)
/appdata/users/P101440/micromamba/envs/torch29/lib/python3.11/site-packages/scipy/_lib/_util.py:1181: RuntimeWarning: logm result may be inaccurate, approximate err = 8.32820376217569e-07
  return f(*arrays, *other_args, **kwargs)
/appdata/users/P101440/micromamba/envs/torch29/lib/python3.11/site-packages/scipy/_lib/_util.py:1181: RuntimeWarning: logm result may be inaccurate, approximate err = 1.2935986433149083e-06
  return f(*arrays, *other_args, **kwargs)
/appdata/users/P101440/micromamba/envs/torch29/lib/python3.11/site-packages/scipy/_lib/_util.py:1181: RuntimeWarning: logm result may be inaccurate, approximate err = 7.677633107050497e-07
  return f(*arrays, *other_args, **kwargs)
/appdata/users/P101440/micromamba/envs/torch29/lib/python3.11/site-packages/scipy/_lib/_util.py:1181: RuntimeWarning: logm result may be inaccurate, approximate err = 7.278613338712603e-07
  return f(*arrays, *other_args, **kwargs)
/appdata/users/P101440/micromamba/envs/torch29/lib/python3.11/site-packages/scipy/_lib/_util.py:1181: RuntimeWarning: logm result may be inaccurate, approximate err = 1.1319167469991953e-06
  return f(*arrays, *other_args, **kwargs)
/appdata/users/P101440/micromamba/envs/torch29/lib/python3.11/site-packages/scipy/_lib/_util.py:1181: RuntimeWarning: logm result may be inaccurate, approximate err = 9.666382538853213e-07
  return f(*arrays, *other_args, **kwargs)
/appdata/users/P101440/micromamba/envs/torch29/lib/python3.11/site-packages/scipy/_lib/_util.py:1181: RuntimeWarning: logm result may be inaccurate, approximate err = 7.079427177814068e-07
  return f(*arrays, *other_args, **kwargs)
/appdata/users/P101440/micromamba/envs/torch29/lib/python3.11/site-packages/scipy/_lib/_util.py:1181: RuntimeWarning: logm result may be inaccurate, approximate err = 7.593449140586017e-07
  return f(*arrays, *other_args, **kwargs)
/appdata/users/P101440/micromamba/envs/torch29/lib/python3.11/site-packages/scipy/_lib/_util.py:1181: RuntimeWarning: logm result may be inaccurate, approximate err = 8.313575108331861e-07
  return f(*arrays, *other_args, **kwargs)
/appdata/users/P101440/micromamba/envs/torch29/lib/python3.11/site-packages/scipy/_lib/_util.py:1181: RuntimeWarning: logm result may be inaccurate, approximate err = 9.514651537756436e-07
  return f(*arrays, *other_args, **kwargs)
/appdata/users/P101440/micromamba/envs/torch29/lib/python3.11/site-packages/scipy/_lib/_util.py:1181: RuntimeWarning: logm result may be inaccurate, approximate err = 1.1177277201568359e-06
  return f(*arrays, *other_args, **kwargs)
/appdata/users/P101440/micromamba/envs/torch29/lib/python3.11/site-packages/scipy/_lib/_util.py:1181: RuntimeWarning: logm result may be inaccurate, approximate err = 8.841369663059595e-07
  return f(*arrays, *other_args, **kwargs)
/appdata/users/P101440/micromamba/envs/torch29/lib/python3.11/site-packages/scipy/_lib/_util.py:1181: RuntimeWarning: logm result may be inaccurate, approximate err = 1.0019031151387026e-06
  return f(*arrays, *other_args, **kwargs)
/appdata/users/P101440/micromamba/envs/torch29/lib/python3.11/site-packages/scipy/_lib/_util.py:1181: RuntimeWarning: logm result may be inaccurate, approximate err = 8.933050708037626e-07
  return f(*arrays, *other_args, **kwargs)
/appdata/users/P101440/micromamba/envs/torch29/lib/python3.11/site-packages/scipy/_lib/_util.py:1181: RuntimeWarning: logm result may be inaccurate, approximate err = 6.27497627192497e-07
  return f(*arrays, *other_args, **kwargs)
/appdata/users/P101440/micromamba/envs/torch29/lib/python3.11/site-packages/scipy/_lib/_util.py:1181: RuntimeWarning: logm result may be inaccurate, approximate err = 6.043585472070845e-07
  return f(*arrays, *other_args, **kwargs)
/appdata/users/P101440/micromamba/envs/torch29/lib/python3.11/site-packages/scipy/_lib/_util.py:1181: RuntimeWarning: logm result may be inaccurate, approximate err = 9.409928907189169e-07
  return f(*arrays, *other_args, **kwargs)
/appdata/users/P101440/micromamba/envs/torch29/lib/python3.11/site-packages/scipy/_lib/_util.py:1181: RuntimeWarning: logm result may be inaccurate, approximate err = 1.0744238352344837e-06
  return f(*arrays, *other_args, **kwargs)
/appdata/users/P101440/micromamba/envs/torch29/lib/python3.11/site-packages/scipy/_lib/_util.py:1181: RuntimeWarning: logm result may be inaccurate, approximate err = 8.545536616111349e-07
  return f(*arrays, *other_args, **kwargs)
/appdata/users/P101440/micromamba/envs/torch29/lib/python3.11/site-packages/scipy/_lib/_util.py:1181: RuntimeWarning: logm result may be inaccurate, approximate err = 5.933943043601175e-07
  return f(*arrays, *other_args, **kwargs)
/appdata/users/P101440/micromamba/envs/torch29/lib/python3.11/site-packages/scipy/_lib/_util.py:1181: RuntimeWarning: logm result may be inaccurate, approximate err = 8.390264270019543e-07
  return f(*arrays, *other_args, **kwargs)
/appdata/users/P101440/micromamba/envs/torch29/lib/python3.11/site-packages/scipy/_lib/_util.py:1181: RuntimeWarning: logm result may be inaccurate, approximate err = 8.35634921259043e-07
  return f(*arrays, *other_args, **kwargs)
/appdata/users/P101440/micromamba/envs/torch29/lib/python3.11/site-packages/scipy/_lib/_util.py:1181: RuntimeWarning: logm result may be inaccurate, approximate err = 9.07774278857687e-07
  return f(*arrays, *other_args, **kwargs)
/appdata/users/P101440/micromamba/envs/torch29/lib/python3.11/site-packages/scipy/_lib/_util.py:1181: RuntimeWarning: logm result may be inaccurate, approximate err = 9.40250799885689e-07
  return f(*arrays, *other_args, **kwargs)
/appdata/users/P101440/micromamba/envs/torch29/lib/python3.11/site-packages/scipy/_lib/_util.py:1181: RuntimeWarning: logm result may be inaccurate, approximate err = 1.1883373645105166e-06
  return f(*arrays, *other_args, **kwargs)
/appdata/users/P101440/micromamba/envs/torch29/lib/python3.11/site-packages/scipy/_lib/_util.py:1181: RuntimeWarning: logm result may be inaccurate, approximate err = 7.304927294171648e-07
  return f(*arrays, *other_args, **kwargs)
/appdata/users/P101440/micromamba/envs/torch29/lib/python3.11/site-packages/scipy/_lib/_util.py:1181: RuntimeWarning: logm result may be inaccurate, approximate err = 8.275545724245603e-07
  return f(*arrays, *other_args, **kwargs)
/appdata/users/P101440/micromamba/envs/torch29/lib/python3.11/site-packages/scipy/_lib/_util.py:1181: RuntimeWarning: logm result may be inaccurate, approximate err = 7.008741818026465e-07
  return f(*arrays, *other_args, **kwargs)
/appdata/users/P101440/micromamba/envs/torch29/lib/python3.11/site-packages/scipy/_lib/_util.py:1181: RuntimeWarning: logm result may be inaccurate, approximate err = 7.478017209905374e-07
  return f(*arrays, *other_args, **kwargs)
/appdata/users/P101440/micromamba/envs/torch29/lib/python3.11/site-packages/scipy/_lib/_util.py:1181: RuntimeWarning: logm result may be inaccurate, approximate err = 1.0617560519676772e-06
  return f(*arrays, *other_args, **kwargs)
/appdata/users/P101440/micromamba/envs/torch29/lib/python3.11/site-packages/scipy/_lib/_util.py:1181: RuntimeWarning: logm result may be inaccurate, approximate err = 7.582612511214393e-07
  return f(*arrays, *other_args, **kwargs)
/appdata/users/P101440/micromamba/envs/torch29/lib/python3.11/site-packages/scipy/_lib/_util.py:1181: RuntimeWarning: logm result may be inaccurate, approximate err = 8.589307753936737e-07
  return f(*arrays, *other_args, **kwargs)
/appdata/users/P101440/micromamba/envs/torch29/lib/python3.11/site-packages/scipy/_lib/_util.py:1181: RuntimeWarning: logm result may be inaccurate, approximate err = 8.802279012343206e-07
  return f(*arrays, *other_args, **kwargs)
/appdata/users/P101440/micromamba/envs/torch29/lib/python3.11/site-packages/scipy/_lib/_util.py:1181: RuntimeWarning: logm result may be inaccurate, approximate err = 9.546312185193528e-07
  return f(*arrays, *other_args, **kwargs)
/appdata/users/P101440/micromamba/envs/torch29/lib/python3.11/site-packages/scipy/_lib/_util.py:1181: RuntimeWarning: logm result may be inaccurate, approximate err = 9.395623692398658e-07
  return f(*arrays, *other_args, **kwargs)
/appdata/users/P101440/micromamba/envs/torch29/lib/python3.11/site-packages/scipy/_lib/_util.py:1181: RuntimeWarning: logm result may be inaccurate, approximate err = 1.096777282327821e-06
  return f(*arrays, *other_args, **kwargs)
/appdata/users/P101440/micromamba/envs/torch29/lib/python3.11/site-packages/scipy/_lib/_util.py:1181: RuntimeWarning: logm result may be inaccurate, approximate err = 5.732529757551674e-07
  return f(*arrays, *other_args, **kwargs)
/appdata/users/P101440/micromamba/envs/torch29/lib/python3.11/site-packages/scipy/_lib/_util.py:1181: RuntimeWarning: logm result may be inaccurate, approximate err = 1.1809923989858362e-06
  return f(*arrays, *other_args, **kwargs)
/appdata/users/P101440/micromamba/envs/torch29/lib/python3.11/site-packages/scipy/_lib/_util.py:1181: RuntimeWarning: logm result may be inaccurate, approximate err = 6.382799710991094e-07
  return f(*arrays, *other_args, **kwargs)
/appdata/users/P101440/micromamba/envs/torch29/lib/python3.11/site-packages/scipy/_lib/_util.py:1181: RuntimeWarning: logm result may be inaccurate, approximate err = 9.790920785235357e-07
  return f(*arrays, *other_args, **kwargs)
/appdata/users/P101440/micromamba/envs/torch29/lib/python3.11/site-packages/scipy/_lib/_util.py:1181: RuntimeWarning: logm result may be inaccurate, approximate err = 1.106998638533696e-06
  return f(*arrays, *other_args, **kwargs)
/appdata/users/P101440/micromamba/envs/torch29/lib/python3.11/site-packages/scipy/_lib/_util.py:1181: RuntimeWarning: logm result may be inaccurate, approximate err = 7.907477197477419e-07
  return f(*arrays, *other_args, **kwargs)
/appdata/users/P101440/micromamba/envs/torch29/lib/python3.11/site-packages/scipy/_lib/_util.py:1181: RuntimeWarning: logm result may be inaccurate, approximate err = 1.014037593449757e-06
  return f(*arrays, *other_args, **kwargs)
/appdata/users/P101440/micromamba/envs/torch29/lib/python3.11/site-packages/scipy/_lib/_util.py:1181: RuntimeWarning: logm result may be inaccurate, approximate err = 9.98232849269698e-07
  return f(*arrays, *other_args, **kwargs)
/appdata/users/P101440/micromamba/envs/torch29/lib/python3.11/site-packages/scipy/_lib/_util.py:1181: RuntimeWarning: logm result may be inaccurate, approximate err = 6.954856530683173e-07
  return f(*arrays, *other_args, **kwargs)
/appdata/users/P101440/micromamba/envs/torch29/lib/python3.11/site-packages/scipy/_lib/_util.py:1181: RuntimeWarning: logm result may be inaccurate, approximate err = 6.76502168062143e-07
  return f(*arrays, *other_args, **kwargs)
/appdata/users/P101440/micromamba/envs/torch29/lib/python3.11/site-packages/scipy/_lib/_util.py:1181: RuntimeWarning: logm result may be inaccurate, approximate err = 8.360375431948341e-07
  return f(*arrays, *other_args, **kwargs)
/appdata/users/P101440/micromamba/envs/torch29/lib/python3.11/site-packages/scipy/_lib/_util.py:1181: RuntimeWarning: logm result may be inaccurate, approximate err = 8.054016120695451e-07
  return f(*arrays, *other_args, **kwargs)
/appdata/users/P101440/micromamba/envs/torch29/lib/python3.11/site-packages/scipy/_lib/_util.py:1181: RuntimeWarning: logm result may be inaccurate, approximate err = 9.7373731478001e-07
  return f(*arrays, *other_args, **kwargs)
/appdata/users/P101440/micromamba/envs/torch29/lib/python3.11/site-packages/scipy/_lib/_util.py:1181: RuntimeWarning: logm result may be inaccurate, approximate err = 6.91722561896313e-07
  return f(*arrays, *other_args, **kwargs)
/appdata/users/P101440/micromamba/envs/torch29/lib/python3.11/site-packages/scipy/_lib/_util.py:1181: RuntimeWarning: logm result may be inaccurate, approximate err = 7.845978302611911e-07
  return f(*arrays, *other_args, **kwargs)
/appdata/users/P101440/micromamba/envs/torch29/lib/python3.11/site-packages/scipy/_lib/_util.py:1181: RuntimeWarning: logm result may be inaccurate, approximate err = 7.140114917092433e-07
  return f(*arrays, *other_args, **kwargs)
/appdata/users/P101440/micromamba/envs/torch29/lib/python3.11/site-packages/scipy/_lib/_util.py:1181: RuntimeWarning: logm result may be inaccurate, approximate err = 1.0081545269713388e-06
  return f(*arrays, *other_args, **kwargs)
/appdata/users/P101440/micromamba/envs/torch29/lib/python3.11/site-packages/scipy/_lib/_util.py:1181: RuntimeWarning: logm result may be inaccurate, approximate err = 1.36743165057851e-06
  return f(*arrays, *other_args, **kwargs)
/appdata/users/P101440/micromamba/envs/torch29/lib/python3.11/site-packages/scipy/_lib/_util.py:1181: RuntimeWarning: logm result may be inaccurate, approximate err = 9.190833907268825e-07
  return f(*arrays, *other_args, **kwargs)
/appdata/users/P101440/micromamba/envs/torch29/lib/python3.11/site-packages/scipy/_lib/_util.py:1181: RuntimeWarning: logm result may be inaccurate, approximate err = 9.071288218365225e-07
  return f(*arrays, *other_args, **kwargs)
/appdata/users/P101440/micromamba/envs/torch29/lib/python3.11/site-packages/scipy/_lib/_util.py:1181: RuntimeWarning: logm result may be inaccurate, approximate err = 7.252545515257225e-07
  return f(*arrays, *other_args, **kwargs)
/appdata/users/P101440/micromamba/envs/torch29/lib/python3.11/site-packages/scipy/_lib/_util.py:1181: RuntimeWarning: logm result may be inaccurate, approximate err = 7.293140242836671e-07
  return f(*arrays, *other_args, **kwargs)
/appdata/users/P101440/micromamba/envs/torch29/lib/python3.11/site-packages/scipy/_lib/_util.py:1181: RuntimeWarning: logm result may be inaccurate, approximate err = 7.616576453983726e-07
  return f(*arrays, *other_args, **kwargs)
/appdata/users/P101440/micromamba/envs/torch29/lib/python3.11/site-packages/scipy/_lib/_util.py:1181: RuntimeWarning: logm result may be inaccurate, approximate err = 1.1656746892185765e-06
  return f(*arrays, *other_args, **kwargs)
/appdata/users/P101440/micromamba/envs/torch29/lib/python3.11/site-packages/scipy/_lib/_util.py:1181: RuntimeWarning: logm result may be inaccurate, approximate err = 6.860556140964036e-07
  return f(*arrays, *other_args, **kwargs)
/appdata/users/P101440/micromamba/envs/torch29/lib/python3.11/site-packages/scipy/_lib/_util.py:1181: RuntimeWarning: logm result may be inaccurate, approximate err = 7.902173706497706e-07
  return f(*arrays, *other_args, **kwargs)
/appdata/users/P101440/micromamba/envs/torch29/lib/python3.11/site-packages/scipy/_lib/_util.py:1181: RuntimeWarning: logm result may be inaccurate, approximate err = 9.760673265191144e-07
  return f(*arrays, *other_args, **kwargs)
/appdata/users/P101440/micromamba/envs/torch29/lib/python3.11/site-packages/scipy/_lib/_util.py:1181: RuntimeWarning: logm result may be inaccurate, approximate err = 1.2871668104708078e-06
  return f(*arrays, *other_args, **kwargs)
/appdata/users/P101440/micromamba/envs/torch29/lib/python3.11/site-packages/scipy/_lib/_util.py:1181: RuntimeWarning: logm result may be inaccurate, approximate err = 7.916028721410839e-07
  return f(*arrays, *other_args, **kwargs)
/appdata/users/P101440/micromamba/envs/torch29/lib/python3.11/site-packages/scipy/_lib/_util.py:1181: RuntimeWarning: logm result may be inaccurate, approximate err = 8.064513394856476e-07
  return f(*arrays, *other_args, **kwargs)
/appdata/users/P101440/micromamba/envs/torch29/lib/python3.11/site-packages/scipy/_lib/_util.py:1181: RuntimeWarning: logm result may be inaccurate, approximate err = 1.1852010857182904e-06
  return f(*arrays, *other_args, **kwargs)
/appdata/users/P101440/micromamba/envs/torch29/lib/python3.11/site-packages/scipy/_lib/_util.py:1181: RuntimeWarning: logm result may be inaccurate, approximate err = 1.114082010644779e-06
  return f(*arrays, *other_args, **kwargs)
/appdata/users/P101440/micromamba/envs/torch29/lib/python3.11/site-packages/scipy/_lib/_util.py:1181: RuntimeWarning: logm result may be inaccurate, approximate err = 7.105784902705636e-07
  return f(*arrays, *other_args, **kwargs)
/appdata/users/P101440/micromamba/envs/torch29/lib/python3.11/site-packages/scipy/_lib/_util.py:1181: RuntimeWarning: logm result may be inaccurate, approximate err = 1.205423473038536e-06
  return f(*arrays, *other_args, **kwargs)
/appdata/users/P101440/micromamba/envs/torch29/lib/python3.11/site-packages/scipy/_lib/_util.py:1181: RuntimeWarning: logm result may be inaccurate, approximate err = 6.228287929843646e-07
  return f(*arrays, *other_args, **kwargs)
/appdata/users/P101440/micromamba/envs/torch29/lib/python3.11/site-packages/scipy/_lib/_util.py:1181: RuntimeWarning: logm result may be inaccurate, approximate err = 7.1717369110047e-07
  return f(*arrays, *other_args, **kwargs)
/appdata/users/P101440/micromamba/envs/torch29/lib/python3.11/site-packages/scipy/_lib/_util.py:1181: RuntimeWarning: logm result may be inaccurate, approximate err = 1.0922456112893997e-06
  return f(*arrays, *other_args, **kwargs)
/appdata/users/P101440/micromamba/envs/torch29/lib/python3.11/site-packages/scipy/_lib/_util.py:1181: RuntimeWarning: logm result may be inaccurate, approximate err = 7.330275479944248e-07
  return f(*arrays, *other_args, **kwargs)
/appdata/users/P101440/micromamba/envs/torch29/lib/python3.11/site-packages/scipy/_lib/_util.py:1181: RuntimeWarning: logm result may be inaccurate, approximate err = 7.572722893200989e-07
  return f(*arrays, *other_args, **kwargs)
/appdata/users/P101440/micromamba/envs/torch29/lib/python3.11/site-packages/scipy/_lib/_util.py:1181: RuntimeWarning: logm result may be inaccurate, approximate err = 5.92790513564978e-07
  return f(*arrays, *other_args, **kwargs)
/appdata/users/P101440/micromamba/envs/torch29/lib/python3.11/site-packages/scipy/_lib/_util.py:1181: RuntimeWarning: logm result may be inaccurate, approximate err = 1.1137395858895616e-06
  return f(*arrays, *other_args, **kwargs)
/appdata/users/P101440/micromamba/envs/torch29/lib/python3.11/site-packages/scipy/_lib/_util.py:1181: RuntimeWarning: logm result may be inaccurate, approximate err = 6.979668114581727e-07
  return f(*arrays, *other_args, **kwargs)
/appdata/users/P101440/micromamba/envs/torch29/lib/python3.11/site-packages/scipy/_lib/_util.py:1181: RuntimeWarning: logm result may be inaccurate, approximate err = 1.1362255918356823e-06
  return f(*arrays, *other_args, **kwargs)
/appdata/users/P101440/micromamba/envs/torch29/lib/python3.11/site-packages/scipy/_lib/_util.py:1181: RuntimeWarning: logm result may be inaccurate, approximate err = 9.96959443000378e-07
  return f(*arrays, *other_args, **kwargs)
/appdata/users/P101440/micromamba/envs/torch29/lib/python3.11/site-packages/scipy/_lib/_util.py:1181: RuntimeWarning: logm result may be inaccurate, approximate err = 6.631841529269877e-07
  return f(*arrays, *other_args, **kwargs)
/appdata/users/P101440/micromamba/envs/torch29/lib/python3.11/site-packages/scipy/_lib/_util.py:1181: RuntimeWarning: logm result may be inaccurate, approximate err = 1.0770180551844533e-06
  return f(*arrays, *other_args, **kwargs)
/appdata/users/P101440/micromamba/envs/torch29/lib/python3.11/site-packages/scipy/_lib/_util.py:1181: RuntimeWarning: logm result may be inaccurate, approximate err = 7.886891353336978e-07
  return f(*arrays, *other_args, **kwargs)
/appdata/users/P101440/micromamba/envs/torch29/lib/python3.11/site-packages/scipy/_lib/_util.py:1181: RuntimeWarning: logm result may be inaccurate, approximate err = 7.51926961584104e-07
  return f(*arrays, *other_args, **kwargs)
/appdata/users/P101440/micromamba/envs/torch29/lib/python3.11/site-packages/scipy/_lib/_util.py:1181: RuntimeWarning: logm result may be inaccurate, approximate err = 8.932014452511794e-07
  return f(*arrays, *other_args, **kwargs)
/appdata/users/P101440/micromamba/envs/torch29/lib/python3.11/site-packages/scipy/_lib/_util.py:1181: RuntimeWarning: logm result may be inaccurate, approximate err = 7.25353572761378e-07
  return f(*arrays, *other_args, **kwargs)
/appdata/users/P101440/micromamba/envs/torch29/lib/python3.11/site-packages/scipy/_lib/_util.py:1181: RuntimeWarning: logm result may be inaccurate, approximate err = 1.175376837636577e-06
  return f(*arrays, *other_args, **kwargs)
/appdata/users/P101440/micromamba/envs/torch29/lib/python3.11/site-packages/scipy/_lib/_util.py:1181: RuntimeWarning: logm result may be inaccurate, approximate err = 6.754078754056536e-07
  return f(*arrays, *other_args, **kwargs)
/appdata/users/P101440/micromamba/envs/torch29/lib/python3.11/site-packages/scipy/_lib/_util.py:1181: RuntimeWarning: logm result may be inaccurate, approximate err = 1.4183366374709294e-06
  return f(*arrays, *other_args, **kwargs)
/appdata/users/P101440/micromamba/envs/torch29/lib/python3.11/site-packages/scipy/_lib/_util.py:1181: RuntimeWarning: logm result may be inaccurate, approximate err = 9.023649454320548e-07
  return f(*arrays, *other_args, **kwargs)
/appdata/users/P101440/micromamba/envs/torch29/lib/python3.11/site-packages/scipy/_lib/_util.py:1181: RuntimeWarning: logm result may be inaccurate, approximate err = 8.055987450461544e-07
  return f(*arrays, *other_args, **kwargs)
/appdata/users/P101440/micromamba/envs/torch29/lib/python3.11/site-packages/scipy/_lib/_util.py:1181: RuntimeWarning: logm result may be inaccurate, approximate err = 8.581462225265568e-07
  return f(*arrays, *other_args, **kwargs)
/appdata/users/P101440/micromamba/envs/torch29/lib/python3.11/site-packages/scipy/_lib/_util.py:1181: RuntimeWarning: logm result may be inaccurate, approximate err = 8.786621492617996e-07
  return f(*arrays, *other_args, **kwargs)
/appdata/users/P101440/micromamba/envs/torch29/lib/python3.11/site-packages/scipy/_lib/_util.py:1181: RuntimeWarning: logm result may be inaccurate, approximate err = 1.0762607871583896e-06
  return f(*arrays, *other_args, **kwargs)
/appdata/users/P101440/micromamba/envs/torch29/lib/python3.11/site-packages/scipy/_lib/_util.py:1181: RuntimeWarning: logm result may be inaccurate, approximate err = 1.0061254442916834e-06
  return f(*arrays, *other_args, **kwargs)
/appdata/users/P101440/micromamba/envs/torch29/lib/python3.11/site-packages/scipy/_lib/_util.py:1181: RuntimeWarning: logm result may be inaccurate, approximate err = 9.519379204903089e-07
  return f(*arrays, *other_args, **kwargs)
/appdata/users/P101440/micromamba/envs/torch29/lib/python3.11/site-packages/scipy/_lib/_util.py:1181: RuntimeWarning: logm result may be inaccurate, approximate err = 9.644394367569475e-07
  return f(*arrays, *other_args, **kwargs)
/appdata/users/P101440/micromamba/envs/torch29/lib/python3.11/site-packages/scipy/_lib/_util.py:1181: RuntimeWarning: logm result may be inaccurate, approximate err = 7.731688924650371e-07
  return f(*arrays, *other_args, **kwargs)
/appdata/users/P101440/micromamba/envs/torch29/lib/python3.11/site-packages/scipy/_lib/_util.py:1181: RuntimeWarning: logm result may be inaccurate, approximate err = 7.081878834469535e-07
  return f(*arrays, *other_args, **kwargs)
/appdata/users/P101440/micromamba/envs/torch29/lib/python3.11/site-packages/scipy/_lib/_util.py:1181: RuntimeWarning: logm result may be inaccurate, approximate err = 8.732127412258706e-07
  return f(*arrays, *other_args, **kwargs)
/appdata/users/P101440/micromamba/envs/torch29/lib/python3.11/site-packages/scipy/_lib/_util.py:1181: RuntimeWarning: logm result may be inaccurate, approximate err = 7.777191513014259e-07
  return f(*arrays, *other_args, **kwargs)
/appdata/users/P101440/micromamba/envs/torch29/lib/python3.11/site-packages/scipy/_lib/_util.py:1181: RuntimeWarning: logm result may be inaccurate, approximate err = 7.765308964735596e-07
  return f(*arrays, *other_args, **kwargs)
/appdata/users/P101440/micromamba/envs/torch29/lib/python3.11/site-packages/scipy/_lib/_util.py:1181: RuntimeWarning: logm result may be inaccurate, approximate err = 8.61106911997922e-07
  return f(*arrays, *other_args, **kwargs)
/appdata/users/P101440/micromamba/envs/torch29/lib/python3.11/site-packages/scipy/_lib/_util.py:1181: RuntimeWarning: logm result may be inaccurate, approximate err = 7.06643163539411e-07
  return f(*arrays, *other_args, **kwargs)
/appdata/users/P101440/micromamba/envs/torch29/lib/python3.11/site-packages/scipy/_lib/_util.py:1181: RuntimeWarning: logm result may be inaccurate, approximate err = 7.444928655786498e-07
  return f(*arrays, *other_args, **kwargs)
/appdata/users/P101440/micromamba/envs/torch29/lib/python3.11/site-packages/scipy/_lib/_util.py:1181: RuntimeWarning: logm result may be inaccurate, approximate err = 7.720625490037492e-07
  return f(*arrays, *other_args, **kwargs)
/appdata/users/P101440/micromamba/envs/torch29/lib/python3.11/site-packages/scipy/_lib/_util.py:1181: RuntimeWarning: logm result may be inaccurate, approximate err = 6.718313443343504e-07
  return f(*arrays, *other_args, **kwargs)
/appdata/users/P101440/micromamba/envs/torch29/lib/python3.11/site-packages/scipy/_lib/_util.py:1181: RuntimeWarning: logm result may be inaccurate, approximate err = 8.958274406722921e-07
  return f(*arrays, *other_args, **kwargs)
/appdata/users/P101440/micromamba/envs/torch29/lib/python3.11/site-packages/scipy/_lib/_util.py:1181: RuntimeWarning: logm result may be inaccurate, approximate err = 9.480817197982105e-07
  return f(*arrays, *other_args, **kwargs)
/appdata/users/P101440/micromamba/envs/torch29/lib/python3.11/site-packages/scipy/_lib/_util.py:1181: RuntimeWarning: logm result may be inaccurate, approximate err = 9.258709496862139e-07
  return f(*arrays, *other_args, **kwargs)
/appdata/users/P101440/micromamba/envs/torch29/lib/python3.11/site-packages/scipy/_lib/_util.py:1181: RuntimeWarning: logm result may be inaccurate, approximate err = 7.833585300431878e-07
  return f(*arrays, *other_args, **kwargs)
/appdata/users/P101440/micromamba/envs/torch29/lib/python3.11/site-packages/scipy/_lib/_util.py:1181: RuntimeWarning: logm result may be inaccurate, approximate err = 8.403662832279224e-07
  return f(*arrays, *other_args, **kwargs)
/appdata/users/P101440/micromamba/envs/torch29/lib/python3.11/site-packages/scipy/_lib/_util.py:1181: RuntimeWarning: logm result may be inaccurate, approximate err = 6.75194939958601e-07
  return f(*arrays, *other_args, **kwargs)
/appdata/users/P101440/micromamba/envs/torch29/lib/python3.11/site-packages/scipy/_lib/_util.py:1181: RuntimeWarning: logm result may be inaccurate, approximate err = 6.942380537111603e-07
  return f(*arrays, *other_args, **kwargs)
/appdata/users/P101440/micromamba/envs/torch29/lib/python3.11/site-packages/scipy/_lib/_util.py:1181: RuntimeWarning: logm result may be inaccurate, approximate err = 1.0312272706869408e-06
  return f(*arrays, *other_args, **kwargs)
/appdata/users/P101440/micromamba/envs/torch29/lib/python3.11/site-packages/scipy/_lib/_util.py:1181: RuntimeWarning: logm result may be inaccurate, approximate err = 8.527736667929275e-07
  return f(*arrays, *other_args, **kwargs)
/appdata/users/P101440/micromamba/envs/torch29/lib/python3.11/site-packages/scipy/_lib/_util.py:1181: RuntimeWarning: logm result may be inaccurate, approximate err = 6.772148708478198e-07
  return f(*arrays, *other_args, **kwargs)
/appdata/users/P101440/micromamba/envs/torch29/lib/python3.11/site-packages/scipy/_lib/_util.py:1181: RuntimeWarning: logm result may be inaccurate, approximate err = 6.348394094857213e-07
  return f(*arrays, *other_args, **kwargs)
/appdata/users/P101440/micromamba/envs/torch29/lib/python3.11/site-packages/scipy/_lib/_util.py:1181: RuntimeWarning: logm result may be inaccurate, approximate err = 9.018300488605746e-07
  return f(*arrays, *other_args, **kwargs)
/appdata/users/P101440/micromamba/envs/torch29/lib/python3.11/site-packages/scipy/_lib/_util.py:1181: RuntimeWarning: logm result may be inaccurate, approximate err = 8.098058401628805e-07
  return f(*arrays, *other_args, **kwargs)
/appdata/users/P101440/micromamba/envs/torch29/lib/python3.11/site-packages/scipy/_lib/_util.py:1181: RuntimeWarning: logm result may be inaccurate, approximate err = 1.0836055253093946e-06
  return f(*arrays, *other_args, **kwargs)
/appdata/users/P101440/micromamba/envs/torch29/lib/python3.11/site-packages/scipy/_lib/_util.py:1181: RuntimeWarning: logm result may be inaccurate, approximate err = 1.173045802715933e-06
  return f(*arrays, *other_args, **kwargs)
/appdata/users/P101440/micromamba/envs/torch29/lib/python3.11/site-packages/scipy/_lib/_util.py:1181: RuntimeWarning: logm result may be inaccurate, approximate err = 1.0027868029283127e-06
  return f(*arrays, *other_args, **kwargs)
/appdata/users/P101440/micromamba/envs/torch29/lib/python3.11/site-packages/scipy/_lib/_util.py:1181: RuntimeWarning: logm result may be inaccurate, approximate err = 7.238948001031531e-07
  return f(*arrays, *other_args, **kwargs)
/appdata/users/P101440/micromamba/envs/torch29/lib/python3.11/site-packages/scipy/_lib/_util.py:1181: RuntimeWarning: logm result may be inaccurate, approximate err = 7.844278115953784e-07
  return f(*arrays, *other_args, **kwargs)
/appdata/users/P101440/micromamba/envs/torch29/lib/python3.11/site-packages/scipy/_lib/_util.py:1181: RuntimeWarning: logm result may be inaccurate, approximate err = 6.037550406290393e-07
  return f(*arrays, *other_args, **kwargs)
/appdata/users/P101440/micromamba/envs/torch29/lib/python3.11/site-packages/scipy/_lib/_util.py:1181: RuntimeWarning: logm result may be inaccurate, approximate err = 7.266174861797481e-07
  return f(*arrays, *other_args, **kwargs)
/appdata/users/P101440/micromamba/envs/torch29/lib/python3.11/site-packages/scipy/_lib/_util.py:1181: RuntimeWarning: logm result may be inaccurate, approximate err = 1.0864504247365403e-06
  return f(*arrays, *other_args, **kwargs)
/appdata/users/P101440/micromamba/envs/torch29/lib/python3.11/site-packages/scipy/_lib/_util.py:1181: RuntimeWarning: logm result may be inaccurate, approximate err = 8.33201397654193e-07
  return f(*arrays, *other_args, **kwargs)
/appdata/users/P101440/micromamba/envs/torch29/lib/python3.11/site-packages/scipy/_lib/_util.py:1181: RuntimeWarning: logm result may be inaccurate, approximate err = 6.329964321594161e-07
  return f(*arrays, *other_args, **kwargs)
/appdata/users/P101440/micromamba/envs/torch29/lib/python3.11/site-packages/scipy/_lib/_util.py:1181: RuntimeWarning: logm result may be inaccurate, approximate err = 8.84696646608063e-07
  return f(*arrays, *other_args, **kwargs)
/appdata/users/P101440/micromamba/envs/torch29/lib/python3.11/site-packages/scipy/_lib/_util.py:1181: RuntimeWarning: logm result may be inaccurate, approximate err = 9.172979389404645e-07
  return f(*arrays, *other_args, **kwargs)
/appdata/users/P101440/micromamba/envs/torch29/lib/python3.11/site-packages/scipy/_lib/_util.py:1181: RuntimeWarning: logm result may be inaccurate, approximate err = 9.608611435396597e-07
  return f(*arrays, *other_args, **kwargs)
/appdata/users/P101440/micromamba/envs/torch29/lib/python3.11/site-packages/scipy/_lib/_util.py:1181: RuntimeWarning: logm result may be inaccurate, approximate err = 7.995497526280815e-07
  return f(*arrays, *other_args, **kwargs)
/appdata/users/P101440/micromamba/envs/torch29/lib/python3.11/site-packages/scipy/_lib/_util.py:1181: RuntimeWarning: logm result may be inaccurate, approximate err = 1.4006985793457716e-06
  return f(*arrays, *other_args, **kwargs)
/appdata/users/P101440/micromamba/envs/torch29/lib/python3.11/site-packages/scipy/_lib/_util.py:1181: RuntimeWarning: logm result may be inaccurate, approximate err = 1.0115455779668991e-06
  return f(*arrays, *other_args, **kwargs)
/appdata/users/P101440/micromamba/envs/torch29/lib/python3.11/site-packages/scipy/_lib/_util.py:1181: RuntimeWarning: logm result may be inaccurate, approximate err = 8.651527991787589e-07
  return f(*arrays, *other_args, **kwargs)
/appdata/users/P101440/micromamba/envs/torch29/lib/python3.11/site-packages/scipy/_lib/_util.py:1181: RuntimeWarning: logm result may be inaccurate, approximate err = 8.842623060445476e-07
  return f(*arrays, *other_args, **kwargs)
/appdata/users/P101440/micromamba/envs/torch29/lib/python3.11/site-packages/scipy/_lib/_util.py:1181: RuntimeWarning: logm result may be inaccurate, approximate err = 5.414661359282036e-07
  return f(*arrays, *other_args, **kwargs)
/appdata/users/P101440/micromamba/envs/torch29/lib/python3.11/site-packages/scipy/_lib/_util.py:1181: RuntimeWarning: logm result may be inaccurate, approximate err = 1.2210972499815398e-06
  return f(*arrays, *other_args, **kwargs)
/appdata/users/P101440/micromamba/envs/torch29/lib/python3.11/site-packages/scipy/_lib/_util.py:1181: RuntimeWarning: logm result may be inaccurate, approximate err = 8.679621146256977e-07
  return f(*arrays, *other_args, **kwargs)
/appdata/users/P101440/micromamba/envs/torch29/lib/python3.11/site-packages/scipy/_lib/_util.py:1181: RuntimeWarning: logm result may be inaccurate, approximate err = 7.195041007435066e-07
  return f(*arrays, *other_args, **kwargs)
/appdata/users/P101440/micromamba/envs/torch29/lib/python3.11/site-packages/scipy/_lib/_util.py:1181: RuntimeWarning: logm result may be inaccurate, approximate err = 8.287209425361652e-07
  return f(*arrays, *other_args, **kwargs)
/appdata/users/P101440/micromamba/envs/torch29/lib/python3.11/site-packages/scipy/_lib/_util.py:1181: RuntimeWarning: logm result may be inaccurate, approximate err = 6.761329700566421e-07
  return f(*arrays, *other_args, **kwargs)
/appdata/users/P101440/micromamba/envs/torch29/lib/python3.11/site-packages/scipy/_lib/_util.py:1181: RuntimeWarning: logm result may be inaccurate, approximate err = 9.391823141413624e-07
  return f(*arrays, *other_args, **kwargs)
/appdata/users/P101440/micromamba/envs/torch29/lib/python3.11/site-packages/scipy/_lib/_util.py:1181: RuntimeWarning: logm result may be inaccurate, approximate err = 1.0161486443394097e-06
  return f(*arrays, *other_args, **kwargs)
/appdata/users/P101440/micromamba/envs/torch29/lib/python3.11/site-packages/scipy/_lib/_util.py:1181: RuntimeWarning: logm result may be inaccurate, approximate err = 7.631078915437683e-07
  return f(*arrays, *other_args, **kwargs)
/appdata/users/P101440/micromamba/envs/torch29/lib/python3.11/site-packages/scipy/_lib/_util.py:1181: RuntimeWarning: logm result may be inaccurate, approximate err = 8.92038542588125e-07
  return f(*arrays, *other_args, **kwargs)
/appdata/users/P101440/micromamba/envs/torch29/lib/python3.11/site-packages/scipy/_lib/_util.py:1181: RuntimeWarning: logm result may be inaccurate, approximate err = 8.009001817299577e-07
  return f(*arrays, *other_args, **kwargs)
/appdata/users/P101440/micromamba/envs/torch29/lib/python3.11/site-packages/scipy/_lib/_util.py:1181: RuntimeWarning: logm result may be inaccurate, approximate err = 1.675137696111051e-06
  return f(*arrays, *other_args, **kwargs)
/appdata/users/P101440/micromamba/envs/torch29/lib/python3.11/site-packages/scipy/_lib/_util.py:1181: RuntimeWarning: logm result may be inaccurate, approximate err = 1.2250380905243219e-06
  return f(*arrays, *other_args, **kwargs)
/appdata/users/P101440/micromamba/envs/torch29/lib/python3.11/site-packages/scipy/_lib/_util.py:1181: RuntimeWarning: logm result may be inaccurate, approximate err = 7.731471782790322e-07
  return f(*arrays, *other_args, **kwargs)
/appdata/users/P101440/micromamba/envs/torch29/lib/python3.11/site-packages/scipy/_lib/_util.py:1181: RuntimeWarning: logm result may be inaccurate, approximate err = 1.2951630878887954e-06
  return f(*arrays, *other_args, **kwargs)
/appdata/users/P101440/micromamba/envs/torch29/lib/python3.11/site-packages/scipy/_lib/_util.py:1181: RuntimeWarning: logm result may be inaccurate, approximate err = 1.144555085375032e-06
  return f(*arrays, *other_args, **kwargs)
/appdata/users/P101440/micromamba/envs/torch29/lib/python3.11/site-packages/scipy/_lib/_util.py:1181: RuntimeWarning: logm result may be inaccurate, approximate err = 1.113767552851641e-06
  return f(*arrays, *other_args, **kwargs)
/appdata/users/P101440/micromamba/envs/torch29/lib/python3.11/site-packages/scipy/_lib/_util.py:1181: RuntimeWarning: logm result may be inaccurate, approximate err = 7.024288493084896e-07
  return f(*arrays, *other_args, **kwargs)
/appdata/users/P101440/micromamba/envs/torch29/lib/python3.11/site-packages/scipy/_lib/_util.py:1181: RuntimeWarning: logm result may be inaccurate, approximate err = 8.543233320779109e-07
  return f(*arrays, *other_args, **kwargs)
/appdata/users/P101440/micromamba/envs/torch29/lib/python3.11/site-packages/scipy/_lib/_util.py:1181: RuntimeWarning: logm result may be inaccurate, approximate err = 6.585029836969625e-07
  return f(*arrays, *other_args, **kwargs)
/appdata/users/P101440/micromamba/envs/torch29/lib/python3.11/site-packages/scipy/_lib/_util.py:1181: RuntimeWarning: logm result may be inaccurate, approximate err = 7.512769570894307e-07
  return f(*arrays, *other_args, **kwargs)
/appdata/users/P101440/micromamba/envs/torch29/lib/python3.11/site-packages/scipy/_lib/_util.py:1181: RuntimeWarning: logm result may be inaccurate, approximate err = 6.473039206866815e-07
  return f(*arrays, *other_args, **kwargs)
/appdata/users/P101440/micromamba/envs/torch29/lib/python3.11/site-packages/scipy/_lib/_util.py:1181: RuntimeWarning: logm result may be inaccurate, approximate err = 7.510214459216513e-07
  return f(*arrays, *other_args, **kwargs)
/appdata/users/P101440/micromamba/envs/torch29/lib/python3.11/site-packages/scipy/_lib/_util.py:1181: RuntimeWarning: logm result may be inaccurate, approximate err = 5.921038450651395e-07
  return f(*arrays, *other_args, **kwargs)
/appdata/users/P101440/micromamba/envs/torch29/lib/python3.11/site-packages/scipy/_lib/_util.py:1181: RuntimeWarning: logm result may be inaccurate, approximate err = 8.756812803767389e-07
  return f(*arrays, *other_args, **kwargs)
/appdata/users/P101440/micromamba/envs/torch29/lib/python3.11/site-packages/scipy/_lib/_util.py:1181: RuntimeWarning: logm result may be inaccurate, approximate err = 7.921765359242272e-07
  return f(*arrays, *other_args, **kwargs)
/appdata/users/P101440/micromamba/envs/torch29/lib/python3.11/site-packages/scipy/_lib/_util.py:1181: RuntimeWarning: logm result may be inaccurate, approximate err = 6.778506076443591e-07
  return f(*arrays, *other_args, **kwargs)
/appdata/users/P101440/micromamba/envs/torch29/lib/python3.11/site-packages/scipy/_lib/_util.py:1181: RuntimeWarning: logm result may be inaccurate, approximate err = 8.485403668601066e-07
  return f(*arrays, *other_args, **kwargs)
/appdata/users/P101440/micromamba/envs/torch29/lib/python3.11/site-packages/scipy/_lib/_util.py:1181: RuntimeWarning: logm result may be inaccurate, approximate err = 9.925696531354333e-07
  return f(*arrays, *other_args, **kwargs)
/appdata/users/P101440/micromamba/envs/torch29/lib/python3.11/site-packages/scipy/_lib/_util.py:1181: RuntimeWarning: logm result may be inaccurate, approximate err = 7.580359806524939e-07
  return f(*arrays, *other_args, **kwargs)
/appdata/users/P101440/micromamba/envs/torch29/lib/python3.11/site-packages/scipy/_lib/_util.py:1181: RuntimeWarning: logm result may be inaccurate, approximate err = 1.3659322348757996e-06
  return f(*arrays, *other_args, **kwargs)
/appdata/users/P101440/micromamba/envs/torch29/lib/python3.11/site-packages/scipy/_lib/_util.py:1181: RuntimeWarning: logm result may be inaccurate, approximate err = 7.25319296179805e-07
  return f(*arrays, *other_args, **kwargs)
/appdata/users/P101440/micromamba/envs/torch29/lib/python3.11/site-packages/scipy/_lib/_util.py:1181: RuntimeWarning: logm result may be inaccurate, approximate err = 6.815193955844734e-07
  return f(*arrays, *other_args, **kwargs)
/appdata/users/P101440/micromamba/envs/torch29/lib/python3.11/site-packages/scipy/_lib/_util.py:1181: RuntimeWarning: logm result may be inaccurate, approximate err = 9.104829814532422e-07
  return f(*arrays, *other_args, **kwargs)
/appdata/users/P101440/micromamba/envs/torch29/lib/python3.11/site-packages/scipy/_lib/_util.py:1181: RuntimeWarning: logm result may be inaccurate, approximate err = 5.021383344683272e-07
  return f(*arrays, *other_args, **kwargs)
/appdata/users/P101440/micromamba/envs/torch29/lib/python3.11/site-packages/scipy/_lib/_util.py:1181: RuntimeWarning: logm result may be inaccurate, approximate err = 1.002640033220814e-06
  return f(*arrays, *other_args, **kwargs)
/appdata/users/P101440/micromamba/envs/torch29/lib/python3.11/site-packages/scipy/_lib/_util.py:1181: RuntimeWarning: logm result may be inaccurate, approximate err = 7.73722263147647e-07
  return f(*arrays, *other_args, **kwargs)
/appdata/users/P101440/micromamba/envs/torch29/lib/python3.11/site-packages/scipy/_lib/_util.py:1181: RuntimeWarning: logm result may be inaccurate, approximate err = 8.611763746557699e-07
  return f(*arrays, *other_args, **kwargs)
/appdata/users/P101440/micromamba/envs/torch29/lib/python3.11/site-packages/scipy/_lib/_util.py:1181: RuntimeWarning: logm result may be inaccurate, approximate err = 1.0246184274365078e-06
  return f(*arrays, *other_args, **kwargs)
/appdata/users/P101440/micromamba/envs/torch29/lib/python3.11/site-packages/scipy/_lib/_util.py:1181: RuntimeWarning: logm result may be inaccurate, approximate err = 1.1583010746107902e-06
  return f(*arrays, *other_args, **kwargs)
/appdata/users/P101440/micromamba/envs/torch29/lib/python3.11/site-packages/scipy/_lib/_util.py:1181: RuntimeWarning: logm result may be inaccurate, approximate err = 8.440348437943612e-07
  return f(*arrays, *other_args, **kwargs)
/appdata/users/P101440/micromamba/envs/torch29/lib/python3.11/site-packages/scipy/_lib/_util.py:1181: RuntimeWarning: logm result may be inaccurate, approximate err = 6.745600558133447e-07
  return f(*arrays, *other_args, **kwargs)
/appdata/users/P101440/micromamba/envs/torch29/lib/python3.11/site-packages/scipy/_lib/_util.py:1181: RuntimeWarning: logm result may be inaccurate, approximate err = 5.116224315315776e-07
  return f(*arrays, *other_args, **kwargs)
/appdata/users/P101440/micromamba/envs/torch29/lib/python3.11/site-packages/scipy/_lib/_util.py:1181: RuntimeWarning: logm result may be inaccurate, approximate err = 6.843727078376105e-07
  return f(*arrays, *other_args, **kwargs)
/appdata/users/P101440/micromamba/envs/torch29/lib/python3.11/site-packages/scipy/_lib/_util.py:1181: RuntimeWarning: logm result may be inaccurate, approximate err = 8.091363952189567e-07
  return f(*arrays, *other_args, **kwargs)
/appdata/users/P101440/micromamba/envs/torch29/lib/python3.11/site-packages/scipy/_lib/_util.py:1181: RuntimeWarning: logm result may be inaccurate, approximate err = 8.006887242117955e-07
  return f(*arrays, *other_args, **kwargs)
/appdata/users/P101440/micromamba/envs/torch29/lib/python3.11/site-packages/scipy/_lib/_util.py:1181: RuntimeWarning: logm result may be inaccurate, approximate err = 7.846106200304348e-07
  return f(*arrays, *other_args, **kwargs)
/appdata/users/P101440/micromamba/envs/torch29/lib/python3.11/site-packages/scipy/_lib/_util.py:1181: RuntimeWarning: logm result may be inaccurate, approximate err = 1.0092543334394577e-06
  return f(*arrays, *other_args, **kwargs)
/appdata/users/P101440/micromamba/envs/torch29/lib/python3.11/site-packages/scipy/_lib/_util.py:1181: RuntimeWarning: logm result may be inaccurate, approximate err = 9.030326282299939e-07
  return f(*arrays, *other_args, **kwargs)
/appdata/users/P101440/micromamba/envs/torch29/lib/python3.11/site-packages/scipy/_lib/_util.py:1181: RuntimeWarning: logm result may be inaccurate, approximate err = 9.532420790492324e-07
  return f(*arrays, *other_args, **kwargs)
/appdata/users/P101440/micromamba/envs/torch29/lib/python3.11/site-packages/scipy/_lib/_util.py:1181: RuntimeWarning: logm result may be inaccurate, approximate err = 1.0524935305511463e-06
  return f(*arrays, *other_args, **kwargs)
/appdata/users/P101440/micromamba/envs/torch29/lib/python3.11/site-packages/scipy/_lib/_util.py:1181: RuntimeWarning: logm result may be inaccurate, approximate err = 9.252514701074688e-07
  return f(*arrays, *other_args, **kwargs)
/appdata/users/P101440/micromamba/envs/torch29/lib/python3.11/site-packages/scipy/_lib/_util.py:1181: RuntimeWarning: logm result may be inaccurate, approximate err = 7.140374691516627e-07
  return f(*arrays, *other_args, **kwargs)
/appdata/users/P101440/micromamba/envs/torch29/lib/python3.11/site-packages/scipy/_lib/_util.py:1181: RuntimeWarning: logm result may be inaccurate, approximate err = 8.412195029450231e-07
  return f(*arrays, *other_args, **kwargs)
/appdata/users/P101440/micromamba/envs/torch29/lib/python3.11/site-packages/scipy/_lib/_util.py:1181: RuntimeWarning: logm result may be inaccurate, approximate err = 9.030047749547521e-07
  return f(*arrays, *other_args, **kwargs)
/appdata/users/P101440/micromamba/envs/torch29/lib/python3.11/site-packages/scipy/_lib/_util.py:1181: RuntimeWarning: logm result may be inaccurate, approximate err = 8.493545919918688e-07
  return f(*arrays, *other_args, **kwargs)
/appdata/users/P101440/micromamba/envs/torch29/lib/python3.11/site-packages/scipy/_lib/_util.py:1181: RuntimeWarning: logm result may be inaccurate, approximate err = 7.958076935210556e-07
  return f(*arrays, *other_args, **kwargs)
/appdata/users/P101440/micromamba/envs/torch29/lib/python3.11/site-packages/scipy/_lib/_util.py:1181: RuntimeWarning: logm result may be inaccurate, approximate err = 1.0182930054725148e-06
  return f(*arrays, *other_args, **kwargs)
/appdata/users/P101440/micromamba/envs/torch29/lib/python3.11/site-packages/scipy/_lib/_util.py:1181: RuntimeWarning: logm result may be inaccurate, approximate err = 7.676918585275416e-07
  return f(*arrays, *other_args, **kwargs)
/appdata/users/P101440/micromamba/envs/torch29/lib/python3.11/site-packages/scipy/_lib/_util.py:1181: RuntimeWarning: logm result may be inaccurate, approximate err = 9.096606845560018e-07
  return f(*arrays, *other_args, **kwargs)
/appdata/users/P101440/micromamba/envs/torch29/lib/python3.11/site-packages/scipy/_lib/_util.py:1181: RuntimeWarning: logm result may be inaccurate, approximate err = 1.1204637075934443e-06
  return f(*arrays, *other_args, **kwargs)
/appdata/users/P101440/micromamba/envs/torch29/lib/python3.11/site-packages/scipy/_lib/_util.py:1181: RuntimeWarning: logm result may be inaccurate, approximate err = 8.691425819051801e-07
  return f(*arrays, *other_args, **kwargs)
/appdata/users/P101440/micromamba/envs/torch29/lib/python3.11/site-packages/scipy/_lib/_util.py:1181: RuntimeWarning: logm result may be inaccurate, approximate err = 9.974058912121109e-07
  return f(*arrays, *other_args, **kwargs)
/appdata/users/P101440/micromamba/envs/torch29/lib/python3.11/site-packages/scipy/_lib/_util.py:1181: RuntimeWarning: logm result may be inaccurate, approximate err = 6.745561904608621e-07
  return f(*arrays, *other_args, **kwargs)
/appdata/users/P101440/micromamba/envs/torch29/lib/python3.11/site-packages/scipy/_lib/_util.py:1181: RuntimeWarning: logm result may be inaccurate, approximate err = 1.7284378373005893e-06
  return f(*arrays, *other_args, **kwargs)
/appdata/users/P101440/micromamba/envs/torch29/lib/python3.11/site-packages/scipy/_lib/_util.py:1181: RuntimeWarning: logm result may be inaccurate, approximate err = 8.363655865650799e-07
  return f(*arrays, *other_args, **kwargs)
/appdata/users/P101440/micromamba/envs/torch29/lib/python3.11/site-packages/scipy/_lib/_util.py:1181: RuntimeWarning: logm result may be inaccurate, approximate err = 1.0545965096753207e-06
  return f(*arrays, *other_args, **kwargs)
/appdata/users/P101440/micromamba/envs/torch29/lib/python3.11/site-packages/scipy/_lib/_util.py:1181: RuntimeWarning: logm result may be inaccurate, approximate err = 9.119384571931732e-07
  return f(*arrays, *other_args, **kwargs)
/appdata/users/P101440/micromamba/envs/torch29/lib/python3.11/site-packages/scipy/_lib/_util.py:1181: RuntimeWarning: logm result may be inaccurate, approximate err = 7.911120292192209e-07
  return f(*arrays, *other_args, **kwargs)
/appdata/users/P101440/micromamba/envs/torch29/lib/python3.11/site-packages/scipy/_lib/_util.py:1181: RuntimeWarning: logm result may be inaccurate, approximate err = 6.979730642342474e-07
  return f(*arrays, *other_args, **kwargs)
/appdata/users/P101440/micromamba/envs/torch29/lib/python3.11/site-packages/scipy/_lib/_util.py:1181: RuntimeWarning: logm result may be inaccurate, approximate err = 1.1151653325214284e-06
  return f(*arrays, *other_args, **kwargs)
/appdata/users/P101440/micromamba/envs/torch29/lib/python3.11/site-packages/scipy/_lib/_util.py:1181: RuntimeWarning: logm result may be inaccurate, approximate err = 1.0089553370562498e-06
  return f(*arrays, *other_args, **kwargs)
/appdata/users/P101440/micromamba/envs/torch29/lib/python3.11/site-packages/scipy/_lib/_util.py:1181: RuntimeWarning: logm result may be inaccurate, approximate err = 7.158741937018931e-07
  return f(*arrays, *other_args, **kwargs)
/appdata/users/P101440/micromamba/envs/torch29/lib/python3.11/site-packages/scipy/_lib/_util.py:1181: RuntimeWarning: logm result may be inaccurate, approximate err = 8.879003416950582e-07
  return f(*arrays, *other_args, **kwargs)
/appdata/users/P101440/micromamba/envs/torch29/lib/python3.11/site-packages/scipy/_lib/_util.py:1181: RuntimeWarning: logm result may be inaccurate, approximate err = 8.367773034478887e-07
  return f(*arrays, *other_args, **kwargs)
/appdata/users/P101440/micromamba/envs/torch29/lib/python3.11/site-packages/scipy/_lib/_util.py:1181: RuntimeWarning: logm result may be inaccurate, approximate err = 8.922536949285131e-07
  return f(*arrays, *other_args, **kwargs)
/appdata/users/P101440/micromamba/envs/torch29/lib/python3.11/site-packages/scipy/_lib/_util.py:1181: RuntimeWarning: logm result may be inaccurate, approximate err = 5.696691118828312e-07
  return f(*arrays, *other_args, **kwargs)
/appdata/users/P101440/micromamba/envs/torch29/lib/python3.11/site-packages/scipy/_lib/_util.py:1181: RuntimeWarning: logm result may be inaccurate, approximate err = 7.580692340525275e-07
  return f(*arrays, *other_args, **kwargs)
/appdata/users/P101440/micromamba/envs/torch29/lib/python3.11/site-packages/scipy/_lib/_util.py:1181: RuntimeWarning: logm result may be inaccurate, approximate err = 6.856490699647111e-07
  return f(*arrays, *other_args, **kwargs)
/appdata/users/P101440/micromamba/envs/torch29/lib/python3.11/site-packages/scipy/_lib/_util.py:1181: RuntimeWarning: logm result may be inaccurate, approximate err = 8.725679094823136e-07
  return f(*arrays, *other_args, **kwargs)
/appdata/users/P101440/micromamba/envs/torch29/lib/python3.11/site-packages/scipy/_lib/_util.py:1181: RuntimeWarning: logm result may be inaccurate, approximate err = 7.832164214960358e-07
  return f(*arrays, *other_args, **kwargs)
/appdata/users/P101440/micromamba/envs/torch29/lib/python3.11/site-packages/scipy/_lib/_util.py:1181: RuntimeWarning: logm result may be inaccurate, approximate err = 8.588911555307277e-07
  return f(*arrays, *other_args, **kwargs)
/appdata/users/P101440/micromamba/envs/torch29/lib/python3.11/site-packages/scipy/_lib/_util.py:1181: RuntimeWarning: logm result may be inaccurate, approximate err = 7.011433353909524e-07
  return f(*arrays, *other_args, **kwargs)
/appdata/users/P101440/micromamba/envs/torch29/lib/python3.11/site-packages/scipy/_lib/_util.py:1181: RuntimeWarning: logm result may be inaccurate, approximate err = 7.695893486925343e-07
  return f(*arrays, *other_args, **kwargs)
/appdata/users/P101440/micromamba/envs/torch29/lib/python3.11/site-packages/scipy/_lib/_util.py:1181: RuntimeWarning: logm result may be inaccurate, approximate err = 7.867029125918634e-07
  return f(*arrays, *other_args, **kwargs)
/appdata/users/P101440/micromamba/envs/torch29/lib/python3.11/site-packages/scipy/_lib/_util.py:1181: RuntimeWarning: logm result may be inaccurate, approximate err = 7.600791036566079e-07
  return f(*arrays, *other_args, **kwargs)
/appdata/users/P101440/micromamba/envs/torch29/lib/python3.11/site-packages/scipy/_lib/_util.py:1181: RuntimeWarning: logm result may be inaccurate, approximate err = 5.812265726490295e-07
  return f(*arrays, *other_args, **kwargs)
/appdata/users/P101440/micromamba/envs/torch29/lib/python3.11/site-packages/scipy/_lib/_util.py:1181: RuntimeWarning: logm result may be inaccurate, approximate err = 7.792508540660492e-07
  return f(*arrays, *other_args, **kwargs)
/appdata/users/P101440/micromamba/envs/torch29/lib/python3.11/site-packages/scipy/_lib/_util.py:1181: RuntimeWarning: logm result may be inaccurate, approximate err = 8.59263479924266e-07
  return f(*arrays, *other_args, **kwargs)
/appdata/users/P101440/micromamba/envs/torch29/lib/python3.11/site-packages/scipy/_lib/_util.py:1181: RuntimeWarning: logm result may be inaccurate, approximate err = 5.744247459915641e-07
  return f(*arrays, *other_args, **kwargs)
/appdata/users/P101440/micromamba/envs/torch29/lib/python3.11/site-packages/scipy/_lib/_util.py:1181: RuntimeWarning: logm result may be inaccurate, approximate err = 9.57640509113844e-07
  return f(*arrays, *other_args, **kwargs)
/appdata/users/P101440/micromamba/envs/torch29/lib/python3.11/site-packages/scipy/_lib/_util.py:1181: RuntimeWarning: logm result may be inaccurate, approximate err = 6.447657483477087e-07
  return f(*arrays, *other_args, **kwargs)
/appdata/users/P101440/micromamba/envs/torch29/lib/python3.11/site-packages/scipy/_lib/_util.py:1181: RuntimeWarning: logm result may be inaccurate, approximate err = 8.656863315081864e-07
  return f(*arrays, *other_args, **kwargs)
/appdata/users/P101440/micromamba/envs/torch29/lib/python3.11/site-packages/scipy/_lib/_util.py:1181: RuntimeWarning: logm result may be inaccurate, approximate err = 8.610214763393742e-07
  return f(*arrays, *other_args, **kwargs)
/appdata/users/P101440/micromamba/envs/torch29/lib/python3.11/site-packages/scipy/_lib/_util.py:1181: RuntimeWarning: logm result may be inaccurate, approximate err = 9.472236683905066e-07
  return f(*arrays, *other_args, **kwargs)
/appdata/users/P101440/micromamba/envs/torch29/lib/python3.11/site-packages/scipy/_lib/_util.py:1181: RuntimeWarning: logm result may be inaccurate, approximate err = 7.165536430875363e-07
  return f(*arrays, *other_args, **kwargs)
/appdata/users/P101440/micromamba/envs/torch29/lib/python3.11/site-packages/scipy/_lib/_util.py:1181: RuntimeWarning: logm result may be inaccurate, approximate err = 7.847201572985796e-07
  return f(*arrays, *other_args, **kwargs)
/appdata/users/P101440/micromamba/envs/torch29/lib/python3.11/site-packages/scipy/_lib/_util.py:1181: RuntimeWarning: logm result may be inaccurate, approximate err = 7.574363962703501e-07
  return f(*arrays, *other_args, **kwargs)
/appdata/users/P101440/micromamba/envs/torch29/lib/python3.11/site-packages/scipy/_lib/_util.py:1181: RuntimeWarning: logm result may be inaccurate, approximate err = 6.454600907090935e-07
  return f(*arrays, *other_args, **kwargs)
/appdata/users/P101440/micromamba/envs/torch29/lib/python3.11/site-packages/scipy/_lib/_util.py:1181: RuntimeWarning: logm result may be inaccurate, approximate err = 7.443276217600214e-07
  return f(*arrays, *other_args, **kwargs)
/appdata/users/P101440/micromamba/envs/torch29/lib/python3.11/site-packages/scipy/_lib/_util.py:1181: RuntimeWarning: logm result may be inaccurate, approximate err = 1.0852023706320324e-06
  return f(*arrays, *other_args, **kwargs)
/appdata/users/P101440/micromamba/envs/torch29/lib/python3.11/site-packages/scipy/_lib/_util.py:1181: RuntimeWarning: logm result may be inaccurate, approximate err = 7.01547378412215e-07
  return f(*arrays, *other_args, **kwargs)
/appdata/users/P101440/micromamba/envs/torch29/lib/python3.11/site-packages/scipy/_lib/_util.py:1181: RuntimeWarning: logm result may be inaccurate, approximate err = 7.632922347511339e-07
  return f(*arrays, *other_args, **kwargs)
/appdata/users/P101440/micromamba/envs/torch29/lib/python3.11/site-packages/scipy/_lib/_util.py:1181: RuntimeWarning: logm result may be inaccurate, approximate err = 1.4200171563061303e-06
  return f(*arrays, *other_args, **kwargs)
/appdata/users/P101440/micromamba/envs/torch29/lib/python3.11/site-packages/scipy/_lib/_util.py:1181: RuntimeWarning: logm result may be inaccurate, approximate err = 8.452051929452864e-07
  return f(*arrays, *other_args, **kwargs)
/appdata/users/P101440/micromamba/envs/torch29/lib/python3.11/site-packages/scipy/_lib/_util.py:1181: RuntimeWarning: logm result may be inaccurate, approximate err = 9.266231018045801e-07
  return f(*arrays, *other_args, **kwargs)
/appdata/users/P101440/micromamba/envs/torch29/lib/python3.11/site-packages/scipy/_lib/_util.py:1181: RuntimeWarning: logm result may be inaccurate, approximate err = 9.961910336642177e-07
  return f(*arrays, *other_args, **kwargs)
/appdata/users/P101440/micromamba/envs/torch29/lib/python3.11/site-packages/scipy/_lib/_util.py:1181: RuntimeWarning: logm result may be inaccurate, approximate err = 8.074499078247754e-07
  return f(*arrays, *other_args, **kwargs)
/appdata/users/P101440/micromamba/envs/torch29/lib/python3.11/site-packages/scipy/_lib/_util.py:1181: RuntimeWarning: logm result may be inaccurate, approximate err = 8.808364100332255e-07
  return f(*arrays, *other_args, **kwargs)
/appdata/users/P101440/micromamba/envs/torch29/lib/python3.11/site-packages/scipy/_lib/_util.py:1181: RuntimeWarning: logm result may be inaccurate, approximate err = 7.528607852691493e-07
  return f(*arrays, *other_args, **kwargs)
/appdata/users/P101440/micromamba/envs/torch29/lib/python3.11/site-packages/scipy/_lib/_util.py:1181: RuntimeWarning: logm result may be inaccurate, approximate err = 6.849860483271186e-07
  return f(*arrays, *other_args, **kwargs)
/appdata/users/P101440/micromamba/envs/torch29/lib/python3.11/site-packages/scipy/_lib/_util.py:1181: RuntimeWarning: logm result may be inaccurate, approximate err = 1.0438141089252895e-06
  return f(*arrays, *other_args, **kwargs)
/appdata/users/P101440/micromamba/envs/torch29/lib/python3.11/site-packages/scipy/_lib/_util.py:1181: RuntimeWarning: logm result may be inaccurate, approximate err = 1.3361046740101301e-06
  return f(*arrays, *other_args, **kwargs)
/appdata/users/P101440/micromamba/envs/torch29/lib/python3.11/site-packages/scipy/_lib/_util.py:1181: RuntimeWarning: logm result may be inaccurate, approximate err = 7.75475882619503e-07
  return f(*arrays, *other_args, **kwargs)
/appdata/users/P101440/micromamba/envs/torch29/lib/python3.11/site-packages/scipy/_lib/_util.py:1181: RuntimeWarning: logm result may be inaccurate, approximate err = 1.1983141803284525e-06
  return f(*arrays, *other_args, **kwargs)
/appdata/users/P101440/micromamba/envs/torch29/lib/python3.11/site-packages/scipy/_lib/_util.py:1181: RuntimeWarning: logm result may be inaccurate, approximate err = 7.4907848102157e-07
  return f(*arrays, *other_args, **kwargs)
/appdata/users/P101440/micromamba/envs/torch29/lib/python3.11/site-packages/scipy/_lib/_util.py:1181: RuntimeWarning: logm result may be inaccurate, approximate err = 6.991188570282247e-07
  return f(*arrays, *other_args, **kwargs)
/appdata/users/P101440/micromamba/envs/torch29/lib/python3.11/site-packages/scipy/_lib/_util.py:1181: RuntimeWarning: logm result may be inaccurate, approximate err = 1.0486986639079987e-06
  return f(*arrays, *other_args, **kwargs)
/appdata/users/P101440/micromamba/envs/torch29/lib/python3.11/site-packages/scipy/_lib/_util.py:1181: RuntimeWarning: logm result may be inaccurate, approximate err = 7.515557172155241e-07
  return f(*arrays, *other_args, **kwargs)
/appdata/users/P101440/micromamba/envs/torch29/lib/python3.11/site-packages/scipy/_lib/_util.py:1181: RuntimeWarning: logm result may be inaccurate, approximate err = 6.554781180057034e-07
  return f(*arrays, *other_args, **kwargs)
/appdata/users/P101440/micromamba/envs/torch29/lib/python3.11/site-packages/scipy/_lib/_util.py:1181: RuntimeWarning: logm result may be inaccurate, approximate err = 7.746980372758117e-07
  return f(*arrays, *other_args, **kwargs)
/appdata/users/P101440/micromamba/envs/torch29/lib/python3.11/site-packages/scipy/_lib/_util.py:1181: RuntimeWarning: logm result may be inaccurate, approximate err = 9.191815024678363e-07
  return f(*arrays, *other_args, **kwargs)
/appdata/users/P101440/micromamba/envs/torch29/lib/python3.11/site-packages/scipy/_lib/_util.py:1181: RuntimeWarning: logm result may be inaccurate, approximate err = 6.97722100539977e-07
  return f(*arrays, *other_args, **kwargs)
/appdata/users/P101440/micromamba/envs/torch29/lib/python3.11/site-packages/scipy/_lib/_util.py:1181: RuntimeWarning: logm result may be inaccurate, approximate err = 6.731513622071361e-07
  return f(*arrays, *other_args, **kwargs)
/appdata/users/P101440/micromamba/envs/torch29/lib/python3.11/site-packages/scipy/_lib/_util.py:1181: RuntimeWarning: logm result may be inaccurate, approximate err = 7.01834892424813e-07
  return f(*arrays, *other_args, **kwargs)
/appdata/users/P101440/micromamba/envs/torch29/lib/python3.11/site-packages/scipy/_lib/_util.py:1181: RuntimeWarning: logm result may be inaccurate, approximate err = 1.084485802493873e-06
  return f(*arrays, *other_args, **kwargs)
/appdata/users/P101440/micromamba/envs/torch29/lib/python3.11/site-packages/scipy/_lib/_util.py:1181: RuntimeWarning: logm result may be inaccurate, approximate err = 7.295809041352186e-07
  return f(*arrays, *other_args, **kwargs)
/appdata/users/P101440/micromamba/envs/torch29/lib/python3.11/site-packages/scipy/_lib/_util.py:1181: RuntimeWarning: logm result may be inaccurate, approximate err = 6.607002092096081e-07
  return f(*arrays, *other_args, **kwargs)
/appdata/users/P101440/micromamba/envs/torch29/lib/python3.11/site-packages/scipy/_lib/_util.py:1181: RuntimeWarning: logm result may be inaccurate, approximate err = 8.541920237803424e-07
  return f(*arrays, *other_args, **kwargs)
/appdata/users/P101440/micromamba/envs/torch29/lib/python3.11/site-packages/scipy/_lib/_util.py:1181: RuntimeWarning: logm result may be inaccurate, approximate err = 9.538402991893236e-07
  return f(*arrays, *other_args, **kwargs)
/appdata/users/P101440/micromamba/envs/torch29/lib/python3.11/site-packages/scipy/_lib/_util.py:1181: RuntimeWarning: logm result may be inaccurate, approximate err = 1.4790101658945787e-06
  return f(*arrays, *other_args, **kwargs)
/appdata/users/P101440/micromamba/envs/torch29/lib/python3.11/site-packages/scipy/_lib/_util.py:1181: RuntimeWarning: logm result may be inaccurate, approximate err = 5.85221584969986e-07
  return f(*arrays, *other_args, **kwargs)
/appdata/users/P101440/micromamba/envs/torch29/lib/python3.11/site-packages/scipy/_lib/_util.py:1181: RuntimeWarning: logm result may be inaccurate, approximate err = 9.871823749563191e-07
  return f(*arrays, *other_args, **kwargs)
/appdata/users/P101440/micromamba/envs/torch29/lib/python3.11/site-packages/scipy/_lib/_util.py:1181: RuntimeWarning: logm result may be inaccurate, approximate err = 7.49941420963296e-07
  return f(*arrays, *other_args, **kwargs)
/appdata/users/P101440/micromamba/envs/torch29/lib/python3.11/site-packages/scipy/_lib/_util.py:1181: RuntimeWarning: logm result may be inaccurate, approximate err = 1.064820594365301e-06
  return f(*arrays, *other_args, **kwargs)
/appdata/users/P101440/micromamba/envs/torch29/lib/python3.11/site-packages/scipy/_lib/_util.py:1181: RuntimeWarning: logm result may be inaccurate, approximate err = 1.132576016971143e-06
  return f(*arrays, *other_args, **kwargs)
/appdata/users/P101440/micromamba/envs/torch29/lib/python3.11/site-packages/scipy/_lib/_util.py:1181: RuntimeWarning: logm result may be inaccurate, approximate err = 8.280703127638844e-07
  return f(*arrays, *other_args, **kwargs)
/appdata/users/P101440/micromamba/envs/torch29/lib/python3.11/site-packages/scipy/_lib/_util.py:1181: RuntimeWarning: logm result may be inaccurate, approximate err = 7.46357841308054e-07
  return f(*arrays, *other_args, **kwargs)
/appdata/users/P101440/micromamba/envs/torch29/lib/python3.11/site-packages/scipy/_lib/_util.py:1181: RuntimeWarning: logm result may be inaccurate, approximate err = 9.519940249447245e-07
  return f(*arrays, *other_args, **kwargs)
/appdata/users/P101440/micromamba/envs/torch29/lib/python3.11/site-packages/scipy/_lib/_util.py:1181: RuntimeWarning: logm result may be inaccurate, approximate err = 7.974216487127705e-07
  return f(*arrays, *other_args, **kwargs)
/appdata/users/P101440/micromamba/envs/torch29/lib/python3.11/site-packages/scipy/_lib/_util.py:1181: RuntimeWarning: logm result may be inaccurate, approximate err = 5.543591328205366e-07
  return f(*arrays, *other_args, **kwargs)
/appdata/users/P101440/micromamba/envs/torch29/lib/python3.11/site-packages/scipy/_lib/_util.py:1181: RuntimeWarning: logm result may be inaccurate, approximate err = 7.416942935378756e-07
  return f(*arrays, *other_args, **kwargs)
/appdata/users/P101440/micromamba/envs/torch29/lib/python3.11/site-packages/scipy/_lib/_util.py:1181: RuntimeWarning: logm result may be inaccurate, approximate err = 9.98340624391858e-07
  return f(*arrays, *other_args, **kwargs)
/appdata/users/P101440/micromamba/envs/torch29/lib/python3.11/site-packages/scipy/_lib/_util.py:1181: RuntimeWarning: logm result may be inaccurate, approximate err = 1.0145118949367316e-06
  return f(*arrays, *other_args, **kwargs)
/appdata/users/P101440/micromamba/envs/torch29/lib/python3.11/site-packages/scipy/_lib/_util.py:1181: RuntimeWarning: logm result may be inaccurate, approximate err = 5.908186153646966e-07
  return f(*arrays, *other_args, **kwargs)
/appdata/users/P101440/micromamba/envs/torch29/lib/python3.11/site-packages/scipy/_lib/_util.py:1181: RuntimeWarning: logm result may be inaccurate, approximate err = 1.2210541626700433e-06
  return f(*arrays, *other_args, **kwargs)
/appdata/users/P101440/micromamba/envs/torch29/lib/python3.11/site-packages/scipy/_lib/_util.py:1181: RuntimeWarning: logm result may be inaccurate, approximate err = 1.2099050081815221e-06
  return f(*arrays, *other_args, **kwargs)
/appdata/users/P101440/micromamba/envs/torch29/lib/python3.11/site-packages/scipy/_lib/_util.py:1181: RuntimeWarning: logm result may be inaccurate, approximate err = 7.85577583428676e-07
  return f(*arrays, *other_args, **kwargs)
/appdata/users/P101440/micromamba/envs/torch29/lib/python3.11/site-packages/scipy/_lib/_util.py:1181: RuntimeWarning: logm result may be inaccurate, approximate err = 1.2529383184300968e-06
  return f(*arrays, *other_args, **kwargs)
/appdata/users/P101440/micromamba/envs/torch29/lib/python3.11/site-packages/scipy/_lib/_util.py:1181: RuntimeWarning: logm result may be inaccurate, approximate err = 1.167453774542082e-06
  return f(*arrays, *other_args, **kwargs)
/appdata/users/P101440/micromamba/envs/torch29/lib/python3.11/site-packages/scipy/_lib/_util.py:1181: RuntimeWarning: logm result may be inaccurate, approximate err = 1.2041308536936413e-06
  return f(*arrays, *other_args, **kwargs)
/appdata/users/P101440/micromamba/envs/torch29/lib/python3.11/site-packages/scipy/_lib/_util.py:1181: RuntimeWarning: logm result may be inaccurate, approximate err = 8.372886668439605e-07
  return f(*arrays, *other_args, **kwargs)
/appdata/users/P101440/micromamba/envs/torch29/lib/python3.11/site-packages/scipy/_lib/_util.py:1181: RuntimeWarning: logm result may be inaccurate, approximate err = 9.530729698781215e-07
  return f(*arrays, *other_args, **kwargs)
/appdata/users/P101440/micromamba/envs/torch29/lib/python3.11/site-packages/scipy/_lib/_util.py:1181: RuntimeWarning: logm result may be inaccurate, approximate err = 7.12844837380544e-07
  return f(*arrays, *other_args, **kwargs)
/appdata/users/P101440/micromamba/envs/torch29/lib/python3.11/site-packages/scipy/_lib/_util.py:1181: RuntimeWarning: logm result may be inaccurate, approximate err = 7.49064611227368e-07
  return f(*arrays, *other_args, **kwargs)
/appdata/users/P101440/micromamba/envs/torch29/lib/python3.11/site-packages/scipy/_lib/_util.py:1181: RuntimeWarning: logm result may be inaccurate, approximate err = 6.946132771190605e-07
  return f(*arrays, *other_args, **kwargs)
/appdata/users/P101440/micromamba/envs/torch29/lib/python3.11/site-packages/scipy/_lib/_util.py:1181: RuntimeWarning: logm result may be inaccurate, approximate err = 1.0839763717740425e-06
  return f(*arrays, *other_args, **kwargs)
/appdata/users/P101440/micromamba/envs/torch29/lib/python3.11/site-packages/scipy/_lib/_util.py:1181: RuntimeWarning: logm result may be inaccurate, approximate err = 6.189393957356515e-07
  return f(*arrays, *other_args, **kwargs)
/appdata/users/P101440/micromamba/envs/torch29/lib/python3.11/site-packages/scipy/_lib/_util.py:1181: RuntimeWarning: logm result may be inaccurate, approximate err = 8.830206184029521e-07
  return f(*arrays, *other_args, **kwargs)
/appdata/users/P101440/micromamba/envs/torch29/lib/python3.11/site-packages/scipy/_lib/_util.py:1181: RuntimeWarning: logm result may be inaccurate, approximate err = 5.696536504729011e-07
  return f(*arrays, *other_args, **kwargs)
/appdata/users/P101440/micromamba/envs/torch29/lib/python3.11/site-packages/scipy/_lib/_util.py:1181: RuntimeWarning: logm result may be inaccurate, approximate err = 9.59711428549781e-07
  return f(*arrays, *other_args, **kwargs)
/appdata/users/P101440/micromamba/envs/torch29/lib/python3.11/site-packages/scipy/_lib/_util.py:1181: RuntimeWarning: logm result may be inaccurate, approximate err = 7.816928473403095e-07
  return f(*arrays, *other_args, **kwargs)
/appdata/users/P101440/micromamba/envs/torch29/lib/python3.11/site-packages/scipy/_lib/_util.py:1181: RuntimeWarning: logm result may be inaccurate, approximate err = 1.1051242836401798e-06
  return f(*arrays, *other_args, **kwargs)
/appdata/users/P101440/micromamba/envs/torch29/lib/python3.11/site-packages/scipy/_lib/_util.py:1181: RuntimeWarning: logm result may be inaccurate, approximate err = 8.280124461634841e-07
  return f(*arrays, *other_args, **kwargs)
/appdata/users/P101440/micromamba/envs/torch29/lib/python3.11/site-packages/scipy/_lib/_util.py:1181: RuntimeWarning: logm result may be inaccurate, approximate err = 7.637858061571023e-07
  return f(*arrays, *other_args, **kwargs)
/appdata/users/P101440/micromamba/envs/torch29/lib/python3.11/site-packages/scipy/_lib/_util.py:1181: RuntimeWarning: logm result may be inaccurate, approximate err = 6.748499004061159e-07
  return f(*arrays, *other_args, **kwargs)
/appdata/users/P101440/micromamba/envs/torch29/lib/python3.11/site-packages/scipy/_lib/_util.py:1181: RuntimeWarning: logm result may be inaccurate, approximate err = 8.465162295578921e-07
  return f(*arrays, *other_args, **kwargs)
/appdata/users/P101440/micromamba/envs/torch29/lib/python3.11/site-packages/scipy/_lib/_util.py:1181: RuntimeWarning: logm result may be inaccurate, approximate err = 7.907561325737333e-07
  return f(*arrays, *other_args, **kwargs)
/appdata/users/P101440/micromamba/envs/torch29/lib/python3.11/site-packages/scipy/_lib/_util.py:1181: RuntimeWarning: logm result may be inaccurate, approximate err = 5.507528726411692e-07
  return f(*arrays, *other_args, **kwargs)
/appdata/users/P101440/micromamba/envs/torch29/lib/python3.11/site-packages/scipy/_lib/_util.py:1181: RuntimeWarning: logm result may be inaccurate, approximate err = 1.1114216249552555e-06
  return f(*arrays, *other_args, **kwargs)
/appdata/users/P101440/micromamba/envs/torch29/lib/python3.11/site-packages/scipy/_lib/_util.py:1181: RuntimeWarning: logm result may be inaccurate, approximate err = 8.136332780850353e-07
  return f(*arrays, *other_args, **kwargs)
/appdata/users/P101440/micromamba/envs/torch29/lib/python3.11/site-packages/scipy/_lib/_util.py:1181: RuntimeWarning: logm result may be inaccurate, approximate err = 9.203535569213273e-07
  return f(*arrays, *other_args, **kwargs)
/appdata/users/P101440/micromamba/envs/torch29/lib/python3.11/site-packages/scipy/_lib/_util.py:1181: RuntimeWarning: logm result may be inaccurate, approximate err = 8.538015094927687e-07
  return f(*arrays, *other_args, **kwargs)
/appdata/users/P101440/micromamba/envs/torch29/lib/python3.11/site-packages/scipy/_lib/_util.py:1181: RuntimeWarning: logm result may be inaccurate, approximate err = 1.030323005579703e-06
  return f(*arrays, *other_args, **kwargs)
/appdata/users/P101440/micromamba/envs/torch29/lib/python3.11/site-packages/scipy/_lib/_util.py:1181: RuntimeWarning: logm result may be inaccurate, approximate err = 1.599120764694817e-06
  return f(*arrays, *other_args, **kwargs)
/appdata/users/P101440/micromamba/envs/torch29/lib/python3.11/site-packages/scipy/_lib/_util.py:1181: RuntimeWarning: logm result may be inaccurate, approximate err = 6.482030130428029e-07
  return f(*arrays, *other_args, **kwargs)
/appdata/users/P101440/micromamba/envs/torch29/lib/python3.11/site-packages/scipy/_lib/_util.py:1181: RuntimeWarning: logm result may be inaccurate, approximate err = 1.10780479189998e-06
  return f(*arrays, *other_args, **kwargs)
/appdata/users/P101440/micromamba/envs/torch29/lib/python3.11/site-packages/scipy/_lib/_util.py:1181: RuntimeWarning: logm result may be inaccurate, approximate err = 8.10654228189378e-07
  return f(*arrays, *other_args, **kwargs)
/appdata/users/P101440/micromamba/envs/torch29/lib/python3.11/site-packages/scipy/_lib/_util.py:1181: RuntimeWarning: logm result may be inaccurate, approximate err = 1.0690869203244802e-06
  return f(*arrays, *other_args, **kwargs)
/appdata/users/P101440/micromamba/envs/torch29/lib/python3.11/site-packages/scipy/_lib/_util.py:1181: RuntimeWarning: logm result may be inaccurate, approximate err = 9.654833093009074e-07
  return f(*arrays, *other_args, **kwargs)
/appdata/users/P101440/micromamba/envs/torch29/lib/python3.11/site-packages/scipy/_lib/_util.py:1181: RuntimeWarning: logm result may be inaccurate, approximate err = 1.043854695126356e-06
  return f(*arrays, *other_args, **kwargs)
/appdata/users/P101440/micromamba/envs/torch29/lib/python3.11/site-packages/scipy/_lib/_util.py:1181: RuntimeWarning: logm result may be inaccurate, approximate err = 1.104935563489562e-06
  return f(*arrays, *other_args, **kwargs)
/appdata/users/P101440/micromamba/envs/torch29/lib/python3.11/site-packages/scipy/_lib/_util.py:1181: RuntimeWarning: logm result may be inaccurate, approximate err = 8.4784062437393e-07
  return f(*arrays, *other_args, **kwargs)
/appdata/users/P101440/micromamba/envs/torch29/lib/python3.11/site-packages/scipy/_lib/_util.py:1181: RuntimeWarning: logm result may be inaccurate, approximate err = 1.0284060181220411e-06
  return f(*arrays, *other_args, **kwargs)
/appdata/users/P101440/micromamba/envs/torch29/lib/python3.11/site-packages/scipy/_lib/_util.py:1181: RuntimeWarning: logm result may be inaccurate, approximate err = 7.036567239993019e-07
  return f(*arrays, *other_args, **kwargs)
/appdata/users/P101440/micromamba/envs/torch29/lib/python3.11/site-packages/scipy/_lib/_util.py:1181: RuntimeWarning: logm result may be inaccurate, approximate err = 8.238249051828461e-07
  return f(*arrays, *other_args, **kwargs)
/appdata/users/P101440/micromamba/envs/torch29/lib/python3.11/site-packages/scipy/_lib/_util.py:1181: RuntimeWarning: logm result may be inaccurate, approximate err = 7.014560310381057e-07
  return f(*arrays, *other_args, **kwargs)
/appdata/users/P101440/micromamba/envs/torch29/lib/python3.11/site-packages/scipy/_lib/_util.py:1181: RuntimeWarning: logm result may be inaccurate, approximate err = 7.800750836395309e-07
  return f(*arrays, *other_args, **kwargs)
/appdata/users/P101440/micromamba/envs/torch29/lib/python3.11/site-packages/scipy/_lib/_util.py:1181: RuntimeWarning: logm result may be inaccurate, approximate err = 9.050771154761605e-07
  return f(*arrays, *other_args, **kwargs)
/appdata/users/P101440/micromamba/envs/torch29/lib/python3.11/site-packages/scipy/_lib/_util.py:1181: RuntimeWarning: logm result may be inaccurate, approximate err = 8.043866159823665e-07
  return f(*arrays, *other_args, **kwargs)
/appdata/users/P101440/micromamba/envs/torch29/lib/python3.11/site-packages/scipy/_lib/_util.py:1181: RuntimeWarning: logm result may be inaccurate, approximate err = 9.004726280181785e-07
  return f(*arrays, *other_args, **kwargs)
/appdata/users/P101440/micromamba/envs/torch29/lib/python3.11/site-packages/scipy/_lib/_util.py:1181: RuntimeWarning: logm result may be inaccurate, approximate err = 8.858487490215339e-07
  return f(*arrays, *other_args, **kwargs)
/appdata/users/P101440/micromamba/envs/torch29/lib/python3.11/site-packages/scipy/_lib/_util.py:1181: RuntimeWarning: logm result may be inaccurate, approximate err = 9.110676160162257e-07
  return f(*arrays, *other_args, **kwargs)
/appdata/users/P101440/micromamba/envs/torch29/lib/python3.11/site-packages/scipy/_lib/_util.py:1181: RuntimeWarning: logm result may be inaccurate, approximate err = 9.198738553095609e-07
  return f(*arrays, *other_args, **kwargs)
/appdata/users/P101440/micromamba/envs/torch29/lib/python3.11/site-packages/scipy/_lib/_util.py:1181: RuntimeWarning: logm result may be inaccurate, approximate err = 7.226050229292014e-07
  return f(*arrays, *other_args, **kwargs)
/appdata/users/P101440/micromamba/envs/torch29/lib/python3.11/site-packages/scipy/_lib/_util.py:1181: RuntimeWarning: logm result may be inaccurate, approximate err = 8.163484039869218e-07
  return f(*arrays, *other_args, **kwargs)
/appdata/users/P101440/micromamba/envs/torch29/lib/python3.11/site-packages/scipy/_lib/_util.py:1181: RuntimeWarning: logm result may be inaccurate, approximate err = 8.580278745284886e-07
  return f(*arrays, *other_args, **kwargs)
/appdata/users/P101440/micromamba/envs/torch29/lib/python3.11/site-packages/scipy/_lib/_util.py:1181: RuntimeWarning: logm result may be inaccurate, approximate err = 1.117542296924512e-06
  return f(*arrays, *other_args, **kwargs)
/appdata/users/P101440/micromamba/envs/torch29/lib/python3.11/site-packages/scipy/_lib/_util.py:1181: RuntimeWarning: logm result may be inaccurate, approximate err = 7.034905706859718e-07
  return f(*arrays, *other_args, **kwargs)
/appdata/users/P101440/micromamba/envs/torch29/lib/python3.11/site-packages/scipy/_lib/_util.py:1181: RuntimeWarning: logm result may be inaccurate, approximate err = 5.599515588983195e-07
  return f(*arrays, *other_args, **kwargs)
/appdata/users/P101440/micromamba/envs/torch29/lib/python3.11/site-packages/scipy/_lib/_util.py:1181: RuntimeWarning: logm result may be inaccurate, approximate err = 9.883323173198733e-07
  return f(*arrays, *other_args, **kwargs)
/appdata/users/P101440/micromamba/envs/torch29/lib/python3.11/site-packages/scipy/_lib/_util.py:1181: RuntimeWarning: logm result may be inaccurate, approximate err = 9.041820590027783e-07
  return f(*arrays, *other_args, **kwargs)
/appdata/users/P101440/micromamba/envs/torch29/lib/python3.11/site-packages/scipy/_lib/_util.py:1181: RuntimeWarning: logm result may be inaccurate, approximate err = 7.716498089394008e-07
  return f(*arrays, *other_args, **kwargs)
/appdata/users/P101440/micromamba/envs/torch29/lib/python3.11/site-packages/scipy/_lib/_util.py:1181: RuntimeWarning: logm result may be inaccurate, approximate err = 9.6259907422791e-07
  return f(*arrays, *other_args, **kwargs)
/appdata/users/P101440/micromamba/envs/torch29/lib/python3.11/site-packages/scipy/_lib/_util.py:1181: RuntimeWarning: logm result may be inaccurate, approximate err = 1.172886072708934e-06
  return f(*arrays, *other_args, **kwargs)
/appdata/users/P101440/micromamba/envs/torch29/lib/python3.11/site-packages/scipy/_lib/_util.py:1181: RuntimeWarning: logm result may be inaccurate, approximate err = 8.173768151209515e-07
  return f(*arrays, *other_args, **kwargs)
/appdata/users/P101440/micromamba/envs/torch29/lib/python3.11/site-packages/scipy/_lib/_util.py:1181: RuntimeWarning: logm result may be inaccurate, approximate err = 9.026526299749094e-07
  return f(*arrays, *other_args, **kwargs)
/appdata/users/P101440/micromamba/envs/torch29/lib/python3.11/site-packages/scipy/_lib/_util.py:1181: RuntimeWarning: logm result may be inaccurate, approximate err = 9.091820061257749e-07
  return f(*arrays, *other_args, **kwargs)
/appdata/users/P101440/micromamba/envs/torch29/lib/python3.11/site-packages/scipy/_lib/_util.py:1181: RuntimeWarning: logm result may be inaccurate, approximate err = 6.450704290728027e-07
  return f(*arrays, *other_args, **kwargs)
/appdata/users/P101440/micromamba/envs/torch29/lib/python3.11/site-packages/scipy/_lib/_util.py:1181: RuntimeWarning: logm result may be inaccurate, approximate err = 6.089885005167162e-07
  return f(*arrays, *other_args, **kwargs)
/appdata/users/P101440/micromamba/envs/torch29/lib/python3.11/site-packages/scipy/_lib/_util.py:1181: RuntimeWarning: logm result may be inaccurate, approximate err = 9.649821777202305e-07
  return f(*arrays, *other_args, **kwargs)
/appdata/users/P101440/micromamba/envs/torch29/lib/python3.11/site-packages/scipy/_lib/_util.py:1181: RuntimeWarning: logm result may be inaccurate, approximate err = 7.335001441788336e-07
  return f(*arrays, *other_args, **kwargs)
/appdata/users/P101440/micromamba/envs/torch29/lib/python3.11/site-packages/scipy/_lib/_util.py:1181: RuntimeWarning: logm result may be inaccurate, approximate err = 5.08821187850117e-07
  return f(*arrays, *other_args, **kwargs)
/appdata/users/P101440/micromamba/envs/torch29/lib/python3.11/site-packages/scipy/_lib/_util.py:1181: RuntimeWarning: logm result may be inaccurate, approximate err = 7.259156404870737e-07
  return f(*arrays, *other_args, **kwargs)
/appdata/users/P101440/micromamba/envs/torch29/lib/python3.11/site-packages/scipy/_lib/_util.py:1181: RuntimeWarning: logm result may be inaccurate, approximate err = 8.524788199792965e-07
  return f(*arrays, *other_args, **kwargs)
/appdata/users/P101440/micromamba/envs/torch29/lib/python3.11/site-packages/scipy/_lib/_util.py:1181: RuntimeWarning: logm result may be inaccurate, approximate err = 6.709188937747967e-07
  return f(*arrays, *other_args, **kwargs)
/appdata/users/P101440/micromamba/envs/torch29/lib/python3.11/site-packages/scipy/_lib/_util.py:1181: RuntimeWarning: logm result may be inaccurate, approximate err = 1.197276674247405e-06
  return f(*arrays, *other_args, **kwargs)
/appdata/users/P101440/micromamba/envs/torch29/lib/python3.11/site-packages/scipy/_lib/_util.py:1181: RuntimeWarning: logm result may be inaccurate, approximate err = 7.533291181971435e-07
  return f(*arrays, *other_args, **kwargs)
/appdata/users/P101440/micromamba/envs/torch29/lib/python3.11/site-packages/scipy/_lib/_util.py:1181: RuntimeWarning: logm result may be inaccurate, approximate err = 9.241359748557443e-07
  return f(*arrays, *other_args, **kwargs)
/appdata/users/P101440/micromamba/envs/torch29/lib/python3.11/site-packages/scipy/_lib/_util.py:1181: RuntimeWarning: logm result may be inaccurate, approximate err = 6.701588404212089e-07
  return f(*arrays, *other_args, **kwargs)
/appdata/users/P101440/micromamba/envs/torch29/lib/python3.11/site-packages/scipy/_lib/_util.py:1181: RuntimeWarning: logm result may be inaccurate, approximate err = 8.19739909729833e-07
  return f(*arrays, *other_args, **kwargs)
/appdata/users/P101440/micromamba/envs/torch29/lib/python3.11/site-packages/scipy/_lib/_util.py:1181: RuntimeWarning: logm result may be inaccurate, approximate err = 8.460985441161029e-07
  return f(*arrays, *other_args, **kwargs)
/appdata/users/P101440/micromamba/envs/torch29/lib/python3.11/site-packages/scipy/_lib/_util.py:1181: RuntimeWarning: logm result may be inaccurate, approximate err = 8.067238468356663e-07
  return f(*arrays, *other_args, **kwargs)
/appdata/users/P101440/micromamba/envs/torch29/lib/python3.11/site-packages/scipy/_lib/_util.py:1181: RuntimeWarning: logm result may be inaccurate, approximate err = 8.679112966092362e-07
  return f(*arrays, *other_args, **kwargs)
/appdata/users/P101440/micromamba/envs/torch29/lib/python3.11/site-packages/scipy/_lib/_util.py:1181: RuntimeWarning: logm result may be inaccurate, approximate err = 5.887225142942043e-07
  return f(*arrays, *other_args, **kwargs)
/appdata/users/P101440/micromamba/envs/torch29/lib/python3.11/site-packages/scipy/_lib/_util.py:1181: RuntimeWarning: logm result may be inaccurate, approximate err = 8.988472472992726e-07
  return f(*arrays, *other_args, **kwargs)
/appdata/users/P101440/micromamba/envs/torch29/lib/python3.11/site-packages/scipy/_lib/_util.py:1181: RuntimeWarning: logm result may be inaccurate, approximate err = 1.0910343917203136e-06
  return f(*arrays, *other_args, **kwargs)
/appdata/users/P101440/micromamba/envs/torch29/lib/python3.11/site-packages/scipy/_lib/_util.py:1181: RuntimeWarning: logm result may be inaccurate, approximate err = 1.0461703823239077e-06
  return f(*arrays, *other_args, **kwargs)
/appdata/users/P101440/micromamba/envs/torch29/lib/python3.11/site-packages/scipy/_lib/_util.py:1181: RuntimeWarning: logm result may be inaccurate, approximate err = 1.0231466376353637e-06
  return f(*arrays, *other_args, **kwargs)
/appdata/users/P101440/micromamba/envs/torch29/lib/python3.11/site-packages/scipy/_lib/_util.py:1181: RuntimeWarning: logm result may be inaccurate, approximate err = 9.289270224144275e-07
  return f(*arrays, *other_args, **kwargs)
/appdata/users/P101440/micromamba/envs/torch29/lib/python3.11/site-packages/scipy/_lib/_util.py:1181: RuntimeWarning: logm result may be inaccurate, approximate err = 7.210024364212586e-07
  return f(*arrays, *other_args, **kwargs)
/appdata/users/P101440/micromamba/envs/torch29/lib/python3.11/site-packages/scipy/_lib/_util.py:1181: RuntimeWarning: logm result may be inaccurate, approximate err = 9.318509910372086e-07
  return f(*arrays, *other_args, **kwargs)
/appdata/users/P101440/micromamba/envs/torch29/lib/python3.11/site-packages/scipy/_lib/_util.py:1181: RuntimeWarning: logm result may be inaccurate, approximate err = 8.779409768067126e-07
  return f(*arrays, *other_args, **kwargs)
/appdata/users/P101440/micromamba/envs/torch29/lib/python3.11/site-packages/scipy/_lib/_util.py:1181: RuntimeWarning: logm result may be inaccurate, approximate err = 6.814856305936701e-07
  return f(*arrays, *other_args, **kwargs)
/appdata/users/P101440/micromamba/envs/torch29/lib/python3.11/site-packages/scipy/_lib/_util.py:1181: RuntimeWarning: logm result may be inaccurate, approximate err = 8.107442113214347e-07
  return f(*arrays, *other_args, **kwargs)
/appdata/users/P101440/micromamba/envs/torch29/lib/python3.11/site-packages/scipy/_lib/_util.py:1181: RuntimeWarning: logm result may be inaccurate, approximate err = 6.840295441179478e-07
  return f(*arrays, *other_args, **kwargs)
/appdata/users/P101440/micromamba/envs/torch29/lib/python3.11/site-packages/scipy/_lib/_util.py:1181: RuntimeWarning: logm result may be inaccurate, approximate err = 7.807422548467002e-07
  return f(*arrays, *other_args, **kwargs)
/appdata/users/P101440/micromamba/envs/torch29/lib/python3.11/site-packages/scipy/_lib/_util.py:1181: RuntimeWarning: logm result may be inaccurate, approximate err = 4.905350010631082e-07
  return f(*arrays, *other_args, **kwargs)
/appdata/users/P101440/micromamba/envs/torch29/lib/python3.11/site-packages/scipy/_lib/_util.py:1181: RuntimeWarning: logm result may be inaccurate, approximate err = 1.1597327329582185e-06
  return f(*arrays, *other_args, **kwargs)
/appdata/users/P101440/micromamba/envs/torch29/lib/python3.11/site-packages/scipy/_lib/_util.py:1181: RuntimeWarning: logm result may be inaccurate, approximate err = 5.839718824063311e-07
  return f(*arrays, *other_args, **kwargs)
/appdata/users/P101440/micromamba/envs/torch29/lib/python3.11/site-packages/scipy/_lib/_util.py:1181: RuntimeWarning: logm result may be inaccurate, approximate err = 8.344693469553022e-07
  return f(*arrays, *other_args, **kwargs)
/appdata/users/P101440/micromamba/envs/torch29/lib/python3.11/site-packages/scipy/_lib/_util.py:1181: RuntimeWarning: logm result may be inaccurate, approximate err = 7.347583164118987e-07
  return f(*arrays, *other_args, **kwargs)
/appdata/users/P101440/micromamba/envs/torch29/lib/python3.11/site-packages/scipy/_lib/_util.py:1181: RuntimeWarning: logm result may be inaccurate, approximate err = 8.986882562567189e-07
  return f(*arrays, *other_args, **kwargs)
/appdata/users/P101440/micromamba/envs/torch29/lib/python3.11/site-packages/scipy/_lib/_util.py:1181: RuntimeWarning: logm result may be inaccurate, approximate err = 7.861198696446081e-07
  return f(*arrays, *other_args, **kwargs)
/appdata/users/P101440/micromamba/envs/torch29/lib/python3.11/site-packages/scipy/_lib/_util.py:1181: RuntimeWarning: logm result may be inaccurate, approximate err = 8.568668476982566e-07
  return f(*arrays, *other_args, **kwargs)
/appdata/users/P101440/micromamba/envs/torch29/lib/python3.11/site-packages/scipy/_lib/_util.py:1181: RuntimeWarning: logm result may be inaccurate, approximate err = 6.326604875539488e-07
  return f(*arrays, *other_args, **kwargs)
/appdata/users/P101440/micromamba/envs/torch29/lib/python3.11/site-packages/scipy/_lib/_util.py:1181: RuntimeWarning: logm result may be inaccurate, approximate err = 7.975336870913452e-07
  return f(*arrays, *other_args, **kwargs)
/appdata/users/P101440/micromamba/envs/torch29/lib/python3.11/site-packages/scipy/_lib/_util.py:1181: RuntimeWarning: logm result may be inaccurate, approximate err = 8.225942451645096e-07
  return f(*arrays, *other_args, **kwargs)
/appdata/users/P101440/micromamba/envs/torch29/lib/python3.11/site-packages/scipy/_lib/_util.py:1181: RuntimeWarning: logm result may be inaccurate, approximate err = 9.881888445306686e-07
  return f(*arrays, *other_args, **kwargs)
/appdata/users/P101440/micromamba/envs/torch29/lib/python3.11/site-packages/scipy/_lib/_util.py:1181: RuntimeWarning: logm result may be inaccurate, approximate err = 9.238298730451788e-07
  return f(*arrays, *other_args, **kwargs)
/appdata/users/P101440/micromamba/envs/torch29/lib/python3.11/site-packages/scipy/_lib/_util.py:1181: RuntimeWarning: logm result may be inaccurate, approximate err = 1.004080445454747e-06
  return f(*arrays, *other_args, **kwargs)
/appdata/users/P101440/micromamba/envs/torch29/lib/python3.11/site-packages/scipy/_lib/_util.py:1181: RuntimeWarning: logm result may be inaccurate, approximate err = 9.387858881382272e-07
  return f(*arrays, *other_args, **kwargs)
/appdata/users/P101440/micromamba/envs/torch29/lib/python3.11/site-packages/scipy/_lib/_util.py:1181: RuntimeWarning: logm result may be inaccurate, approximate err = 1.071319161383144e-06
  return f(*arrays, *other_args, **kwargs)
/appdata/users/P101440/micromamba/envs/torch29/lib/python3.11/site-packages/scipy/_lib/_util.py:1181: RuntimeWarning: logm result may be inaccurate, approximate err = 9.850348305917578e-07
  return f(*arrays, *other_args, **kwargs)
/appdata/users/P101440/micromamba/envs/torch29/lib/python3.11/site-packages/scipy/_lib/_util.py:1181: RuntimeWarning: logm result may be inaccurate, approximate err = 1.1603797247516923e-06
  return f(*arrays, *other_args, **kwargs)
/appdata/users/P101440/micromamba/envs/torch29/lib/python3.11/site-packages/scipy/_lib/_util.py:1181: RuntimeWarning: logm result may be inaccurate, approximate err = 9.083960321731865e-07
  return f(*arrays, *other_args, **kwargs)
/appdata/users/P101440/micromamba/envs/torch29/lib/python3.11/site-packages/scipy/_lib/_util.py:1181: RuntimeWarning: logm result may be inaccurate, approximate err = 7.186997663666261e-07
  return f(*arrays, *other_args, **kwargs)
/appdata/users/P101440/micromamba/envs/torch29/lib/python3.11/site-packages/scipy/_lib/_util.py:1181: RuntimeWarning: logm result may be inaccurate, approximate err = 8.209473207898554e-07
  return f(*arrays, *other_args, **kwargs)
/appdata/users/P101440/micromamba/envs/torch29/lib/python3.11/site-packages/scipy/_lib/_util.py:1181: RuntimeWarning: logm result may be inaccurate, approximate err = 1.0970409221044974e-06
  return f(*arrays, *other_args, **kwargs)
/appdata/users/P101440/micromamba/envs/torch29/lib/python3.11/site-packages/scipy/_lib/_util.py:1181: RuntimeWarning: logm result may be inaccurate, approximate err = 6.832785857113777e-07
  return f(*arrays, *other_args, **kwargs)
/appdata/users/P101440/micromamba/envs/torch29/lib/python3.11/site-packages/scipy/_lib/_util.py:1181: RuntimeWarning: logm result may be inaccurate, approximate err = 9.83146833277715e-07
  return f(*arrays, *other_args, **kwargs)
/appdata/users/P101440/micromamba/envs/torch29/lib/python3.11/site-packages/scipy/_lib/_util.py:1181: RuntimeWarning: logm result may be inaccurate, approximate err = 1.0108929018315393e-06
  return f(*arrays, *other_args, **kwargs)
/appdata/users/P101440/micromamba/envs/torch29/lib/python3.11/site-packages/scipy/_lib/_util.py:1181: RuntimeWarning: logm result may be inaccurate, approximate err = 8.065075007834821e-07
  return f(*arrays, *other_args, **kwargs)
/appdata/users/P101440/micromamba/envs/torch29/lib/python3.11/site-packages/scipy/_lib/_util.py:1181: RuntimeWarning: logm result may be inaccurate, approximate err = 7.033494284769404e-07
  return f(*arrays, *other_args, **kwargs)
/appdata/users/P101440/micromamba/envs/torch29/lib/python3.11/site-packages/scipy/_lib/_util.py:1181: RuntimeWarning: logm result may be inaccurate, approximate err = 1.1001324082826613e-06
  return f(*arrays, *other_args, **kwargs)
/appdata/users/P101440/micromamba/envs/torch29/lib/python3.11/site-packages/scipy/_lib/_util.py:1181: RuntimeWarning: logm result may be inaccurate, approximate err = 8.452365705124976e-07
  return f(*arrays, *other_args, **kwargs)
/appdata/users/P101440/micromamba/envs/torch29/lib/python3.11/site-packages/scipy/_lib/_util.py:1181: RuntimeWarning: logm result may be inaccurate, approximate err = 1.0159261591979885e-06
  return f(*arrays, *other_args, **kwargs)
/appdata/users/P101440/micromamba/envs/torch29/lib/python3.11/site-packages/scipy/_lib/_util.py:1181: RuntimeWarning: logm result may be inaccurate, approximate err = 6.056029633327853e-07
  return f(*arrays, *other_args, **kwargs)
/appdata/users/P101440/micromamba/envs/torch29/lib/python3.11/site-packages/scipy/_lib/_util.py:1181: RuntimeWarning: logm result may be inaccurate, approximate err = 8.836937013256829e-07
  return f(*arrays, *other_args, **kwargs)
/appdata/users/P101440/micromamba/envs/torch29/lib/python3.11/site-packages/scipy/_lib/_util.py:1181: RuntimeWarning: logm result may be inaccurate, approximate err = 7.6288176842354e-07
  return f(*arrays, *other_args, **kwargs)
/appdata/users/P101440/micromamba/envs/torch29/lib/python3.11/site-packages/scipy/_lib/_util.py:1181: RuntimeWarning: logm result may be inaccurate, approximate err = 6.356557378239813e-07
  return f(*arrays, *other_args, **kwargs)
/appdata/users/P101440/micromamba/envs/torch29/lib/python3.11/site-packages/scipy/_lib/_util.py:1181: RuntimeWarning: logm result may be inaccurate, approximate err = 7.058923188196786e-07
  return f(*arrays, *other_args, **kwargs)
/appdata/users/P101440/micromamba/envs/torch29/lib/python3.11/site-packages/scipy/_lib/_util.py:1181: RuntimeWarning: logm result may be inaccurate, approximate err = 9.993044614020619e-07
  return f(*arrays, *other_args, **kwargs)
/appdata/users/P101440/micromamba/envs/torch29/lib/python3.11/site-packages/scipy/_lib/_util.py:1181: RuntimeWarning: logm result may be inaccurate, approximate err = 7.491037194995442e-07
  return f(*arrays, *other_args, **kwargs)
/appdata/users/P101440/micromamba/envs/torch29/lib/python3.11/site-packages/scipy/_lib/_util.py:1181: RuntimeWarning: logm result may be inaccurate, approximate err = 7.340171919167915e-07
  return f(*arrays, *other_args, **kwargs)
/appdata/users/P101440/micromamba/envs/torch29/lib/python3.11/site-packages/scipy/_lib/_util.py:1181: RuntimeWarning: logm result may be inaccurate, approximate err = 7.304451514755783e-07
  return f(*arrays, *other_args, **kwargs)
/appdata/users/P101440/micromamba/envs/torch29/lib/python3.11/site-packages/scipy/_lib/_util.py:1181: RuntimeWarning: logm result may be inaccurate, approximate err = 7.570898787889746e-07
  return f(*arrays, *other_args, **kwargs)
/appdata/users/P101440/micromamba/envs/torch29/lib/python3.11/site-packages/scipy/_lib/_util.py:1181: RuntimeWarning: logm result may be inaccurate, approximate err = 6.853397849226894e-07
  return f(*arrays, *other_args, **kwargs)
/appdata/users/P101440/micromamba/envs/torch29/lib/python3.11/site-packages/scipy/_lib/_util.py:1181: RuntimeWarning: logm result may be inaccurate, approximate err = 8.528982107236516e-07
  return f(*arrays, *other_args, **kwargs)
/appdata/users/P101440/micromamba/envs/torch29/lib/python3.11/site-packages/scipy/_lib/_util.py:1181: RuntimeWarning: logm result may be inaccurate, approximate err = 8.47602166231809e-07
  return f(*arrays, *other_args, **kwargs)
/appdata/users/P101440/micromamba/envs/torch29/lib/python3.11/site-packages/scipy/_lib/_util.py:1181: RuntimeWarning: logm result may be inaccurate, approximate err = 7.59914087211655e-07
  return f(*arrays, *other_args, **kwargs)
/appdata/users/P101440/micromamba/envs/torch29/lib/python3.11/site-packages/scipy/_lib/_util.py:1181: RuntimeWarning: logm result may be inaccurate, approximate err = 1.006718548524077e-06
  return f(*arrays, *other_args, **kwargs)
/appdata/users/P101440/micromamba/envs/torch29/lib/python3.11/site-packages/scipy/_lib/_util.py:1181: RuntimeWarning: logm result may be inaccurate, approximate err = 7.076827728269564e-07
  return f(*arrays, *other_args, **kwargs)
/appdata/users/P101440/micromamba/envs/torch29/lib/python3.11/site-packages/scipy/_lib/_util.py:1181: RuntimeWarning: logm result may be inaccurate, approximate err = 8.039507974899607e-07
  return f(*arrays, *other_args, **kwargs)
/appdata/users/P101440/micromamba/envs/torch29/lib/python3.11/site-packages/scipy/_lib/_util.py:1181: RuntimeWarning: logm result may be inaccurate, approximate err = 8.625700047559803e-07
  return f(*arrays, *other_args, **kwargs)
/appdata/users/P101440/micromamba/envs/torch29/lib/python3.11/site-packages/scipy/_lib/_util.py:1181: RuntimeWarning: logm result may be inaccurate, approximate err = 8.418358561357309e-07
  return f(*arrays, *other_args, **kwargs)
/appdata/users/P101440/micromamba/envs/torch29/lib/python3.11/site-packages/scipy/_lib/_util.py:1181: RuntimeWarning: logm result may be inaccurate, approximate err = 9.856581755229854e-07
  return f(*arrays, *other_args, **kwargs)
/appdata/users/P101440/micromamba/envs/torch29/lib/python3.11/site-packages/scipy/_lib/_util.py:1181: RuntimeWarning: logm result may be inaccurate, approximate err = 5.439555366137938e-07
  return f(*arrays, *other_args, **kwargs)
/appdata/users/P101440/micromamba/envs/torch29/lib/python3.11/site-packages/scipy/_lib/_util.py:1181: RuntimeWarning: logm result may be inaccurate, approximate err = 8.811824159238313e-07
  return f(*arrays, *other_args, **kwargs)
/appdata/users/P101440/micromamba/envs/torch29/lib/python3.11/site-packages/scipy/_lib/_util.py:1181: RuntimeWarning: logm result may be inaccurate, approximate err = 7.128101060516201e-07
  return f(*arrays, *other_args, **kwargs)
/appdata/users/P101440/micromamba/envs/torch29/lib/python3.11/site-packages/scipy/_lib/_util.py:1181: RuntimeWarning: logm result may be inaccurate, approximate err = 1.0148667115572607e-06
  return f(*arrays, *other_args, **kwargs)
/appdata/users/P101440/micromamba/envs/torch29/lib/python3.11/site-packages/scipy/_lib/_util.py:1181: RuntimeWarning: logm result may be inaccurate, approximate err = 6.986345510995307e-07
  return f(*arrays, *other_args, **kwargs)
/appdata/users/P101440/micromamba/envs/torch29/lib/python3.11/site-packages/scipy/_lib/_util.py:1181: RuntimeWarning: logm result may be inaccurate, approximate err = 7.000607524787483e-07
  return f(*arrays, *other_args, **kwargs)
/appdata/users/P101440/micromamba/envs/torch29/lib/python3.11/site-packages/scipy/_lib/_util.py:1181: RuntimeWarning: logm result may be inaccurate, approximate err = 9.995478649216238e-07
  return f(*arrays, *other_args, **kwargs)
/appdata/users/P101440/micromamba/envs/torch29/lib/python3.11/site-packages/scipy/_lib/_util.py:1181: RuntimeWarning: logm result may be inaccurate, approximate err = 1.1058989457524149e-06
  return f(*arrays, *other_args, **kwargs)
/appdata/users/P101440/micromamba/envs/torch29/lib/python3.11/site-packages/scipy/_lib/_util.py:1181: RuntimeWarning: logm result may be inaccurate, approximate err = 8.225439387388178e-07
  return f(*arrays, *other_args, **kwargs)
/appdata/users/P101440/micromamba/envs/torch29/lib/python3.11/site-packages/scipy/_lib/_util.py:1181: RuntimeWarning: logm result may be inaccurate, approximate err = 6.921861768205417e-07
  return f(*arrays, *other_args, **kwargs)
/appdata/users/P101440/micromamba/envs/torch29/lib/python3.11/site-packages/scipy/_lib/_util.py:1181: RuntimeWarning: logm result may be inaccurate, approximate err = 9.076060791812779e-07
  return f(*arrays, *other_args, **kwargs)
/appdata/users/P101440/micromamba/envs/torch29/lib/python3.11/site-packages/scipy/_lib/_util.py:1181: RuntimeWarning: logm result may be inaccurate, approximate err = 9.969776328944135e-07
  return f(*arrays, *other_args, **kwargs)
/appdata/users/P101440/micromamba/envs/torch29/lib/python3.11/site-packages/scipy/_lib/_util.py:1181: RuntimeWarning: logm result may be inaccurate, approximate err = 8.67216726874176e-07
  return f(*arrays, *other_args, **kwargs)
/appdata/users/P101440/micromamba/envs/torch29/lib/python3.11/site-packages/scipy/_lib/_util.py:1181: RuntimeWarning: logm result may be inaccurate, approximate err = 6.90650551860017e-07
  return f(*arrays, *other_args, **kwargs)
/appdata/users/P101440/micromamba/envs/torch29/lib/python3.11/site-packages/scipy/_lib/_util.py:1181: RuntimeWarning: logm result may be inaccurate, approximate err = 9.038940902428294e-07
  return f(*arrays, *other_args, **kwargs)
/appdata/users/P101440/micromamba/envs/torch29/lib/python3.11/site-packages/scipy/_lib/_util.py:1181: RuntimeWarning: logm result may be inaccurate, approximate err = 9.8566692940949e-07
  return f(*arrays, *other_args, **kwargs)
/appdata/users/P101440/micromamba/envs/torch29/lib/python3.11/site-packages/scipy/_lib/_util.py:1181: RuntimeWarning: logm result may be inaccurate, approximate err = 8.764864674049022e-07
  return f(*arrays, *other_args, **kwargs)
/appdata/users/P101440/micromamba/envs/torch29/lib/python3.11/site-packages/scipy/_lib/_util.py:1181: RuntimeWarning: logm result may be inaccurate, approximate err = 1.0408369917058735e-06
  return f(*arrays, *other_args, **kwargs)
/appdata/users/P101440/micromamba/envs/torch29/lib/python3.11/site-packages/scipy/_lib/_util.py:1181: RuntimeWarning: logm result may be inaccurate, approximate err = 8.931281740842678e-07
  return f(*arrays, *other_args, **kwargs)
/appdata/users/P101440/micromamba/envs/torch29/lib/python3.11/site-packages/scipy/_lib/_util.py:1181: RuntimeWarning: logm result may be inaccurate, approximate err = 1.0611543075356167e-06
  return f(*arrays, *other_args, **kwargs)
/appdata/users/P101440/micromamba/envs/torch29/lib/python3.11/site-packages/scipy/_lib/_util.py:1181: RuntimeWarning: logm result may be inaccurate, approximate err = 1.0117469173565041e-06
  return f(*arrays, *other_args, **kwargs)
/appdata/users/P101440/micromamba/envs/torch29/lib/python3.11/site-packages/scipy/_lib/_util.py:1181: RuntimeWarning: logm result may be inaccurate, approximate err = 9.043747013492975e-07
  return f(*arrays, *other_args, **kwargs)
/appdata/users/P101440/micromamba/envs/torch29/lib/python3.11/site-packages/scipy/_lib/_util.py:1181: RuntimeWarning: logm result may be inaccurate, approximate err = 6.685424978059018e-07
  return f(*arrays, *other_args, **kwargs)
/appdata/users/P101440/micromamba/envs/torch29/lib/python3.11/site-packages/scipy/_lib/_util.py:1181: RuntimeWarning: logm result may be inaccurate, approximate err = 8.989193815978069e-07
  return f(*arrays, *other_args, **kwargs)
/appdata/users/P101440/micromamba/envs/torch29/lib/python3.11/site-packages/scipy/_lib/_util.py:1181: RuntimeWarning: logm result may be inaccurate, approximate err = 7.330963853746653e-07
  return f(*arrays, *other_args, **kwargs)
/appdata/users/P101440/micromamba/envs/torch29/lib/python3.11/site-packages/scipy/_lib/_util.py:1181: RuntimeWarning: logm result may be inaccurate, approximate err = 9.28461247440282e-07
  return f(*arrays, *other_args, **kwargs)
/appdata/users/P101440/micromamba/envs/torch29/lib/python3.11/site-packages/scipy/_lib/_util.py:1181: RuntimeWarning: logm result may be inaccurate, approximate err = 1.036589196701243e-06
  return f(*arrays, *other_args, **kwargs)
/appdata/users/P101440/micromamba/envs/torch29/lib/python3.11/site-packages/scipy/_lib/_util.py:1181: RuntimeWarning: logm result may be inaccurate, approximate err = 9.224052064382704e-07
  return f(*arrays, *other_args, **kwargs)
/appdata/users/P101440/micromamba/envs/torch29/lib/python3.11/site-packages/scipy/_lib/_util.py:1181: RuntimeWarning: logm result may be inaccurate, approximate err = 7.915953688097943e-07
  return f(*arrays, *other_args, **kwargs)
/appdata/users/P101440/micromamba/envs/torch29/lib/python3.11/site-packages/scipy/_lib/_util.py:1181: RuntimeWarning: logm result may be inaccurate, approximate err = 9.616542229196057e-07
  return f(*arrays, *other_args, **kwargs)
/appdata/users/P101440/micromamba/envs/torch29/lib/python3.11/site-packages/scipy/_lib/_util.py:1181: RuntimeWarning: logm result may be inaccurate, approximate err = 6.806967576267198e-07
  return f(*arrays, *other_args, **kwargs)
/appdata/users/P101440/micromamba/envs/torch29/lib/python3.11/site-packages/scipy/_lib/_util.py:1181: RuntimeWarning: logm result may be inaccurate, approximate err = 9.275293564314779e-07
  return f(*arrays, *other_args, **kwargs)
/appdata/users/P101440/micromamba/envs/torch29/lib/python3.11/site-packages/scipy/_lib/_util.py:1181: RuntimeWarning: logm result may be inaccurate, approximate err = 7.396039904961071e-07
  return f(*arrays, *other_args, **kwargs)
/appdata/users/P101440/micromamba/envs/torch29/lib/python3.11/site-packages/scipy/_lib/_util.py:1181: RuntimeWarning: logm result may be inaccurate, approximate err = 8.273813136838726e-07
  return f(*arrays, *other_args, **kwargs)
/appdata/users/P101440/micromamba/envs/torch29/lib/python3.11/site-packages/scipy/_lib/_util.py:1181: RuntimeWarning: logm result may be inaccurate, approximate err = 7.369653758360073e-07
  return f(*arrays, *other_args, **kwargs)
/appdata/users/P101440/micromamba/envs/torch29/lib/python3.11/site-packages/scipy/_lib/_util.py:1181: RuntimeWarning: logm result may be inaccurate, approximate err = 5.779490948043531e-07
  return f(*arrays, *other_args, **kwargs)
/appdata/users/P101440/micromamba/envs/torch29/lib/python3.11/site-packages/scipy/_lib/_util.py:1181: RuntimeWarning: logm result may be inaccurate, approximate err = 9.940850986822625e-07
  return f(*arrays, *other_args, **kwargs)
/appdata/users/P101440/micromamba/envs/torch29/lib/python3.11/site-packages/scipy/_lib/_util.py:1181: RuntimeWarning: logm result may be inaccurate, approximate err = 7.626607043675904e-07
  return f(*arrays, *other_args, **kwargs)
/appdata/users/P101440/micromamba/envs/torch29/lib/python3.11/site-packages/scipy/_lib/_util.py:1181: RuntimeWarning: logm result may be inaccurate, approximate err = 9.63683305599261e-07
  return f(*arrays, *other_args, **kwargs)
/appdata/users/P101440/micromamba/envs/torch29/lib/python3.11/site-packages/scipy/_lib/_util.py:1181: RuntimeWarning: logm result may be inaccurate, approximate err = 8.330600280714862e-07
  return f(*arrays, *other_args, **kwargs)
/appdata/users/P101440/micromamba/envs/torch29/lib/python3.11/site-packages/scipy/_lib/_util.py:1181: RuntimeWarning: logm result may be inaccurate, approximate err = 8.868905183589959e-07
  return f(*arrays, *other_args, **kwargs)
/appdata/users/P101440/micromamba/envs/torch29/lib/python3.11/site-packages/scipy/_lib/_util.py:1181: RuntimeWarning: logm result may be inaccurate, approximate err = 8.320426445607154e-07
  return f(*arrays, *other_args, **kwargs)
/appdata/users/P101440/micromamba/envs/torch29/lib/python3.11/site-packages/scipy/_lib/_util.py:1181: RuntimeWarning: logm result may be inaccurate, approximate err = 1.0842691153811757e-06
  return f(*arrays, *other_args, **kwargs)
/appdata/users/P101440/micromamba/envs/torch29/lib/python3.11/site-packages/scipy/_lib/_util.py:1181: RuntimeWarning: logm result may be inaccurate, approximate err = 7.292800887626072e-07
  return f(*arrays, *other_args, **kwargs)
/appdata/users/P101440/micromamba/envs/torch29/lib/python3.11/site-packages/scipy/_lib/_util.py:1181: RuntimeWarning: logm result may be inaccurate, approximate err = 6.115576525189681e-07
  return f(*arrays, *other_args, **kwargs)
/appdata/users/P101440/micromamba/envs/torch29/lib/python3.11/site-packages/scipy/_lib/_util.py:1181: RuntimeWarning: logm result may be inaccurate, approximate err = 9.129664135798521e-07
  return f(*arrays, *other_args, **kwargs)
/appdata/users/P101440/micromamba/envs/torch29/lib/python3.11/site-packages/scipy/_lib/_util.py:1181: RuntimeWarning: logm result may be inaccurate, approximate err = 1.098917209674255e-06
  return f(*arrays, *other_args, **kwargs)
/appdata/users/P101440/micromamba/envs/torch29/lib/python3.11/site-packages/scipy/_lib/_util.py:1181: RuntimeWarning: logm result may be inaccurate, approximate err = 1.25444807963504e-06
  return f(*arrays, *other_args, **kwargs)
/appdata/users/P101440/micromamba/envs/torch29/lib/python3.11/site-packages/scipy/_lib/_util.py:1181: RuntimeWarning: logm result may be inaccurate, approximate err = 8.01915291503974e-07
  return f(*arrays, *other_args, **kwargs)
/appdata/users/P101440/micromamba/envs/torch29/lib/python3.11/site-packages/scipy/_lib/_util.py:1181: RuntimeWarning: logm result may be inaccurate, approximate err = 1.2375882079140865e-06
  return f(*arrays, *other_args, **kwargs)
/appdata/users/P101440/micromamba/envs/torch29/lib/python3.11/site-packages/scipy/_lib/_util.py:1181: RuntimeWarning: logm result may be inaccurate, approximate err = 6.436452508751245e-07
  return f(*arrays, *other_args, **kwargs)
/appdata/users/P101440/micromamba/envs/torch29/lib/python3.11/site-packages/scipy/_lib/_util.py:1181: RuntimeWarning: logm result may be inaccurate, approximate err = 8.223955774155911e-07
  return f(*arrays, *other_args, **kwargs)
/appdata/users/P101440/micromamba/envs/torch29/lib/python3.11/site-packages/scipy/_lib/_util.py:1181: RuntimeWarning: logm result may be inaccurate, approximate err = 7.296195576600439e-07
  return f(*arrays, *other_args, **kwargs)
/appdata/users/P101440/micromamba/envs/torch29/lib/python3.11/site-packages/scipy/_lib/_util.py:1181: RuntimeWarning: logm result may be inaccurate, approximate err = 1.0852146488105063e-06
  return f(*arrays, *other_args, **kwargs)
/appdata/users/P101440/micromamba/envs/torch29/lib/python3.11/site-packages/scipy/_lib/_util.py:1181: RuntimeWarning: logm result may be inaccurate, approximate err = 8.219928417929623e-07
  return f(*arrays, *other_args, **kwargs)
/appdata/users/P101440/micromamba/envs/torch29/lib/python3.11/site-packages/scipy/_lib/_util.py:1181: RuntimeWarning: logm result may be inaccurate, approximate err = 9.175676609629591e-07
  return f(*arrays, *other_args, **kwargs)
/appdata/users/P101440/micromamba/envs/torch29/lib/python3.11/site-packages/scipy/_lib/_util.py:1181: RuntimeWarning: logm result may be inaccurate, approximate err = 7.803234893799527e-07
  return f(*arrays, *other_args, **kwargs)
/appdata/users/P101440/micromamba/envs/torch29/lib/python3.11/site-packages/scipy/_lib/_util.py:1181: RuntimeWarning: logm result may be inaccurate, approximate err = 7.992686619218148e-07
  return f(*arrays, *other_args, **kwargs)
/appdata/users/P101440/micromamba/envs/torch29/lib/python3.11/site-packages/scipy/_lib/_util.py:1181: RuntimeWarning: logm result may be inaccurate, approximate err = 7.182201215982786e-07
  return f(*arrays, *other_args, **kwargs)
/appdata/users/P101440/micromamba/envs/torch29/lib/python3.11/site-packages/scipy/_lib/_util.py:1181: RuntimeWarning: logm result may be inaccurate, approximate err = 6.573600899173471e-07
  return f(*arrays, *other_args, **kwargs)
/appdata/users/P101440/micromamba/envs/torch29/lib/python3.11/site-packages/scipy/_lib/_util.py:1181: RuntimeWarning: logm result may be inaccurate, approximate err = 7.553462637588382e-07
  return f(*arrays, *other_args, **kwargs)
/appdata/users/P101440/micromamba/envs/torch29/lib/python3.11/site-packages/scipy/_lib/_util.py:1181: RuntimeWarning: logm result may be inaccurate, approximate err = 9.498684221398435e-07
  return f(*arrays, *other_args, **kwargs)
/appdata/users/P101440/micromamba/envs/torch29/lib/python3.11/site-packages/scipy/_lib/_util.py:1181: RuntimeWarning: logm result may be inaccurate, approximate err = 8.43973282371735e-07
  return f(*arrays, *other_args, **kwargs)
/appdata/users/P101440/micromamba/envs/torch29/lib/python3.11/site-packages/scipy/_lib/_util.py:1181: RuntimeWarning: logm result may be inaccurate, approximate err = 1.2626722991626593e-06
  return f(*arrays, *other_args, **kwargs)
/appdata/users/P101440/micromamba/envs/torch29/lib/python3.11/site-packages/scipy/_lib/_util.py:1181: RuntimeWarning: logm result may be inaccurate, approximate err = 7.2340395718129e-07
  return f(*arrays, *other_args, **kwargs)
/appdata/users/P101440/micromamba/envs/torch29/lib/python3.11/site-packages/scipy/_lib/_util.py:1181: RuntimeWarning: logm result may be inaccurate, approximate err = 1.0043187330666115e-06
  return f(*arrays, *other_args, **kwargs)
/appdata/users/P101440/micromamba/envs/torch29/lib/python3.11/site-packages/scipy/_lib/_util.py:1181: RuntimeWarning: logm result may be inaccurate, approximate err = 8.750590723138885e-07
  return f(*arrays, *other_args, **kwargs)
/appdata/users/P101440/micromamba/envs/torch29/lib/python3.11/site-packages/scipy/_lib/_util.py:1181: RuntimeWarning: logm result may be inaccurate, approximate err = 8.611600605945569e-07
  return f(*arrays, *other_args, **kwargs)
/appdata/users/P101440/micromamba/envs/torch29/lib/python3.11/site-packages/scipy/_lib/_util.py:1181: RuntimeWarning: logm result may be inaccurate, approximate err = 9.483932785769866e-07
  return f(*arrays, *other_args, **kwargs)
/appdata/users/P101440/micromamba/envs/torch29/lib/python3.11/site-packages/scipy/_lib/_util.py:1181: RuntimeWarning: logm result may be inaccurate, approximate err = 9.642335498938337e-07
  return f(*arrays, *other_args, **kwargs)
/appdata/users/P101440/micromamba/envs/torch29/lib/python3.11/site-packages/scipy/_lib/_util.py:1181: RuntimeWarning: logm result may be inaccurate, approximate err = 7.817438358870277e-07
  return f(*arrays, *other_args, **kwargs)
/appdata/users/P101440/micromamba/envs/torch29/lib/python3.11/site-packages/scipy/_lib/_util.py:1181: RuntimeWarning: logm result may be inaccurate, approximate err = 6.138187700344133e-07
  return f(*arrays, *other_args, **kwargs)
/appdata/users/P101440/micromamba/envs/torch29/lib/python3.11/site-packages/scipy/_lib/_util.py:1181: RuntimeWarning: logm result may be inaccurate, approximate err = 7.484894695153343e-07
  return f(*arrays, *other_args, **kwargs)
/appdata/users/P101440/micromamba/envs/torch29/lib/python3.11/site-packages/scipy/_lib/_util.py:1181: RuntimeWarning: logm result may be inaccurate, approximate err = 9.192390280077234e-07
  return f(*arrays, *other_args, **kwargs)
/appdata/users/P101440/micromamba/envs/torch29/lib/python3.11/site-packages/scipy/_lib/_util.py:1181: RuntimeWarning: logm result may be inaccurate, approximate err = 8.229193895203935e-07
  return f(*arrays, *other_args, **kwargs)
/appdata/users/P101440/micromamba/envs/torch29/lib/python3.11/site-packages/scipy/_lib/_util.py:1181: RuntimeWarning: logm result may be inaccurate, approximate err = 1.322337766396231e-06
  return f(*arrays, *other_args, **kwargs)
/appdata/users/P101440/micromamba/envs/torch29/lib/python3.11/site-packages/scipy/_lib/_util.py:1181: RuntimeWarning: logm result may be inaccurate, approximate err = 7.667977115488611e-07
  return f(*arrays, *other_args, **kwargs)
/appdata/users/P101440/micromamba/envs/torch29/lib/python3.11/site-packages/scipy/_lib/_util.py:1181: RuntimeWarning: logm result may be inaccurate, approximate err = 6.589353915842366e-07
  return f(*arrays, *other_args, **kwargs)
/appdata/users/P101440/micromamba/envs/torch29/lib/python3.11/site-packages/scipy/_lib/_util.py:1181: RuntimeWarning: logm result may be inaccurate, approximate err = 8.260568620244158e-07
  return f(*arrays, *other_args, **kwargs)
/appdata/users/P101440/micromamba/envs/torch29/lib/python3.11/site-packages/scipy/_lib/_util.py:1181: RuntimeWarning: logm result may be inaccurate, approximate err = 7.787839990669454e-07
  return f(*arrays, *other_args, **kwargs)
/appdata/users/P101440/micromamba/envs/torch29/lib/python3.11/site-packages/scipy/_lib/_util.py:1181: RuntimeWarning: logm result may be inaccurate, approximate err = 8.648636367070139e-07
  return f(*arrays, *other_args, **kwargs)
/appdata/users/P101440/micromamba/envs/torch29/lib/python3.11/site-packages/scipy/_lib/_util.py:1181: RuntimeWarning: logm result may be inaccurate, approximate err = 1.0568031711954973e-06
  return f(*arrays, *other_args, **kwargs)
/appdata/users/P101440/micromamba/envs/torch29/lib/python3.11/site-packages/scipy/_lib/_util.py:1181: RuntimeWarning: logm result may be inaccurate, approximate err = 8.616062814326142e-07
  return f(*arrays, *other_args, **kwargs)
/appdata/users/P101440/micromamba/envs/torch29/lib/python3.11/site-packages/scipy/_lib/_util.py:1181: RuntimeWarning: logm result may be inaccurate, approximate err = 8.74743989243143e-07
  return f(*arrays, *other_args, **kwargs)
/appdata/users/P101440/micromamba/envs/torch29/lib/python3.11/site-packages/scipy/_lib/_util.py:1181: RuntimeWarning: logm result may be inaccurate, approximate err = 7.773713264214166e-07
  return f(*arrays, *other_args, **kwargs)
/appdata/users/P101440/micromamba/envs/torch29/lib/python3.11/site-packages/scipy/_lib/_util.py:1181: RuntimeWarning: logm result may be inaccurate, approximate err = 9.372913609695388e-07
  return f(*arrays, *other_args, **kwargs)
/appdata/users/P101440/micromamba/envs/torch29/lib/python3.11/site-packages/scipy/_lib/_util.py:1181: RuntimeWarning: logm result may be inaccurate, approximate err = 9.523078006168362e-07
  return f(*arrays, *other_args, **kwargs)
/appdata/users/P101440/micromamba/envs/torch29/lib/python3.11/site-packages/scipy/_lib/_util.py:1181: RuntimeWarning: logm result may be inaccurate, approximate err = 6.996717729634838e-07
  return f(*arrays, *other_args, **kwargs)
/appdata/users/P101440/micromamba/envs/torch29/lib/python3.11/site-packages/scipy/_lib/_util.py:1181: RuntimeWarning: logm result may be inaccurate, approximate err = 7.669545425414981e-07
  return f(*arrays, *other_args, **kwargs)
/appdata/users/P101440/micromamba/envs/torch29/lib/python3.11/site-packages/scipy/_lib/_util.py:1181: RuntimeWarning: logm result may be inaccurate, approximate err = 9.34941056129901e-07
  return f(*arrays, *other_args, **kwargs)
/appdata/users/P101440/micromamba/envs/torch29/lib/python3.11/site-packages/scipy/_lib/_util.py:1181: RuntimeWarning: logm result may be inaccurate, approximate err = 4.8310909050997e-07
  return f(*arrays, *other_args, **kwargs)
/appdata/users/P101440/micromamba/envs/torch29/lib/python3.11/site-packages/scipy/_lib/_util.py:1181: RuntimeWarning: logm result may be inaccurate, approximate err = 1.0010128335125046e-06
  return f(*arrays, *other_args, **kwargs)
/appdata/users/P101440/micromamba/envs/torch29/lib/python3.11/site-packages/scipy/_lib/_util.py:1181: RuntimeWarning: logm result may be inaccurate, approximate err = 6.819956865911081e-07
  return f(*arrays, *other_args, **kwargs)
/appdata/users/P101440/micromamba/envs/torch29/lib/python3.11/site-packages/scipy/_lib/_util.py:1181: RuntimeWarning: logm result may be inaccurate, approximate err = 9.93859885056736e-07
  return f(*arrays, *other_args, **kwargs)
/appdata/users/P101440/micromamba/envs/torch29/lib/python3.11/site-packages/scipy/_lib/_util.py:1181: RuntimeWarning: logm result may be inaccurate, approximate err = 1.0201468967352412e-06
  return f(*arrays, *other_args, **kwargs)
/appdata/users/P101440/micromamba/envs/torch29/lib/python3.11/site-packages/scipy/_lib/_util.py:1181: RuntimeWarning: logm result may be inaccurate, approximate err = 8.464459710921801e-07
  return f(*arrays, *other_args, **kwargs)
/appdata/users/P101440/micromamba/envs/torch29/lib/python3.11/site-packages/scipy/_lib/_util.py:1181: RuntimeWarning: logm result may be inaccurate, approximate err = 7.3689238888619e-07
  return f(*arrays, *other_args, **kwargs)
/appdata/users/P101440/micromamba/envs/torch29/lib/python3.11/site-packages/scipy/_lib/_util.py:1181: RuntimeWarning: logm result may be inaccurate, approximate err = 9.605039394955384e-07
  return f(*arrays, *other_args, **kwargs)
/appdata/users/P101440/micromamba/envs/torch29/lib/python3.11/site-packages/scipy/_lib/_util.py:1181: RuntimeWarning: logm result may be inaccurate, approximate err = 7.472160064025957e-07
  return f(*arrays, *other_args, **kwargs)
/appdata/users/P101440/micromamba/envs/torch29/lib/python3.11/site-packages/scipy/_lib/_util.py:1181: RuntimeWarning: logm result may be inaccurate, approximate err = 8.285653620987432e-07
  return f(*arrays, *other_args, **kwargs)
/appdata/users/P101440/micromamba/envs/torch29/lib/python3.11/site-packages/scipy/_lib/_util.py:1181: RuntimeWarning: logm result may be inaccurate, approximate err = 1.2125676676078e-06
  return f(*arrays, *other_args, **kwargs)
/appdata/users/P101440/micromamba/envs/torch29/lib/python3.11/site-packages/scipy/_lib/_util.py:1181: RuntimeWarning: logm result may be inaccurate, approximate err = 7.735413873888319e-07
  return f(*arrays, *other_args, **kwargs)
/appdata/users/P101440/micromamba/envs/torch29/lib/python3.11/site-packages/scipy/_lib/_util.py:1181: RuntimeWarning: logm result may be inaccurate, approximate err = 7.131798724913097e-07
  return f(*arrays, *other_args, **kwargs)
/appdata/users/P101440/micromamba/envs/torch29/lib/python3.11/site-packages/scipy/_lib/_util.py:1181: RuntimeWarning: logm result may be inaccurate, approximate err = 6.218965040716284e-07
  return f(*arrays, *other_args, **kwargs)
/appdata/users/P101440/micromamba/envs/torch29/lib/python3.11/site-packages/scipy/_lib/_util.py:1181: RuntimeWarning: logm result may be inaccurate, approximate err = 9.670452527643647e-07
  return f(*arrays, *other_args, **kwargs)
/appdata/users/P101440/micromamba/envs/torch29/lib/python3.11/site-packages/scipy/_lib/_util.py:1181: RuntimeWarning: logm result may be inaccurate, approximate err = 6.380441845976748e-07
  return f(*arrays, *other_args, **kwargs)
/appdata/users/P101440/micromamba/envs/torch29/lib/python3.11/site-packages/scipy/_lib/_util.py:1181: RuntimeWarning: logm result may be inaccurate, approximate err = 6.581063871635706e-07
  return f(*arrays, *other_args, **kwargs)
/appdata/users/P101440/micromamba/envs/torch29/lib/python3.11/site-packages/scipy/_lib/_util.py:1181: RuntimeWarning: logm result may be inaccurate, approximate err = 9.678747119323816e-07
  return f(*arrays, *other_args, **kwargs)
/appdata/users/P101440/micromamba/envs/torch29/lib/python3.11/site-packages/scipy/_lib/_util.py:1181: RuntimeWarning: logm result may be inaccurate, approximate err = 7.344447112700436e-07
  return f(*arrays, *other_args, **kwargs)
/appdata/users/P101440/micromamba/envs/torch29/lib/python3.11/site-packages/scipy/_lib/_util.py:1181: RuntimeWarning: logm result may be inaccurate, approximate err = 6.473022722275346e-07
  return f(*arrays, *other_args, **kwargs)
/appdata/users/P101440/micromamba/envs/torch29/lib/python3.11/site-packages/scipy/_lib/_util.py:1181: RuntimeWarning: logm result may be inaccurate, approximate err = 7.45424699744035e-07
  return f(*arrays, *other_args, **kwargs)
/appdata/users/P101440/micromamba/envs/torch29/lib/python3.11/site-packages/scipy/_lib/_util.py:1181: RuntimeWarning: logm result may be inaccurate, approximate err = 7.783793876114942e-07
  return f(*arrays, *other_args, **kwargs)
/appdata/users/P101440/micromamba/envs/torch29/lib/python3.11/site-packages/scipy/_lib/_util.py:1181: RuntimeWarning: logm result may be inaccurate, approximate err = 1.253668074241432e-06
  return f(*arrays, *other_args, **kwargs)
/appdata/users/P101440/micromamba/envs/torch29/lib/python3.11/site-packages/scipy/_lib/_util.py:1181: RuntimeWarning: logm result may be inaccurate, approximate err = 9.557168141327566e-07
  return f(*arrays, *other_args, **kwargs)
/appdata/users/P101440/micromamba/envs/torch29/lib/python3.11/site-packages/scipy/_lib/_util.py:1181: RuntimeWarning: logm result may be inaccurate, approximate err = 8.813310046207334e-07
  return f(*arrays, *other_args, **kwargs)
/appdata/users/P101440/micromamba/envs/torch29/lib/python3.11/site-packages/scipy/_lib/_util.py:1181: RuntimeWarning: logm result may be inaccurate, approximate err = 1.1092727163486416e-06
  return f(*arrays, *other_args, **kwargs)
/appdata/users/P101440/micromamba/envs/torch29/lib/python3.11/site-packages/scipy/_lib/_util.py:1181: RuntimeWarning: logm result may be inaccurate, approximate err = 8.456941031909082e-07
  return f(*arrays, *other_args, **kwargs)
/appdata/users/P101440/micromamba/envs/torch29/lib/python3.11/site-packages/scipy/_lib/_util.py:1181: RuntimeWarning: logm result may be inaccurate, approximate err = 7.004807685007108e-07
  return f(*arrays, *other_args, **kwargs)
/appdata/users/P101440/micromamba/envs/torch29/lib/python3.11/site-packages/scipy/_lib/_util.py:1181: RuntimeWarning: logm result may be inaccurate, approximate err = 7.808823738741921e-07
  return f(*arrays, *other_args, **kwargs)
/appdata/users/P101440/micromamba/envs/torch29/lib/python3.11/site-packages/scipy/_lib/_util.py:1181: RuntimeWarning: logm result may be inaccurate, approximate err = 7.404919983855507e-07
  return f(*arrays, *other_args, **kwargs)
/appdata/users/P101440/micromamba/envs/torch29/lib/python3.11/site-packages/scipy/_lib/_util.py:1181: RuntimeWarning: logm result may be inaccurate, approximate err = 8.491476251037966e-07
  return f(*arrays, *other_args, **kwargs)
/appdata/users/P101440/micromamba/envs/torch29/lib/python3.11/site-packages/scipy/_lib/_util.py:1181: RuntimeWarning: logm result may be inaccurate, approximate err = 8.892181995179271e-07
  return f(*arrays, *other_args, **kwargs)
/appdata/users/P101440/micromamba/envs/torch29/lib/python3.11/site-packages/scipy/_lib/_util.py:1181: RuntimeWarning: logm result may be inaccurate, approximate err = 9.177566653306712e-07
  return f(*arrays, *other_args, **kwargs)
/appdata/users/P101440/micromamba/envs/torch29/lib/python3.11/site-packages/scipy/_lib/_util.py:1181: RuntimeWarning: logm result may be inaccurate, approximate err = 7.642558443876624e-07
  return f(*arrays, *other_args, **kwargs)
/appdata/users/P101440/micromamba/envs/torch29/lib/python3.11/site-packages/scipy/_lib/_util.py:1181: RuntimeWarning: logm result may be inaccurate, approximate err = 7.022172212600708e-07
  return f(*arrays, *other_args, **kwargs)
/appdata/users/P101440/micromamba/envs/torch29/lib/python3.11/site-packages/scipy/_lib/_util.py:1181: RuntimeWarning: logm result may be inaccurate, approximate err = 8.015668413463573e-07
  return f(*arrays, *other_args, **kwargs)
/appdata/users/P101440/micromamba/envs/torch29/lib/python3.11/site-packages/scipy/_lib/_util.py:1181: RuntimeWarning: logm result may be inaccurate, approximate err = 1.1893337159563089e-06
  return f(*arrays, *other_args, **kwargs)
/appdata/users/P101440/micromamba/envs/torch29/lib/python3.11/site-packages/scipy/_lib/_util.py:1181: RuntimeWarning: logm result may be inaccurate, approximate err = 1.030779571919993e-06
  return f(*arrays, *other_args, **kwargs)
/appdata/users/P101440/micromamba/envs/torch29/lib/python3.11/site-packages/scipy/_lib/_util.py:1181: RuntimeWarning: logm result may be inaccurate, approximate err = 5.867763661626668e-07
  return f(*arrays, *other_args, **kwargs)
/appdata/users/P101440/micromamba/envs/torch29/lib/python3.11/site-packages/scipy/_lib/_util.py:1181: RuntimeWarning: logm result may be inaccurate, approximate err = 1.2985105968255084e-06
  return f(*arrays, *other_args, **kwargs)
/appdata/users/P101440/micromamba/envs/torch29/lib/python3.11/site-packages/scipy/_lib/_util.py:1181: RuntimeWarning: logm result may be inaccurate, approximate err = 9.904157423079596e-07
  return f(*arrays, *other_args, **kwargs)
/appdata/users/P101440/micromamba/envs/torch29/lib/python3.11/site-packages/scipy/_lib/_util.py:1181: RuntimeWarning: logm result may be inaccurate, approximate err = 8.711051577847684e-07
  return f(*arrays, *other_args, **kwargs)
/appdata/users/P101440/micromamba/envs/torch29/lib/python3.11/site-packages/scipy/_lib/_util.py:1181: RuntimeWarning: logm result may be inaccurate, approximate err = 9.605765853848425e-07
  return f(*arrays, *other_args, **kwargs)
/appdata/users/P101440/micromamba/envs/torch29/lib/python3.11/site-packages/scipy/_lib/_util.py:1181: RuntimeWarning: logm result may be inaccurate, approximate err = 1.2328227967373095e-06
  return f(*arrays, *other_args, **kwargs)
/appdata/users/P101440/micromamba/envs/torch29/lib/python3.11/site-packages/scipy/_lib/_util.py:1181: RuntimeWarning: logm result may be inaccurate, approximate err = 9.517253261037695e-07
  return f(*arrays, *other_args, **kwargs)
/appdata/users/P101440/micromamba/envs/torch29/lib/python3.11/site-packages/scipy/_lib/_util.py:1181: RuntimeWarning: logm result may be inaccurate, approximate err = 9.190615060106211e-07
  return f(*arrays, *other_args, **kwargs)
/appdata/users/P101440/micromamba/envs/torch29/lib/python3.11/site-packages/scipy/_lib/_util.py:1181: RuntimeWarning: logm result may be inaccurate, approximate err = 9.658994031269685e-07
  return f(*arrays, *other_args, **kwargs)
/appdata/users/P101440/micromamba/envs/torch29/lib/python3.11/site-packages/scipy/_lib/_util.py:1181: RuntimeWarning: logm result may be inaccurate, approximate err = 7.678985980419384e-07
  return f(*arrays, *other_args, **kwargs)
/appdata/users/P101440/micromamba/envs/torch29/lib/python3.11/site-packages/scipy/_lib/_util.py:1181: RuntimeWarning: logm result may be inaccurate, approximate err = 1.062135538631992e-06
  return f(*arrays, *other_args, **kwargs)
/appdata/users/P101440/micromamba/envs/torch29/lib/python3.11/site-packages/scipy/_lib/_util.py:1181: RuntimeWarning: logm result may be inaccurate, approximate err = 8.915081366467348e-07
  return f(*arrays, *other_args, **kwargs)
/appdata/users/P101440/micromamba/envs/torch29/lib/python3.11/site-packages/scipy/_lib/_util.py:1181: RuntimeWarning: logm result may be inaccurate, approximate err = 5.389946977629734e-07
  return f(*arrays, *other_args, **kwargs)
/appdata/users/P101440/micromamba/envs/torch29/lib/python3.11/site-packages/scipy/_lib/_util.py:1181: RuntimeWarning: logm result may be inaccurate, approximate err = 1.220811668645183e-06
  return f(*arrays, *other_args, **kwargs)
/appdata/users/P101440/micromamba/envs/torch29/lib/python3.11/site-packages/scipy/_lib/_util.py:1181: RuntimeWarning: logm result may be inaccurate, approximate err = 9.747185458763852e-07
  return f(*arrays, *other_args, **kwargs)
/appdata/users/P101440/micromamba/envs/torch29/lib/python3.11/site-packages/scipy/_lib/_util.py:1181: RuntimeWarning: logm result may be inaccurate, approximate err = 1.0112175914400723e-06
  return f(*arrays, *other_args, **kwargs)
/appdata/users/P101440/micromamba/envs/torch29/lib/python3.11/site-packages/scipy/_lib/_util.py:1181: RuntimeWarning: logm result may be inaccurate, approximate err = 9.070790838450193e-07
  return f(*arrays, *other_args, **kwargs)
/appdata/users/P101440/micromamba/envs/torch29/lib/python3.11/site-packages/scipy/_lib/_util.py:1181: RuntimeWarning: logm result may be inaccurate, approximate err = 4.992870117348502e-07
  return f(*arrays, *other_args, **kwargs)
/appdata/users/P101440/micromamba/envs/torch29/lib/python3.11/site-packages/scipy/_lib/_util.py:1181: RuntimeWarning: logm result may be inaccurate, approximate err = 1.5750209740872378e-06
  return f(*arrays, *other_args, **kwargs)
/appdata/users/P101440/micromamba/envs/torch29/lib/python3.11/site-packages/scipy/_lib/_util.py:1181: RuntimeWarning: logm result may be inaccurate, approximate err = 6.457079280153266e-07
  return f(*arrays, *other_args, **kwargs)
/appdata/users/P101440/micromamba/envs/torch29/lib/python3.11/site-packages/scipy/_lib/_util.py:1181: RuntimeWarning: logm result may be inaccurate, approximate err = 9.319452374256798e-07
  return f(*arrays, *other_args, **kwargs)
/appdata/users/P101440/micromamba/envs/torch29/lib/python3.11/site-packages/scipy/_lib/_util.py:1181: RuntimeWarning: logm result may be inaccurate, approximate err = 9.538275662634987e-07
  return f(*arrays, *other_args, **kwargs)
/appdata/users/P101440/micromamba/envs/torch29/lib/python3.11/site-packages/scipy/_lib/_util.py:1181: RuntimeWarning: logm result may be inaccurate, approximate err = 9.021697451316868e-07
  return f(*arrays, *other_args, **kwargs)
/appdata/users/P101440/micromamba/envs/torch29/lib/python3.11/site-packages/scipy/_lib/_util.py:1181: RuntimeWarning: logm result may be inaccurate, approximate err = 8.67499693413265e-07
  return f(*arrays, *other_args, **kwargs)
/appdata/users/P101440/micromamba/envs/torch29/lib/python3.11/site-packages/scipy/_lib/_util.py:1181: RuntimeWarning: logm result may be inaccurate, approximate err = 8.226241448028304e-07
  return f(*arrays, *other_args, **kwargs)
/appdata/users/P101440/micromamba/envs/torch29/lib/python3.11/site-packages/scipy/_lib/_util.py:1181: RuntimeWarning: logm result may be inaccurate, approximate err = 9.523938615529914e-07
  return f(*arrays, *other_args, **kwargs)
/appdata/users/P101440/micromamba/envs/torch29/lib/python3.11/site-packages/scipy/_lib/_util.py:1181: RuntimeWarning: logm result may be inaccurate, approximate err = 5.979497927910415e-07
  return f(*arrays, *other_args, **kwargs)
/appdata/users/P101440/micromamba/envs/torch29/lib/python3.11/site-packages/scipy/_lib/_util.py:1181: RuntimeWarning: logm result may be inaccurate, approximate err = 8.970017120191187e-07
  return f(*arrays, *other_args, **kwargs)
/appdata/users/P101440/micromamba/envs/torch29/lib/python3.11/site-packages/scipy/_lib/_util.py:1181: RuntimeWarning: logm result may be inaccurate, approximate err = 8.46906687002047e-07
  return f(*arrays, *other_args, **kwargs)
/appdata/users/P101440/micromamba/envs/torch29/lib/python3.11/site-packages/scipy/_lib/_util.py:1181: RuntimeWarning: logm result may be inaccurate, approximate err = 8.318593245348893e-07
  return f(*arrays, *other_args, **kwargs)
/appdata/users/P101440/micromamba/envs/torch29/lib/python3.11/site-packages/scipy/_lib/_util.py:1181: RuntimeWarning: logm result may be inaccurate, approximate err = 7.395969419121684e-07
  return f(*arrays, *other_args, **kwargs)
/appdata/users/P101440/micromamba/envs/torch29/lib/python3.11/site-packages/scipy/_lib/_util.py:1181: RuntimeWarning: logm result may be inaccurate, approximate err = 7.86872988101095e-07
  return f(*arrays, *other_args, **kwargs)
/appdata/users/P101440/micromamba/envs/torch29/lib/python3.11/site-packages/scipy/_lib/_util.py:1181: RuntimeWarning: logm result may be inaccurate, approximate err = 8.08812046670937e-07
  return f(*arrays, *other_args, **kwargs)
/appdata/users/P101440/micromamba/envs/torch29/lib/python3.11/site-packages/scipy/_lib/_util.py:1181: RuntimeWarning: logm result may be inaccurate, approximate err = 8.552470944778179e-07
  return f(*arrays, *other_args, **kwargs)
/appdata/users/P101440/micromamba/envs/torch29/lib/python3.11/site-packages/scipy/_lib/_util.py:1181: RuntimeWarning: logm result may be inaccurate, approximate err = 1.4467008213614463e-06
  return f(*arrays, *other_args, **kwargs)
/appdata/users/P101440/micromamba/envs/torch29/lib/python3.11/site-packages/scipy/_lib/_util.py:1181: RuntimeWarning: logm result may be inaccurate, approximate err = 6.914538062119391e-07
  return f(*arrays, *other_args, **kwargs)
/appdata/users/P101440/micromamba/envs/torch29/lib/python3.11/site-packages/scipy/_lib/_util.py:1181: RuntimeWarning: logm result may be inaccurate, approximate err = 1.0471677569512394e-06
  return f(*arrays, *other_args, **kwargs)
/appdata/users/P101440/micromamba/envs/torch29/lib/python3.11/site-packages/scipy/_lib/_util.py:1181: RuntimeWarning: logm result may be inaccurate, approximate err = 9.994986385208904e-07
  return f(*arrays, *other_args, **kwargs)
/appdata/users/P101440/micromamba/envs/torch29/lib/python3.11/site-packages/scipy/_lib/_util.py:1181: RuntimeWarning: logm result may be inaccurate, approximate err = 6.75372177738609e-07
  return f(*arrays, *other_args, **kwargs)
/appdata/users/P101440/micromamba/envs/torch29/lib/python3.11/site-packages/scipy/_lib/_util.py:1181: RuntimeWarning: logm result may be inaccurate, approximate err = 9.919189096763148e-07
  return f(*arrays, *other_args, **kwargs)
/appdata/users/P101440/micromamba/envs/torch29/lib/python3.11/site-packages/scipy/_lib/_util.py:1181: RuntimeWarning: logm result may be inaccurate, approximate err = 1.0982502089973423e-06
  return f(*arrays, *other_args, **kwargs)
/appdata/users/P101440/micromamba/envs/torch29/lib/python3.11/site-packages/scipy/_lib/_util.py:1181: RuntimeWarning: logm result may be inaccurate, approximate err = 9.737684649735456e-07
  return f(*arrays, *other_args, **kwargs)
/appdata/users/P101440/micromamba/envs/torch29/lib/python3.11/site-packages/scipy/_lib/_util.py:1181: RuntimeWarning: logm result may be inaccurate, approximate err = 8.101412731775781e-07
  return f(*arrays, *other_args, **kwargs)
/appdata/users/P101440/micromamba/envs/torch29/lib/python3.11/site-packages/scipy/_lib/_util.py:1181: RuntimeWarning: logm result may be inaccurate, approximate err = 5.566010372604069e-07
  return f(*arrays, *other_args, **kwargs)
/appdata/users/P101440/micromamba/envs/torch29/lib/python3.11/site-packages/scipy/_lib/_util.py:1181: RuntimeWarning: logm result may be inaccurate, approximate err = 7.040488867460226e-07
  return f(*arrays, *other_args, **kwargs)
/appdata/users/P101440/micromamba/envs/torch29/lib/python3.11/site-packages/scipy/_lib/_util.py:1181: RuntimeWarning: logm result may be inaccurate, approximate err = 6.622543651246815e-07
  return f(*arrays, *other_args, **kwargs)
/appdata/users/P101440/micromamba/envs/torch29/lib/python3.11/site-packages/scipy/_lib/_util.py:1181: RuntimeWarning: logm result may be inaccurate, approximate err = 1.1045311794077861e-06
  return f(*arrays, *other_args, **kwargs)
/appdata/users/P101440/micromamba/envs/torch29/lib/python3.11/site-packages/scipy/_lib/_util.py:1181: RuntimeWarning: logm result may be inaccurate, approximate err = 1.0352845265515498e-06
  return f(*arrays, *other_args, **kwargs)
/appdata/users/P101440/micromamba/envs/torch29/lib/python3.11/site-packages/scipy/_lib/_util.py:1181: RuntimeWarning: logm result may be inaccurate, approximate err = 8.04100125151308e-07
  return f(*arrays, *other_args, **kwargs)
/appdata/users/P101440/micromamba/envs/torch29/lib/python3.11/site-packages/scipy/_lib/_util.py:1181: RuntimeWarning: logm result may be inaccurate, approximate err = 1.0575863598205615e-06
  return f(*arrays, *other_args, **kwargs)
/appdata/users/P101440/micromamba/envs/torch29/lib/python3.11/site-packages/scipy/_lib/_util.py:1181: RuntimeWarning: logm result may be inaccurate, approximate err = 8.044956985031604e-07
  return f(*arrays, *other_args, **kwargs)
/appdata/users/P101440/micromamba/envs/torch29/lib/python3.11/site-packages/scipy/_lib/_util.py:1181: RuntimeWarning: logm result may be inaccurate, approximate err = 6.442579660870251e-07
  return f(*arrays, *other_args, **kwargs)
/appdata/users/P101440/micromamba/envs/torch29/lib/python3.11/site-packages/scipy/_lib/_util.py:1181: RuntimeWarning: logm result may be inaccurate, approximate err = 8.570074783165182e-07
  return f(*arrays, *other_args, **kwargs)
/appdata/users/P101440/micromamba/envs/torch29/lib/python3.11/site-packages/scipy/_lib/_util.py:1181: RuntimeWarning: logm result may be inaccurate, approximate err = 1.045469502969354e-06
  return f(*arrays, *other_args, **kwargs)
/appdata/users/P101440/micromamba/envs/torch29/lib/python3.11/site-packages/scipy/_lib/_util.py:1181: RuntimeWarning: logm result may be inaccurate, approximate err = 9.56110739025462e-07
  return f(*arrays, *other_args, **kwargs)
/appdata/users/P101440/micromamba/envs/torch29/lib/python3.11/site-packages/scipy/_lib/_util.py:1181: RuntimeWarning: logm result may be inaccurate, approximate err = 7.478490147150296e-07
  return f(*arrays, *other_args, **kwargs)
/appdata/users/P101440/micromamba/envs/torch29/lib/python3.11/site-packages/scipy/_lib/_util.py:1181: RuntimeWarning: logm result may be inaccurate, approximate err = 9.8718282970367e-07
  return f(*arrays, *other_args, **kwargs)
/appdata/users/P101440/micromamba/envs/torch29/lib/python3.11/site-packages/scipy/_lib/_util.py:1181: RuntimeWarning: logm result may be inaccurate, approximate err = 1.008438289318292e-06
  return f(*arrays, *other_args, **kwargs)
/appdata/users/P101440/micromamba/envs/torch29/lib/python3.11/site-packages/scipy/_lib/_util.py:1181: RuntimeWarning: logm result may be inaccurate, approximate err = 7.146893494791584e-07
  return f(*arrays, *other_args, **kwargs)
/appdata/users/P101440/micromamba/envs/torch29/lib/python3.11/site-packages/scipy/_lib/_util.py:1181: RuntimeWarning: logm result may be inaccurate, approximate err = 7.09420589828369e-07
  return f(*arrays, *other_args, **kwargs)
/appdata/users/P101440/micromamba/envs/torch29/lib/python3.11/site-packages/scipy/_lib/_util.py:1181: RuntimeWarning: logm result may be inaccurate, approximate err = 7.661269592063036e-07
  return f(*arrays, *other_args, **kwargs)
/appdata/users/P101440/micromamba/envs/torch29/lib/python3.11/site-packages/scipy/_lib/_util.py:1181: RuntimeWarning: logm result may be inaccurate, approximate err = 6.879124612169107e-07
  return f(*arrays, *other_args, **kwargs)
/appdata/users/P101440/micromamba/envs/torch29/lib/python3.11/site-packages/scipy/_lib/_util.py:1181: RuntimeWarning: logm result may be inaccurate, approximate err = 7.667386512366647e-07
  return f(*arrays, *other_args, **kwargs)
/appdata/users/P101440/micromamba/envs/torch29/lib/python3.11/site-packages/scipy/_lib/_util.py:1181: RuntimeWarning: logm result may be inaccurate, approximate err = 9.491955097473692e-07
  return f(*arrays, *other_args, **kwargs)
/appdata/users/P101440/micromamba/envs/torch29/lib/python3.11/site-packages/scipy/_lib/_util.py:1181: RuntimeWarning: logm result may be inaccurate, approximate err = 7.746863275315263e-07
  return f(*arrays, *other_args, **kwargs)
/appdata/users/P101440/micromamba/envs/torch29/lib/python3.11/site-packages/scipy/_lib/_util.py:1181: RuntimeWarning: logm result may be inaccurate, approximate err = 8.495868542013341e-07
  return f(*arrays, *other_args, **kwargs)
/appdata/users/P101440/micromamba/envs/torch29/lib/python3.11/site-packages/scipy/_lib/_util.py:1181: RuntimeWarning: logm result may be inaccurate, approximate err = 6.796550451326766e-07
  return f(*arrays, *other_args, **kwargs)
/appdata/users/P101440/micromamba/envs/torch29/lib/python3.11/site-packages/scipy/_lib/_util.py:1181: RuntimeWarning: logm result may be inaccurate, approximate err = 8.293104087897518e-07
  return f(*arrays, *other_args, **kwargs)
/appdata/users/P101440/micromamba/envs/torch29/lib/python3.11/site-packages/scipy/_lib/_util.py:1181: RuntimeWarning: logm result may be inaccurate, approximate err = 1.002197336674726e-06
  return f(*arrays, *other_args, **kwargs)
/appdata/users/P101440/micromamba/envs/torch29/lib/python3.11/site-packages/scipy/_lib/_util.py:1181: RuntimeWarning: logm result may be inaccurate, approximate err = 7.726986837042205e-07
  return f(*arrays, *other_args, **kwargs)
/appdata/users/P101440/micromamba/envs/torch29/lib/python3.11/site-packages/scipy/_lib/_util.py:1181: RuntimeWarning: logm result may be inaccurate, approximate err = 1.059601117958664e-06
  return f(*arrays, *other_args, **kwargs)
/appdata/users/P101440/micromamba/envs/torch29/lib/python3.11/site-packages/scipy/_lib/_util.py:1181: RuntimeWarning: logm result may be inaccurate, approximate err = 8.090646019809355e-07
  return f(*arrays, *other_args, **kwargs)
/appdata/users/P101440/micromamba/envs/torch29/lib/python3.11/site-packages/scipy/_lib/_util.py:1181: RuntimeWarning: logm result may be inaccurate, approximate err = 7.507757686653349e-07
  return f(*arrays, *other_args, **kwargs)
/appdata/users/P101440/micromamba/envs/torch29/lib/python3.11/site-packages/scipy/_lib/_util.py:1181: RuntimeWarning: logm result may be inaccurate, approximate err = 9.754654684002162e-07
  return f(*arrays, *other_args, **kwargs)
/appdata/users/P101440/micromamba/envs/torch29/lib/python3.11/site-packages/scipy/_lib/_util.py:1181: RuntimeWarning: logm result may be inaccurate, approximate err = 8.957196087067132e-07
  return f(*arrays, *other_args, **kwargs)
/appdata/users/P101440/micromamba/envs/torch29/lib/python3.11/site-packages/scipy/_lib/_util.py:1181: RuntimeWarning: logm result may be inaccurate, approximate err = 7.423034276143881e-07
  return f(*arrays, *other_args, **kwargs)
/appdata/users/P101440/micromamba/envs/torch29/lib/python3.11/site-packages/scipy/_lib/_util.py:1181: RuntimeWarning: logm result may be inaccurate, approximate err = 8.638066901767161e-07
  return f(*arrays, *other_args, **kwargs)
/appdata/users/P101440/micromamba/envs/torch29/lib/python3.11/site-packages/scipy/_lib/_util.py:1181: RuntimeWarning: logm result may be inaccurate, approximate err = 9.145939543486747e-07
  return f(*arrays, *other_args, **kwargs)
/appdata/users/P101440/micromamba/envs/torch29/lib/python3.11/site-packages/scipy/_lib/_util.py:1181: RuntimeWarning: logm result may be inaccurate, approximate err = 8.098705279735441e-07
  return f(*arrays, *other_args, **kwargs)
/appdata/users/P101440/micromamba/envs/torch29/lib/python3.11/site-packages/scipy/_lib/_util.py:1181: RuntimeWarning: logm result may be inaccurate, approximate err = 7.081325179569831e-07
  return f(*arrays, *other_args, **kwargs)
/appdata/users/P101440/micromamba/envs/torch29/lib/python3.11/site-packages/scipy/_lib/_util.py:1181: RuntimeWarning: logm result may be inaccurate, approximate err = 8.086328762146877e-07
  return f(*arrays, *other_args, **kwargs)
/appdata/users/P101440/micromamba/envs/torch29/lib/python3.11/site-packages/scipy/_lib/_util.py:1181: RuntimeWarning: logm result may be inaccurate, approximate err = 6.739093123542261e-07
  return f(*arrays, *other_args, **kwargs)
/appdata/users/P101440/micromamba/envs/torch29/lib/python3.11/site-packages/scipy/_lib/_util.py:1181: RuntimeWarning: logm result may be inaccurate, approximate err = 6.980376952014922e-07
  return f(*arrays, *other_args, **kwargs)
/appdata/users/P101440/micromamba/envs/torch29/lib/python3.11/site-packages/scipy/_lib/_util.py:1181: RuntimeWarning: logm result may be inaccurate, approximate err = 9.824698281590827e-07
  return f(*arrays, *other_args, **kwargs)
/appdata/users/P101440/micromamba/envs/torch29/lib/python3.11/site-packages/scipy/_lib/_util.py:1181: RuntimeWarning: logm result may be inaccurate, approximate err = 1.1188100188519456e-06
  return f(*arrays, *other_args, **kwargs)
/appdata/users/P101440/micromamba/envs/torch29/lib/python3.11/site-packages/scipy/_lib/_util.py:1181: RuntimeWarning: logm result may be inaccurate, approximate err = 4.40521233713298e-07
  return f(*arrays, *other_args, **kwargs)
/appdata/users/P101440/micromamba/envs/torch29/lib/python3.11/site-packages/scipy/_lib/_util.py:1181: RuntimeWarning: logm result may be inaccurate, approximate err = 8.51138338475721e-07
  return f(*arrays, *other_args, **kwargs)
/appdata/users/P101440/micromamba/envs/torch29/lib/python3.11/site-packages/scipy/_lib/_util.py:1181: RuntimeWarning: logm result may be inaccurate, approximate err = 7.654614364582812e-07
  return f(*arrays, *other_args, **kwargs)
/appdata/users/P101440/micromamba/envs/torch29/lib/python3.11/site-packages/scipy/_lib/_util.py:1181: RuntimeWarning: logm result may be inaccurate, approximate err = 7.357252798101399e-07
  return f(*arrays, *other_args, **kwargs)
/appdata/users/P101440/micromamba/envs/torch29/lib/python3.11/site-packages/scipy/_lib/_util.py:1181: RuntimeWarning: logm result may be inaccurate, approximate err = 8.394390533794649e-07
  return f(*arrays, *other_args, **kwargs)
/appdata/users/P101440/micromamba/envs/torch29/lib/python3.11/site-packages/scipy/_lib/_util.py:1181: RuntimeWarning: logm result may be inaccurate, approximate err = 6.769746505597141e-07
  return f(*arrays, *other_args, **kwargs)
/appdata/users/P101440/micromamba/envs/torch29/lib/python3.11/site-packages/scipy/_lib/_util.py:1181: RuntimeWarning: logm result may be inaccurate, approximate err = 1.019139062918839e-06
  return f(*arrays, *other_args, **kwargs)
/appdata/users/P101440/micromamba/envs/torch29/lib/python3.11/site-packages/scipy/_lib/_util.py:1181: RuntimeWarning: logm result may be inaccurate, approximate err = 1.2104985671612667e-06
  return f(*arrays, *other_args, **kwargs)
/appdata/users/P101440/micromamba/envs/torch29/lib/python3.11/site-packages/scipy/_lib/_util.py:1181: RuntimeWarning: logm result may be inaccurate, approximate err = 5.978616286483884e-07
  return f(*arrays, *other_args, **kwargs)
/appdata/users/P101440/micromamba/envs/torch29/lib/python3.11/site-packages/scipy/_lib/_util.py:1181: RuntimeWarning: logm result may be inaccurate, approximate err = 6.604502686968772e-07
  return f(*arrays, *other_args, **kwargs)
/appdata/users/P101440/micromamba/envs/torch29/lib/python3.11/site-packages/scipy/_lib/_util.py:1181: RuntimeWarning: logm result may be inaccurate, approximate err = 9.598537644706084e-07
  return f(*arrays, *other_args, **kwargs)
/appdata/users/P101440/micromamba/envs/torch29/lib/python3.11/site-packages/scipy/_lib/_util.py:1181: RuntimeWarning: logm result may be inaccurate, approximate err = 8.951038239501941e-07
  return f(*arrays, *other_args, **kwargs)
/appdata/users/P101440/micromamba/envs/torch29/lib/python3.11/site-packages/scipy/_lib/_util.py:1181: RuntimeWarning: logm result may be inaccurate, approximate err = 8.112335763144074e-07
  return f(*arrays, *other_args, **kwargs)
/appdata/users/P101440/micromamba/envs/torch29/lib/python3.11/site-packages/scipy/_lib/_util.py:1181: RuntimeWarning: logm result may be inaccurate, approximate err = 6.644698942182004e-07
  return f(*arrays, *other_args, **kwargs)
/appdata/users/P101440/micromamba/envs/torch29/lib/python3.11/site-packages/scipy/_lib/_util.py:1181: RuntimeWarning: logm result may be inaccurate, approximate err = 7.606882377331203e-07
  return f(*arrays, *other_args, **kwargs)
/appdata/users/P101440/micromamba/envs/torch29/lib/python3.11/site-packages/scipy/_lib/_util.py:1181: RuntimeWarning: logm result may be inaccurate, approximate err = 6.11954646956292e-07
  return f(*arrays, *other_args, **kwargs)
/appdata/users/P101440/micromamba/envs/torch29/lib/python3.11/site-packages/scipy/_lib/_util.py:1181: RuntimeWarning: logm result may be inaccurate, approximate err = 6.999664492468582e-07
  return f(*arrays, *other_args, **kwargs)
/appdata/users/P101440/micromamba/envs/torch29/lib/python3.11/site-packages/scipy/_lib/_util.py:1181: RuntimeWarning: logm result may be inaccurate, approximate err = 9.655268513597548e-07
  return f(*arrays, *other_args, **kwargs)
/appdata/users/P101440/micromamba/envs/torch29/lib/python3.11/site-packages/scipy/_lib/_util.py:1181: RuntimeWarning: logm result may be inaccurate, approximate err = 6.85769180108764e-07
  return f(*arrays, *other_args, **kwargs)
/appdata/users/P101440/micromamba/envs/torch29/lib/python3.11/site-packages/scipy/_lib/_util.py:1181: RuntimeWarning: logm result may be inaccurate, approximate err = 5.347254727894324e-07
  return f(*arrays, *other_args, **kwargs)
/appdata/users/P101440/micromamba/envs/torch29/lib/python3.11/site-packages/scipy/_lib/_util.py:1181: RuntimeWarning: logm result may be inaccurate, approximate err = 7.206595569186902e-07
  return f(*arrays, *other_args, **kwargs)
/appdata/users/P101440/micromamba/envs/torch29/lib/python3.11/site-packages/scipy/_lib/_util.py:1181: RuntimeWarning: logm result may be inaccurate, approximate err = 9.559042837281595e-07
  return f(*arrays, *other_args, **kwargs)
/appdata/users/P101440/micromamba/envs/torch29/lib/python3.11/site-packages/scipy/_lib/_util.py:1181: RuntimeWarning: logm result may be inaccurate, approximate err = 9.054820679921249e-07
  return f(*arrays, *other_args, **kwargs)
/appdata/users/P101440/micromamba/envs/torch29/lib/python3.11/site-packages/scipy/_lib/_util.py:1181: RuntimeWarning: logm result may be inaccurate, approximate err = 7.365769079115125e-07
  return f(*arrays, *other_args, **kwargs)
/appdata/users/P101440/micromamba/envs/torch29/lib/python3.11/site-packages/scipy/_lib/_util.py:1181: RuntimeWarning: logm result may be inaccurate, approximate err = 7.858031949581346e-07
  return f(*arrays, *other_args, **kwargs)
/appdata/users/P101440/micromamba/envs/torch29/lib/python3.11/site-packages/scipy/_lib/_util.py:1181: RuntimeWarning: logm result may be inaccurate, approximate err = 8.703078719918267e-07
  return f(*arrays, *other_args, **kwargs)
/appdata/users/P101440/micromamba/envs/torch29/lib/python3.11/site-packages/scipy/_lib/_util.py:1181: RuntimeWarning: logm result may be inaccurate, approximate err = 7.036043712105311e-07
  return f(*arrays, *other_args, **kwargs)
/appdata/users/P101440/micromamba/envs/torch29/lib/python3.11/site-packages/scipy/_lib/_util.py:1181: RuntimeWarning: logm result may be inaccurate, approximate err = 6.951226509954722e-07
  return f(*arrays, *other_args, **kwargs)
/appdata/users/P101440/micromamba/envs/torch29/lib/python3.11/site-packages/scipy/_lib/_util.py:1181: RuntimeWarning: logm result may be inaccurate, approximate err = 6.995264811848756e-07
  return f(*arrays, *other_args, **kwargs)
/appdata/users/P101440/micromamba/envs/torch29/lib/python3.11/site-packages/scipy/_lib/_util.py:1181: RuntimeWarning: logm result may be inaccurate, approximate err = 9.77953391156916e-07
  return f(*arrays, *other_args, **kwargs)
/appdata/users/P101440/micromamba/envs/torch29/lib/python3.11/site-packages/scipy/_lib/_util.py:1181: RuntimeWarning: logm result may be inaccurate, approximate err = 8.619406344223535e-07
  return f(*arrays, *other_args, **kwargs)
/appdata/users/P101440/micromamba/envs/torch29/lib/python3.11/site-packages/scipy/_lib/_util.py:1181: RuntimeWarning: logm result may be inaccurate, approximate err = 6.261431622078817e-07
  return f(*arrays, *other_args, **kwargs)
/appdata/users/P101440/micromamba/envs/torch29/lib/python3.11/site-packages/scipy/_lib/_util.py:1181: RuntimeWarning: logm result may be inaccurate, approximate err = 9.85163410405221e-07
  return f(*arrays, *other_args, **kwargs)
/appdata/users/P101440/micromamba/envs/torch29/lib/python3.11/site-packages/scipy/_lib/_util.py:1181: RuntimeWarning: logm result may be inaccurate, approximate err = 7.333263738473761e-07
  return f(*arrays, *other_args, **kwargs)
/appdata/users/P101440/micromamba/envs/torch29/lib/python3.11/site-packages/scipy/_lib/_util.py:1181: RuntimeWarning: logm result may be inaccurate, approximate err = 8.224988619076612e-07
  return f(*arrays, *other_args, **kwargs)
/appdata/users/P101440/micromamba/envs/torch29/lib/python3.11/site-packages/scipy/_lib/_util.py:1181: RuntimeWarning: logm result may be inaccurate, approximate err = 7.518769393755065e-07
  return f(*arrays, *other_args, **kwargs)
/appdata/users/P101440/micromamba/envs/torch29/lib/python3.11/site-packages/scipy/_lib/_util.py:1181: RuntimeWarning: logm result may be inaccurate, approximate err = 7.18551973477588e-07
  return f(*arrays, *other_args, **kwargs)
/appdata/users/P101440/micromamba/envs/torch29/lib/python3.11/site-packages/scipy/_lib/_util.py:1181: RuntimeWarning: logm result may be inaccurate, approximate err = 1.0285262987963506e-06
  return f(*arrays, *other_args, **kwargs)
/appdata/users/P101440/micromamba/envs/torch29/lib/python3.11/site-packages/scipy/_lib/_util.py:1181: RuntimeWarning: logm result may be inaccurate, approximate err = 5.305910804054292e-07
  return f(*arrays, *other_args, **kwargs)
/appdata/users/P101440/micromamba/envs/torch29/lib/python3.11/site-packages/scipy/_lib/_util.py:1181: RuntimeWarning: logm result may be inaccurate, approximate err = 8.593266898060392e-07
  return f(*arrays, *other_args, **kwargs)
/appdata/users/P101440/micromamba/envs/torch29/lib/python3.11/site-packages/scipy/_lib/_util.py:1181: RuntimeWarning: logm result may be inaccurate, approximate err = 9.127431894739857e-07
  return f(*arrays, *other_args, **kwargs)
/appdata/users/P101440/micromamba/envs/torch29/lib/python3.11/site-packages/scipy/_lib/_util.py:1181: RuntimeWarning: logm result may be inaccurate, approximate err = 8.307625876113889e-07
  return f(*arrays, *other_args, **kwargs)
/appdata/users/P101440/micromamba/envs/torch29/lib/python3.11/site-packages/scipy/_lib/_util.py:1181: RuntimeWarning: logm result may be inaccurate, approximate err = 8.983088832792419e-07
  return f(*arrays, *other_args, **kwargs)
/appdata/users/P101440/micromamba/envs/torch29/lib/python3.11/site-packages/scipy/_lib/_util.py:1181: RuntimeWarning: logm result may be inaccurate, approximate err = 5.910590630264778e-07
  return f(*arrays, *other_args, **kwargs)
/appdata/users/P101440/micromamba/envs/torch29/lib/python3.11/site-packages/scipy/_lib/_util.py:1181: RuntimeWarning: logm result may be inaccurate, approximate err = 6.613364007534983e-07
  return f(*arrays, *other_args, **kwargs)
/appdata/users/P101440/micromamba/envs/torch29/lib/python3.11/site-packages/scipy/_lib/_util.py:1181: RuntimeWarning: logm result may be inaccurate, approximate err = 9.085439955924812e-07
  return f(*arrays, *other_args, **kwargs)
/appdata/users/P101440/micromamba/envs/torch29/lib/python3.11/site-packages/scipy/_lib/_util.py:1181: RuntimeWarning: logm result may be inaccurate, approximate err = 1.0208656249233172e-06
  return f(*arrays, *other_args, **kwargs)
/appdata/users/P101440/micromamba/envs/torch29/lib/python3.11/site-packages/scipy/_lib/_util.py:1181: RuntimeWarning: logm result may be inaccurate, approximate err = 6.085612653805583e-07
  return f(*arrays, *other_args, **kwargs)
/appdata/users/P101440/micromamba/envs/torch29/lib/python3.11/site-packages/scipy/_lib/_util.py:1181: RuntimeWarning: logm result may be inaccurate, approximate err = 7.718397796452336e-07
  return f(*arrays, *other_args, **kwargs)
/appdata/users/P101440/micromamba/envs/torch29/lib/python3.11/site-packages/scipy/_lib/_util.py:1181: RuntimeWarning: logm result may be inaccurate, approximate err = 7.276789801835548e-07
  return f(*arrays, *other_args, **kwargs)
/appdata/users/P101440/micromamba/envs/torch29/lib/python3.11/site-packages/scipy/_lib/_util.py:1181: RuntimeWarning: logm result may be inaccurate, approximate err = 5.472149382512725e-07
  return f(*arrays, *other_args, **kwargs)
/appdata/users/P101440/micromamba/envs/torch29/lib/python3.11/site-packages/scipy/_lib/_util.py:1181: RuntimeWarning: logm result may be inaccurate, approximate err = 8.025008355616592e-07
  return f(*arrays, *other_args, **kwargs)
/appdata/users/P101440/micromamba/envs/torch29/lib/python3.11/site-packages/scipy/_lib/_util.py:1181: RuntimeWarning: logm result may be inaccurate, approximate err = 5.730776138079818e-07
  return f(*arrays, *other_args, **kwargs)
/appdata/users/P101440/micromamba/envs/torch29/lib/python3.11/site-packages/scipy/_lib/_util.py:1181: RuntimeWarning: logm result may be inaccurate, approximate err = 9.610346296540229e-07
  return f(*arrays, *other_args, **kwargs)
/appdata/users/P101440/micromamba/envs/torch29/lib/python3.11/site-packages/scipy/_lib/_util.py:1181: RuntimeWarning: logm result may be inaccurate, approximate err = 1.4991237549111247e-06
  return f(*arrays, *other_args, **kwargs)
/appdata/users/P101440/micromamba/envs/torch29/lib/python3.11/site-packages/scipy/_lib/_util.py:1181: RuntimeWarning: logm result may be inaccurate, approximate err = 4.2441141090421297e-07
  return f(*arrays, *other_args, **kwargs)
/appdata/users/P101440/micromamba/envs/torch29/lib/python3.11/site-packages/scipy/_lib/_util.py:1181: RuntimeWarning: logm result may be inaccurate, approximate err = 1.064163143382757e-06
  return f(*arrays, *other_args, **kwargs)
/appdata/users/P101440/micromamba/envs/torch29/lib/python3.11/site-packages/scipy/_lib/_util.py:1181: RuntimeWarning: logm result may be inaccurate, approximate err = 5.907820082029502e-07
  return f(*arrays, *other_args, **kwargs)
/appdata/users/P101440/micromamba/envs/torch29/lib/python3.11/site-packages/scipy/_lib/_util.py:1181: RuntimeWarning: logm result may be inaccurate, approximate err = 6.224102548912924e-07
  return f(*arrays, *other_args, **kwargs)
/appdata/users/P101440/micromamba/envs/torch29/lib/python3.11/site-packages/scipy/_lib/_util.py:1181: RuntimeWarning: logm result may be inaccurate, approximate err = 7.936252472973138e-07
  return f(*arrays, *other_args, **kwargs)
/appdata/users/P101440/micromamba/envs/torch29/lib/python3.11/site-packages/scipy/_lib/_util.py:1181: RuntimeWarning: logm result may be inaccurate, approximate err = 6.997919967943744e-07
  return f(*arrays, *other_args, **kwargs)
/appdata/users/P101440/micromamba/envs/torch29/lib/python3.11/site-packages/scipy/_lib/_util.py:1181: RuntimeWarning: logm result may be inaccurate, approximate err = 6.395695208993857e-07
  return f(*arrays, *other_args, **kwargs)
/appdata/users/P101440/micromamba/envs/torch29/lib/python3.11/site-packages/scipy/_lib/_util.py:1181: RuntimeWarning: logm result may be inaccurate, approximate err = 8.693901349943189e-07
  return f(*arrays, *other_args, **kwargs)
/appdata/users/P101440/micromamba/envs/torch29/lib/python3.11/site-packages/scipy/_lib/_util.py:1181: RuntimeWarning: logm result may be inaccurate, approximate err = 1.2908260487165535e-06
  return f(*arrays, *other_args, **kwargs)
/appdata/users/P101440/micromamba/envs/torch29/lib/python3.11/site-packages/scipy/_lib/_util.py:1181: RuntimeWarning: logm result may be inaccurate, approximate err = 7.353070259341621e-07
  return f(*arrays, *other_args, **kwargs)
/appdata/users/P101440/micromamba/envs/torch29/lib/python3.11/site-packages/scipy/_lib/_util.py:1181: RuntimeWarning: logm result may be inaccurate, approximate err = 8.268006013167906e-07
  return f(*arrays, *other_args, **kwargs)
/appdata/users/P101440/micromamba/envs/torch29/lib/python3.11/site-packages/scipy/_lib/_util.py:1181: RuntimeWarning: logm result may be inaccurate, approximate err = 9.975431112252409e-07
  return f(*arrays, *other_args, **kwargs)
/appdata/users/P101440/micromamba/envs/torch29/lib/python3.11/site-packages/scipy/_lib/_util.py:1181: RuntimeWarning: logm result may be inaccurate, approximate err = 7.2678005835769e-07
  return f(*arrays, *other_args, **kwargs)
/appdata/users/P101440/micromamba/envs/torch29/lib/python3.11/site-packages/scipy/_lib/_util.py:1181: RuntimeWarning: logm result may be inaccurate, approximate err = 8.570468708057888e-07
  return f(*arrays, *other_args, **kwargs)
/appdata/users/P101440/micromamba/envs/torch29/lib/python3.11/site-packages/scipy/_lib/_util.py:1181: RuntimeWarning: logm result may be inaccurate, approximate err = 1.0192974286837853e-06
  return f(*arrays, *other_args, **kwargs)
/appdata/users/P101440/micromamba/envs/torch29/lib/python3.11/site-packages/scipy/_lib/_util.py:1181: RuntimeWarning: logm result may be inaccurate, approximate err = 1.0959655583064887e-06
  return f(*arrays, *other_args, **kwargs)
/appdata/users/P101440/micromamba/envs/torch29/lib/python3.11/site-packages/scipy/_lib/_util.py:1181: RuntimeWarning: logm result may be inaccurate, approximate err = 6.516132771139382e-07
  return f(*arrays, *other_args, **kwargs)
/appdata/users/P101440/micromamba/envs/torch29/lib/python3.11/site-packages/scipy/_lib/_util.py:1181: RuntimeWarning: logm result may be inaccurate, approximate err = 8.356175840162905e-07
  return f(*arrays, *other_args, **kwargs)
/appdata/users/P101440/micromamba/envs/torch29/lib/python3.11/site-packages/scipy/_lib/_util.py:1181: RuntimeWarning: logm result may be inaccurate, approximate err = 8.753784754844673e-07
  return f(*arrays, *other_args, **kwargs)
/appdata/users/P101440/micromamba/envs/torch29/lib/python3.11/site-packages/scipy/_lib/_util.py:1181: RuntimeWarning: logm result may be inaccurate, approximate err = 6.998474759711826e-07
  return f(*arrays, *other_args, **kwargs)
/appdata/users/P101440/micromamba/envs/torch29/lib/python3.11/site-packages/scipy/_lib/_util.py:1181: RuntimeWarning: logm result may be inaccurate, approximate err = 8.273588605334226e-07
  return f(*arrays, *other_args, **kwargs)
/appdata/users/P101440/micromamba/envs/torch29/lib/python3.11/site-packages/scipy/_lib/_util.py:1181: RuntimeWarning: logm result may be inaccurate, approximate err = 8.934295578910678e-07
  return f(*arrays, *other_args, **kwargs)
/appdata/users/P101440/micromamba/envs/torch29/lib/python3.11/site-packages/scipy/_lib/_util.py:1181: RuntimeWarning: logm result may be inaccurate, approximate err = 8.594767564318317e-07
  return f(*arrays, *other_args, **kwargs)
/appdata/users/P101440/micromamba/envs/torch29/lib/python3.11/site-packages/scipy/_lib/_util.py:1181: RuntimeWarning: logm result may be inaccurate, approximate err = 8.004715823517472e-07
  return f(*arrays, *other_args, **kwargs)
/appdata/users/P101440/micromamba/envs/torch29/lib/python3.11/site-packages/scipy/_lib/_util.py:1181: RuntimeWarning: logm result may be inaccurate, approximate err = 8.89355476374476e-07
  return f(*arrays, *other_args, **kwargs)
/appdata/users/P101440/micromamba/envs/torch29/lib/python3.11/site-packages/scipy/_lib/_util.py:1181: RuntimeWarning: logm result may be inaccurate, approximate err = 1.1615131825237768e-06
  return f(*arrays, *other_args, **kwargs)
/appdata/users/P101440/micromamba/envs/torch29/lib/python3.11/site-packages/scipy/_lib/_util.py:1181: RuntimeWarning: logm result may be inaccurate, approximate err = 8.250197538473003e-07
  return f(*arrays, *other_args, **kwargs)
/appdata/users/P101440/micromamba/envs/torch29/lib/python3.11/site-packages/scipy/_lib/_util.py:1181: RuntimeWarning: logm result may be inaccurate, approximate err = 1.0326677966077114e-06
  return f(*arrays, *other_args, **kwargs)
/appdata/users/P101440/micromamba/envs/torch29/lib/python3.11/site-packages/scipy/_lib/_util.py:1181: RuntimeWarning: logm result may be inaccurate, approximate err = 9.54463757807389e-07
  return f(*arrays, *other_args, **kwargs)
/appdata/users/P101440/micromamba/envs/torch29/lib/python3.11/site-packages/scipy/_lib/_util.py:1181: RuntimeWarning: logm result may be inaccurate, approximate err = 9.536049674352398e-07
  return f(*arrays, *other_args, **kwargs)
/appdata/users/P101440/micromamba/envs/torch29/lib/python3.11/site-packages/scipy/_lib/_util.py:1181: RuntimeWarning: logm result may be inaccurate, approximate err = 1.1331433142913738e-06
  return f(*arrays, *other_args, **kwargs)
/appdata/users/P101440/micromamba/envs/torch29/lib/python3.11/site-packages/scipy/_lib/_util.py:1181: RuntimeWarning: logm result may be inaccurate, approximate err = 5.786234282822988e-07
  return f(*arrays, *other_args, **kwargs)
/appdata/users/P101440/micromamba/envs/torch29/lib/python3.11/site-packages/scipy/_lib/_util.py:1181: RuntimeWarning: logm result may be inaccurate, approximate err = 7.667538284295006e-07
  return f(*arrays, *other_args, **kwargs)
/appdata/users/P101440/micromamba/envs/torch29/lib/python3.11/site-packages/scipy/_lib/_util.py:1181: RuntimeWarning: logm result may be inaccurate, approximate err = 7.057760740281083e-07
  return f(*arrays, *other_args, **kwargs)
/appdata/users/P101440/micromamba/envs/torch29/lib/python3.11/site-packages/scipy/_lib/_util.py:1181: RuntimeWarning: logm result may be inaccurate, approximate err = 7.212154287117301e-07
  return f(*arrays, *other_args, **kwargs)
/appdata/users/P101440/micromamba/envs/torch29/lib/python3.11/site-packages/scipy/_lib/_util.py:1181: RuntimeWarning: logm result may be inaccurate, approximate err = 1.2102367463739938e-06
  return f(*arrays, *other_args, **kwargs)
/appdata/users/P101440/micromamba/envs/torch29/lib/python3.11/site-packages/scipy/_lib/_util.py:1181: RuntimeWarning: logm result may be inaccurate, approximate err = 1.206452225233079e-06
  return f(*arrays, *other_args, **kwargs)
/appdata/users/P101440/micromamba/envs/torch29/lib/python3.11/site-packages/scipy/_lib/_util.py:1181: RuntimeWarning: logm result may be inaccurate, approximate err = 7.939626129882527e-07
  return f(*arrays, *other_args, **kwargs)
/appdata/users/P101440/micromamba/envs/torch29/lib/python3.11/site-packages/scipy/_lib/_util.py:1181: RuntimeWarning: logm result may be inaccurate, approximate err = 6.154643301670149e-07
  return f(*arrays, *other_args, **kwargs)
/appdata/users/P101440/micromamba/envs/torch29/lib/python3.11/site-packages/scipy/_lib/_util.py:1181: RuntimeWarning: logm result may be inaccurate, approximate err = 7.110243700481078e-07
  return f(*arrays, *other_args, **kwargs)
/appdata/users/P101440/micromamba/envs/torch29/lib/python3.11/site-packages/scipy/_lib/_util.py:1181: RuntimeWarning: logm result may be inaccurate, approximate err = 1.1392360192985507e-06
  return f(*arrays, *other_args, **kwargs)
/appdata/users/P101440/micromamba/envs/torch29/lib/python3.11/site-packages/scipy/_lib/_util.py:1181: RuntimeWarning: logm result may be inaccurate, approximate err = 7.743416290395544e-07
  return f(*arrays, *other_args, **kwargs)
/appdata/users/P101440/micromamba/envs/torch29/lib/python3.11/site-packages/scipy/_lib/_util.py:1181: RuntimeWarning: logm result may be inaccurate, approximate err = 7.203556720014603e-07
  return f(*arrays, *other_args, **kwargs)
/appdata/users/P101440/micromamba/envs/torch29/lib/python3.11/site-packages/scipy/_lib/_util.py:1181: RuntimeWarning: logm result may be inaccurate, approximate err = 7.980535201568273e-07
  return f(*arrays, *other_args, **kwargs)
/appdata/users/P101440/micromamba/envs/torch29/lib/python3.11/site-packages/scipy/_lib/_util.py:1181: RuntimeWarning: logm result may be inaccurate, approximate err = 5.444967428047676e-07
  return f(*arrays, *other_args, **kwargs)
/appdata/users/P101440/micromamba/envs/torch29/lib/python3.11/site-packages/scipy/_lib/_util.py:1181: RuntimeWarning: logm result may be inaccurate, approximate err = 8.343319564119156e-07
  return f(*arrays, *other_args, **kwargs)
/appdata/users/P101440/micromamba/envs/torch29/lib/python3.11/site-packages/scipy/_lib/_util.py:1181: RuntimeWarning: logm result may be inaccurate, approximate err = 1.1573536085052183e-06
  return f(*arrays, *other_args, **kwargs)
/appdata/users/P101440/micromamba/envs/torch29/lib/python3.11/site-packages/scipy/_lib/_util.py:1181: RuntimeWarning: logm result may be inaccurate, approximate err = 8.564685458622989e-07
  return f(*arrays, *other_args, **kwargs)
/appdata/users/P101440/micromamba/envs/torch29/lib/python3.11/site-packages/scipy/_lib/_util.py:1181: RuntimeWarning: logm result may be inaccurate, approximate err = 1.1951128726650495e-06
  return f(*arrays, *other_args, **kwargs)
/appdata/users/P101440/micromamba/envs/torch29/lib/python3.11/site-packages/scipy/_lib/_util.py:1181: RuntimeWarning: logm result may be inaccurate, approximate err = 9.360553576698294e-07
  return f(*arrays, *other_args, **kwargs)
/appdata/users/P101440/micromamba/envs/torch29/lib/python3.11/site-packages/scipy/_lib/_util.py:1181: RuntimeWarning: logm result may be inaccurate, approximate err = 7.754912871860142e-07
  return f(*arrays, *other_args, **kwargs)
/appdata/users/P101440/micromamba/envs/torch29/lib/python3.11/site-packages/scipy/_lib/_util.py:1181: RuntimeWarning: logm result may be inaccurate, approximate err = 1.1310003174003214e-06
  return f(*arrays, *other_args, **kwargs)
/appdata/users/P101440/micromamba/envs/torch29/lib/python3.11/site-packages/scipy/_lib/_util.py:1181: RuntimeWarning: logm result may be inaccurate, approximate err = 5.946054102423659e-07
  return f(*arrays, *other_args, **kwargs)
/appdata/users/P101440/micromamba/envs/torch29/lib/python3.11/site-packages/scipy/_lib/_util.py:1181: RuntimeWarning: logm result may be inaccurate, approximate err = 7.409562385873869e-07
  return f(*arrays, *other_args, **kwargs)
/appdata/users/P101440/micromamba/envs/torch29/lib/python3.11/site-packages/scipy/_lib/_util.py:1181: RuntimeWarning: logm result may be inaccurate, approximate err = 9.861810212896671e-07
  return f(*arrays, *other_args, **kwargs)
/appdata/users/P101440/micromamba/envs/torch29/lib/python3.11/site-packages/scipy/_lib/_util.py:1181: RuntimeWarning: logm result may be inaccurate, approximate err = 7.836972031327605e-07
  return f(*arrays, *other_args, **kwargs)
/appdata/users/P101440/micromamba/envs/torch29/lib/python3.11/site-packages/scipy/_lib/_util.py:1181: RuntimeWarning: logm result may be inaccurate, approximate err = 1.5034070202091243e-06
  return f(*arrays, *other_args, **kwargs)
/appdata/users/P101440/micromamba/envs/torch29/lib/python3.11/site-packages/scipy/_lib/_util.py:1181: RuntimeWarning: logm result may be inaccurate, approximate err = 6.800102596571378e-07
  return f(*arrays, *other_args, **kwargs)
/appdata/users/P101440/micromamba/envs/torch29/lib/python3.11/site-packages/scipy/_lib/_util.py:1181: RuntimeWarning: logm result may be inaccurate, approximate err = 8.517279184161453e-07
  return f(*arrays, *other_args, **kwargs)
/appdata/users/P101440/micromamba/envs/torch29/lib/python3.11/site-packages/scipy/_lib/_util.py:1181: RuntimeWarning: logm result may be inaccurate, approximate err = 8.154775059665553e-07
  return f(*arrays, *other_args, **kwargs)
/appdata/users/P101440/micromamba/envs/torch29/lib/python3.11/site-packages/scipy/_lib/_util.py:1181: RuntimeWarning: logm result may be inaccurate, approximate err = 8.382601777157106e-07
  return f(*arrays, *other_args, **kwargs)
/appdata/users/P101440/micromamba/envs/torch29/lib/python3.11/site-packages/scipy/_lib/_util.py:1181: RuntimeWarning: logm result may be inaccurate, approximate err = 1.0131705039384542e-06
  return f(*arrays, *other_args, **kwargs)
/appdata/users/P101440/micromamba/envs/torch29/lib/python3.11/site-packages/scipy/_lib/_util.py:1181: RuntimeWarning: logm result may be inaccurate, approximate err = 1.0079793355544098e-06
  return f(*arrays, *other_args, **kwargs)
/appdata/users/P101440/micromamba/envs/torch29/lib/python3.11/site-packages/scipy/_lib/_util.py:1181: RuntimeWarning: logm result may be inaccurate, approximate err = 1.0538462902331958e-06
  return f(*arrays, *other_args, **kwargs)
/appdata/users/P101440/micromamba/envs/torch29/lib/python3.11/site-packages/scipy/_lib/_util.py:1181: RuntimeWarning: logm result may be inaccurate, approximate err = 1.1660731615847908e-06
  return f(*arrays, *other_args, **kwargs)
/appdata/users/P101440/micromamba/envs/torch29/lib/python3.11/site-packages/scipy/_lib/_util.py:1181: RuntimeWarning: logm result may be inaccurate, approximate err = 9.008169286062184e-07
  return f(*arrays, *other_args, **kwargs)
/appdata/users/P101440/micromamba/envs/torch29/lib/python3.11/site-packages/scipy/_lib/_util.py:1181: RuntimeWarning: logm result may be inaccurate, approximate err = 9.76053229351237e-07
  return f(*arrays, *other_args, **kwargs)
/appdata/users/P101440/micromamba/envs/torch29/lib/python3.11/site-packages/scipy/_lib/_util.py:1181: RuntimeWarning: logm result may be inaccurate, approximate err = 9.461155627832341e-07
  return f(*arrays, *other_args, **kwargs)
/appdata/users/P101440/micromamba/envs/torch29/lib/python3.11/site-packages/scipy/_lib/_util.py:1181: RuntimeWarning: logm result may be inaccurate, approximate err = 4.4371830654199584e-07
  return f(*arrays, *other_args, **kwargs)
/appdata/users/P101440/micromamba/envs/torch29/lib/python3.11/site-packages/scipy/_lib/_util.py:1181: RuntimeWarning: logm result may be inaccurate, approximate err = 1.0478354397491785e-06
  return f(*arrays, *other_args, **kwargs)
/appdata/users/P101440/micromamba/envs/torch29/lib/python3.11/site-packages/scipy/_lib/_util.py:1181: RuntimeWarning: logm result may be inaccurate, approximate err = 8.121850783027185e-07
  return f(*arrays, *other_args, **kwargs)
/appdata/users/P101440/micromamba/envs/torch29/lib/python3.11/site-packages/scipy/_lib/_util.py:1181: RuntimeWarning: logm result may be inaccurate, approximate err = 9.933809224094148e-07
  return f(*arrays, *other_args, **kwargs)
/appdata/users/P101440/micromamba/envs/torch29/lib/python3.11/site-packages/scipy/_lib/_util.py:1181: RuntimeWarning: logm result may be inaccurate, approximate err = 9.211013320964412e-07
  return f(*arrays, *other_args, **kwargs)
/appdata/users/P101440/micromamba/envs/torch29/lib/python3.11/site-packages/scipy/_lib/_util.py:1181: RuntimeWarning: logm result may be inaccurate, approximate err = 7.920107236714102e-07
  return f(*arrays, *other_args, **kwargs)
/appdata/users/P101440/micromamba/envs/torch29/lib/python3.11/site-packages/scipy/_lib/_util.py:1181: RuntimeWarning: logm result may be inaccurate, approximate err = 8.432788263235125e-07
  return f(*arrays, *other_args, **kwargs)
/appdata/users/P101440/micromamba/envs/torch29/lib/python3.11/site-packages/scipy/_lib/_util.py:1181: RuntimeWarning: logm result may be inaccurate, approximate err = 7.893889346632932e-07
  return f(*arrays, *other_args, **kwargs)
/appdata/users/P101440/micromamba/envs/torch29/lib/python3.11/site-packages/scipy/_lib/_util.py:1181: RuntimeWarning: logm result may be inaccurate, approximate err = 8.602174261795881e-07
  return f(*arrays, *other_args, **kwargs)
/appdata/users/P101440/micromamba/envs/torch29/lib/python3.11/site-packages/scipy/_lib/_util.py:1181: RuntimeWarning: logm result may be inaccurate, approximate err = 8.214037165998889e-07
  return f(*arrays, *other_args, **kwargs)
/appdata/users/P101440/micromamba/envs/torch29/lib/python3.11/site-packages/scipy/_lib/_util.py:1181: RuntimeWarning: logm result may be inaccurate, approximate err = 1.144433326771832e-06
  return f(*arrays, *other_args, **kwargs)
/appdata/users/P101440/micromamba/envs/torch29/lib/python3.11/site-packages/scipy/_lib/_util.py:1181: RuntimeWarning: logm result may be inaccurate, approximate err = 8.060470122472907e-07
  return f(*arrays, *other_args, **kwargs)
/appdata/users/P101440/micromamba/envs/torch29/lib/python3.11/site-packages/scipy/_lib/_util.py:1181: RuntimeWarning: logm result may be inaccurate, approximate err = 1.0042207350124954e-06
  return f(*arrays, *other_args, **kwargs)
/appdata/users/P101440/micromamba/envs/torch29/lib/python3.11/site-packages/scipy/_lib/_util.py:1181: RuntimeWarning: logm result may be inaccurate, approximate err = 6.746022336301394e-07
  return f(*arrays, *other_args, **kwargs)
/appdata/users/P101440/micromamba/envs/torch29/lib/python3.11/site-packages/scipy/_lib/_util.py:1181: RuntimeWarning: logm result may be inaccurate, approximate err = 9.52828145273088e-07
  return f(*arrays, *other_args, **kwargs)
/appdata/users/P101440/micromamba/envs/torch29/lib/python3.11/site-packages/scipy/_lib/_util.py:1181: RuntimeWarning: logm result may be inaccurate, approximate err = 9.332126182926004e-07
  return f(*arrays, *other_args, **kwargs)
/appdata/users/P101440/micromamba/envs/torch29/lib/python3.11/site-packages/scipy/_lib/_util.py:1181: RuntimeWarning: logm result may be inaccurate, approximate err = 7.207358976302203e-07
  return f(*arrays, *other_args, **kwargs)
/appdata/users/P101440/micromamba/envs/torch29/lib/python3.11/site-packages/scipy/_lib/_util.py:1181: RuntimeWarning: logm result may be inaccurate, approximate err = 9.192210086439445e-07
  return f(*arrays, *other_args, **kwargs)
/appdata/users/P101440/micromamba/envs/torch29/lib/python3.11/site-packages/scipy/_lib/_util.py:1181: RuntimeWarning: logm result may be inaccurate, approximate err = 6.02190652898571e-07
  return f(*arrays, *other_args, **kwargs)
/appdata/users/P101440/micromamba/envs/torch29/lib/python3.11/site-packages/scipy/_lib/_util.py:1181: RuntimeWarning: logm result may be inaccurate, approximate err = 9.409454264641681e-07
  return f(*arrays, *other_args, **kwargs)
/appdata/users/P101440/micromamba/envs/torch29/lib/python3.11/site-packages/scipy/_lib/_util.py:1181: RuntimeWarning: logm result may be inaccurate, approximate err = 9.14069914870197e-07
  return f(*arrays, *other_args, **kwargs)
/appdata/users/P101440/micromamba/envs/torch29/lib/python3.11/site-packages/scipy/_lib/_util.py:1181: RuntimeWarning: logm result may be inaccurate, approximate err = 8.159678372976487e-07
  return f(*arrays, *other_args, **kwargs)
/appdata/users/P101440/micromamba/envs/torch29/lib/python3.11/site-packages/scipy/_lib/_util.py:1181: RuntimeWarning: logm result may be inaccurate, approximate err = 6.580446552106878e-07
  return f(*arrays, *other_args, **kwargs)
/appdata/users/P101440/micromamba/envs/torch29/lib/python3.11/site-packages/scipy/_lib/_util.py:1181: RuntimeWarning: logm result may be inaccurate, approximate err = 1.1128596497655963e-06
  return f(*arrays, *other_args, **kwargs)
/appdata/users/P101440/micromamba/envs/torch29/lib/python3.11/site-packages/scipy/_lib/_util.py:1181: RuntimeWarning: logm result may be inaccurate, approximate err = 1.210282789543271e-06
  return f(*arrays, *other_args, **kwargs)
/appdata/users/P101440/micromamba/envs/torch29/lib/python3.11/site-packages/scipy/_lib/_util.py:1181: RuntimeWarning: logm result may be inaccurate, approximate err = 5.51486436961568e-07
  return f(*arrays, *other_args, **kwargs)
/appdata/users/P101440/micromamba/envs/torch29/lib/python3.11/site-packages/scipy/_lib/_util.py:1181: RuntimeWarning: logm result may be inaccurate, approximate err = 9.959616136256955e-07
  return f(*arrays, *other_args, **kwargs)
/appdata/users/P101440/micromamba/envs/torch29/lib/python3.11/site-packages/scipy/_lib/_util.py:1181: RuntimeWarning: logm result may be inaccurate, approximate err = 1.1951534588661161e-06
  return f(*arrays, *other_args, **kwargs)
/appdata/users/P101440/micromamba/envs/torch29/lib/python3.11/site-packages/scipy/_lib/_util.py:1181: RuntimeWarning: logm result may be inaccurate, approximate err = 7.841434808142367e-07
  return f(*arrays, *other_args, **kwargs)
/appdata/users/P101440/micromamba/envs/torch29/lib/python3.11/site-packages/scipy/_lib/_util.py:1181: RuntimeWarning: logm result may be inaccurate, approximate err = 7.0350762371163e-07
  return f(*arrays, *other_args, **kwargs)
/appdata/users/P101440/micromamba/envs/torch29/lib/python3.11/site-packages/scipy/_lib/_util.py:1181: RuntimeWarning: logm result may be inaccurate, approximate err = 1.1682477634167299e-06
  return f(*arrays, *other_args, **kwargs)
/appdata/users/P101440/micromamba/envs/torch29/lib/python3.11/site-packages/scipy/_lib/_util.py:1181: RuntimeWarning: logm result may be inaccurate, approximate err = 7.209580985545472e-07
  return f(*arrays, *other_args, **kwargs)
/appdata/users/P101440/micromamba/envs/torch29/lib/python3.11/site-packages/scipy/_lib/_util.py:1181: RuntimeWarning: logm result may be inaccurate, approximate err = 8.855212172420579e-07
  return f(*arrays, *other_args, **kwargs)
/appdata/users/P101440/micromamba/envs/torch29/lib/python3.11/site-packages/scipy/_lib/_util.py:1181: RuntimeWarning: logm result may be inaccurate, approximate err = 1.0493720310478238e-06
  return f(*arrays, *other_args, **kwargs)
/appdata/users/P101440/micromamba/envs/torch29/lib/python3.11/site-packages/scipy/_lib/_util.py:1181: RuntimeWarning: logm result may be inaccurate, approximate err = 7.348714916588506e-07
  return f(*arrays, *other_args, **kwargs)
/appdata/users/P101440/micromamba/envs/torch29/lib/python3.11/site-packages/scipy/_lib/_util.py:1181: RuntimeWarning: logm result may be inaccurate, approximate err = 9.7837482826435e-07
  return f(*arrays, *other_args, **kwargs)
/appdata/users/P101440/micromamba/envs/torch29/lib/python3.11/site-packages/scipy/_lib/_util.py:1181: RuntimeWarning: logm result may be inaccurate, approximate err = 8.140200975503831e-07
  return f(*arrays, *other_args, **kwargs)
/appdata/users/P101440/micromamba/envs/torch29/lib/python3.11/site-packages/scipy/_lib/_util.py:1181: RuntimeWarning: logm result may be inaccurate, approximate err = 7.108421868906589e-07
  return f(*arrays, *other_args, **kwargs)
/appdata/users/P101440/micromamba/envs/torch29/lib/python3.11/site-packages/scipy/_lib/_util.py:1181: RuntimeWarning: logm result may be inaccurate, approximate err = 7.439469413839106e-07
  return f(*arrays, *other_args, **kwargs)
/appdata/users/P101440/micromamba/envs/torch29/lib/python3.11/site-packages/scipy/_lib/_util.py:1181: RuntimeWarning: logm result may be inaccurate, approximate err = 8.422849759881501e-07
  return f(*arrays, *other_args, **kwargs)
/appdata/users/P101440/micromamba/envs/torch29/lib/python3.11/site-packages/scipy/_lib/_util.py:1181: RuntimeWarning: logm result may be inaccurate, approximate err = 7.39559538942558e-07
  return f(*arrays, *other_args, **kwargs)
/appdata/users/P101440/micromamba/envs/torch29/lib/python3.11/site-packages/scipy/_lib/_util.py:1181: RuntimeWarning: logm result may be inaccurate, approximate err = 9.703032901597908e-07
  return f(*arrays, *other_args, **kwargs)
/appdata/users/P101440/micromamba/envs/torch29/lib/python3.11/site-packages/scipy/_lib/_util.py:1181: RuntimeWarning: logm result may be inaccurate, approximate err = 4.714893577784096e-07
  return f(*arrays, *other_args, **kwargs)
/appdata/users/P101440/micromamba/envs/torch29/lib/python3.11/site-packages/scipy/_lib/_util.py:1181: RuntimeWarning: logm result may be inaccurate, approximate err = 1.0063441777674598e-06
  return f(*arrays, *other_args, **kwargs)
/appdata/users/P101440/micromamba/envs/torch29/lib/python3.11/site-packages/scipy/_lib/_util.py:1181: RuntimeWarning: logm result may be inaccurate, approximate err = 9.739139841258293e-07
  return f(*arrays, *other_args, **kwargs)
/appdata/users/P101440/micromamba/envs/torch29/lib/python3.11/site-packages/scipy/_lib/_util.py:1181: RuntimeWarning: logm result may be inaccurate, approximate err = 7.752382771286648e-07
  return f(*arrays, *other_args, **kwargs)
/appdata/users/P101440/micromamba/envs/torch29/lib/python3.11/site-packages/scipy/_lib/_util.py:1181: RuntimeWarning: logm result may be inaccurate, approximate err = 7.736316547379829e-07
  return f(*arrays, *other_args, **kwargs)
/appdata/users/P101440/micromamba/envs/torch29/lib/python3.11/site-packages/scipy/_lib/_util.py:1181: RuntimeWarning: logm result may be inaccurate, approximate err = 8.620464200248534e-07
  return f(*arrays, *other_args, **kwargs)
/appdata/users/P101440/micromamba/envs/torch29/lib/python3.11/site-packages/scipy/_lib/_util.py:1181: RuntimeWarning: logm result may be inaccurate, approximate err = 8.504504194206675e-07
  return f(*arrays, *other_args, **kwargs)
/appdata/users/P101440/micromamba/envs/torch29/lib/python3.11/site-packages/scipy/_lib/_util.py:1181: RuntimeWarning: logm result may be inaccurate, approximate err = 8.570996214984916e-07
  return f(*arrays, *other_args, **kwargs)
/appdata/users/P101440/micromamba/envs/torch29/lib/python3.11/site-packages/scipy/_lib/_util.py:1181: RuntimeWarning: logm result may be inaccurate, approximate err = 6.585066785191884e-07
  return f(*arrays, *other_args, **kwargs)
/appdata/users/P101440/micromamba/envs/torch29/lib/python3.11/site-packages/scipy/_lib/_util.py:1181: RuntimeWarning: logm result may be inaccurate, approximate err = 7.990056474227458e-07
  return f(*arrays, *other_args, **kwargs)
/appdata/users/P101440/micromamba/envs/torch29/lib/python3.11/site-packages/scipy/_lib/_util.py:1181: RuntimeWarning: logm result may be inaccurate, approximate err = 9.829914233705495e-07
  return f(*arrays, *other_args, **kwargs)
/appdata/users/P101440/micromamba/envs/torch29/lib/python3.11/site-packages/scipy/_lib/_util.py:1181: RuntimeWarning: logm result may be inaccurate, approximate err = 1.0495829201317974e-06
  return f(*arrays, *other_args, **kwargs)
/appdata/users/P101440/micromamba/envs/torch29/lib/python3.11/site-packages/scipy/_lib/_util.py:1181: RuntimeWarning: logm result may be inaccurate, approximate err = 9.109252800953982e-07
  return f(*arrays, *other_args, **kwargs)
/appdata/users/P101440/micromamba/envs/torch29/lib/python3.11/site-packages/scipy/_lib/_util.py:1181: RuntimeWarning: logm result may be inaccurate, approximate err = 5.817228725391033e-07
  return f(*arrays, *other_args, **kwargs)
/appdata/users/P101440/micromamba/envs/torch29/lib/python3.11/site-packages/scipy/_lib/_util.py:1181: RuntimeWarning: logm result may be inaccurate, approximate err = 1.0150132538910839e-06
  return f(*arrays, *other_args, **kwargs)
/appdata/users/P101440/micromamba/envs/torch29/lib/python3.11/site-packages/scipy/_lib/_util.py:1181: RuntimeWarning: logm result may be inaccurate, approximate err = 1.11661927348905e-06
  return f(*arrays, *other_args, **kwargs)
/appdata/users/P101440/micromamba/envs/torch29/lib/python3.11/site-packages/scipy/_lib/_util.py:1181: RuntimeWarning: logm result may be inaccurate, approximate err = 8.932498758440488e-07
  return f(*arrays, *other_args, **kwargs)
/appdata/users/P101440/micromamba/envs/torch29/lib/python3.11/site-packages/scipy/_lib/_util.py:1181: RuntimeWarning: logm result may be inaccurate, approximate err = 7.665526027267333e-07
  return f(*arrays, *other_args, **kwargs)
/appdata/users/P101440/micromamba/envs/torch29/lib/python3.11/site-packages/scipy/_lib/_util.py:1181: RuntimeWarning: logm result may be inaccurate, approximate err = 9.471139605921053e-07
  return f(*arrays, *other_args, **kwargs)
/appdata/users/P101440/micromamba/envs/torch29/lib/python3.11/site-packages/scipy/_lib/_util.py:1181: RuntimeWarning: logm result may be inaccurate, approximate err = 1.0045126828117645e-06
  return f(*arrays, *other_args, **kwargs)
/appdata/users/P101440/micromamba/envs/torch29/lib/python3.11/site-packages/scipy/_lib/_util.py:1181: RuntimeWarning: logm result may be inaccurate, approximate err = 9.367667530568724e-07
  return f(*arrays, *other_args, **kwargs)
/appdata/users/P101440/micromamba/envs/torch29/lib/python3.11/site-packages/scipy/_lib/_util.py:1181: RuntimeWarning: logm result may be inaccurate, approximate err = 6.123933076196408e-07
  return f(*arrays, *other_args, **kwargs)
/appdata/users/P101440/micromamba/envs/torch29/lib/python3.11/site-packages/scipy/_lib/_util.py:1181: RuntimeWarning: logm result may be inaccurate, approximate err = 9.146810953097884e-07
  return f(*arrays, *other_args, **kwargs)
/appdata/users/P101440/micromamba/envs/torch29/lib/python3.11/site-packages/scipy/_lib/_util.py:1181: RuntimeWarning: logm result may be inaccurate, approximate err = 1.0804241128425929e-06
  return f(*arrays, *other_args, **kwargs)
/appdata/users/P101440/micromamba/envs/torch29/lib/python3.11/site-packages/scipy/_lib/_util.py:1181: RuntimeWarning: logm result may be inaccurate, approximate err = 1.0249676734019886e-06
  return f(*arrays, *other_args, **kwargs)
/appdata/users/P101440/micromamba/envs/torch29/lib/python3.11/site-packages/scipy/_lib/_util.py:1181: RuntimeWarning: logm result may be inaccurate, approximate err = 1.083622123587702e-06
  return f(*arrays, *other_args, **kwargs)
/appdata/users/P101440/micromamba/envs/torch29/lib/python3.11/site-packages/scipy/_lib/_util.py:1181: RuntimeWarning: logm result may be inaccurate, approximate err = 7.424215482387808e-07
  return f(*arrays, *other_args, **kwargs)
/appdata/users/P101440/micromamba/envs/torch29/lib/python3.11/site-packages/scipy/_lib/_util.py:1181: RuntimeWarning: logm result may be inaccurate, approximate err = 9.45857493661606e-07
  return f(*arrays, *other_args, **kwargs)
/appdata/users/P101440/micromamba/envs/torch29/lib/python3.11/site-packages/scipy/_lib/_util.py:1181: RuntimeWarning: logm result may be inaccurate, approximate err = 1.1955090712945093e-06
  return f(*arrays, *other_args, **kwargs)
/appdata/users/P101440/micromamba/envs/torch29/lib/python3.11/site-packages/scipy/_lib/_util.py:1181: RuntimeWarning: logm result may be inaccurate, approximate err = 7.273998221535294e-07
  return f(*arrays, *other_args, **kwargs)
/appdata/users/P101440/micromamba/envs/torch29/lib/python3.11/site-packages/scipy/_lib/_util.py:1181: RuntimeWarning: logm result may be inaccurate, approximate err = 7.669258934583922e-07
  return f(*arrays, *other_args, **kwargs)
/appdata/users/P101440/micromamba/envs/torch29/lib/python3.11/site-packages/scipy/_lib/_util.py:1181: RuntimeWarning: logm result may be inaccurate, approximate err = 9.572084991305019e-07
  return f(*arrays, *other_args, **kwargs)
/appdata/users/P101440/micromamba/envs/torch29/lib/python3.11/site-packages/scipy/_lib/_util.py:1181: RuntimeWarning: logm result may be inaccurate, approximate err = 1.0329071074011154e-06
  return f(*arrays, *other_args, **kwargs)
/appdata/users/P101440/micromamba/envs/torch29/lib/python3.11/site-packages/scipy/_lib/_util.py:1181: RuntimeWarning: logm result may be inaccurate, approximate err = 7.042511356303294e-07
  return f(*arrays, *other_args, **kwargs)
/appdata/users/P101440/micromamba/envs/torch29/lib/python3.11/site-packages/scipy/_lib/_util.py:1181: RuntimeWarning: logm result may be inaccurate, approximate err = 9.159224418908707e-07
  return f(*arrays, *other_args, **kwargs)
/appdata/users/P101440/micromamba/envs/torch29/lib/python3.11/site-packages/scipy/_lib/_util.py:1181: RuntimeWarning: logm result may be inaccurate, approximate err = 9.951485253623105e-07
  return f(*arrays, *other_args, **kwargs)
/appdata/users/P101440/micromamba/envs/torch29/lib/python3.11/site-packages/scipy/_lib/_util.py:1181: RuntimeWarning: logm result may be inaccurate, approximate err = 8.67713708885276e-07
  return f(*arrays, *other_args, **kwargs)
/appdata/users/P101440/micromamba/envs/torch29/lib/python3.11/site-packages/scipy/_lib/_util.py:1181: RuntimeWarning: logm result may be inaccurate, approximate err = 9.312012139162107e-07
  return f(*arrays, *other_args, **kwargs)
/appdata/users/P101440/micromamba/envs/torch29/lib/python3.11/site-packages/scipy/_lib/_util.py:1181: RuntimeWarning: logm result may be inaccurate, approximate err = 7.784254307807714e-07
  return f(*arrays, *other_args, **kwargs)
/appdata/users/P101440/micromamba/envs/torch29/lib/python3.11/site-packages/scipy/_lib/_util.py:1181: RuntimeWarning: logm result may be inaccurate, approximate err = 8.961649768934876e-07
  return f(*arrays, *other_args, **kwargs)
/appdata/users/P101440/micromamba/envs/torch29/lib/python3.11/site-packages/scipy/_lib/_util.py:1181: RuntimeWarning: logm result may be inaccurate, approximate err = 1.1598843911997392e-06
  return f(*arrays, *other_args, **kwargs)
/appdata/users/P101440/micromamba/envs/torch29/lib/python3.11/site-packages/scipy/_lib/_util.py:1181: RuntimeWarning: logm result may be inaccurate, approximate err = 5.693722755495401e-07
  return f(*arrays, *other_args, **kwargs)
/appdata/users/P101440/micromamba/envs/torch29/lib/python3.11/site-packages/scipy/_lib/_util.py:1181: RuntimeWarning: logm result may be inaccurate, approximate err = 7.03004104707361e-07
  return f(*arrays, *other_args, **kwargs)
/appdata/users/P101440/micromamba/envs/torch29/lib/python3.11/site-packages/scipy/_lib/_util.py:1181: RuntimeWarning: logm result may be inaccurate, approximate err = 8.964436233327433e-07
  return f(*arrays, *other_args, **kwargs)
/appdata/users/P101440/micromamba/envs/torch29/lib/python3.11/site-packages/scipy/_lib/_util.py:1181: RuntimeWarning: logm result may be inaccurate, approximate err = 7.679500981794263e-07
  return f(*arrays, *other_args, **kwargs)
/appdata/users/P101440/micromamba/envs/torch29/lib/python3.11/site-packages/scipy/_lib/_util.py:1181: RuntimeWarning: logm result may be inaccurate, approximate err = 1.0460687462909846e-06
  return f(*arrays, *other_args, **kwargs)
/appdata/users/P101440/micromamba/envs/torch29/lib/python3.11/site-packages/scipy/_lib/_util.py:1181: RuntimeWarning: logm result may be inaccurate, approximate err = 9.575239801051794e-07
  return f(*arrays, *other_args, **kwargs)
/appdata/users/P101440/micromamba/envs/torch29/lib/python3.11/site-packages/scipy/_lib/_util.py:1181: RuntimeWarning: logm result may be inaccurate, approximate err = 6.129951657385391e-07
  return f(*arrays, *other_args, **kwargs)
/appdata/users/P101440/micromamba/envs/torch29/lib/python3.11/site-packages/scipy/_lib/_util.py:1181: RuntimeWarning: logm result may be inaccurate, approximate err = 6.460729764512507e-07
  return f(*arrays, *other_args, **kwargs)
/appdata/users/P101440/micromamba/envs/torch29/lib/python3.11/site-packages/scipy/_lib/_util.py:1181: RuntimeWarning: logm result may be inaccurate, approximate err = 1.1608549357333686e-06
  return f(*arrays, *other_args, **kwargs)
/appdata/users/P101440/micromamba/envs/torch29/lib/python3.11/site-packages/scipy/_lib/_util.py:1181: RuntimeWarning: logm result may be inaccurate, approximate err = 9.298740337726485e-07
  return f(*arrays, *other_args, **kwargs)
/appdata/users/P101440/micromamba/envs/torch29/lib/python3.11/site-packages/scipy/_lib/_util.py:1181: RuntimeWarning: logm result may be inaccurate, approximate err = 6.47628780825471e-07
  return f(*arrays, *other_args, **kwargs)
/appdata/users/P101440/micromamba/envs/torch29/lib/python3.11/site-packages/scipy/_lib/_util.py:1181: RuntimeWarning: logm result may be inaccurate, approximate err = 6.65754384954198e-07
  return f(*arrays, *other_args, **kwargs)
/appdata/users/P101440/micromamba/envs/torch29/lib/python3.11/site-packages/scipy/_lib/_util.py:1181: RuntimeWarning: logm result may be inaccurate, approximate err = 8.575894980822341e-07
  return f(*arrays, *other_args, **kwargs)
/appdata/users/P101440/micromamba/envs/torch29/lib/python3.11/site-packages/scipy/_lib/_util.py:1181: RuntimeWarning: logm result may be inaccurate, approximate err = 1.0529597602726426e-06
  return f(*arrays, *other_args, **kwargs)
/appdata/users/P101440/micromamba/envs/torch29/lib/python3.11/site-packages/scipy/_lib/_util.py:1181: RuntimeWarning: logm result may be inaccurate, approximate err = 7.492875511161401e-07
  return f(*arrays, *other_args, **kwargs)
/appdata/users/P101440/micromamba/envs/torch29/lib/python3.11/site-packages/scipy/_lib/_util.py:1181: RuntimeWarning: logm result may be inaccurate, approximate err = 9.213270573127375e-07
  return f(*arrays, *other_args, **kwargs)
/appdata/users/P101440/micromamba/envs/torch29/lib/python3.11/site-packages/scipy/_lib/_util.py:1181: RuntimeWarning: logm result may be inaccurate, approximate err = 8.846561172504153e-07
  return f(*arrays, *other_args, **kwargs)
/appdata/users/P101440/micromamba/envs/torch29/lib/python3.11/site-packages/scipy/_lib/_util.py:1181: RuntimeWarning: logm result may be inaccurate, approximate err = 7.807852853147779e-07
  return f(*arrays, *other_args, **kwargs)
/appdata/users/P101440/micromamba/envs/torch29/lib/python3.11/site-packages/scipy/_lib/_util.py:1181: RuntimeWarning: logm result may be inaccurate, approximate err = 7.739748184576456e-07
  return f(*arrays, *other_args, **kwargs)
/appdata/users/P101440/micromamba/envs/torch29/lib/python3.11/site-packages/scipy/_lib/_util.py:1181: RuntimeWarning: logm result may be inaccurate, approximate err = 7.482278761017369e-07
  return f(*arrays, *other_args, **kwargs)
/appdata/users/P101440/micromamba/envs/torch29/lib/python3.11/site-packages/scipy/_lib/_util.py:1181: RuntimeWarning: logm result may be inaccurate, approximate err = 8.793211918600718e-07
  return f(*arrays, *other_args, **kwargs)
/appdata/users/P101440/micromamba/envs/torch29/lib/python3.11/site-packages/scipy/_lib/_util.py:1181: RuntimeWarning: logm result may be inaccurate, approximate err = 1.124728555623733e-06
  return f(*arrays, *other_args, **kwargs)
/appdata/users/P101440/micromamba/envs/torch29/lib/python3.11/site-packages/scipy/_lib/_util.py:1181: RuntimeWarning: logm result may be inaccurate, approximate err = 7.833088488951034e-07
  return f(*arrays, *other_args, **kwargs)
/appdata/users/P101440/micromamba/envs/torch29/lib/python3.11/site-packages/scipy/_lib/_util.py:1181: RuntimeWarning: logm result may be inaccurate, approximate err = 9.518876140646171e-07
  return f(*arrays, *other_args, **kwargs)
/appdata/users/P101440/micromamba/envs/torch29/lib/python3.11/site-packages/scipy/_lib/_util.py:1181: RuntimeWarning: logm result may be inaccurate, approximate err = 8.731825573704555e-07
  return f(*arrays, *other_args, **kwargs)
/appdata/users/P101440/micromamba/envs/torch29/lib/python3.11/site-packages/scipy/_lib/_util.py:1181: RuntimeWarning: logm result may be inaccurate, approximate err = 8.935034543355869e-07
  return f(*arrays, *other_args, **kwargs)
/appdata/users/P101440/micromamba/envs/torch29/lib/python3.11/site-packages/scipy/_lib/_util.py:1181: RuntimeWarning: logm result may be inaccurate, approximate err = 7.356543392234016e-07
  return f(*arrays, *other_args, **kwargs)
/appdata/users/P101440/micromamba/envs/torch29/lib/python3.11/site-packages/scipy/_lib/_util.py:1181: RuntimeWarning: logm result may be inaccurate, approximate err = 6.15407088844222e-07
  return f(*arrays, *other_args, **kwargs)
/appdata/users/P101440/micromamba/envs/torch29/lib/python3.11/site-packages/scipy/_lib/_util.py:1181: RuntimeWarning: logm result may be inaccurate, approximate err = 7.364581620095123e-07
  return f(*arrays, *other_args, **kwargs)
/appdata/users/P101440/micromamba/envs/torch29/lib/python3.11/site-packages/scipy/_lib/_util.py:1181: RuntimeWarning: logm result may be inaccurate, approximate err = 7.794185989951075e-07
  return f(*arrays, *other_args, **kwargs)
/appdata/users/P101440/micromamba/envs/torch29/lib/python3.11/site-packages/scipy/_lib/_util.py:1181: RuntimeWarning: logm result may be inaccurate, approximate err = 7.652792533008324e-07
  return f(*arrays, *other_args, **kwargs)
/appdata/users/P101440/micromamba/envs/torch29/lib/python3.11/site-packages/scipy/_lib/_util.py:1181: RuntimeWarning: logm result may be inaccurate, approximate err = 9.453976872464409e-07
  return f(*arrays, *other_args, **kwargs)
/appdata/users/P101440/micromamba/envs/torch29/lib/python3.11/site-packages/scipy/_lib/_util.py:1181: RuntimeWarning: logm result may be inaccurate, approximate err = 8.615351703156193e-07
  return f(*arrays, *other_args, **kwargs)
/appdata/users/P101440/micromamba/envs/torch29/lib/python3.11/site-packages/scipy/_lib/_util.py:1181: RuntimeWarning: logm result may be inaccurate, approximate err = 7.682382374696317e-07
  return f(*arrays, *other_args, **kwargs)
/appdata/users/P101440/micromamba/envs/torch29/lib/python3.11/site-packages/scipy/_lib/_util.py:1181: RuntimeWarning: logm result may be inaccurate, approximate err = 8.082703857326123e-07
  return f(*arrays, *other_args, **kwargs)
/appdata/users/P101440/micromamba/envs/torch29/lib/python3.11/site-packages/scipy/_lib/_util.py:1181: RuntimeWarning: logm result may be inaccurate, approximate err = 6.000391863381083e-07
  return f(*arrays, *other_args, **kwargs)
/appdata/users/P101440/micromamba/envs/torch29/lib/python3.11/site-packages/scipy/_lib/_util.py:1181: RuntimeWarning: logm result may be inaccurate, approximate err = 1.1067181731050368e-06
  return f(*arrays, *other_args, **kwargs)
/appdata/users/P101440/micromamba/envs/torch29/lib/python3.11/site-packages/scipy/_lib/_util.py:1181: RuntimeWarning: logm result may be inaccurate, approximate err = 8.942531621869421e-07
  return f(*arrays, *other_args, **kwargs)
/appdata/users/P101440/micromamba/envs/torch29/lib/python3.11/site-packages/scipy/_lib/_util.py:1181: RuntimeWarning: logm result may be inaccurate, approximate err = 1.0288567864336073e-06
  return f(*arrays, *other_args, **kwargs)
/appdata/users/P101440/micromamba/envs/torch29/lib/python3.11/site-packages/scipy/_lib/_util.py:1181: RuntimeWarning: logm result may be inaccurate, approximate err = 8.99170117918402e-07
  return f(*arrays, *other_args, **kwargs)
/appdata/users/P101440/micromamba/envs/torch29/lib/python3.11/site-packages/scipy/_lib/_util.py:1181: RuntimeWarning: logm result may be inaccurate, approximate err = 7.38277606160409e-07
  return f(*arrays, *other_args, **kwargs)
/appdata/users/P101440/micromamba/envs/torch29/lib/python3.11/site-packages/scipy/_lib/_util.py:1181: RuntimeWarning: logm result may be inaccurate, approximate err = 8.100186050796765e-07
  return f(*arrays, *other_args, **kwargs)
/appdata/users/P101440/micromamba/envs/torch29/lib/python3.11/site-packages/scipy/_lib/_util.py:1181: RuntimeWarning: logm result may be inaccurate, approximate err = 7.468635203622398e-07
  return f(*arrays, *other_args, **kwargs)
/appdata/users/P101440/micromamba/envs/torch29/lib/python3.11/site-packages/scipy/_lib/_util.py:1181: RuntimeWarning: logm result may be inaccurate, approximate err = 9.154568942904007e-07
  return f(*arrays, *other_args, **kwargs)
/appdata/users/P101440/micromamba/envs/torch29/lib/python3.11/site-packages/scipy/_lib/_util.py:1181: RuntimeWarning: logm result may be inaccurate, approximate err = 1.0697082188926288e-06
  return f(*arrays, *other_args, **kwargs)
/appdata/users/P101440/micromamba/envs/torch29/lib/python3.11/site-packages/scipy/_lib/_util.py:1181: RuntimeWarning: logm result may be inaccurate, approximate err = 6.653910986642586e-07
  return f(*arrays, *other_args, **kwargs)
/appdata/users/P101440/micromamba/envs/torch29/lib/python3.11/site-packages/scipy/_lib/_util.py:1181: RuntimeWarning: logm result may be inaccurate, approximate err = 8.065374004218029e-07
  return f(*arrays, *other_args, **kwargs)
/appdata/users/P101440/micromamba/envs/torch29/lib/python3.11/site-packages/scipy/_lib/_util.py:1181: RuntimeWarning: logm result may be inaccurate, approximate err = 7.46060550227412e-07
  return f(*arrays, *other_args, **kwargs)
/appdata/users/P101440/micromamba/envs/torch29/lib/python3.11/site-packages/scipy/_lib/_util.py:1181: RuntimeWarning: logm result may be inaccurate, approximate err = 9.331944283985649e-07
  return f(*arrays, *other_args, **kwargs)
/appdata/users/P101440/micromamba/envs/torch29/lib/python3.11/site-packages/scipy/_lib/_util.py:1181: RuntimeWarning: logm result may be inaccurate, approximate err = 1.2701538025794434e-06
  return f(*arrays, *other_args, **kwargs)
/appdata/users/P101440/micromamba/envs/torch29/lib/python3.11/site-packages/scipy/_lib/_util.py:1181: RuntimeWarning: logm result may be inaccurate, approximate err = 9.356774057778239e-07
  return f(*arrays, *other_args, **kwargs)
/appdata/users/P101440/micromamba/envs/torch29/lib/python3.11/site-packages/scipy/_lib/_util.py:1181: RuntimeWarning: logm result may be inaccurate, approximate err = 7.239823958116176e-07
  return f(*arrays, *other_args, **kwargs)
/appdata/users/P101440/micromamba/envs/torch29/lib/python3.11/site-packages/scipy/_lib/_util.py:1181: RuntimeWarning: logm result may be inaccurate, approximate err = 8.713374768376525e-07
  return f(*arrays, *other_args, **kwargs)
/appdata/users/P101440/micromamba/envs/torch29/lib/python3.11/site-packages/scipy/_lib/_util.py:1181: RuntimeWarning: logm result may be inaccurate, approximate err = 8.23193602172978e-07
  return f(*arrays, *other_args, **kwargs)
/appdata/users/P101440/micromamba/envs/torch29/lib/python3.11/site-packages/scipy/_lib/_util.py:1181: RuntimeWarning: logm result may be inaccurate, approximate err = 1.046505985868862e-06
  return f(*arrays, *other_args, **kwargs)
/appdata/users/P101440/micromamba/envs/torch29/lib/python3.11/site-packages/scipy/_lib/_util.py:1181: RuntimeWarning: logm result may be inaccurate, approximate err = 8.240052125074726e-07
  return f(*arrays, *other_args, **kwargs)
/appdata/users/P101440/micromamba/envs/torch29/lib/python3.11/site-packages/scipy/_lib/_util.py:1181: RuntimeWarning: logm result may be inaccurate, approximate err = 6.791639748371381e-07
  return f(*arrays, *other_args, **kwargs)
/appdata/users/P101440/micromamba/envs/torch29/lib/python3.11/site-packages/scipy/_lib/_util.py:1181: RuntimeWarning: logm result may be inaccurate, approximate err = 9.899325732476427e-07
  return f(*arrays, *other_args, **kwargs)
/appdata/users/P101440/micromamba/envs/torch29/lib/python3.11/site-packages/scipy/_lib/_util.py:1181: RuntimeWarning: logm result may be inaccurate, approximate err = 1.3636120002047392e-06
  return f(*arrays, *other_args, **kwargs)
/appdata/users/P101440/micromamba/envs/torch29/lib/python3.11/site-packages/scipy/_lib/_util.py:1181: RuntimeWarning: logm result may be inaccurate, approximate err = 7.92966829976649e-07
  return f(*arrays, *other_args, **kwargs)
/appdata/users/P101440/micromamba/envs/torch29/lib/python3.11/site-packages/scipy/_lib/_util.py:1181: RuntimeWarning: logm result may be inaccurate, approximate err = 8.396625048590067e-07
  return f(*arrays, *other_args, **kwargs)
/appdata/users/P101440/micromamba/envs/torch29/lib/python3.11/site-packages/scipy/_lib/_util.py:1181: RuntimeWarning: logm result may be inaccurate, approximate err = 6.37582218132593e-07
  return f(*arrays, *other_args, **kwargs)
/appdata/users/P101440/micromamba/envs/torch29/lib/python3.11/site-packages/scipy/_lib/_util.py:1181: RuntimeWarning: logm result may be inaccurate, approximate err = 7.443007348229003e-07
  return f(*arrays, *other_args, **kwargs)
/appdata/users/P101440/micromamba/envs/torch29/lib/python3.11/site-packages/scipy/_lib/_util.py:1181: RuntimeWarning: logm result may be inaccurate, approximate err = 8.302970968543377e-07
  return f(*arrays, *other_args, **kwargs)
/appdata/users/P101440/micromamba/envs/torch29/lib/python3.11/site-packages/scipy/_lib/_util.py:1181: RuntimeWarning: logm result may be inaccurate, approximate err = 9.556317763781408e-07
  return f(*arrays, *other_args, **kwargs)
/appdata/users/P101440/micromamba/envs/torch29/lib/python3.11/site-packages/scipy/_lib/_util.py:1181: RuntimeWarning: logm result may be inaccurate, approximate err = 8.209601105590991e-07
  return f(*arrays, *other_args, **kwargs)
/appdata/users/P101440/micromamba/envs/torch29/lib/python3.11/site-packages/scipy/_lib/_util.py:1181: RuntimeWarning: logm result may be inaccurate, approximate err = 1.0526589449000312e-06
  return f(*arrays, *other_args, **kwargs)
/appdata/users/P101440/micromamba/envs/torch29/lib/python3.11/site-packages/scipy/_lib/_util.py:1181: RuntimeWarning: logm result may be inaccurate, approximate err = 9.92648210740299e-07
  return f(*arrays, *other_args, **kwargs)
/appdata/users/P101440/micromamba/envs/torch29/lib/python3.11/site-packages/scipy/_lib/_util.py:1181: RuntimeWarning: logm result may be inaccurate, approximate err = 9.32620196181233e-07
  return f(*arrays, *other_args, **kwargs)
/appdata/users/P101440/micromamba/envs/torch29/lib/python3.11/site-packages/scipy/_lib/_util.py:1181: RuntimeWarning: logm result may be inaccurate, approximate err = 6.008459649819997e-07
  return f(*arrays, *other_args, **kwargs)
/appdata/users/P101440/micromamba/envs/torch29/lib/python3.11/site-packages/scipy/_lib/_util.py:1181: RuntimeWarning: logm result may be inaccurate, approximate err = 1.0269882295688149e-06
  return f(*arrays, *other_args, **kwargs)
/appdata/users/P101440/micromamba/envs/torch29/lib/python3.11/site-packages/scipy/_lib/_util.py:1181: RuntimeWarning: logm result may be inaccurate, approximate err = 5.975945782665804e-07
  return f(*arrays, *other_args, **kwargs)
/appdata/users/P101440/micromamba/envs/torch29/lib/python3.11/site-packages/scipy/_lib/_util.py:1181: RuntimeWarning: logm result may be inaccurate, approximate err = 6.976803774705331e-07
  return f(*arrays, *other_args, **kwargs)
/appdata/users/P101440/micromamba/envs/torch29/lib/python3.11/site-packages/scipy/_lib/_util.py:1181: RuntimeWarning: logm result may be inaccurate, approximate err = 1.1895477882717387e-06
  return f(*arrays, *other_args, **kwargs)
/appdata/users/P101440/micromamba/envs/torch29/lib/python3.11/site-packages/scipy/_lib/_util.py:1181: RuntimeWarning: logm result may be inaccurate, approximate err = 7.546639722022519e-07
  return f(*arrays, *other_args, **kwargs)
/appdata/users/P101440/micromamba/envs/torch29/lib/python3.11/site-packages/scipy/_lib/_util.py:1181: RuntimeWarning: logm result may be inaccurate, approximate err = 9.103180218517082e-07
  return f(*arrays, *other_args, **kwargs)
/appdata/users/P101440/micromamba/envs/torch29/lib/python3.11/site-packages/scipy/_lib/_util.py:1181: RuntimeWarning: logm result may be inaccurate, approximate err = 8.083280818027561e-07
  return f(*arrays, *other_args, **kwargs)
/appdata/users/P101440/micromamba/envs/torch29/lib/python3.11/site-packages/scipy/_lib/_util.py:1181: RuntimeWarning: logm result may be inaccurate, approximate err = 7.23160553661728e-07
  return f(*arrays, *other_args, **kwargs)
/appdata/users/P101440/micromamba/envs/torch29/lib/python3.11/site-packages/scipy/_lib/_util.py:1181: RuntimeWarning: logm result may be inaccurate, approximate err = 7.638384431629675e-07
  return f(*arrays, *other_args, **kwargs)
/appdata/users/P101440/micromamba/envs/torch29/lib/python3.11/site-packages/scipy/_lib/_util.py:1181: RuntimeWarning: logm result may be inaccurate, approximate err = 6.081124297452334e-07
  return f(*arrays, *other_args, **kwargs)
/appdata/users/P101440/micromamba/envs/torch29/lib/python3.11/site-packages/scipy/_lib/_util.py:1181: RuntimeWarning: logm result may be inaccurate, approximate err = 7.240371360239806e-07
  return f(*arrays, *other_args, **kwargs)
/appdata/users/P101440/micromamba/envs/torch29/lib/python3.11/site-packages/scipy/_lib/_util.py:1181: RuntimeWarning: logm result may be inaccurate, approximate err = 1.2845561059293686e-06
  return f(*arrays, *other_args, **kwargs)
/appdata/users/P101440/micromamba/envs/torch29/lib/python3.11/site-packages/scipy/_lib/_util.py:1181: RuntimeWarning: logm result may be inaccurate, approximate err = 5.633571049656894e-07
  return f(*arrays, *other_args, **kwargs)
/appdata/users/P101440/micromamba/envs/torch29/lib/python3.11/site-packages/scipy/_lib/_util.py:1181: RuntimeWarning: logm result may be inaccurate, approximate err = 8.760449077271915e-07
  return f(*arrays, *other_args, **kwargs)
/appdata/users/P101440/micromamba/envs/torch29/lib/python3.11/site-packages/scipy/_lib/_util.py:1181: RuntimeWarning: logm result may be inaccurate, approximate err = 7.004748567851493e-07
  return f(*arrays, *other_args, **kwargs)
/appdata/users/P101440/micromamba/envs/torch29/lib/python3.11/site-packages/scipy/_lib/_util.py:1181: RuntimeWarning: logm result may be inaccurate, approximate err = 8.43914051529282e-07
  return f(*arrays, *other_args, **kwargs)
/appdata/users/P101440/micromamba/envs/torch29/lib/python3.11/site-packages/scipy/_lib/_util.py:1181: RuntimeWarning: logm result may be inaccurate, approximate err = 9.515045462649141e-07
  return f(*arrays, *other_args, **kwargs)
/appdata/users/P101440/micromamba/envs/torch29/lib/python3.11/site-packages/scipy/_lib/_util.py:1181: RuntimeWarning: logm result may be inaccurate, approximate err = 1.1400455832699663e-06
  return f(*arrays, *other_args, **kwargs)
/appdata/users/P101440/micromamba/envs/torch29/lib/python3.11/site-packages/scipy/_lib/_util.py:1181: RuntimeWarning: logm result may be inaccurate, approximate err = 7.787523372826399e-07
  return f(*arrays, *other_args, **kwargs)
/appdata/users/P101440/micromamba/envs/torch29/lib/python3.11/site-packages/scipy/_lib/_util.py:1181: RuntimeWarning: logm result may be inaccurate, approximate err = 5.898113499824831e-07
  return f(*arrays, *other_args, **kwargs)
/appdata/users/P101440/micromamba/envs/torch29/lib/python3.11/site-packages/scipy/_lib/_util.py:1181: RuntimeWarning: logm result may be inaccurate, approximate err = 8.887109288480133e-07
  return f(*arrays, *other_args, **kwargs)
/appdata/users/P101440/micromamba/envs/torch29/lib/python3.11/site-packages/scipy/_lib/_util.py:1181: RuntimeWarning: logm result may be inaccurate, approximate err = 7.741492709101294e-07
  return f(*arrays, *other_args, **kwargs)
/appdata/users/P101440/micromamba/envs/torch29/lib/python3.11/site-packages/scipy/_lib/_util.py:1181: RuntimeWarning: logm result may be inaccurate, approximate err = 7.172603773142328e-07
  return f(*arrays, *other_args, **kwargs)
/appdata/users/P101440/micromamba/envs/torch29/lib/python3.11/site-packages/scipy/_lib/_util.py:1181: RuntimeWarning: logm result may be inaccurate, approximate err = 1.1431440043452312e-06
  return f(*arrays, *other_args, **kwargs)
/appdata/users/P101440/micromamba/envs/torch29/lib/python3.11/site-packages/scipy/_lib/_util.py:1181: RuntimeWarning: logm result may be inaccurate, approximate err = 8.256664045802609e-07
  return f(*arrays, *other_args, **kwargs)
/appdata/users/P101440/micromamba/envs/torch29/lib/python3.11/site-packages/scipy/_lib/_util.py:1181: RuntimeWarning: logm result may be inaccurate, approximate err = 6.722316925333871e-07
  return f(*arrays, *other_args, **kwargs)
/appdata/users/P101440/micromamba/envs/torch29/lib/python3.11/site-packages/scipy/_lib/_util.py:1181: RuntimeWarning: logm result may be inaccurate, approximate err = 8.065439942583907e-07
  return f(*arrays, *other_args, **kwargs)
/appdata/users/P101440/micromamba/envs/torch29/lib/python3.11/site-packages/scipy/_lib/_util.py:1181: RuntimeWarning: logm result may be inaccurate, approximate err = 8.846014338814712e-07
  return f(*arrays, *other_args, **kwargs)
/appdata/users/P101440/micromamba/envs/torch29/lib/python3.11/site-packages/scipy/_lib/_util.py:1181: RuntimeWarning: logm result may be inaccurate, approximate err = 7.684881211389438e-07
  return f(*arrays, *other_args, **kwargs)
/appdata/users/P101440/micromamba/envs/torch29/lib/python3.11/site-packages/scipy/_lib/_util.py:1181: RuntimeWarning: logm result may be inaccurate, approximate err = 1.0133848036275594e-06
  return f(*arrays, *other_args, **kwargs)
/appdata/users/P101440/micromamba/envs/torch29/lib/python3.11/site-packages/scipy/_lib/_util.py:1181: RuntimeWarning: logm result may be inaccurate, approximate err = 8.056176170612162e-07
  return f(*arrays, *other_args, **kwargs)
/appdata/users/P101440/micromamba/envs/torch29/lib/python3.11/site-packages/scipy/_lib/_util.py:1181: RuntimeWarning: logm result may be inaccurate, approximate err = 1.115436248255719e-06
  return f(*arrays, *other_args, **kwargs)
/appdata/users/P101440/micromamba/envs/torch29/lib/python3.11/site-packages/scipy/_lib/_util.py:1181: RuntimeWarning: logm result may be inaccurate, approximate err = 7.906901373644359e-07
  return f(*arrays, *other_args, **kwargs)
/appdata/users/P101440/micromamba/envs/torch29/lib/python3.11/site-packages/scipy/_lib/_util.py:1181: RuntimeWarning: logm result may be inaccurate, approximate err = 1.0029823442891939e-06
  return f(*arrays, *other_args, **kwargs)
/appdata/users/P101440/micromamba/envs/torch29/lib/python3.11/site-packages/scipy/_lib/_util.py:1181: RuntimeWarning: logm result may be inaccurate, approximate err = 7.663871315344295e-07
  return f(*arrays, *other_args, **kwargs)
/appdata/users/P101440/micromamba/envs/torch29/lib/python3.11/site-packages/scipy/_lib/_util.py:1181: RuntimeWarning: logm result may be inaccurate, approximate err = 6.817247708568175e-07
  return f(*arrays, *other_args, **kwargs)
/appdata/users/P101440/micromamba/envs/torch29/lib/python3.11/site-packages/scipy/_lib/_util.py:1181: RuntimeWarning: logm result may be inaccurate, approximate err = 6.800254368499736e-07
  return f(*arrays, *other_args, **kwargs)
/appdata/users/P101440/micromamba/envs/torch29/lib/python3.11/site-packages/scipy/_lib/_util.py:1181: RuntimeWarning: logm result may be inaccurate, approximate err = 1.011026142805349e-06
  return f(*arrays, *other_args, **kwargs)
/appdata/users/P101440/micromamba/envs/torch29/lib/python3.11/site-packages/scipy/_lib/_util.py:1181: RuntimeWarning: logm result may be inaccurate, approximate err = 6.667204388577375e-07
  return f(*arrays, *other_args, **kwargs)
/appdata/users/P101440/micromamba/envs/torch29/lib/python3.11/site-packages/scipy/_lib/_util.py:1181: RuntimeWarning: logm result may be inaccurate, approximate err = 8.151154702318308e-07
  return f(*arrays, *other_args, **kwargs)
/appdata/users/P101440/micromamba/envs/torch29/lib/python3.11/site-packages/scipy/_lib/_util.py:1181: RuntimeWarning: logm result may be inaccurate, approximate err = 9.331798196399177e-07
  return f(*arrays, *other_args, **kwargs)
/appdata/users/P101440/micromamba/envs/torch29/lib/python3.11/site-packages/scipy/_lib/_util.py:1181: RuntimeWarning: logm result may be inaccurate, approximate err = 8.377001563530939e-07
  return f(*arrays, *other_args, **kwargs)
/appdata/users/P101440/micromamba/envs/torch29/lib/python3.11/site-packages/scipy/_lib/_util.py:1181: RuntimeWarning: logm result may be inaccurate, approximate err = 9.324350003225845e-07
  return f(*arrays, *other_args, **kwargs)
/appdata/users/P101440/micromamba/envs/torch29/lib/python3.11/site-packages/scipy/_lib/_util.py:1181: RuntimeWarning: logm result may be inaccurate, approximate err = 9.142015642282786e-07
  return f(*arrays, *other_args, **kwargs)
/appdata/users/P101440/micromamba/envs/torch29/lib/python3.11/site-packages/scipy/_lib/_util.py:1181: RuntimeWarning: logm result may be inaccurate, approximate err = 9.640344842409831e-07
  return f(*arrays, *other_args, **kwargs)
/appdata/users/P101440/micromamba/envs/torch29/lib/python3.11/site-packages/scipy/_lib/_util.py:1181: RuntimeWarning: logm result may be inaccurate, approximate err = 8.767820531829784e-07
  return f(*arrays, *other_args, **kwargs)
/appdata/users/P101440/micromamba/envs/torch29/lib/python3.11/site-packages/scipy/_lib/_util.py:1181: RuntimeWarning: logm result may be inaccurate, approximate err = 6.957983487154706e-07
  return f(*arrays, *other_args, **kwargs)
/appdata/users/P101440/micromamba/envs/torch29/lib/python3.11/site-packages/scipy/_lib/_util.py:1181: RuntimeWarning: logm result may be inaccurate, approximate err = 1.1590551594053977e-06
  return f(*arrays, *other_args, **kwargs)
/appdata/users/P101440/micromamba/envs/torch29/lib/python3.11/site-packages/scipy/_lib/_util.py:1181: RuntimeWarning: logm result may be inaccurate, approximate err = 1.058177872437227e-06
  return f(*arrays, *other_args, **kwargs)
/appdata/users/P101440/micromamba/envs/torch29/lib/python3.11/site-packages/scipy/_lib/_util.py:1181: RuntimeWarning: logm result may be inaccurate, approximate err = 9.899009683067561e-07
  return f(*arrays, *other_args, **kwargs)
/appdata/users/P101440/micromamba/envs/torch29/lib/python3.11/site-packages/scipy/_lib/_util.py:1181: RuntimeWarning: logm result may be inaccurate, approximate err = 8.531271760148229e-07
  return f(*arrays, *other_args, **kwargs)
/appdata/users/P101440/micromamba/envs/torch29/lib/python3.11/site-packages/scipy/_lib/_util.py:1181: RuntimeWarning: logm result may be inaccurate, approximate err = 8.371328021894442e-07
  return f(*arrays, *other_args, **kwargs)
/appdata/users/P101440/micromamba/envs/torch29/lib/python3.11/site-packages/scipy/_lib/_util.py:1181: RuntimeWarning: logm result may be inaccurate, approximate err = 7.683476042075199e-07
  return f(*arrays, *other_args, **kwargs)
/appdata/users/P101440/micromamba/envs/torch29/lib/python3.11/site-packages/scipy/_lib/_util.py:1181: RuntimeWarning: logm result may be inaccurate, approximate err = 7.057838047330733e-07
  return f(*arrays, *other_args, **kwargs)
/appdata/users/P101440/micromamba/envs/torch29/lib/python3.11/site-packages/scipy/_lib/_util.py:1181: RuntimeWarning: logm result may be inaccurate, approximate err = 8.001787250577763e-07
  return f(*arrays, *other_args, **kwargs)
/appdata/users/P101440/micromamba/envs/torch29/lib/python3.11/site-packages/scipy/_lib/_util.py:1181: RuntimeWarning: logm result may be inaccurate, approximate err = 9.951343145075953e-07
  return f(*arrays, *other_args, **kwargs)
/appdata/users/P101440/micromamba/envs/torch29/lib/python3.11/site-packages/scipy/_lib/_util.py:1181: RuntimeWarning: logm result may be inaccurate, approximate err = 7.089371365509578e-07
  return f(*arrays, *other_args, **kwargs)
/appdata/users/P101440/micromamba/envs/torch29/lib/python3.11/site-packages/scipy/_lib/_util.py:1181: RuntimeWarning: logm result may be inaccurate, approximate err = 8.202081858144084e-07
  return f(*arrays, *other_args, **kwargs)
/appdata/users/P101440/micromamba/envs/torch29/lib/python3.11/site-packages/scipy/_lib/_util.py:1181: RuntimeWarning: logm result may be inaccurate, approximate err = 1.2198945569252828e-06
  return f(*arrays, *other_args, **kwargs)
/appdata/users/P101440/micromamba/envs/torch29/lib/python3.11/site-packages/scipy/_lib/_util.py:1181: RuntimeWarning: logm result may be inaccurate, approximate err = 9.409689027961576e-07
  return f(*arrays, *other_args, **kwargs)
/appdata/users/P101440/micromamba/envs/torch29/lib/python3.11/site-packages/scipy/_lib/_util.py:1181: RuntimeWarning: logm result may be inaccurate, approximate err = 8.082803901743318e-07
  return f(*arrays, *other_args, **kwargs)
/appdata/users/P101440/micromamba/envs/torch29/lib/python3.11/site-packages/scipy/_lib/_util.py:1181: RuntimeWarning: logm result may be inaccurate, approximate err = 1.0210218306383467e-06
  return f(*arrays, *other_args, **kwargs)
/appdata/users/P101440/micromamba/envs/torch29/lib/python3.11/site-packages/scipy/_lib/_util.py:1181: RuntimeWarning: logm result may be inaccurate, approximate err = 9.315053830505349e-07
  return f(*arrays, *other_args, **kwargs)
/appdata/users/P101440/micromamba/envs/torch29/lib/python3.11/site-packages/scipy/_lib/_util.py:1181: RuntimeWarning: logm result may be inaccurate, approximate err = 9.341771374238306e-07
  return f(*arrays, *other_args, **kwargs)
/appdata/users/P101440/micromamba/envs/torch29/lib/python3.11/site-packages/scipy/_lib/_util.py:1181: RuntimeWarning: logm result may be inaccurate, approximate err = 8.403754918617778e-07
  return f(*arrays, *other_args, **kwargs)
/appdata/users/P101440/micromamba/envs/torch29/lib/python3.11/site-packages/scipy/_lib/_util.py:1181: RuntimeWarning: logm result may be inaccurate, approximate err = 8.977705192592111e-07
  return f(*arrays, *other_args, **kwargs)
/appdata/users/P101440/micromamba/envs/torch29/lib/python3.11/site-packages/scipy/_lib/_util.py:1181: RuntimeWarning: logm result may be inaccurate, approximate err = 1.0343015901526087e-06
  return f(*arrays, *other_args, **kwargs)
/appdata/users/P101440/micromamba/envs/torch29/lib/python3.11/site-packages/scipy/_lib/_util.py:1181: RuntimeWarning: logm result may be inaccurate, approximate err = 7.612737249473867e-07
  return f(*arrays, *other_args, **kwargs)
/appdata/users/P101440/micromamba/envs/torch29/lib/python3.11/site-packages/scipy/_lib/_util.py:1181: RuntimeWarning: logm result may be inaccurate, approximate err = 7.698248509768746e-07
  return f(*arrays, *other_args, **kwargs)
/appdata/users/P101440/micromamba/envs/torch29/lib/python3.11/site-packages/scipy/_lib/_util.py:1181: RuntimeWarning: logm result may be inaccurate, approximate err = 1.0712578841776121e-06
  return f(*arrays, *other_args, **kwargs)
/appdata/users/P101440/micromamba/envs/torch29/lib/python3.11/site-packages/scipy/_lib/_util.py:1181: RuntimeWarning: logm result may be inaccurate, approximate err = 1.186287136079045e-06
  return f(*arrays, *other_args, **kwargs)
/appdata/users/P101440/micromamba/envs/torch29/lib/python3.11/site-packages/scipy/_lib/_util.py:1181: RuntimeWarning: logm result may be inaccurate, approximate err = 7.806690405232075e-07
  return f(*arrays, *other_args, **kwargs)
/appdata/users/P101440/micromamba/envs/torch29/lib/python3.11/site-packages/scipy/_lib/_util.py:1181: RuntimeWarning: logm result may be inaccurate, approximate err = 7.768337582092499e-07
  return f(*arrays, *other_args, **kwargs)
/appdata/users/P101440/micromamba/envs/torch29/lib/python3.11/site-packages/scipy/_lib/_util.py:1181: RuntimeWarning: logm result may be inaccurate, approximate err = 9.908976608130615e-07
  return f(*arrays, *other_args, **kwargs)
/appdata/users/P101440/micromamba/envs/torch29/lib/python3.11/site-packages/scipy/_lib/_util.py:1181: RuntimeWarning: logm result may be inaccurate, approximate err = 7.651212854398182e-07
  return f(*arrays, *other_args, **kwargs)
/appdata/users/P101440/micromamba/envs/torch29/lib/python3.11/site-packages/scipy/_lib/_util.py:1181: RuntimeWarning: logm result may be inaccurate, approximate err = 8.011036811694794e-07
  return f(*arrays, *other_args, **kwargs)
/appdata/users/P101440/micromamba/envs/torch29/lib/python3.11/site-packages/scipy/_lib/_util.py:1181: RuntimeWarning: logm result may be inaccurate, approximate err = 8.236500548264303e-07
  return f(*arrays, *other_args, **kwargs)
/appdata/users/P101440/micromamba/envs/torch29/lib/python3.11/site-packages/scipy/_lib/_util.py:1181: RuntimeWarning: logm result may be inaccurate, approximate err = 8.693339168530656e-07
  return f(*arrays, *other_args, **kwargs)
/appdata/users/P101440/micromamba/envs/torch29/lib/python3.11/site-packages/scipy/_lib/_util.py:1181: RuntimeWarning: logm result may be inaccurate, approximate err = 8.164259384102479e-07
  return f(*arrays, *other_args, **kwargs)
/appdata/users/P101440/micromamba/envs/torch29/lib/python3.11/site-packages/scipy/_lib/_util.py:1181: RuntimeWarning: logm result may be inaccurate, approximate err = 9.178496611639275e-07
  return f(*arrays, *other_args, **kwargs)
/appdata/users/P101440/micromamba/envs/torch29/lib/python3.11/site-packages/scipy/_lib/_util.py:1181: RuntimeWarning: logm result may be inaccurate, approximate err = 7.21050867014128e-07
  return f(*arrays, *other_args, **kwargs)
/appdata/users/P101440/micromamba/envs/torch29/lib/python3.11/site-packages/scipy/_lib/_util.py:1181: RuntimeWarning: logm result may be inaccurate, approximate err = 7.206609211607429e-07
  return f(*arrays, *other_args, **kwargs)
/appdata/users/P101440/micromamba/envs/torch29/lib/python3.11/site-packages/scipy/_lib/_util.py:1181: RuntimeWarning: logm result may be inaccurate, approximate err = 6.781392585253343e-07
  return f(*arrays, *other_args, **kwargs)
/appdata/users/P101440/micromamba/envs/torch29/lib/python3.11/site-packages/scipy/_lib/_util.py:1181: RuntimeWarning: logm result may be inaccurate, approximate err = 9.567062306814478e-07
  return f(*arrays, *other_args, **kwargs)
/appdata/users/P101440/micromamba/envs/torch29/lib/python3.11/site-packages/scipy/_lib/_util.py:1181: RuntimeWarning: logm result may be inaccurate, approximate err = 1.053777964443725e-06
  return f(*arrays, *other_args, **kwargs)
/appdata/users/P101440/micromamba/envs/torch29/lib/python3.11/site-packages/scipy/_lib/_util.py:1181: RuntimeWarning: logm result may be inaccurate, approximate err = 9.272273473470705e-07
  return f(*arrays, *other_args, **kwargs)
/appdata/users/P101440/micromamba/envs/torch29/lib/python3.11/site-packages/scipy/_lib/_util.py:1181: RuntimeWarning: logm result may be inaccurate, approximate err = 8.312653108077939e-07
  return f(*arrays, *other_args, **kwargs)
/appdata/users/P101440/micromamba/envs/torch29/lib/python3.11/site-packages/scipy/_lib/_util.py:1181: RuntimeWarning: logm result may be inaccurate, approximate err = 8.585518003201287e-07
  return f(*arrays, *other_args, **kwargs)
/appdata/users/P101440/micromamba/envs/torch29/lib/python3.11/site-packages/scipy/_lib/_util.py:1181: RuntimeWarning: logm result may be inaccurate, approximate err = 1.0173463351748069e-06
  return f(*arrays, *other_args, **kwargs)
/appdata/users/P101440/micromamba/envs/torch29/lib/python3.11/site-packages/scipy/_lib/_util.py:1181: RuntimeWarning: logm result may be inaccurate, approximate err = 1.0154496976610972e-06
  return f(*arrays, *other_args, **kwargs)
/appdata/users/P101440/micromamba/envs/torch29/lib/python3.11/site-packages/scipy/_lib/_util.py:1181: RuntimeWarning: logm result may be inaccurate, approximate err = 1.2144455467932858e-06
  return f(*arrays, *other_args, **kwargs)
/appdata/users/P101440/micromamba/envs/torch29/lib/python3.11/site-packages/scipy/_lib/_util.py:1181: RuntimeWarning: logm result may be inaccurate, approximate err = 8.778278584031796e-07
  return f(*arrays, *other_args, **kwargs)
/appdata/users/P101440/micromamba/envs/torch29/lib/python3.11/site-packages/scipy/_lib/_util.py:1181: RuntimeWarning: logm result may be inaccurate, approximate err = 8.794143013801659e-07
  return f(*arrays, *other_args, **kwargs)
/appdata/users/P101440/micromamba/envs/torch29/lib/python3.11/site-packages/scipy/_lib/_util.py:1181: RuntimeWarning: logm result may be inaccurate, approximate err = 8.090539722616086e-07
  return f(*arrays, *other_args, **kwargs)
/appdata/users/P101440/micromamba/envs/torch29/lib/python3.11/site-packages/scipy/_lib/_util.py:1181: RuntimeWarning: logm result may be inaccurate, approximate err = 7.43149200843618e-07
  return f(*arrays, *other_args, **kwargs)
/appdata/users/P101440/micromamba/envs/torch29/lib/python3.11/site-packages/scipy/_lib/_util.py:1181: RuntimeWarning: logm result may be inaccurate, approximate err = 9.47687851748924e-07
  return f(*arrays, *other_args, **kwargs)
/appdata/users/P101440/micromamba/envs/torch29/lib/python3.11/site-packages/scipy/_lib/_util.py:1181: RuntimeWarning: logm result may be inaccurate, approximate err = 1.4666031802335056e-06
  return f(*arrays, *other_args, **kwargs)
/appdata/users/P101440/micromamba/envs/torch29/lib/python3.11/site-packages/scipy/_lib/_util.py:1181: RuntimeWarning: logm result may be inaccurate, approximate err = 1.1788617939600954e-06
  return f(*arrays, *other_args, **kwargs)
/appdata/users/P101440/micromamba/envs/torch29/lib/python3.11/site-packages/scipy/_lib/_util.py:1181: RuntimeWarning: logm result may be inaccurate, approximate err = 8.277353344965377e-07
  return f(*arrays, *other_args, **kwargs)
/appdata/users/P101440/micromamba/envs/torch29/lib/python3.11/site-packages/scipy/_lib/_util.py:1181: RuntimeWarning: logm result may be inaccurate, approximate err = 7.645150503776676e-07
  return f(*arrays, *other_args, **kwargs)
/appdata/users/P101440/micromamba/envs/torch29/lib/python3.11/site-packages/scipy/_lib/_util.py:1181: RuntimeWarning: logm result may be inaccurate, approximate err = 7.901735443738289e-07
  return f(*arrays, *other_args, **kwargs)
/appdata/users/P101440/micromamba/envs/torch29/lib/python3.11/site-packages/scipy/_lib/_util.py:1181: RuntimeWarning: logm result may be inaccurate, approximate err = 9.375946206091612e-07
  return f(*arrays, *other_args, **kwargs)
/appdata/users/P101440/micromamba/envs/torch29/lib/python3.11/site-packages/scipy/_lib/_util.py:1181: RuntimeWarning: logm result may be inaccurate, approximate err = 9.60398324423295e-07
  return f(*arrays, *other_args, **kwargs)
/appdata/users/P101440/micromamba/envs/torch29/lib/python3.11/site-packages/scipy/_lib/_util.py:1181: RuntimeWarning: logm result may be inaccurate, approximate err = 9.431512921764806e-07
  return f(*arrays, *other_args, **kwargs)
/appdata/users/P101440/micromamba/envs/torch29/lib/python3.11/site-packages/scipy/_lib/_util.py:1181: RuntimeWarning: logm result may be inaccurate, approximate err = 7.895475278019148e-07
  return f(*arrays, *other_args, **kwargs)
/appdata/users/P101440/micromamba/envs/torch29/lib/python3.11/site-packages/scipy/_lib/_util.py:1181: RuntimeWarning: logm result may be inaccurate, approximate err = 1.0934343208646169e-06
  return f(*arrays, *other_args, **kwargs)
/appdata/users/P101440/micromamba/envs/torch29/lib/python3.11/site-packages/scipy/_lib/_util.py:1181: RuntimeWarning: logm result may be inaccurate, approximate err = 6.980466764616722e-07
  return f(*arrays, *other_args, **kwargs)
/appdata/users/P101440/micromamba/envs/torch29/lib/python3.11/site-packages/scipy/_lib/_util.py:1181: RuntimeWarning: logm result may be inaccurate, approximate err = 7.333691200983594e-07
  return f(*arrays, *other_args, **kwargs)
/appdata/users/P101440/micromamba/envs/torch29/lib/python3.11/site-packages/scipy/_lib/_util.py:1181: RuntimeWarning: logm result may be inaccurate, approximate err = 7.819306233614043e-07
  return f(*arrays, *other_args, **kwargs)
/appdata/users/P101440/micromamba/envs/torch29/lib/python3.11/site-packages/scipy/_lib/_util.py:1181: RuntimeWarning: logm result may be inaccurate, approximate err = 9.770791393748368e-07
  return f(*arrays, *other_args, **kwargs)
/appdata/users/P101440/micromamba/envs/torch29/lib/python3.11/site-packages/scipy/_lib/_util.py:1181: RuntimeWarning: logm result may be inaccurate, approximate err = 8.407492373407877e-07
  return f(*arrays, *other_args, **kwargs)
/appdata/users/P101440/micromamba/envs/torch29/lib/python3.11/site-packages/scipy/_lib/_util.py:1181: RuntimeWarning: logm result may be inaccurate, approximate err = 7.922603799670469e-07
  return f(*arrays, *other_args, **kwargs)
/appdata/users/P101440/micromamba/envs/torch29/lib/python3.11/site-packages/scipy/_lib/_util.py:1181: RuntimeWarning: logm result may be inaccurate, approximate err = 1.1014946039722417e-06
  return f(*arrays, *other_args, **kwargs)
/appdata/users/P101440/micromamba/envs/torch29/lib/python3.11/site-packages/scipy/_lib/_util.py:1181: RuntimeWarning: logm result may be inaccurate, approximate err = 7.542548701167107e-07
  return f(*arrays, *other_args, **kwargs)
/appdata/users/P101440/micromamba/envs/torch29/lib/python3.11/site-packages/scipy/_lib/_util.py:1181: RuntimeWarning: logm result may be inaccurate, approximate err = 8.329013212460268e-07
  return f(*arrays, *other_args, **kwargs)
/appdata/users/P101440/micromamba/envs/torch29/lib/python3.11/site-packages/scipy/_lib/_util.py:1181: RuntimeWarning: logm result may be inaccurate, approximate err = 8.009162684174953e-07
  return f(*arrays, *other_args, **kwargs)
/appdata/users/P101440/micromamba/envs/torch29/lib/python3.11/site-packages/scipy/_lib/_util.py:1181: RuntimeWarning: logm result may be inaccurate, approximate err = 9.379243124385539e-07
  return f(*arrays, *other_args, **kwargs)
/appdata/users/P101440/micromamba/envs/torch29/lib/python3.11/site-packages/scipy/_lib/_util.py:1181: RuntimeWarning: logm result may be inaccurate, approximate err = 9.224690984410699e-07
  return f(*arrays, *other_args, **kwargs)
/appdata/users/P101440/micromamba/envs/torch29/lib/python3.11/site-packages/scipy/_lib/_util.py:1181: RuntimeWarning: logm result may be inaccurate, approximate err = 8.364651193915051e-07
  return f(*arrays, *other_args, **kwargs)
/appdata/users/P101440/micromamba/envs/torch29/lib/python3.11/site-packages/scipy/_lib/_util.py:1181: RuntimeWarning: logm result may be inaccurate, approximate err = 6.725422849740426e-07
  return f(*arrays, *other_args, **kwargs)
/appdata/users/P101440/micromamba/envs/torch29/lib/python3.11/site-packages/scipy/_lib/_util.py:1181: RuntimeWarning: logm result may be inaccurate, approximate err = 8.968900715444761e-07
  return f(*arrays, *other_args, **kwargs)
/appdata/users/P101440/micromamba/envs/torch29/lib/python3.11/site-packages/scipy/_lib/_util.py:1181: RuntimeWarning: logm result may be inaccurate, approximate err = 1.0792061857500812e-06
  return f(*arrays, *other_args, **kwargs)
/appdata/users/P101440/micromamba/envs/torch29/lib/python3.11/site-packages/scipy/_lib/_util.py:1181: RuntimeWarning: logm result may be inaccurate, approximate err = 5.212664291320834e-07
  return f(*arrays, *other_args, **kwargs)
/appdata/users/P101440/micromamba/envs/torch29/lib/python3.11/site-packages/scipy/_lib/_util.py:1181: RuntimeWarning: logm result may be inaccurate, approximate err = 1.4614023484682548e-06
  return f(*arrays, *other_args, **kwargs)
/appdata/users/P101440/micromamba/envs/torch29/lib/python3.11/site-packages/scipy/_lib/_util.py:1181: RuntimeWarning: logm result may be inaccurate, approximate err = 5.536833782571193e-07
  return f(*arrays, *other_args, **kwargs)
/appdata/users/P101440/micromamba/envs/torch29/lib/python3.11/site-packages/scipy/_lib/_util.py:1181: RuntimeWarning: logm result may be inaccurate, approximate err = 8.70884377945913e-07
  return f(*arrays, *other_args, **kwargs)
/appdata/users/P101440/micromamba/envs/torch29/lib/python3.11/site-packages/scipy/_lib/_util.py:1181: RuntimeWarning: logm result may be inaccurate, approximate err = 9.41822690947447e-07
  return f(*arrays, *other_args, **kwargs)
/appdata/users/P101440/micromamba/envs/torch29/lib/python3.11/site-packages/scipy/_lib/_util.py:1181: RuntimeWarning: logm result may be inaccurate, approximate err = 7.384902005469485e-07
  return f(*arrays, *other_args, **kwargs)
/appdata/users/P101440/micromamba/envs/torch29/lib/python3.11/site-packages/scipy/_lib/_util.py:1181: RuntimeWarning: logm result may be inaccurate, approximate err = 9.35346974983986e-07
  return f(*arrays, *other_args, **kwargs)
/appdata/users/P101440/micromamba/envs/torch29/lib/python3.11/site-packages/scipy/_lib/_util.py:1181: RuntimeWarning: logm result may be inaccurate, approximate err = 8.238614555011736e-07
  return f(*arrays, *other_args, **kwargs)
/appdata/users/P101440/micromamba/envs/torch29/lib/python3.11/site-packages/scipy/_lib/_util.py:1181: RuntimeWarning: logm result may be inaccurate, approximate err = 7.710103204772167e-07
  return f(*arrays, *other_args, **kwargs)
/appdata/users/P101440/micromamba/envs/torch29/lib/python3.11/site-packages/scipy/_lib/_util.py:1181: RuntimeWarning: logm result may be inaccurate, approximate err = 8.644537956570275e-07
  return f(*arrays, *other_args, **kwargs)
/appdata/users/P101440/micromamba/envs/torch29/lib/python3.11/site-packages/scipy/_lib/_util.py:1181: RuntimeWarning: logm result may be inaccurate, approximate err = 7.133948543014412e-07
  return f(*arrays, *other_args, **kwargs)
/appdata/users/P101440/micromamba/envs/torch29/lib/python3.11/site-packages/scipy/_lib/_util.py:1181: RuntimeWarning: logm result may be inaccurate, approximate err = 7.219747431008727e-07
  return f(*arrays, *other_args, **kwargs)
/appdata/users/P101440/micromamba/envs/torch29/lib/python3.11/site-packages/scipy/_lib/_util.py:1181: RuntimeWarning: logm result may be inaccurate, approximate err = 8.047161372815026e-07
  return f(*arrays, *other_args, **kwargs)
/appdata/users/P101440/micromamba/envs/torch29/lib/python3.11/site-packages/scipy/_lib/_util.py:1181: RuntimeWarning: logm result may be inaccurate, approximate err = 8.582175610172271e-07
  return f(*arrays, *other_args, **kwargs)
/appdata/users/P101440/micromamba/envs/torch29/lib/python3.11/site-packages/scipy/_lib/_util.py:1181: RuntimeWarning: logm result may be inaccurate, approximate err = 1.3311509974300861e-06
  return f(*arrays, *other_args, **kwargs)
/appdata/users/P101440/micromamba/envs/torch29/lib/python3.11/site-packages/scipy/_lib/_util.py:1181: RuntimeWarning: logm result may be inaccurate, approximate err = 6.387512030414655e-07
  return f(*arrays, *other_args, **kwargs)
/appdata/users/P101440/micromamba/envs/torch29/lib/python3.11/site-packages/scipy/_lib/_util.py:1181: RuntimeWarning: logm result may be inaccurate, approximate err = 7.589921438011515e-07
  return f(*arrays, *other_args, **kwargs)
/appdata/users/P101440/micromamba/envs/torch29/lib/python3.11/site-packages/scipy/_lib/_util.py:1181: RuntimeWarning: logm result may be inaccurate, approximate err = 7.9945601783038e-07
  return f(*arrays, *other_args, **kwargs)
/appdata/users/P101440/micromamba/envs/torch29/lib/python3.11/site-packages/scipy/_lib/_util.py:1181: RuntimeWarning: logm result may be inaccurate, approximate err = 1.0143498911929782e-06
  return f(*arrays, *other_args, **kwargs)
/appdata/users/P101440/micromamba/envs/torch29/lib/python3.11/site-packages/scipy/_lib/_util.py:1181: RuntimeWarning: logm result may be inaccurate, approximate err = 7.094516831784858e-07
  return f(*arrays, *other_args, **kwargs)
/appdata/users/P101440/micromamba/envs/torch29/lib/python3.11/site-packages/scipy/_lib/_util.py:1181: RuntimeWarning: logm result may be inaccurate, approximate err = 9.450762945562019e-07
  return f(*arrays, *other_args, **kwargs)
/appdata/users/P101440/micromamba/envs/torch29/lib/python3.11/site-packages/scipy/_lib/_util.py:1181: RuntimeWarning: logm result may be inaccurate, approximate err = 7.553505270152527e-07
  return f(*arrays, *other_args, **kwargs)
/appdata/users/P101440/micromamba/envs/torch29/lib/python3.11/site-packages/scipy/_lib/_util.py:1181: RuntimeWarning: logm result may be inaccurate, approximate err = 5.956181894362089e-07
  return f(*arrays, *other_args, **kwargs)
/appdata/users/P101440/micromamba/envs/torch29/lib/python3.11/site-packages/scipy/_lib/_util.py:1181: RuntimeWarning: logm result may be inaccurate, approximate err = 9.774259979167255e-07
  return f(*arrays, *other_args, **kwargs)
/appdata/users/P101440/micromamba/envs/torch29/lib/python3.11/site-packages/scipy/_lib/_util.py:1181: RuntimeWarning: logm result may be inaccurate, approximate err = 9.218468903782195e-07
  return f(*arrays, *other_args, **kwargs)
/appdata/users/P101440/micromamba/envs/torch29/lib/python3.11/site-packages/scipy/_lib/_util.py:1181: RuntimeWarning: logm result may be inaccurate, approximate err = 7.807365136613953e-07
  return f(*arrays, *other_args, **kwargs)
/appdata/users/P101440/micromamba/envs/torch29/lib/python3.11/site-packages/scipy/_lib/_util.py:1181: RuntimeWarning: logm result may be inaccurate, approximate err = 6.563302576978458e-07
  return f(*arrays, *other_args, **kwargs)
/appdata/users/P101440/micromamba/envs/torch29/lib/python3.11/site-packages/scipy/_lib/_util.py:1181: RuntimeWarning: logm result may be inaccurate, approximate err = 1.2289656297070906e-06
  return f(*arrays, *other_args, **kwargs)
/appdata/users/P101440/micromamba/envs/torch29/lib/python3.11/site-packages/scipy/_lib/_util.py:1181: RuntimeWarning: logm result may be inaccurate, approximate err = 6.154577931738459e-07
  return f(*arrays, *other_args, **kwargs)
/appdata/users/P101440/micromamba/envs/torch29/lib/python3.11/site-packages/scipy/_lib/_util.py:1181: RuntimeWarning: logm result may be inaccurate, approximate err = 6.525978619720263e-07
  return f(*arrays, *other_args, **kwargs)
/appdata/users/P101440/micromamba/envs/torch29/lib/python3.11/site-packages/scipy/_lib/_util.py:1181: RuntimeWarning: logm result may be inaccurate, approximate err = 8.142348519868392e-07
  return f(*arrays, *other_args, **kwargs)
/appdata/users/P101440/micromamba/envs/torch29/lib/python3.11/site-packages/scipy/_lib/_util.py:1181: RuntimeWarning: logm result may be inaccurate, approximate err = 7.721129122728598e-07
  return f(*arrays, *other_args, **kwargs)
/appdata/users/P101440/micromamba/envs/torch29/lib/python3.11/site-packages/scipy/_lib/_util.py:1181: RuntimeWarning: logm result may be inaccurate, approximate err = 1.1308060265946551e-06
  return f(*arrays, *other_args, **kwargs)
/appdata/users/P101440/micromamba/envs/torch29/lib/python3.11/site-packages/scipy/_lib/_util.py:1181: RuntimeWarning: logm result may be inaccurate, approximate err = 8.103356208266632e-07
  return f(*arrays, *other_args, **kwargs)
/appdata/users/P101440/micromamba/envs/torch29/lib/python3.11/site-packages/scipy/_lib/_util.py:1181: RuntimeWarning: logm result may be inaccurate, approximate err = 6.928327707100834e-07
  return f(*arrays, *other_args, **kwargs)
/appdata/users/P101440/micromamba/envs/torch29/lib/python3.11/site-packages/scipy/_lib/_util.py:1181: RuntimeWarning: logm result may be inaccurate, approximate err = 1.0156904863833915e-06
  return f(*arrays, *other_args, **kwargs)
/appdata/users/P101440/micromamba/envs/torch29/lib/python3.11/site-packages/scipy/_lib/_util.py:1181: RuntimeWarning: logm result may be inaccurate, approximate err = 7.384319360426161e-07
  return f(*arrays, *other_args, **kwargs)
/appdata/users/P101440/micromamba/envs/torch29/lib/python3.11/site-packages/scipy/_lib/_util.py:1181: RuntimeWarning: logm result may be inaccurate, approximate err = 7.612668468937045e-07
  return f(*arrays, *other_args, **kwargs)
/appdata/users/P101440/micromamba/envs/torch29/lib/python3.11/site-packages/scipy/_lib/_util.py:1181: RuntimeWarning: logm result may be inaccurate, approximate err = 7.29378200503561e-07
  return f(*arrays, *other_args, **kwargs)
/appdata/users/P101440/micromamba/envs/torch29/lib/python3.11/site-packages/scipy/_lib/_util.py:1181: RuntimeWarning: logm result may be inaccurate, approximate err = 6.715663403156213e-07
  return f(*arrays, *other_args, **kwargs)
/appdata/users/P101440/micromamba/envs/torch29/lib/python3.11/site-packages/scipy/_lib/_util.py:1181: RuntimeWarning: logm result may be inaccurate, approximate err = 7.661328709218651e-07
  return f(*arrays, *other_args, **kwargs)
/appdata/users/P101440/micromamba/envs/torch29/lib/python3.11/site-packages/scipy/_lib/_util.py:1181: RuntimeWarning: logm result may be inaccurate, approximate err = 8.259227115559042e-07
  return f(*arrays, *other_args, **kwargs)
/appdata/users/P101440/micromamba/envs/torch29/lib/python3.11/site-packages/scipy/_lib/_util.py:1181: RuntimeWarning: logm result may be inaccurate, approximate err = 7.020134944468737e-07
  return f(*arrays, *other_args, **kwargs)
/appdata/users/P101440/micromamba/envs/torch29/lib/python3.11/site-packages/scipy/_lib/_util.py:1181: RuntimeWarning: logm result may be inaccurate, approximate err = 7.170878006945713e-07
  return f(*arrays, *other_args, **kwargs)
/appdata/users/P101440/micromamba/envs/torch29/lib/python3.11/site-packages/scipy/_lib/_util.py:1181: RuntimeWarning: logm result may be inaccurate, approximate err = 9.009025347950228e-07
  return f(*arrays, *other_args, **kwargs)
/appdata/users/P101440/micromamba/envs/torch29/lib/python3.11/site-packages/scipy/_lib/_util.py:1181: RuntimeWarning: logm result may be inaccurate, approximate err = 1.0415394626761554e-06
  return f(*arrays, *other_args, **kwargs)
/appdata/users/P101440/micromamba/envs/torch29/lib/python3.11/site-packages/scipy/_lib/_util.py:1181: RuntimeWarning: logm result may be inaccurate, approximate err = 8.95834830316744e-07
  return f(*arrays, *other_args, **kwargs)
/appdata/users/P101440/micromamba/envs/torch29/lib/python3.11/site-packages/scipy/_lib/_util.py:1181: RuntimeWarning: logm result may be inaccurate, approximate err = 6.99672909831861e-07
  return f(*arrays, *other_args, **kwargs)
/appdata/users/P101440/micromamba/envs/torch29/lib/python3.11/site-packages/scipy/_lib/_util.py:1181: RuntimeWarning: logm result may be inaccurate, approximate err = 8.527184149897948e-07
  return f(*arrays, *other_args, **kwargs)
/appdata/users/P101440/micromamba/envs/torch29/lib/python3.11/site-packages/scipy/_lib/_util.py:1181: RuntimeWarning: logm result may be inaccurate, approximate err = 7.748129178253294e-07
  return f(*arrays, *other_args, **kwargs)
/appdata/users/P101440/micromamba/envs/torch29/lib/python3.11/site-packages/scipy/_lib/_util.py:1181: RuntimeWarning: logm result may be inaccurate, approximate err = 1.1264762633800274e-06
  return f(*arrays, *other_args, **kwargs)
/appdata/users/P101440/micromamba/envs/torch29/lib/python3.11/site-packages/scipy/_lib/_util.py:1181: RuntimeWarning: logm result may be inaccurate, approximate err = 7.392928864646819e-07
  return f(*arrays, *other_args, **kwargs)
/appdata/users/P101440/micromamba/envs/torch29/lib/python3.11/site-packages/scipy/_lib/_util.py:1181: RuntimeWarning: logm result may be inaccurate, approximate err = 5.833007890032604e-07
  return f(*arrays, *other_args, **kwargs)
/appdata/users/P101440/micromamba/envs/torch29/lib/python3.11/site-packages/scipy/_lib/_util.py:1181: RuntimeWarning: logm result may be inaccurate, approximate err = 8.682030170348298e-07
  return f(*arrays, *other_args, **kwargs)
/appdata/users/P101440/micromamba/envs/torch29/lib/python3.11/site-packages/scipy/_lib/_util.py:1181: RuntimeWarning: logm result may be inaccurate, approximate err = 7.694791293033632e-07
  return f(*arrays, *other_args, **kwargs)
/appdata/users/P101440/micromamba/envs/torch29/lib/python3.11/site-packages/scipy/_lib/_util.py:1181: RuntimeWarning: logm result may be inaccurate, approximate err = 1.0202331850450719e-06
  return f(*arrays, *other_args, **kwargs)
/appdata/users/P101440/micromamba/envs/torch29/lib/python3.11/site-packages/scipy/_lib/_util.py:1181: RuntimeWarning: logm result may be inaccurate, approximate err = 7.22768504601845e-07
  return f(*arrays, *other_args, **kwargs)
/appdata/users/P101440/micromamba/envs/torch29/lib/python3.11/site-packages/scipy/_lib/_util.py:1181: RuntimeWarning: logm result may be inaccurate, approximate err = 9.869220320979366e-07
  return f(*arrays, *other_args, **kwargs)
/appdata/users/P101440/micromamba/envs/torch29/lib/python3.11/site-packages/scipy/_lib/_util.py:1181: RuntimeWarning: logm result may be inaccurate, approximate err = 7.913321269370499e-07
  return f(*arrays, *other_args, **kwargs)
/appdata/users/P101440/micromamba/envs/torch29/lib/python3.11/site-packages/scipy/_lib/_util.py:1181: RuntimeWarning: logm result may be inaccurate, approximate err = 7.175333394116024e-07
  return f(*arrays, *other_args, **kwargs)
/appdata/users/P101440/micromamba/envs/torch29/lib/python3.11/site-packages/scipy/_lib/_util.py:1181: RuntimeWarning: logm result may be inaccurate, approximate err = 7.829682431292895e-07
  return f(*arrays, *other_args, **kwargs)
/appdata/users/P101440/micromamba/envs/torch29/lib/python3.11/site-packages/scipy/_lib/_util.py:1181: RuntimeWarning: logm result may be inaccurate, approximate err = 7.979361384968797e-07
  return f(*arrays, *other_args, **kwargs)
/appdata/users/P101440/micromamba/envs/torch29/lib/python3.11/site-packages/scipy/_lib/_util.py:1181: RuntimeWarning: logm result may be inaccurate, approximate err = 7.187350661297387e-07
  return f(*arrays, *other_args, **kwargs)
/appdata/users/P101440/micromamba/envs/torch29/lib/python3.11/site-packages/scipy/_lib/_util.py:1181: RuntimeWarning: logm result may be inaccurate, approximate err = 5.69163603358902e-07
  return f(*arrays, *other_args, **kwargs)
/appdata/users/P101440/micromamba/envs/torch29/lib/python3.11/site-packages/scipy/_lib/_util.py:1181: RuntimeWarning: logm result may be inaccurate, approximate err = 7.39207507649553e-07
  return f(*arrays, *other_args, **kwargs)
/appdata/users/P101440/micromamba/envs/torch29/lib/python3.11/site-packages/scipy/_lib/_util.py:1181: RuntimeWarning: logm result may be inaccurate, approximate err = 7.066105354169849e-07
  return f(*arrays, *other_args, **kwargs)
/appdata/users/P101440/micromamba/envs/torch29/lib/python3.11/site-packages/scipy/_lib/_util.py:1181: RuntimeWarning: logm result may be inaccurate, approximate err = 7.747487984488544e-07
  return f(*arrays, *other_args, **kwargs)
/appdata/users/P101440/micromamba/envs/torch29/lib/python3.11/site-packages/scipy/_lib/_util.py:1181: RuntimeWarning: logm result may be inaccurate, approximate err = 1.0731565680544009e-06
  return f(*arrays, *other_args, **kwargs)
/appdata/users/P101440/micromamba/envs/torch29/lib/python3.11/site-packages/scipy/_lib/_util.py:1181: RuntimeWarning: logm result may be inaccurate, approximate err = 7.253033231791051e-07
  return f(*arrays, *other_args, **kwargs)
/appdata/users/P101440/micromamba/envs/torch29/lib/python3.11/site-packages/scipy/_lib/_util.py:1181: RuntimeWarning: logm result may be inaccurate, approximate err = 1.0533236718401895e-06
  return f(*arrays, *other_args, **kwargs)
/appdata/users/P101440/micromamba/envs/torch29/lib/python3.11/site-packages/scipy/_lib/_util.py:1181: RuntimeWarning: logm result may be inaccurate, approximate err = 6.748348937435367e-07
  return f(*arrays, *other_args, **kwargs)
/appdata/users/P101440/micromamba/envs/torch29/lib/python3.11/site-packages/scipy/_lib/_util.py:1181: RuntimeWarning: logm result may be inaccurate, approximate err = 8.247815230788547e-07
  return f(*arrays, *other_args, **kwargs)
/appdata/users/P101440/micromamba/envs/torch29/lib/python3.11/site-packages/scipy/_lib/_util.py:1181: RuntimeWarning: logm result may be inaccurate, approximate err = 8.769956139076385e-07
  return f(*arrays, *other_args, **kwargs)
/appdata/users/P101440/micromamba/envs/torch29/lib/python3.11/site-packages/scipy/_lib/_util.py:1181: RuntimeWarning: logm result may be inaccurate, approximate err = 7.180852890087408e-07
  return f(*arrays, *other_args, **kwargs)
/appdata/users/P101440/micromamba/envs/torch29/lib/python3.11/site-packages/scipy/_lib/_util.py:1181: RuntimeWarning: logm result may be inaccurate, approximate err = 9.595062238076935e-07
  return f(*arrays, *other_args, **kwargs)
/appdata/users/P101440/micromamba/envs/torch29/lib/python3.11/site-packages/scipy/_lib/_util.py:1181: RuntimeWarning: logm result may be inaccurate, approximate err = 8.997491249829181e-07
  return f(*arrays, *other_args, **kwargs)
/appdata/users/P101440/micromamba/envs/torch29/lib/python3.11/site-packages/scipy/_lib/_util.py:1181: RuntimeWarning: logm result may be inaccurate, approximate err = 6.774956204935734e-07
  return f(*arrays, *other_args, **kwargs)
/appdata/users/P101440/micromamba/envs/torch29/lib/python3.11/site-packages/scipy/_lib/_util.py:1181: RuntimeWarning: logm result may be inaccurate, approximate err = 7.163399686760386e-07
  return f(*arrays, *other_args, **kwargs)
/appdata/users/P101440/micromamba/envs/torch29/lib/python3.11/site-packages/scipy/_lib/_util.py:1181: RuntimeWarning: logm result may be inaccurate, approximate err = 9.167032430923427e-07
  return f(*arrays, *other_args, **kwargs)
/appdata/users/P101440/micromamba/envs/torch29/lib/python3.11/site-packages/scipy/_lib/_util.py:1181: RuntimeWarning: logm result may be inaccurate, approximate err = 8.381752536479325e-07
  return f(*arrays, *other_args, **kwargs)
/appdata/users/P101440/micromamba/envs/torch29/lib/python3.11/site-packages/scipy/_lib/_util.py:1181: RuntimeWarning: logm result may be inaccurate, approximate err = 6.449386091844644e-07
  return f(*arrays, *other_args, **kwargs)
/appdata/users/P101440/micromamba/envs/torch29/lib/python3.11/site-packages/scipy/_lib/_util.py:1181: RuntimeWarning: logm result may be inaccurate, approximate err = 7.860502932999225e-07
  return f(*arrays, *other_args, **kwargs)
/appdata/users/P101440/micromamba/envs/torch29/lib/python3.11/site-packages/scipy/_lib/_util.py:1181: RuntimeWarning: logm result may be inaccurate, approximate err = 8.614309194854286e-07
  return f(*arrays, *other_args, **kwargs)
/appdata/users/P101440/micromamba/envs/torch29/lib/python3.11/site-packages/scipy/_lib/_util.py:1181: RuntimeWarning: logm result may be inaccurate, approximate err = 9.274912144974223e-07
  return f(*arrays, *other_args, **kwargs)
/appdata/users/P101440/micromamba/envs/torch29/lib/python3.11/site-packages/scipy/_lib/_util.py:1181: RuntimeWarning: logm result may be inaccurate, approximate err = 6.89701892042649e-07
  return f(*arrays, *other_args, **kwargs)
/appdata/users/P101440/micromamba/envs/torch29/lib/python3.11/site-packages/scipy/_lib/_util.py:1181: RuntimeWarning: logm result may be inaccurate, approximate err = 1.2587735227498342e-06
  return f(*arrays, *other_args, **kwargs)
/appdata/users/P101440/micromamba/envs/torch29/lib/python3.11/site-packages/scipy/_lib/_util.py:1181: RuntimeWarning: logm result may be inaccurate, approximate err = 7.933384154057421e-07
  return f(*arrays, *other_args, **kwargs)
/appdata/users/P101440/micromamba/envs/torch29/lib/python3.11/site-packages/scipy/_lib/_util.py:1181: RuntimeWarning: logm result may be inaccurate, approximate err = 7.890147344369325e-07
  return f(*arrays, *other_args, **kwargs)
/appdata/users/P101440/micromamba/envs/torch29/lib/python3.11/site-packages/scipy/_lib/_util.py:1181: RuntimeWarning: logm result may be inaccurate, approximate err = 9.392072115588235e-07
  return f(*arrays, *other_args, **kwargs)
/appdata/users/P101440/micromamba/envs/torch29/lib/python3.11/site-packages/scipy/_lib/_util.py:1181: RuntimeWarning: logm result may be inaccurate, approximate err = 6.896260629218887e-07
  return f(*arrays, *other_args, **kwargs)
/appdata/users/P101440/micromamba/envs/torch29/lib/python3.11/site-packages/scipy/_lib/_util.py:1181: RuntimeWarning: logm result may be inaccurate, approximate err = 9.808236427488737e-07
  return f(*arrays, *other_args, **kwargs)
/appdata/users/P101440/micromamba/envs/torch29/lib/python3.11/site-packages/scipy/_lib/_util.py:1181: RuntimeWarning: logm result may be inaccurate, approximate err = 7.963791404108633e-07
  return f(*arrays, *other_args, **kwargs)
/appdata/users/P101440/micromamba/envs/torch29/lib/python3.11/site-packages/scipy/_lib/_util.py:1181: RuntimeWarning: logm result may be inaccurate, approximate err = 8.609739552412066e-07
  return f(*arrays, *other_args, **kwargs)
/appdata/users/P101440/micromamba/envs/torch29/lib/python3.11/site-packages/scipy/_lib/_util.py:1181: RuntimeWarning: logm result may be inaccurate, approximate err = 9.926284292305354e-07
  return f(*arrays, *other_args, **kwargs)
/appdata/users/P101440/micromamba/envs/torch29/lib/python3.11/site-packages/scipy/_lib/_util.py:1181: RuntimeWarning: logm result may be inaccurate, approximate err = 8.608398047726951e-07
  return f(*arrays, *other_args, **kwargs)
/appdata/users/P101440/micromamba/envs/torch29/lib/python3.11/site-packages/scipy/_lib/_util.py:1181: RuntimeWarning: logm result may be inaccurate, approximate err = 9.473870363763126e-07
  return f(*arrays, *other_args, **kwargs)
/appdata/users/P101440/micromamba/envs/torch29/lib/python3.11/site-packages/scipy/_lib/_util.py:1181: RuntimeWarning: logm result may be inaccurate, approximate err = 8.316599746649445e-07
  return f(*arrays, *other_args, **kwargs)
/appdata/users/P101440/micromamba/envs/torch29/lib/python3.11/site-packages/scipy/_lib/_util.py:1181: RuntimeWarning: logm result may be inaccurate, approximate err = 7.634147891621978e-07
  return f(*arrays, *other_args, **kwargs)
/appdata/users/P101440/micromamba/envs/torch29/lib/python3.11/site-packages/scipy/_lib/_util.py:1181: RuntimeWarning: logm result may be inaccurate, approximate err = 9.928216968546622e-07
  return f(*arrays, *other_args, **kwargs)
/appdata/users/P101440/micromamba/envs/torch29/lib/python3.11/site-packages/scipy/_lib/_util.py:1181: RuntimeWarning: logm result may be inaccurate, approximate err = 9.008506935970217e-07
  return f(*arrays, *other_args, **kwargs)
/appdata/users/P101440/micromamba/envs/torch29/lib/python3.11/site-packages/scipy/_lib/_util.py:1181: RuntimeWarning: logm result may be inaccurate, approximate err = 9.295693530475546e-07
  return f(*arrays, *other_args, **kwargs)
/appdata/users/P101440/micromamba/envs/torch29/lib/python3.11/site-packages/scipy/_lib/_util.py:1181: RuntimeWarning: logm result may be inaccurate, approximate err = 1.388588657391665e-06
  return f(*arrays, *other_args, **kwargs)
/appdata/users/P101440/micromamba/envs/torch29/lib/python3.11/site-packages/scipy/_lib/_util.py:1181: RuntimeWarning: logm result may be inaccurate, approximate err = 8.092937946457823e-07
  return f(*arrays, *other_args, **kwargs)
/appdata/users/P101440/micromamba/envs/torch29/lib/python3.11/site-packages/scipy/_lib/_util.py:1181: RuntimeWarning: logm result may be inaccurate, approximate err = 7.849843086660258e-07
  return f(*arrays, *other_args, **kwargs)
/appdata/users/P101440/micromamba/envs/torch29/lib/python3.11/site-packages/scipy/_lib/_util.py:1181: RuntimeWarning: logm result may be inaccurate, approximate err = 7.3166307856809e-07
  return f(*arrays, *other_args, **kwargs)
/appdata/users/P101440/micromamba/envs/torch29/lib/python3.11/site-packages/scipy/_lib/_util.py:1181: RuntimeWarning: logm result may be inaccurate, approximate err = 8.769077908254985e-07
  return f(*arrays, *other_args, **kwargs)
/appdata/users/P101440/micromamba/envs/torch29/lib/python3.11/site-packages/scipy/_lib/_util.py:1181: RuntimeWarning: logm result may be inaccurate, approximate err = 1.0391080422778032e-06
  return f(*arrays, *other_args, **kwargs)
/appdata/users/P101440/micromamba/envs/torch29/lib/python3.11/site-packages/scipy/_lib/_util.py:1181: RuntimeWarning: logm result may be inaccurate, approximate err = 1.0535710543990717e-06
  return f(*arrays, *other_args, **kwargs)
/appdata/users/P101440/micromamba/envs/torch29/lib/python3.11/site-packages/scipy/_lib/_util.py:1181: RuntimeWarning: logm result may be inaccurate, approximate err = 1.0690243925637333e-06
  return f(*arrays, *other_args, **kwargs)
/appdata/users/P101440/micromamba/envs/torch29/lib/python3.11/site-packages/scipy/_lib/_util.py:1181: RuntimeWarning: logm result may be inaccurate, approximate err = 8.44020235035714e-07
  return f(*arrays, *other_args, **kwargs)
/appdata/users/P101440/micromamba/envs/torch29/lib/python3.11/site-packages/scipy/_lib/_util.py:1181: RuntimeWarning: logm result may be inaccurate, approximate err = 8.394205792683351e-07
  return f(*arrays, *other_args, **kwargs)
/appdata/users/P101440/micromamba/envs/torch29/lib/python3.11/site-packages/scipy/_lib/_util.py:1181: RuntimeWarning: logm result may be inaccurate, approximate err = 7.524536158598494e-07
  return f(*arrays, *other_args, **kwargs)
/appdata/users/P101440/micromamba/envs/torch29/lib/python3.11/site-packages/scipy/_lib/_util.py:1181: RuntimeWarning: logm result may be inaccurate, approximate err = 8.63393040617666e-07
  return f(*arrays, *other_args, **kwargs)
/appdata/users/P101440/micromamba/envs/torch29/lib/python3.11/site-packages/scipy/_lib/_util.py:1181: RuntimeWarning: logm result may be inaccurate, approximate err = 8.480816404698999e-07
  return f(*arrays, *other_args, **kwargs)
/appdata/users/P101440/micromamba/envs/torch29/lib/python3.11/site-packages/scipy/_lib/_util.py:1181: RuntimeWarning: logm result may be inaccurate, approximate err = 8.402042226407502e-07
  return f(*arrays, *other_args, **kwargs)
/appdata/users/P101440/micromamba/envs/torch29/lib/python3.11/site-packages/scipy/_lib/_util.py:1181: RuntimeWarning: logm result may be inaccurate, approximate err = 1.1212861181775224e-06
  return f(*arrays, *other_args, **kwargs)
/appdata/users/P101440/micromamba/envs/torch29/lib/python3.11/site-packages/scipy/_lib/_util.py:1181: RuntimeWarning: logm result may be inaccurate, approximate err = 1.2496897170422017e-06
  return f(*arrays, *other_args, **kwargs)
/appdata/users/P101440/micromamba/envs/torch29/lib/python3.11/site-packages/scipy/_lib/_util.py:1181: RuntimeWarning: logm result may be inaccurate, approximate err = 1.1369006642780732e-06
  return f(*arrays, *other_args, **kwargs)
/appdata/users/P101440/micromamba/envs/torch29/lib/python3.11/site-packages/scipy/_lib/_util.py:1181: RuntimeWarning: logm result may be inaccurate, approximate err = 6.213203391780553e-07
  return f(*arrays, *other_args, **kwargs)
/appdata/users/P101440/micromamba/envs/torch29/lib/python3.11/site-packages/scipy/_lib/_util.py:1181: RuntimeWarning: logm result may be inaccurate, approximate err = 8.535463393855025e-07
  return f(*arrays, *other_args, **kwargs)
/appdata/users/P101440/micromamba/envs/torch29/lib/python3.11/site-packages/scipy/_lib/_util.py:1181: RuntimeWarning: logm result may be inaccurate, approximate err = 7.165307920331543e-07
  return f(*arrays, *other_args, **kwargs)
/appdata/users/P101440/micromamba/envs/torch29/lib/python3.11/site-packages/scipy/_lib/_util.py:1181: RuntimeWarning: logm result may be inaccurate, approximate err = 9.93135017779423e-07
  return f(*arrays, *other_args, **kwargs)
/appdata/users/P101440/micromamba/envs/torch29/lib/python3.11/site-packages/scipy/_lib/_util.py:1181: RuntimeWarning: logm result may be inaccurate, approximate err = 6.937744387869316e-07
  return f(*arrays, *other_args, **kwargs)
/appdata/users/P101440/micromamba/envs/torch29/lib/python3.11/site-packages/scipy/_lib/_util.py:1181: RuntimeWarning: logm result may be inaccurate, approximate err = 6.90655440394039e-07
  return f(*arrays, *other_args, **kwargs)
/appdata/users/P101440/micromamba/envs/torch29/lib/python3.11/site-packages/scipy/_lib/_util.py:1181: RuntimeWarning: logm result may be inaccurate, approximate err = 8.532521746928978e-07
  return f(*arrays, *other_args, **kwargs)
/appdata/users/P101440/micromamba/envs/torch29/lib/python3.11/site-packages/scipy/_lib/_util.py:1181: RuntimeWarning: logm result may be inaccurate, approximate err = 7.634086500729609e-07
  return f(*arrays, *other_args, **kwargs)
/appdata/users/P101440/micromamba/envs/torch29/lib/python3.11/site-packages/scipy/_lib/_util.py:1181: RuntimeWarning: logm result may be inaccurate, approximate err = 8.618160904916294e-07
  return f(*arrays, *other_args, **kwargs)
/appdata/users/P101440/micromamba/envs/torch29/lib/python3.11/site-packages/scipy/_lib/_util.py:1181: RuntimeWarning: logm result may be inaccurate, approximate err = 7.366386398643954e-07
  return f(*arrays, *other_args, **kwargs)
/appdata/users/P101440/micromamba/envs/torch29/lib/python3.11/site-packages/scipy/_lib/_util.py:1181: RuntimeWarning: logm result may be inaccurate, approximate err = 9.532073477203085e-07
  return f(*arrays, *other_args, **kwargs)
/appdata/users/P101440/micromamba/envs/torch29/lib/python3.11/site-packages/scipy/_lib/_util.py:1181: RuntimeWarning: logm result may be inaccurate, approximate err = 1.5350600506280898e-06
  return f(*arrays, *other_args, **kwargs)
/appdata/users/P101440/micromamba/envs/torch29/lib/python3.11/site-packages/scipy/_lib/_util.py:1181: RuntimeWarning: logm result may be inaccurate, approximate err = 7.337901024584426e-07
  return f(*arrays, *other_args, **kwargs)
/appdata/users/P101440/micromamba/envs/torch29/lib/python3.11/site-packages/scipy/_lib/_util.py:1181: RuntimeWarning: logm result may be inaccurate, approximate err = 5.9805864793816e-07
  return f(*arrays, *other_args, **kwargs)
/appdata/users/P101440/micromamba/envs/torch29/lib/python3.11/site-packages/scipy/_lib/_util.py:1181: RuntimeWarning: logm result may be inaccurate, approximate err = 1.1639533568086335e-06
  return f(*arrays, *other_args, **kwargs)
/appdata/users/P101440/micromamba/envs/torch29/lib/python3.11/site-packages/scipy/_lib/_util.py:1181: RuntimeWarning: logm result may be inaccurate, approximate err = 7.708693487984419e-07
  return f(*arrays, *other_args, **kwargs)
/appdata/users/P101440/micromamba/envs/torch29/lib/python3.11/site-packages/scipy/_lib/_util.py:1181: RuntimeWarning: logm result may be inaccurate, approximate err = 1.1356530649209162e-06
  return f(*arrays, *other_args, **kwargs)
/appdata/users/P101440/micromamba/envs/torch29/lib/python3.11/site-packages/scipy/_lib/_util.py:1181: RuntimeWarning: logm result may be inaccurate, approximate err = 7.30486931388441e-07
  return f(*arrays, *other_args, **kwargs)
/appdata/users/P101440/micromamba/envs/torch29/lib/python3.11/site-packages/scipy/_lib/_util.py:1181: RuntimeWarning: logm result may be inaccurate, approximate err = 7.975219773470599e-07
  return f(*arrays, *other_args, **kwargs)
/appdata/users/P101440/micromamba/envs/torch29/lib/python3.11/site-packages/scipy/_lib/_util.py:1181: RuntimeWarning: logm result may be inaccurate, approximate err = 1.623921320970112e-06
  return f(*arrays, *other_args, **kwargs)
/appdata/users/P101440/micromamba/envs/torch29/lib/python3.11/site-packages/scipy/_lib/_util.py:1181: RuntimeWarning: logm result may be inaccurate, approximate err = 8.91555032467295e-07
  return f(*arrays, *other_args, **kwargs)
/appdata/users/P101440/micromamba/envs/torch29/lib/python3.11/site-packages/scipy/_lib/_util.py:1181: RuntimeWarning: logm result may be inaccurate, approximate err = 7.224944624795171e-07
  return f(*arrays, *other_args, **kwargs)
/appdata/users/P101440/micromamba/envs/torch29/lib/python3.11/site-packages/scipy/_lib/_util.py:1181: RuntimeWarning: logm result may be inaccurate, approximate err = 9.655946087150369e-07
  return f(*arrays, *other_args, **kwargs)
/appdata/users/P101440/micromamba/envs/torch29/lib/python3.11/site-packages/scipy/_lib/_util.py:1181: RuntimeWarning: logm result may be inaccurate, approximate err = 1.0550622846494662e-06
  return f(*arrays, *other_args, **kwargs)
/appdata/users/P101440/micromamba/envs/torch29/lib/python3.11/site-packages/scipy/_lib/_util.py:1181: RuntimeWarning: logm result may be inaccurate, approximate err = 6.980864100114559e-07
  return f(*arrays, *other_args, **kwargs)
/appdata/users/P101440/micromamba/envs/torch29/lib/python3.11/site-packages/scipy/_lib/_util.py:1181: RuntimeWarning: logm result may be inaccurate, approximate err = 6.540759613926639e-07
  return f(*arrays, *other_args, **kwargs)
/appdata/users/P101440/micromamba/envs/torch29/lib/python3.11/site-packages/scipy/_lib/_util.py:1181: RuntimeWarning: logm result may be inaccurate, approximate err = 8.214927333938249e-07
  return f(*arrays, *other_args, **kwargs)
/appdata/users/P101440/micromamba/envs/torch29/lib/python3.11/site-packages/scipy/_lib/_util.py:1181: RuntimeWarning: logm result may be inaccurate, approximate err = 7.726325748080853e-07
  return f(*arrays, *other_args, **kwargs)
/appdata/users/P101440/micromamba/envs/torch29/lib/python3.11/site-packages/scipy/_lib/_util.py:1181: RuntimeWarning: logm result may be inaccurate, approximate err = 9.2288723863021e-07
  return f(*arrays, *other_args, **kwargs)
/appdata/users/P101440/micromamba/envs/torch29/lib/python3.11/site-packages/scipy/_lib/_util.py:1181: RuntimeWarning: logm result may be inaccurate, approximate err = 8.457131457362266e-07
  return f(*arrays, *other_args, **kwargs)
/appdata/users/P101440/micromamba/envs/torch29/lib/python3.11/site-packages/scipy/_lib/_util.py:1181: RuntimeWarning: logm result may be inaccurate, approximate err = 8.802275033303886e-07
  return f(*arrays, *other_args, **kwargs)
/appdata/users/P101440/micromamba/envs/torch29/lib/python3.11/site-packages/scipy/_lib/_util.py:1181: RuntimeWarning: logm result may be inaccurate, approximate err = 9.924592632160056e-07
  return f(*arrays, *other_args, **kwargs)
/appdata/users/P101440/micromamba/envs/torch29/lib/python3.11/site-packages/scipy/_lib/_util.py:1181: RuntimeWarning: logm result may be inaccurate, approximate err = 1.028455926643801e-06
  return f(*arrays, *other_args, **kwargs)
/appdata/users/P101440/micromamba/envs/torch29/lib/python3.11/site-packages/scipy/_lib/_util.py:1181: RuntimeWarning: logm result may be inaccurate, approximate err = 9.086843419936486e-07
  return f(*arrays, *other_args, **kwargs)
/appdata/users/P101440/micromamba/envs/torch29/lib/python3.11/site-packages/scipy/_lib/_util.py:1181: RuntimeWarning: logm result may be inaccurate, approximate err = 8.025888291740557e-07
  return f(*arrays, *other_args, **kwargs)
/appdata/users/P101440/micromamba/envs/torch29/lib/python3.11/site-packages/scipy/_lib/_util.py:1181: RuntimeWarning: logm result may be inaccurate, approximate err = 8.075747928160126e-07
  return f(*arrays, *other_args, **kwargs)
/appdata/users/P101440/micromamba/envs/torch29/lib/python3.11/site-packages/scipy/_lib/_util.py:1181: RuntimeWarning: logm result may be inaccurate, approximate err = 6.728070047756773e-07
  return f(*arrays, *other_args, **kwargs)
/appdata/users/P101440/micromamba/envs/torch29/lib/python3.11/site-packages/scipy/_lib/_util.py:1181: RuntimeWarning: logm result may be inaccurate, approximate err = 7.256751928252925e-07
  return f(*arrays, *other_args, **kwargs)
/appdata/users/P101440/micromamba/envs/torch29/lib/python3.11/site-packages/scipy/_lib/_util.py:1181: RuntimeWarning: logm result may be inaccurate, approximate err = 1.0944661426037783e-06
  return f(*arrays, *other_args, **kwargs)
/appdata/users/P101440/micromamba/envs/torch29/lib/python3.11/site-packages/scipy/_lib/_util.py:1181: RuntimeWarning: logm result may be inaccurate, approximate err = 1.2401724234223366e-06
  return f(*arrays, *other_args, **kwargs)
/appdata/users/P101440/micromamba/envs/torch29/lib/python3.11/site-packages/scipy/_lib/_util.py:1181: RuntimeWarning: logm result may be inaccurate, approximate err = 9.835746368480613e-07
  return f(*arrays, *other_args, **kwargs)
/appdata/users/P101440/micromamba/envs/torch29/lib/python3.11/site-packages/scipy/_lib/_util.py:1181: RuntimeWarning: logm result may be inaccurate, approximate err = 9.880229754344327e-07
  return f(*arrays, *other_args, **kwargs)
/appdata/users/P101440/micromamba/envs/torch29/lib/python3.11/site-packages/scipy/_lib/_util.py:1181: RuntimeWarning: logm result may be inaccurate, approximate err = 9.0133778485324e-07
  return f(*arrays, *other_args, **kwargs)
/appdata/users/P101440/micromamba/envs/torch29/lib/python3.11/site-packages/scipy/_lib/_util.py:1181: RuntimeWarning: logm result may be inaccurate, approximate err = 1.1060739097956684e-06
  return f(*arrays, *other_args, **kwargs)
/appdata/users/P101440/micromamba/envs/torch29/lib/python3.11/site-packages/scipy/_lib/_util.py:1181: RuntimeWarning: logm result may be inaccurate, approximate err = 1.3864490711057442e-06
  return f(*arrays, *other_args, **kwargs)
/appdata/users/P101440/micromamba/envs/torch29/lib/python3.11/site-packages/scipy/_lib/_util.py:1181: RuntimeWarning: logm result may be inaccurate, approximate err = 1.158642135123955e-06
  return f(*arrays, *other_args, **kwargs)
/appdata/users/P101440/micromamba/envs/torch29/lib/python3.11/site-packages/scipy/_lib/_util.py:1181: RuntimeWarning: logm result may be inaccurate, approximate err = 1.0156638836633647e-06
  return f(*arrays, *other_args, **kwargs)
/appdata/users/P101440/micromamba/envs/torch29/lib/python3.11/site-packages/scipy/_lib/_util.py:1181: RuntimeWarning: logm result may be inaccurate, approximate err = 4.5805740001014783e-07
  return f(*arrays, *other_args, **kwargs)
/appdata/users/P101440/micromamba/envs/torch29/lib/python3.11/site-packages/scipy/_lib/_util.py:1181: RuntimeWarning: logm result may be inaccurate, approximate err = 9.644893452787073e-07
  return f(*arrays, *other_args, **kwargs)
/appdata/users/P101440/micromamba/envs/torch29/lib/python3.11/site-packages/scipy/_lib/_util.py:1181: RuntimeWarning: logm result may be inaccurate, approximate err = 5.939496645623876e-07
  return f(*arrays, *other_args, **kwargs)
/appdata/users/P101440/micromamba/envs/torch29/lib/python3.11/site-packages/scipy/_lib/_util.py:1181: RuntimeWarning: logm result may be inaccurate, approximate err = 1.1425584034441272e-06
  return f(*arrays, *other_args, **kwargs)
/appdata/users/P101440/micromamba/envs/torch29/lib/python3.11/site-packages/scipy/_lib/_util.py:1181: RuntimeWarning: logm result may be inaccurate, approximate err = 1.0448375178384595e-06
  return f(*arrays, *other_args, **kwargs)
/appdata/users/P101440/micromamba/envs/torch29/lib/python3.11/site-packages/scipy/_lib/_util.py:1181: RuntimeWarning: logm result may be inaccurate, approximate err = 9.19361298201693e-07
  return f(*arrays, *other_args, **kwargs)
/appdata/users/P101440/micromamba/envs/torch29/lib/python3.11/site-packages/scipy/_lib/_util.py:1181: RuntimeWarning: logm result may be inaccurate, approximate err = 1.034798060572939e-06
  return f(*arrays, *other_args, **kwargs)
/appdata/users/P101440/micromamba/envs/torch29/lib/python3.11/site-packages/scipy/_lib/_util.py:1181: RuntimeWarning: logm result may be inaccurate, approximate err = 8.772677233537252e-07
  return f(*arrays, *other_args, **kwargs)
/appdata/users/P101440/micromamba/envs/torch29/lib/python3.11/site-packages/scipy/_lib/_util.py:1181: RuntimeWarning: logm result may be inaccurate, approximate err = 6.713001425850962e-07
  return f(*arrays, *other_args, **kwargs)
/appdata/users/P101440/micromamba/envs/torch29/lib/python3.11/site-packages/scipy/_lib/_util.py:1181: RuntimeWarning: logm result may be inaccurate, approximate err = 7.350166697506211e-07
  return f(*arrays, *other_args, **kwargs)
/appdata/users/P101440/micromamba/envs/torch29/lib/python3.11/site-packages/scipy/_lib/_util.py:1181: RuntimeWarning: logm result may be inaccurate, approximate err = 6.802777647862968e-07
  return f(*arrays, *other_args, **kwargs)
/appdata/users/P101440/micromamba/envs/torch29/lib/python3.11/site-packages/scipy/_lib/_util.py:1181: RuntimeWarning: logm result may be inaccurate, approximate err = 1.0247999853163492e-06
  return f(*arrays, *other_args, **kwargs)
/appdata/users/P101440/micromamba/envs/torch29/lib/python3.11/site-packages/scipy/_lib/_util.py:1181: RuntimeWarning: logm result may be inaccurate, approximate err = 9.319638820670662e-07
  return f(*arrays, *other_args, **kwargs)
/appdata/users/P101440/micromamba/envs/torch29/lib/python3.11/site-packages/scipy/_lib/_util.py:1181: RuntimeWarning: logm result may be inaccurate, approximate err = 7.13508882199676e-07
  return f(*arrays, *other_args, **kwargs)
/appdata/users/P101440/micromamba/envs/torch29/lib/python3.11/site-packages/scipy/_lib/_util.py:1181: RuntimeWarning: logm result may be inaccurate, approximate err = 8.545918603886093e-07
  return f(*arrays, *other_args, **kwargs)
/appdata/users/P101440/micromamba/envs/torch29/lib/python3.11/site-packages/scipy/_lib/_util.py:1181: RuntimeWarning: logm result may be inaccurate, approximate err = 7.837711564206984e-07
  return f(*arrays, *other_args, **kwargs)
/appdata/users/P101440/micromamba/envs/torch29/lib/python3.11/site-packages/scipy/_lib/_util.py:1181: RuntimeWarning: logm result may be inaccurate, approximate err = 9.495065569353756e-07
  return f(*arrays, *other_args, **kwargs)
/appdata/users/P101440/micromamba/envs/torch29/lib/python3.11/site-packages/scipy/_lib/_util.py:1181: RuntimeWarning: logm result may be inaccurate, approximate err = 8.74719887633546e-07
  return f(*arrays, *other_args, **kwargs)
/appdata/users/P101440/micromamba/envs/torch29/lib/python3.11/site-packages/scipy/_lib/_util.py:1181: RuntimeWarning: logm result may be inaccurate, approximate err = 1.0397657206340227e-06
  return f(*arrays, *other_args, **kwargs)
/appdata/users/P101440/micromamba/envs/torch29/lib/python3.11/site-packages/scipy/_lib/_util.py:1181: RuntimeWarning: logm result may be inaccurate, approximate err = 9.214653005074069e-07
  return f(*arrays, *other_args, **kwargs)
/appdata/users/P101440/micromamba/envs/torch29/lib/python3.11/site-packages/scipy/_lib/_util.py:1181: RuntimeWarning: logm result may be inaccurate, approximate err = 1.2482457805162994e-06
  return f(*arrays, *other_args, **kwargs)
/appdata/users/P101440/micromamba/envs/torch29/lib/python3.11/site-packages/scipy/_lib/_util.py:1181: RuntimeWarning: logm result may be inaccurate, approximate err = 6.024121717018716e-07
  return f(*arrays, *other_args, **kwargs)
/appdata/users/P101440/micromamba/envs/torch29/lib/python3.11/site-packages/scipy/_lib/_util.py:1181: RuntimeWarning: logm result may be inaccurate, approximate err = 8.352548661605397e-07
  return f(*arrays, *other_args, **kwargs)
/appdata/users/P101440/micromamba/envs/torch29/lib/python3.11/site-packages/scipy/_lib/_util.py:1181: RuntimeWarning: logm result may be inaccurate, approximate err = 1.1847247378682368e-06
  return f(*arrays, *other_args, **kwargs)
/appdata/users/P101440/micromamba/envs/torch29/lib/python3.11/site-packages/scipy/_lib/_util.py:1181: RuntimeWarning: logm result may be inaccurate, approximate err = 8.374753406314994e-07
  return f(*arrays, *other_args, **kwargs)
/appdata/users/P101440/micromamba/envs/torch29/lib/python3.11/site-packages/scipy/_lib/_util.py:1181: RuntimeWarning: logm result may be inaccurate, approximate err = 8.046934567573771e-07
  return f(*arrays, *other_args, **kwargs)
/appdata/users/P101440/micromamba/envs/torch29/lib/python3.11/site-packages/scipy/_lib/_util.py:1181: RuntimeWarning: logm result may be inaccurate, approximate err = 6.802492862334475e-07
  return f(*arrays, *other_args, **kwargs)
/appdata/users/P101440/micromamba/envs/torch29/lib/python3.11/site-packages/scipy/_lib/_util.py:1181: RuntimeWarning: logm result may be inaccurate, approximate err = 8.6638073071299e-07
  return f(*arrays, *other_args, **kwargs)
/appdata/users/P101440/micromamba/envs/torch29/lib/python3.11/site-packages/scipy/_lib/_util.py:1181: RuntimeWarning: logm result may be inaccurate, approximate err = 7.67864037243271e-07
  return f(*arrays, *other_args, **kwargs)
/appdata/users/P101440/micromamba/envs/torch29/lib/python3.11/site-packages/scipy/_lib/_util.py:1181: RuntimeWarning: logm result may be inaccurate, approximate err = 9.240370673069265e-07
  return f(*arrays, *other_args, **kwargs)
/appdata/users/P101440/micromamba/envs/torch29/lib/python3.11/site-packages/scipy/_lib/_util.py:1181: RuntimeWarning: logm result may be inaccurate, approximate err = 1.0846805480468902e-06
  return f(*arrays, *other_args, **kwargs)
/appdata/users/P101440/micromamba/envs/torch29/lib/python3.11/site-packages/scipy/_lib/_util.py:1181: RuntimeWarning: logm result may be inaccurate, approximate err = 7.766766998429375e-07
  return f(*arrays, *other_args, **kwargs)
/appdata/users/P101440/micromamba/envs/torch29/lib/python3.11/site-packages/scipy/_lib/_util.py:1181: RuntimeWarning: logm result may be inaccurate, approximate err = 8.316910111716425e-07
  return f(*arrays, *other_args, **kwargs)
/appdata/users/P101440/micromamba/envs/torch29/lib/python3.11/site-packages/scipy/_lib/_util.py:1181: RuntimeWarning: logm result may be inaccurate, approximate err = 7.71420218370622e-07
  return f(*arrays, *other_args, **kwargs)
/appdata/users/P101440/micromamba/envs/torch29/lib/python3.11/site-packages/scipy/_lib/_util.py:1181: RuntimeWarning: logm result may be inaccurate, approximate err = 9.507352274340519e-07
  return f(*arrays, *other_args, **kwargs)
/appdata/users/P101440/micromamba/envs/torch29/lib/python3.11/site-packages/scipy/_lib/_util.py:1181: RuntimeWarning: logm result may be inaccurate, approximate err = 6.607347131648567e-07
  return f(*arrays, *other_args, **kwargs)
/appdata/users/P101440/micromamba/envs/torch29/lib/python3.11/site-packages/scipy/_lib/_util.py:1181: RuntimeWarning: logm result may be inaccurate, approximate err = 1.3204354445406352e-06
  return f(*arrays, *other_args, **kwargs)
/appdata/users/P101440/micromamba/envs/torch29/lib/python3.11/site-packages/scipy/_lib/_util.py:1181: RuntimeWarning: logm result may be inaccurate, approximate err = 9.573236638971139e-07
  return f(*arrays, *other_args, **kwargs)
/appdata/users/P101440/micromamba/envs/torch29/lib/python3.11/site-packages/scipy/_lib/_util.py:1181: RuntimeWarning: logm result may be inaccurate, approximate err = 7.059294375721947e-07
  return f(*arrays, *other_args, **kwargs)
/appdata/users/P101440/micromamba/envs/torch29/lib/python3.11/site-packages/scipy/_lib/_util.py:1181: RuntimeWarning: logm result may be inaccurate, approximate err = 7.884444812589209e-07
  return f(*arrays, *other_args, **kwargs)
/appdata/users/P101440/micromamba/envs/torch29/lib/python3.11/site-packages/scipy/_lib/_util.py:1181: RuntimeWarning: logm result may be inaccurate, approximate err = 1.1729728157661157e-06
  return f(*arrays, *other_args, **kwargs)
/appdata/users/P101440/micromamba/envs/torch29/lib/python3.11/site-packages/scipy/_lib/_util.py:1181: RuntimeWarning: logm result may be inaccurate, approximate err = 7.759715003885503e-07
  return f(*arrays, *other_args, **kwargs)
/appdata/users/P101440/micromamba/envs/torch29/lib/python3.11/site-packages/scipy/_lib/_util.py:1181: RuntimeWarning: logm result may be inaccurate, approximate err = 7.046261316645541e-07
  return f(*arrays, *other_args, **kwargs)
/appdata/users/P101440/micromamba/envs/torch29/lib/python3.11/site-packages/scipy/_lib/_util.py:1181: RuntimeWarning: logm result may be inaccurate, approximate err = 7.727302318016882e-07
  return f(*arrays, *other_args, **kwargs)
/appdata/users/P101440/micromamba/envs/torch29/lib/python3.11/site-packages/scipy/_lib/_util.py:1181: RuntimeWarning: logm result may be inaccurate, approximate err = 8.794782502263843e-07
  return f(*arrays, *other_args, **kwargs)
/appdata/users/P101440/micromamba/envs/torch29/lib/python3.11/site-packages/scipy/_lib/_util.py:1181: RuntimeWarning: logm result may be inaccurate, approximate err = 7.650842803741398e-07
  return f(*arrays, *other_args, **kwargs)
/appdata/users/P101440/micromamba/envs/torch29/lib/python3.11/site-packages/scipy/_lib/_util.py:1181: RuntimeWarning: logm result may be inaccurate, approximate err = 7.664904160264996e-07
  return f(*arrays, *other_args, **kwargs)
/appdata/users/P101440/micromamba/envs/torch29/lib/python3.11/site-packages/scipy/_lib/_util.py:1181: RuntimeWarning: logm result may be inaccurate, approximate err = 6.970560662011849e-07
  return f(*arrays, *other_args, **kwargs)
/appdata/users/P101440/micromamba/envs/torch29/lib/python3.11/site-packages/scipy/_lib/_util.py:1181: RuntimeWarning: logm result may be inaccurate, approximate err = 7.591880262225459e-07
  return f(*arrays, *other_args, **kwargs)
/appdata/users/P101440/micromamba/envs/torch29/lib/python3.11/site-packages/scipy/_lib/_util.py:1181: RuntimeWarning: logm result may be inaccurate, approximate err = 1.0740568541223183e-06
  return f(*arrays, *other_args, **kwargs)
/appdata/users/P101440/micromamba/envs/torch29/lib/python3.11/site-packages/scipy/_lib/_util.py:1181: RuntimeWarning: logm result may be inaccurate, approximate err = 9.18397120130976e-07
  return f(*arrays, *other_args, **kwargs)
/appdata/users/P101440/micromamba/envs/torch29/lib/python3.11/site-packages/scipy/_lib/_util.py:1181: RuntimeWarning: logm result may be inaccurate, approximate err = 1.0051284107248648e-06
  return f(*arrays, *other_args, **kwargs)
/appdata/users/P101440/micromamba/envs/torch29/lib/python3.11/site-packages/scipy/_lib/_util.py:1181: RuntimeWarning: logm result may be inaccurate, approximate err = 1.028600877361896e-06
  return f(*arrays, *other_args, **kwargs)
/appdata/users/P101440/micromamba/envs/torch29/lib/python3.11/site-packages/scipy/_lib/_util.py:1181: RuntimeWarning: logm result may be inaccurate, approximate err = 8.267228963632078e-07
  return f(*arrays, *other_args, **kwargs)
/appdata/users/P101440/micromamba/envs/torch29/lib/python3.11/site-packages/scipy/_lib/_util.py:1181: RuntimeWarning: logm result may be inaccurate, approximate err = 1.0497119546926115e-06
  return f(*arrays, *other_args, **kwargs)
/appdata/users/P101440/micromamba/envs/torch29/lib/python3.11/site-packages/scipy/_lib/_util.py:1181: RuntimeWarning: logm result may be inaccurate, approximate err = 5.887341671950708e-07
  return f(*arrays, *other_args, **kwargs)
/appdata/users/P101440/micromamba/envs/torch29/lib/python3.11/site-packages/scipy/_lib/_util.py:1181: RuntimeWarning: logm result may be inaccurate, approximate err = 9.736187394082663e-07
  return f(*arrays, *other_args, **kwargs)
/appdata/users/P101440/micromamba/envs/torch29/lib/python3.11/site-packages/scipy/_lib/_util.py:1181: RuntimeWarning: logm result may be inaccurate, approximate err = 8.823413395475654e-07
  return f(*arrays, *other_args, **kwargs)
/appdata/users/P101440/micromamba/envs/torch29/lib/python3.11/site-packages/scipy/_lib/_util.py:1181: RuntimeWarning: logm result may be inaccurate, approximate err = 6.828244636380987e-07
  return f(*arrays, *other_args, **kwargs)
/appdata/users/P101440/micromamba/envs/torch29/lib/python3.11/site-packages/scipy/_lib/_util.py:1181: RuntimeWarning: logm result may be inaccurate, approximate err = 9.455715712647361e-07
  return f(*arrays, *other_args, **kwargs)
/appdata/users/P101440/micromamba/envs/torch29/lib/python3.11/site-packages/scipy/_lib/_util.py:1181: RuntimeWarning: logm result may be inaccurate, approximate err = 8.089514835774025e-07
  return f(*arrays, *other_args, **kwargs)
/appdata/users/P101440/micromamba/envs/torch29/lib/python3.11/site-packages/scipy/_lib/_util.py:1181: RuntimeWarning: logm result may be inaccurate, approximate err = 7.391317922156304e-07
  return f(*arrays, *other_args, **kwargs)
/appdata/users/P101440/micromamba/envs/torch29/lib/python3.11/site-packages/scipy/_lib/_util.py:1181: RuntimeWarning: logm result may be inaccurate, approximate err = 7.777479709147883e-07
  return f(*arrays, *other_args, **kwargs)
/appdata/users/P101440/micromamba/envs/torch29/lib/python3.11/site-packages/scipy/_lib/_util.py:1181: RuntimeWarning: logm result may be inaccurate, approximate err = 8.929562795856327e-07
  return f(*arrays, *other_args, **kwargs)
/appdata/users/P101440/micromamba/envs/torch29/lib/python3.11/site-packages/scipy/_lib/_util.py:1181: RuntimeWarning: logm result may be inaccurate, approximate err = 1.247455770680972e-06
  return f(*arrays, *other_args, **kwargs)
/appdata/users/P101440/micromamba/envs/torch29/lib/python3.11/site-packages/scipy/_lib/_util.py:1181: RuntimeWarning: logm result may be inaccurate, approximate err = 6.955984304113372e-07
  return f(*arrays, *other_args, **kwargs)
/appdata/users/P101440/micromamba/envs/torch29/lib/python3.11/site-packages/scipy/_lib/_util.py:1181: RuntimeWarning: logm result may be inaccurate, approximate err = 6.966001251385023e-07
  return f(*arrays, *other_args, **kwargs)
/appdata/users/P101440/micromamba/envs/torch29/lib/python3.11/site-packages/scipy/_lib/_util.py:1181: RuntimeWarning: logm result may be inaccurate, approximate err = 9.016921467264183e-07
  return f(*arrays, *other_args, **kwargs)
/appdata/users/P101440/micromamba/envs/torch29/lib/python3.11/site-packages/scipy/_lib/_util.py:1181: RuntimeWarning: logm result may be inaccurate, approximate err = 8.307459324896627e-07
  return f(*arrays, *other_args, **kwargs)
/appdata/users/P101440/micromamba/envs/torch29/lib/python3.11/site-packages/scipy/_lib/_util.py:1181: RuntimeWarning: logm result may be inaccurate, approximate err = 8.546031722289626e-07
  return f(*arrays, *other_args, **kwargs)
/appdata/users/P101440/micromamba/envs/torch29/lib/python3.11/site-packages/scipy/_lib/_util.py:1181: RuntimeWarning: logm result may be inaccurate, approximate err = 7.945062066028186e-07
  return f(*arrays, *other_args, **kwargs)
/appdata/users/P101440/micromamba/envs/torch29/lib/python3.11/site-packages/scipy/_lib/_util.py:1181: RuntimeWarning: logm result may be inaccurate, approximate err = 7.665899488529249e-07
  return f(*arrays, *other_args, **kwargs)
/appdata/users/P101440/micromamba/envs/torch29/lib/python3.11/site-packages/scipy/_lib/_util.py:1181: RuntimeWarning: logm result may be inaccurate, approximate err = 8.823635084809212e-07
  return f(*arrays, *other_args, **kwargs)
/appdata/users/P101440/micromamba/envs/torch29/lib/python3.11/site-packages/scipy/_lib/_util.py:1181: RuntimeWarning: logm result may be inaccurate, approximate err = 8.090603955679398e-07
  return f(*arrays, *other_args, **kwargs)
/appdata/users/P101440/micromamba/envs/torch29/lib/python3.11/site-packages/scipy/_lib/_util.py:1181: RuntimeWarning: logm result may be inaccurate, approximate err = 1.2061959751008544e-06
  return f(*arrays, *other_args, **kwargs)
/appdata/users/P101440/micromamba/envs/torch29/lib/python3.11/site-packages/scipy/_lib/_util.py:1181: RuntimeWarning: logm result may be inaccurate, approximate err = 9.004306207316404e-07
  return f(*arrays, *other_args, **kwargs)
/appdata/users/P101440/micromamba/envs/torch29/lib/python3.11/site-packages/scipy/_lib/_util.py:1181: RuntimeWarning: logm result may be inaccurate, approximate err = 7.273173991961812e-07
  return f(*arrays, *other_args, **kwargs)
/appdata/users/P101440/micromamba/envs/torch29/lib/python3.11/site-packages/scipy/_lib/_util.py:1181: RuntimeWarning: logm result may be inaccurate, approximate err = 7.092946816555923e-07
  return f(*arrays, *other_args, **kwargs)
/appdata/users/P101440/micromamba/envs/torch29/lib/python3.11/site-packages/scipy/_lib/_util.py:1181: RuntimeWarning: logm result may be inaccurate, approximate err = 7.651265718777722e-07
  return f(*arrays, *other_args, **kwargs)
/appdata/users/P101440/micromamba/envs/torch29/lib/python3.11/site-packages/scipy/_lib/_util.py:1181: RuntimeWarning: logm result may be inaccurate, approximate err = 9.022867857311212e-07
  return f(*arrays, *other_args, **kwargs)
/appdata/users/P101440/micromamba/envs/torch29/lib/python3.11/site-packages/scipy/_lib/_util.py:1181: RuntimeWarning: logm result may be inaccurate, approximate err = 6.36487357041915e-07
  return f(*arrays, *other_args, **kwargs)
/appdata/users/P101440/micromamba/envs/torch29/lib/python3.11/site-packages/scipy/_lib/_util.py:1181: RuntimeWarning: logm result may be inaccurate, approximate err = 5.856019242855837e-07
  return f(*arrays, *other_args, **kwargs)
/appdata/users/P101440/micromamba/envs/torch29/lib/python3.11/site-packages/scipy/_lib/_util.py:1181: RuntimeWarning: logm result may be inaccurate, approximate err = 7.018196583885583e-07
  return f(*arrays, *other_args, **kwargs)
/appdata/users/P101440/micromamba/envs/torch29/lib/python3.11/site-packages/scipy/_lib/_util.py:1181: RuntimeWarning: logm result may be inaccurate, approximate err = 7.635745760126156e-07
  return f(*arrays, *other_args, **kwargs)
/appdata/users/P101440/micromamba/envs/torch29/lib/python3.11/site-packages/scipy/_lib/_util.py:1181: RuntimeWarning: logm result may be inaccurate, approximate err = 9.654858104113373e-07
  return f(*arrays, *other_args, **kwargs)
/appdata/users/P101440/micromamba/envs/torch29/lib/python3.11/site-packages/scipy/_lib/_util.py:1181: RuntimeWarning: logm result may be inaccurate, approximate err = 7.563000394839037e-07
  return f(*arrays, *other_args, **kwargs)
/appdata/users/P101440/micromamba/envs/torch29/lib/python3.11/site-packages/scipy/_lib/_util.py:1181: RuntimeWarning: logm result may be inaccurate, approximate err = 6.702056225549313e-07
  return f(*arrays, *other_args, **kwargs)
/appdata/users/P101440/micromamba/envs/torch29/lib/python3.11/site-packages/scipy/_lib/_util.py:1181: RuntimeWarning: logm result may be inaccurate, approximate err = 6.80839605138317e-07
  return f(*arrays, *other_args, **kwargs)
/appdata/users/P101440/micromamba/envs/torch29/lib/python3.11/site-packages/scipy/_lib/_util.py:1181: RuntimeWarning: logm result may be inaccurate, approximate err = 9.429322176401911e-07
  return f(*arrays, *other_args, **kwargs)
/appdata/users/P101440/micromamba/envs/torch29/lib/python3.11/site-packages/scipy/_lib/_util.py:1181: RuntimeWarning: logm result may be inaccurate, approximate err = 6.432222221519623e-07
  return f(*arrays, *other_args, **kwargs)
/appdata/users/P101440/micromamba/envs/torch29/lib/python3.11/site-packages/scipy/_lib/_util.py:1181: RuntimeWarning: logm result may be inaccurate, approximate err = 7.294112265299191e-07
  return f(*arrays, *other_args, **kwargs)
/appdata/users/P101440/micromamba/envs/torch29/lib/python3.11/site-packages/scipy/_lib/_util.py:1181: RuntimeWarning: logm result may be inaccurate, approximate err = 1.2577893357956782e-06
  return f(*arrays, *other_args, **kwargs)
/appdata/users/P101440/micromamba/envs/torch29/lib/python3.11/site-packages/scipy/_lib/_util.py:1181: RuntimeWarning: logm result may be inaccurate, approximate err = 7.499571665903204e-07
  return f(*arrays, *other_args, **kwargs)
/appdata/users/P101440/micromamba/envs/torch29/lib/python3.11/site-packages/scipy/_lib/_util.py:1181: RuntimeWarning: logm result may be inaccurate, approximate err = 6.6878010329674e-07
  return f(*arrays, *other_args, **kwargs)
/appdata/users/P101440/micromamba/envs/torch29/lib/python3.11/site-packages/scipy/_lib/_util.py:1181: RuntimeWarning: logm result may be inaccurate, approximate err = 8.488673870488128e-07
  return f(*arrays, *other_args, **kwargs)
/appdata/users/P101440/micromamba/envs/torch29/lib/python3.11/site-packages/scipy/_lib/_util.py:1181: RuntimeWarning: logm result may be inaccurate, approximate err = 1.4051652215130161e-06
  return f(*arrays, *other_args, **kwargs)
/appdata/users/P101440/micromamba/envs/torch29/lib/python3.11/site-packages/scipy/_lib/_util.py:1181: RuntimeWarning: logm result may be inaccurate, approximate err = 7.303896722987702e-07
  return f(*arrays, *other_args, **kwargs)
/appdata/users/P101440/micromamba/envs/torch29/lib/python3.11/site-packages/scipy/_lib/_util.py:1181: RuntimeWarning: logm result may be inaccurate, approximate err = 6.238847163331229e-07
  return f(*arrays, *other_args, **kwargs)
/appdata/users/P101440/micromamba/envs/torch29/lib/python3.11/site-packages/scipy/_lib/_util.py:1181: RuntimeWarning: logm result may be inaccurate, approximate err = 1.08455481040437e-06
  return f(*arrays, *other_args, **kwargs)
/appdata/users/P101440/micromamba/envs/torch29/lib/python3.11/site-packages/scipy/_lib/_util.py:1181: RuntimeWarning: logm result may be inaccurate, approximate err = 8.654586736156489e-07
  return f(*arrays, *other_args, **kwargs)
/appdata/users/P101440/micromamba/envs/torch29/lib/python3.11/site-packages/scipy/_lib/_util.py:1181: RuntimeWarning: logm result may be inaccurate, approximate err = 1.0475715725988266e-06
  return f(*arrays, *other_args, **kwargs)
/appdata/users/P101440/micromamba/envs/torch29/lib/python3.11/site-packages/scipy/_lib/_util.py:1181: RuntimeWarning: logm result may be inaccurate, approximate err = 7.683902936150844e-07
  return f(*arrays, *other_args, **kwargs)
/appdata/users/P101440/micromamba/envs/torch29/lib/python3.11/site-packages/scipy/_lib/_util.py:1181: RuntimeWarning: logm result may be inaccurate, approximate err = 8.039837098294811e-07
  return f(*arrays, *other_args, **kwargs)
/appdata/users/P101440/micromamba/envs/torch29/lib/python3.11/site-packages/scipy/_lib/_util.py:1181: RuntimeWarning: logm result may be inaccurate, approximate err = 8.715823582861049e-07
  return f(*arrays, *other_args, **kwargs)
/appdata/users/P101440/micromamba/envs/torch29/lib/python3.11/site-packages/scipy/_lib/_util.py:1181: RuntimeWarning: logm result may be inaccurate, approximate err = 1.0240834171781898e-06
  return f(*arrays, *other_args, **kwargs)
/appdata/users/P101440/micromamba/envs/torch29/lib/python3.11/site-packages/scipy/_lib/_util.py:1181: RuntimeWarning: logm result may be inaccurate, approximate err = 9.131356364378007e-07
  return f(*arrays, *other_args, **kwargs)
/appdata/users/P101440/micromamba/envs/torch29/lib/python3.11/site-packages/scipy/_lib/_util.py:1181: RuntimeWarning: logm result may be inaccurate, approximate err = 7.428831167999306e-07
  return f(*arrays, *other_args, **kwargs)
/appdata/users/P101440/micromamba/envs/torch29/lib/python3.11/site-packages/scipy/_lib/_util.py:1181: RuntimeWarning: logm result may be inaccurate, approximate err = 1.069258473762602e-06
  return f(*arrays, *other_args, **kwargs)
/appdata/users/P101440/micromamba/envs/torch29/lib/python3.11/site-packages/scipy/_lib/_util.py:1181: RuntimeWarning: logm result may be inaccurate, approximate err = 9.253250254914747e-07
  return f(*arrays, *other_args, **kwargs)
/appdata/users/P101440/micromamba/envs/torch29/lib/python3.11/site-packages/scipy/_lib/_util.py:1181: RuntimeWarning: logm result may be inaccurate, approximate err = 1.01099067251198e-06
  return f(*arrays, *other_args, **kwargs)
/appdata/users/P101440/micromamba/envs/torch29/lib/python3.11/site-packages/scipy/_lib/_util.py:1181: RuntimeWarning: logm result may be inaccurate, approximate err = 5.916830900787318e-07
  return f(*arrays, *other_args, **kwargs)
/appdata/users/P101440/micromamba/envs/torch29/lib/python3.11/site-packages/scipy/_lib/_util.py:1181: RuntimeWarning: logm result may be inaccurate, approximate err = 8.956803299042804e-07
  return f(*arrays, *other_args, **kwargs)
/appdata/users/P101440/micromamba/envs/torch29/lib/python3.11/site-packages/scipy/_lib/_util.py:1181: RuntimeWarning: logm result may be inaccurate, approximate err = 7.647454935977294e-07
  return f(*arrays, *other_args, **kwargs)
/appdata/users/P101440/micromamba/envs/torch29/lib/python3.11/site-packages/scipy/_lib/_util.py:1181: RuntimeWarning: logm result may be inaccurate, approximate err = 8.885394322533102e-07
  return f(*arrays, *other_args, **kwargs)
/appdata/users/P101440/micromamba/envs/torch29/lib/python3.11/site-packages/scipy/_lib/_util.py:1181: RuntimeWarning: logm result may be inaccurate, approximate err = 5.532135105568159e-07
  return f(*arrays, *other_args, **kwargs)
/appdata/users/P101440/micromamba/envs/torch29/lib/python3.11/site-packages/scipy/_lib/_util.py:1181: RuntimeWarning: logm result may be inaccurate, approximate err = 8.023155828595918e-07
  return f(*arrays, *other_args, **kwargs)
/appdata/users/P101440/micromamba/envs/torch29/lib/python3.11/site-packages/scipy/_lib/_util.py:1181: RuntimeWarning: logm result may be inaccurate, approximate err = 8.880168707037228e-07
  return f(*arrays, *other_args, **kwargs)
/appdata/users/P101440/micromamba/envs/torch29/lib/python3.11/site-packages/scipy/_lib/_util.py:1181: RuntimeWarning: logm result may be inaccurate, approximate err = 1.0870438700294471e-06
  return f(*arrays, *other_args, **kwargs)
/appdata/users/P101440/micromamba/envs/torch29/lib/python3.11/site-packages/scipy/_lib/_util.py:1181: RuntimeWarning: logm result may be inaccurate, approximate err = 8.475154800180462e-07
  return f(*arrays, *other_args, **kwargs)
/appdata/users/P101440/micromamba/envs/torch29/lib/python3.11/site-packages/scipy/_lib/_util.py:1181: RuntimeWarning: logm result may be inaccurate, approximate err = 7.564494239886699e-07
  return f(*arrays, *other_args, **kwargs)
/appdata/users/P101440/micromamba/envs/torch29/lib/python3.11/site-packages/scipy/_lib/_util.py:1181: RuntimeWarning: logm result may be inaccurate, approximate err = 9.395308211423981e-07
  return f(*arrays, *other_args, **kwargs)
/appdata/users/P101440/micromamba/envs/torch29/lib/python3.11/site-packages/scipy/_lib/_util.py:1181: RuntimeWarning: logm result may be inaccurate, approximate err = 8.878558332980901e-07
  return f(*arrays, *other_args, **kwargs)
/appdata/users/P101440/micromamba/envs/torch29/lib/python3.11/site-packages/scipy/_lib/_util.py:1181: RuntimeWarning: logm result may be inaccurate, approximate err = 7.907714802968258e-07
  return f(*arrays, *other_args, **kwargs)
/appdata/users/P101440/micromamba/envs/torch29/lib/python3.11/site-packages/scipy/_lib/_util.py:1181: RuntimeWarning: logm result may be inaccurate, approximate err = 6.227002131709014e-07
  return f(*arrays, *other_args, **kwargs)
/appdata/users/P101440/micromamba/envs/torch29/lib/python3.11/site-packages/scipy/_lib/_util.py:1181: RuntimeWarning: logm result may be inaccurate, approximate err = 1.132741772380541e-06
  return f(*arrays, *other_args, **kwargs)
/appdata/users/P101440/micromamba/envs/torch29/lib/python3.11/site-packages/scipy/_lib/_util.py:1181: RuntimeWarning: logm result may be inaccurate, approximate err = 7.459296398337756e-07
  return f(*arrays, *other_args, **kwargs)
/appdata/users/P101440/micromamba/envs/torch29/lib/python3.11/site-packages/scipy/_lib/_util.py:1181: RuntimeWarning: logm result may be inaccurate, approximate err = 7.066655030030233e-07
  return f(*arrays, *other_args, **kwargs)
/appdata/users/P101440/micromamba/envs/torch29/lib/python3.11/site-packages/scipy/_lib/_util.py:1181: RuntimeWarning: logm result may be inaccurate, approximate err = 1.1169735216753907e-06
  return f(*arrays, *other_args, **kwargs)
/appdata/users/P101440/micromamba/envs/torch29/lib/python3.11/site-packages/scipy/_lib/_util.py:1181: RuntimeWarning: logm result may be inaccurate, approximate err = 9.670150120655308e-07
  return f(*arrays, *other_args, **kwargs)
/appdata/users/P101440/micromamba/envs/torch29/lib/python3.11/site-packages/scipy/_lib/_util.py:1181: RuntimeWarning: logm result may be inaccurate, approximate err = 9.487991974310717e-07
  return f(*arrays, *other_args, **kwargs)
/appdata/users/P101440/micromamba/envs/torch29/lib/python3.11/site-packages/scipy/_lib/_util.py:1181: RuntimeWarning: logm result may be inaccurate, approximate err = 8.42719146021409e-07
  return f(*arrays, *other_args, **kwargs)
/appdata/users/P101440/micromamba/envs/torch29/lib/python3.11/site-packages/scipy/_lib/_util.py:1181: RuntimeWarning: logm result may be inaccurate, approximate err = 6.050398724255501e-07
  return f(*arrays, *other_args, **kwargs)
/appdata/users/P101440/micromamba/envs/torch29/lib/python3.11/site-packages/scipy/_lib/_util.py:1181: RuntimeWarning: logm result may be inaccurate, approximate err = 1.0919343367277179e-06
  return f(*arrays, *other_args, **kwargs)
/appdata/users/P101440/micromamba/envs/torch29/lib/python3.11/site-packages/scipy/_lib/_util.py:1181: RuntimeWarning: logm result may be inaccurate, approximate err = 7.465683893315145e-07
  return f(*arrays, *other_args, **kwargs)
/appdata/users/P101440/micromamba/envs/torch29/lib/python3.11/site-packages/scipy/_lib/_util.py:1181: RuntimeWarning: logm result may be inaccurate, approximate err = 1.2470811725506792e-06
  return f(*arrays, *other_args, **kwargs)
/appdata/users/P101440/micromamba/envs/torch29/lib/python3.11/site-packages/scipy/_lib/_util.py:1181: RuntimeWarning: logm result may be inaccurate, approximate err = 7.181925525401311e-07
  return f(*arrays, *other_args, **kwargs)
/appdata/users/P101440/micromamba/envs/torch29/lib/python3.11/site-packages/scipy/_lib/_util.py:1181: RuntimeWarning: logm result may be inaccurate, approximate err = 7.89086413988116e-07
  return f(*arrays, *other_args, **kwargs)
/appdata/users/P101440/micromamba/envs/torch29/lib/python3.11/site-packages/scipy/_lib/_util.py:1181: RuntimeWarning: logm result may be inaccurate, approximate err = 1.191913838738401e-06
  return f(*arrays, *other_args, **kwargs)
/appdata/users/P101440/micromamba/envs/torch29/lib/python3.11/site-packages/scipy/_lib/_util.py:1181: RuntimeWarning: logm result may be inaccurate, approximate err = 7.740828209534811e-07
  return f(*arrays, *other_args, **kwargs)
/appdata/users/P101440/micromamba/envs/torch29/lib/python3.11/site-packages/scipy/_lib/_util.py:1181: RuntimeWarning: logm result may be inaccurate, approximate err = 9.308367339144752e-07
  return f(*arrays, *other_args, **kwargs)
/appdata/users/P101440/micromamba/envs/torch29/lib/python3.11/site-packages/scipy/_lib/_util.py:1181: RuntimeWarning: logm result may be inaccurate, approximate err = 9.539712664263789e-07
  return f(*arrays, *other_args, **kwargs)
/appdata/users/P101440/micromamba/envs/torch29/lib/python3.11/site-packages/scipy/_lib/_util.py:1181: RuntimeWarning: logm result may be inaccurate, approximate err = 6.800259484407434e-07
  return f(*arrays, *other_args, **kwargs)
/appdata/users/P101440/micromamba/envs/torch29/lib/python3.11/site-packages/scipy/_lib/_util.py:1181: RuntimeWarning: logm result may be inaccurate, approximate err = 8.370997761630861e-07
  return f(*arrays, *other_args, **kwargs)
/appdata/users/P101440/micromamba/envs/torch29/lib/python3.11/site-packages/scipy/_lib/_util.py:1181: RuntimeWarning: logm result may be inaccurate, approximate err = 8.499943646711472e-07
  return f(*arrays, *other_args, **kwargs)
/appdata/users/P101440/micromamba/envs/torch29/lib/python3.11/site-packages/scipy/_lib/_util.py:1181: RuntimeWarning: logm result may be inaccurate, approximate err = 5.823661126669322e-07
  return f(*arrays, *other_args, **kwargs)
/appdata/users/P101440/micromamba/envs/torch29/lib/python3.11/site-packages/scipy/_lib/_util.py:1181: RuntimeWarning: logm result may be inaccurate, approximate err = 7.34284867576207e-07
  return f(*arrays, *other_args, **kwargs)
/appdata/users/P101440/micromamba/envs/torch29/lib/python3.11/site-packages/scipy/_lib/_util.py:1181: RuntimeWarning: logm result may be inaccurate, approximate err = 9.75352463683521e-07
  return f(*arrays, *other_args, **kwargs)
/appdata/users/P101440/micromamba/envs/torch29/lib/python3.11/site-packages/scipy/_lib/_util.py:1181: RuntimeWarning: logm result may be inaccurate, approximate err = 6.874884093122091e-07
  return f(*arrays, *other_args, **kwargs)
/appdata/users/P101440/micromamba/envs/torch29/lib/python3.11/site-packages/scipy/_lib/_util.py:1181: RuntimeWarning: logm result may be inaccurate, approximate err = 8.923514656089537e-07
  return f(*arrays, *other_args, **kwargs)
/appdata/users/P101440/micromamba/envs/torch29/lib/python3.11/site-packages/scipy/_lib/_util.py:1181: RuntimeWarning: logm result may be inaccurate, approximate err = 6.546380859617784e-07
  return f(*arrays, *other_args, **kwargs)
/appdata/users/P101440/micromamba/envs/torch29/lib/python3.11/site-packages/scipy/_lib/_util.py:1181: RuntimeWarning: logm result may be inaccurate, approximate err = 6.130480869614985e-07
  return f(*arrays, *other_args, **kwargs)
/appdata/users/P101440/micromamba/envs/torch29/lib/python3.11/site-packages/scipy/_lib/_util.py:1181: RuntimeWarning: logm result may be inaccurate, approximate err = 9.625953225622652e-07
  return f(*arrays, *other_args, **kwargs)
/appdata/users/P101440/micromamba/envs/torch29/lib/python3.11/site-packages/scipy/_lib/_util.py:1181: RuntimeWarning: logm result may be inaccurate, approximate err = 7.621717941219686e-07
  return f(*arrays, *other_args, **kwargs)
/appdata/users/P101440/micromamba/envs/torch29/lib/python3.11/site-packages/scipy/_lib/_util.py:1181: RuntimeWarning: logm result may be inaccurate, approximate err = 9.60558395490807e-07
  return f(*arrays, *other_args, **kwargs)
/appdata/users/P101440/micromamba/envs/torch29/lib/python3.11/site-packages/scipy/_lib/_util.py:1181: RuntimeWarning: logm result may be inaccurate, approximate err = 1.0004129080698476e-06
  return f(*arrays, *other_args, **kwargs)
/appdata/users/P101440/micromamba/envs/torch29/lib/python3.11/site-packages/scipy/_lib/_util.py:1181: RuntimeWarning: logm result may be inaccurate, approximate err = 8.929845307648065e-07
  return f(*arrays, *other_args, **kwargs)
/appdata/users/P101440/micromamba/envs/torch29/lib/python3.11/site-packages/scipy/_lib/_util.py:1181: RuntimeWarning: logm result may be inaccurate, approximate err = 6.437705906137126e-07
  return f(*arrays, *other_args, **kwargs)
/appdata/users/P101440/micromamba/envs/torch29/lib/python3.11/site-packages/scipy/_lib/_util.py:1181: RuntimeWarning: logm result may be inaccurate, approximate err = 8.680335099597869e-07
  return f(*arrays, *other_args, **kwargs)
/appdata/users/P101440/micromamba/envs/torch29/lib/python3.11/site-packages/scipy/_lib/_util.py:1181: RuntimeWarning: logm result may be inaccurate, approximate err = 1.145637270383304e-06
  return f(*arrays, *other_args, **kwargs)
/appdata/users/P101440/micromamba/envs/torch29/lib/python3.11/site-packages/scipy/_lib/_util.py:1181: RuntimeWarning: logm result may be inaccurate, approximate err = 1.1518886822159402e-06
  return f(*arrays, *other_args, **kwargs)
/appdata/users/P101440/micromamba/envs/torch29/lib/python3.11/site-packages/scipy/_lib/_util.py:1181: RuntimeWarning: logm result may be inaccurate, approximate err = 7.536762041127076e-07
  return f(*arrays, *other_args, **kwargs)
/appdata/users/P101440/micromamba/envs/torch29/lib/python3.11/site-packages/scipy/_lib/_util.py:1181: RuntimeWarning: logm result may be inaccurate, approximate err = 8.198752539101406e-07
  return f(*arrays, *other_args, **kwargs)
/appdata/users/P101440/micromamba/envs/torch29/lib/python3.11/site-packages/scipy/_lib/_util.py:1181: RuntimeWarning: logm result may be inaccurate, approximate err = 6.991082273088978e-07
  return f(*arrays, *other_args, **kwargs)
/appdata/users/P101440/micromamba/envs/torch29/lib/python3.11/site-packages/scipy/_lib/_util.py:1181: RuntimeWarning: logm result may be inaccurate, approximate err = 1.0756658639365924e-06
  return f(*arrays, *other_args, **kwargs)
/appdata/users/P101440/micromamba/envs/torch29/lib/python3.11/site-packages/scipy/_lib/_util.py:1181: RuntimeWarning: logm result may be inaccurate, approximate err = 8.680793825988076e-07
  return f(*arrays, *other_args, **kwargs)
/appdata/users/P101440/micromamba/envs/torch29/lib/python3.11/site-packages/scipy/_lib/_util.py:1181: RuntimeWarning: logm result may be inaccurate, approximate err = 5.964926685919636e-07
  return f(*arrays, *other_args, **kwargs)
/appdata/users/P101440/micromamba/envs/torch29/lib/python3.11/site-packages/scipy/_lib/_util.py:1181: RuntimeWarning: logm result may be inaccurate, approximate err = 9.086802492674906e-07
  return f(*arrays, *other_args, **kwargs)
/appdata/users/P101440/micromamba/envs/torch29/lib/python3.11/site-packages/scipy/_lib/_util.py:1181: RuntimeWarning: logm result may be inaccurate, approximate err = 8.014659442778793e-07
  return f(*arrays, *other_args, **kwargs)
/appdata/users/P101440/micromamba/envs/torch29/lib/python3.11/site-packages/scipy/_lib/_util.py:1181: RuntimeWarning: logm result may be inaccurate, approximate err = 7.586707511109125e-07
  return f(*arrays, *other_args, **kwargs)
/appdata/users/P101440/micromamba/envs/torch29/lib/python3.11/site-packages/scipy/_lib/_util.py:1181: RuntimeWarning: logm result may be inaccurate, approximate err = 1.034370484376268e-06
  return f(*arrays, *other_args, **kwargs)
/appdata/users/P101440/micromamba/envs/torch29/lib/python3.11/site-packages/scipy/_lib/_util.py:1181: RuntimeWarning: logm result may be inaccurate, approximate err = 1.1986898016402847e-06
  return f(*arrays, *other_args, **kwargs)
/appdata/users/P101440/micromamba/envs/torch29/lib/python3.11/site-packages/scipy/_lib/_util.py:1181: RuntimeWarning: logm result may be inaccurate, approximate err = 8.335454708685575e-07
  return f(*arrays, *other_args, **kwargs)
/appdata/users/P101440/micromamba/envs/torch29/lib/python3.11/site-packages/scipy/_lib/_util.py:1181: RuntimeWarning: logm result may be inaccurate, approximate err = 1.0312027143299929e-06
  return f(*arrays, *other_args, **kwargs)
/appdata/users/P101440/micromamba/envs/torch29/lib/python3.11/site-packages/scipy/_lib/_util.py:1181: RuntimeWarning: logm result may be inaccurate, approximate err = 1.3779183518636273e-06
  return f(*arrays, *other_args, **kwargs)
/appdata/users/P101440/micromamba/envs/torch29/lib/python3.11/site-packages/scipy/_lib/_util.py:1181: RuntimeWarning: logm result may be inaccurate, approximate err = 9.126492841460276e-07
  return f(*arrays, *other_args, **kwargs)
/appdata/users/P101440/micromamba/envs/torch29/lib/python3.11/site-packages/scipy/_lib/_util.py:1181: RuntimeWarning: logm result may be inaccurate, approximate err = 6.543859285557119e-07
  return f(*arrays, *other_args, **kwargs)
/appdata/users/P101440/micromamba/envs/torch29/lib/python3.11/site-packages/scipy/_lib/_util.py:1181: RuntimeWarning: logm result may be inaccurate, approximate err = 7.28985298792395e-07
  return f(*arrays, *other_args, **kwargs)
/appdata/users/P101440/micromamba/envs/torch29/lib/python3.11/site-packages/scipy/_lib/_util.py:1181: RuntimeWarning: logm result may be inaccurate, approximate err = 1.6291824067593552e-06
  return f(*arrays, *other_args, **kwargs)
/appdata/users/P101440/micromamba/envs/torch29/lib/python3.11/site-packages/scipy/_lib/_util.py:1181: RuntimeWarning: logm result may be inaccurate, approximate err = 6.377441650329274e-07
  return f(*arrays, *other_args, **kwargs)
/appdata/users/P101440/micromamba/envs/torch29/lib/python3.11/site-packages/scipy/_lib/_util.py:1181: RuntimeWarning: logm result may be inaccurate, approximate err = 1.1443336234151502e-06
  return f(*arrays, *other_args, **kwargs)
/appdata/users/P101440/micromamba/envs/torch29/lib/python3.11/site-packages/scipy/_lib/_util.py:1181: RuntimeWarning: logm result may be inaccurate, approximate err = 8.526702686140197e-07
  return f(*arrays, *other_args, **kwargs)
/appdata/users/P101440/micromamba/envs/torch29/lib/python3.11/site-packages/scipy/_lib/_util.py:1181: RuntimeWarning: logm result may be inaccurate, approximate err = 7.946752020870917e-07
  return f(*arrays, *other_args, **kwargs)
/appdata/users/P101440/micromamba/envs/torch29/lib/python3.11/site-packages/scipy/_lib/_util.py:1181: RuntimeWarning: logm result may be inaccurate, approximate err = 1.1132173085570685e-06
  return f(*arrays, *other_args, **kwargs)
/appdata/users/P101440/micromamba/envs/torch29/lib/python3.11/site-packages/scipy/_lib/_util.py:1181: RuntimeWarning: logm result may be inaccurate, approximate err = 8.93213837116491e-07
  return f(*arrays, *other_args, **kwargs)
/appdata/users/P101440/micromamba/envs/torch29/lib/python3.11/site-packages/scipy/_lib/_util.py:1181: RuntimeWarning: logm result may be inaccurate, approximate err = 7.374612209787301e-07
  return f(*arrays, *other_args, **kwargs)
/appdata/users/P101440/micromamba/envs/torch29/lib/python3.11/site-packages/scipy/_lib/_util.py:1181: RuntimeWarning: logm result may be inaccurate, approximate err = 8.558976674066798e-07
  return f(*arrays, *other_args, **kwargs)
/appdata/users/P101440/micromamba/envs/torch29/lib/python3.11/site-packages/scipy/_lib/_util.py:1181: RuntimeWarning: logm result may be inaccurate, approximate err = 7.616790753672831e-07
  return f(*arrays, *other_args, **kwargs)
/appdata/users/P101440/micromamba/envs/torch29/lib/python3.11/site-packages/scipy/_lib/_util.py:1181: RuntimeWarning: logm result may be inaccurate, approximate err = 6.914875143593235e-07
  return f(*arrays, *other_args, **kwargs)
/appdata/users/P101440/micromamba/envs/torch29/lib/python3.11/site-packages/scipy/_lib/_util.py:1181: RuntimeWarning: logm result may be inaccurate, approximate err = 9.424464906260255e-07
  return f(*arrays, *other_args, **kwargs)
/appdata/users/P101440/micromamba/envs/torch29/lib/python3.11/site-packages/scipy/_lib/_util.py:1181: RuntimeWarning: logm result may be inaccurate, approximate err = 7.186952757365361e-07
  return f(*arrays, *other_args, **kwargs)
/appdata/users/P101440/micromamba/envs/torch29/lib/python3.11/site-packages/scipy/_lib/_util.py:1181: RuntimeWarning: logm result may be inaccurate, approximate err = 8.69969596806186e-07
  return f(*arrays, *other_args, **kwargs)
/appdata/users/P101440/micromamba/envs/torch29/lib/python3.11/site-packages/scipy/_lib/_util.py:1181: RuntimeWarning: logm result may be inaccurate, approximate err = 7.316609753615921e-07
  return f(*arrays, *other_args, **kwargs)
/appdata/users/P101440/micromamba/envs/torch29/lib/python3.11/site-packages/scipy/_lib/_util.py:1181: RuntimeWarning: logm result may be inaccurate, approximate err = 6.45034333501826e-07
  return f(*arrays, *other_args, **kwargs)
/appdata/users/P101440/micromamba/envs/torch29/lib/python3.11/site-packages/scipy/_lib/_util.py:1181: RuntimeWarning: logm result may be inaccurate, approximate err = 8.377959943572932e-07
  return f(*arrays, *other_args, **kwargs)
/appdata/users/P101440/micromamba/envs/torch29/lib/python3.11/site-packages/scipy/_lib/_util.py:1181: RuntimeWarning: logm result may be inaccurate, approximate err = 8.372477964257996e-07
  return f(*arrays, *other_args, **kwargs)
/appdata/users/P101440/micromamba/envs/torch29/lib/python3.11/site-packages/scipy/_lib/_util.py:1181: RuntimeWarning: logm result may be inaccurate, approximate err = 9.224842756339058e-07
  return f(*arrays, *other_args, **kwargs)
/appdata/users/P101440/micromamba/envs/torch29/lib/python3.11/site-packages/scipy/_lib/_util.py:1181: RuntimeWarning: logm result may be inaccurate, approximate err = 1.025462893267104e-06
  return f(*arrays, *other_args, **kwargs)
/appdata/users/P101440/micromamba/envs/torch29/lib/python3.11/site-packages/scipy/_lib/_util.py:1181: RuntimeWarning: logm result may be inaccurate, approximate err = 9.271599310523015e-07
  return f(*arrays, *other_args, **kwargs)
/appdata/users/P101440/micromamba/envs/torch29/lib/python3.11/site-packages/scipy/_lib/_util.py:1181: RuntimeWarning: logm result may be inaccurate, approximate err = 6.639524485763104e-07
  return f(*arrays, *other_args, **kwargs)
/appdata/users/P101440/micromamba/envs/torch29/lib/python3.11/site-packages/scipy/_lib/_util.py:1181: RuntimeWarning: logm result may be inaccurate, approximate err = 1.069318500412919e-06
  return f(*arrays, *other_args, **kwargs)
/appdata/users/P101440/micromamba/envs/torch29/lib/python3.11/site-packages/scipy/_lib/_util.py:1181: RuntimeWarning: logm result may be inaccurate, approximate err = 1.0933994190054364e-06
  return f(*arrays, *other_args, **kwargs)
/appdata/users/P101440/micromamba/envs/torch29/lib/python3.11/site-packages/scipy/_lib/_util.py:1181: RuntimeWarning: logm result may be inaccurate, approximate err = 1.1710235412465408e-06
  return f(*arrays, *other_args, **kwargs)
/appdata/users/P101440/micromamba/envs/torch29/lib/python3.11/site-packages/scipy/_lib/_util.py:1181: RuntimeWarning: logm result may be inaccurate, approximate err = 9.154521762866352e-07
  return f(*arrays, *other_args, **kwargs)
/appdata/users/P101440/micromamba/envs/torch29/lib/python3.11/site-packages/scipy/_lib/_util.py:1181: RuntimeWarning: logm result may be inaccurate, approximate err = 8.639781867714191e-07
  return f(*arrays, *other_args, **kwargs)
/appdata/users/P101440/micromamba/envs/torch29/lib/python3.11/site-packages/scipy/_lib/_util.py:1181: RuntimeWarning: logm result may be inaccurate, approximate err = 5.616777229988656e-07
  return f(*arrays, *other_args, **kwargs)
/appdata/users/P101440/micromamba/envs/torch29/lib/python3.11/site-packages/scipy/_lib/_util.py:1181: RuntimeWarning: logm result may be inaccurate, approximate err = 8.026639761737897e-07
  return f(*arrays, *other_args, **kwargs)
/appdata/users/P101440/micromamba/envs/torch29/lib/python3.11/site-packages/scipy/_lib/_util.py:1181: RuntimeWarning: logm result may be inaccurate, approximate err = 8.470693728668266e-07
  return f(*arrays, *other_args, **kwargs)
/appdata/users/P101440/micromamba/envs/torch29/lib/python3.11/site-packages/scipy/_lib/_util.py:1181: RuntimeWarning: logm result may be inaccurate, approximate err = 7.811900673004857e-07
  return f(*arrays, *other_args, **kwargs)
/appdata/users/P101440/micromamba/envs/torch29/lib/python3.11/site-packages/scipy/_lib/_util.py:1181: RuntimeWarning: logm result may be inaccurate, approximate err = 1.028310066431004e-06
  return f(*arrays, *other_args, **kwargs)
/appdata/users/P101440/micromamba/envs/torch29/lib/python3.11/site-packages/scipy/_lib/_util.py:1181: RuntimeWarning: logm result may be inaccurate, approximate err = 9.215228260472941e-07
  return f(*arrays, *other_args, **kwargs)
/appdata/users/P101440/micromamba/envs/torch29/lib/python3.11/site-packages/scipy/_lib/_util.py:1181: RuntimeWarning: logm result may be inaccurate, approximate err = 8.739217491893214e-07
  return f(*arrays, *other_args, **kwargs)
/appdata/users/P101440/micromamba/envs/torch29/lib/python3.11/site-packages/scipy/_lib/_util.py:1181: RuntimeWarning: logm result may be inaccurate, approximate err = 7.749473525109352e-07
  return f(*arrays, *other_args, **kwargs)
/appdata/users/P101440/micromamba/envs/torch29/lib/python3.11/site-packages/scipy/_lib/_util.py:1181: RuntimeWarning: logm result may be inaccurate, approximate err = 7.682591558477725e-07
  return f(*arrays, *other_args, **kwargs)
/appdata/users/P101440/micromamba/envs/torch29/lib/python3.11/site-packages/scipy/_lib/_util.py:1181: RuntimeWarning: logm result may be inaccurate, approximate err = 1.1176718999195145e-06
  return f(*arrays, *other_args, **kwargs)
/appdata/users/P101440/micromamba/envs/torch29/lib/python3.11/site-packages/scipy/_lib/_util.py:1181: RuntimeWarning: logm result may be inaccurate, approximate err = 6.498674451904662e-07
  return f(*arrays, *other_args, **kwargs)
/appdata/users/P101440/micromamba/envs/torch29/lib/python3.11/site-packages/scipy/_lib/_util.py:1181: RuntimeWarning: logm result may be inaccurate, approximate err = 9.090074968298723e-07
  return f(*arrays, *other_args, **kwargs)
/appdata/users/P101440/micromamba/envs/torch29/lib/python3.11/site-packages/scipy/_lib/_util.py:1181: RuntimeWarning: logm result may be inaccurate, approximate err = 9.67134951679327e-07
  return f(*arrays, *other_args, **kwargs)
/appdata/users/P101440/micromamba/envs/torch29/lib/python3.11/site-packages/scipy/_lib/_util.py:1181: RuntimeWarning: logm result may be inaccurate, approximate err = 1.0294496632923256e-06
  return f(*arrays, *other_args, **kwargs)
/appdata/users/P101440/micromamba/envs/torch29/lib/python3.11/site-packages/scipy/_lib/_util.py:1181: RuntimeWarning: logm result may be inaccurate, approximate err = 1.1537616728674038e-06
  return f(*arrays, *other_args, **kwargs)
/appdata/users/P101440/micromamba/envs/torch29/lib/python3.11/site-packages/scipy/_lib/_util.py:1181: RuntimeWarning: logm result may be inaccurate, approximate err = 6.511717742796463e-07
  return f(*arrays, *other_args, **kwargs)
/appdata/users/P101440/micromamba/envs/torch29/lib/python3.11/site-packages/scipy/_lib/_util.py:1181: RuntimeWarning: logm result may be inaccurate, approximate err = 6.76384161124588e-07
  return f(*arrays, *other_args, **kwargs)
/appdata/users/P101440/micromamba/envs/torch29/lib/python3.11/site-packages/scipy/_lib/_util.py:1181: RuntimeWarning: logm result may be inaccurate, approximate err = 9.517815442450228e-07
  return f(*arrays, *other_args, **kwargs)
/appdata/users/P101440/micromamba/envs/torch29/lib/python3.11/site-packages/scipy/_lib/_util.py:1181: RuntimeWarning: logm result may be inaccurate, approximate err = 7.989134473973536e-07
  return f(*arrays, *other_args, **kwargs)
/appdata/users/P101440/micromamba/envs/torch29/lib/python3.11/site-packages/scipy/_lib/_util.py:1181: RuntimeWarning: logm result may be inaccurate, approximate err = 6.629020958826004e-07
  return f(*arrays, *other_args, **kwargs)
/appdata/users/P101440/micromamba/envs/torch29/lib/python3.11/site-packages/scipy/_lib/_util.py:1181: RuntimeWarning: logm result may be inaccurate, approximate err = 8.385496812479687e-07
  return f(*arrays, *other_args, **kwargs)
/appdata/users/P101440/micromamba/envs/torch29/lib/python3.11/site-packages/scipy/_lib/_util.py:1181: RuntimeWarning: logm result may be inaccurate, approximate err = 8.28391478080448e-07
  return f(*arrays, *other_args, **kwargs)
/appdata/users/P101440/micromamba/envs/torch29/lib/python3.11/site-packages/scipy/_lib/_util.py:1181: RuntimeWarning: logm result may be inaccurate, approximate err = 7.238396619868581e-07
  return f(*arrays, *other_args, **kwargs)
/appdata/users/P101440/micromamba/envs/torch29/lib/python3.11/site-packages/scipy/_lib/_util.py:1181: RuntimeWarning: logm result may be inaccurate, approximate err = 7.518947882090288e-07
  return f(*arrays, *other_args, **kwargs)
/appdata/users/P101440/micromamba/envs/torch29/lib/python3.11/site-packages/scipy/_lib/_util.py:1181: RuntimeWarning: logm result may be inaccurate, approximate err = 8.526422448085214e-07
  return f(*arrays, *other_args, **kwargs)
/appdata/users/P101440/micromamba/envs/torch29/lib/python3.11/site-packages/scipy/_lib/_util.py:1181: RuntimeWarning: logm result may be inaccurate, approximate err = 8.082329827630019e-07
  return f(*arrays, *other_args, **kwargs)
/appdata/users/P101440/micromamba/envs/torch29/lib/python3.11/site-packages/scipy/_lib/_util.py:1181: RuntimeWarning: logm result may be inaccurate, approximate err = 8.623155167697405e-07
  return f(*arrays, *other_args, **kwargs)
/appdata/users/P101440/micromamba/envs/torch29/lib/python3.11/site-packages/scipy/_lib/_util.py:1181: RuntimeWarning: logm result may be inaccurate, approximate err = 7.862192319407768e-07
  return f(*arrays, *other_args, **kwargs)
/appdata/users/P101440/micromamba/envs/torch29/lib/python3.11/site-packages/scipy/_lib/_util.py:1181: RuntimeWarning: logm result may be inaccurate, approximate err = 9.928061217578943e-07
  return f(*arrays, *other_args, **kwargs)
/appdata/users/P101440/micromamba/envs/torch29/lib/python3.11/site-packages/scipy/_lib/_util.py:1181: RuntimeWarning: logm result may be inaccurate, approximate err = 6.220525960998202e-07
  return f(*arrays, *other_args, **kwargs)
/appdata/users/P101440/micromamba/envs/torch29/lib/python3.11/site-packages/scipy/_lib/_util.py:1181: RuntimeWarning: logm result may be inaccurate, approximate err = 8.431767923866573e-07
  return f(*arrays, *other_args, **kwargs)
/appdata/users/P101440/micromamba/envs/torch29/lib/python3.11/site-packages/scipy/_lib/_util.py:1181: RuntimeWarning: logm result may be inaccurate, approximate err = 6.277180091274204e-07
  return f(*arrays, *other_args, **kwargs)
/appdata/users/P101440/micromamba/envs/torch29/lib/python3.11/site-packages/scipy/_lib/_util.py:1181: RuntimeWarning: logm result may be inaccurate, approximate err = 7.58565192882088e-07
  return f(*arrays, *other_args, **kwargs)
/appdata/users/P101440/micromamba/envs/torch29/lib/python3.11/site-packages/scipy/_lib/_util.py:1181: RuntimeWarning: logm result may be inaccurate, approximate err = 8.612268516117183e-07
  return f(*arrays, *other_args, **kwargs)
/appdata/users/P101440/micromamba/envs/torch29/lib/python3.11/site-packages/scipy/_lib/_util.py:1181: RuntimeWarning: logm result may be inaccurate, approximate err = 8.711811005923664e-07
  return f(*arrays, *other_args, **kwargs)
/appdata/users/P101440/micromamba/envs/torch29/lib/python3.11/site-packages/scipy/_lib/_util.py:1181: RuntimeWarning: logm result may be inaccurate, approximate err = 7.914266006991966e-07
  return f(*arrays, *other_args, **kwargs)
/appdata/users/P101440/micromamba/envs/torch29/lib/python3.11/site-packages/scipy/_lib/_util.py:1181: RuntimeWarning: logm result may be inaccurate, approximate err = 9.029137686411559e-07
  return f(*arrays, *other_args, **kwargs)
/appdata/users/P101440/micromamba/envs/torch29/lib/python3.11/site-packages/scipy/_lib/_util.py:1181: RuntimeWarning: logm result may be inaccurate, approximate err = 7.519561791013984e-07
  return f(*arrays, *other_args, **kwargs)
/appdata/users/P101440/micromamba/envs/torch29/lib/python3.11/site-packages/scipy/_lib/_util.py:1181: RuntimeWarning: logm result may be inaccurate, approximate err = 1.2144355423515663e-06
  return f(*arrays, *other_args, **kwargs)
/appdata/users/P101440/micromamba/envs/torch29/lib/python3.11/site-packages/scipy/_lib/_util.py:1181: RuntimeWarning: logm result may be inaccurate, approximate err = 8.348807227775978e-07
  return f(*arrays, *other_args, **kwargs)
/appdata/users/P101440/micromamba/envs/torch29/lib/python3.11/site-packages/scipy/_lib/_util.py:1181: RuntimeWarning: logm result may be inaccurate, approximate err = 9.982104529626667e-07
  return f(*arrays, *other_args, **kwargs)
/appdata/users/P101440/micromamba/envs/torch29/lib/python3.11/site-packages/scipy/_lib/_util.py:1181: RuntimeWarning: logm result may be inaccurate, approximate err = 9.221140544468653e-07
  return f(*arrays, *other_args, **kwargs)
/appdata/users/P101440/micromamba/envs/torch29/lib/python3.11/site-packages/scipy/_lib/_util.py:1181: RuntimeWarning: logm result may be inaccurate, approximate err = 7.889563562457624e-07
  return f(*arrays, *other_args, **kwargs)
/appdata/users/P101440/micromamba/envs/torch29/lib/python3.11/site-packages/scipy/_lib/_util.py:1181: RuntimeWarning: logm result may be inaccurate, approximate err = 9.57849579208414e-07
  return f(*arrays, *other_args, **kwargs)
/appdata/users/P101440/micromamba/envs/torch29/lib/python3.11/site-packages/scipy/_lib/_util.py:1181: RuntimeWarning: logm result may be inaccurate, approximate err = 7.378400823654374e-07
  return f(*arrays, *other_args, **kwargs)
/appdata/users/P101440/micromamba/envs/torch29/lib/python3.11/site-packages/scipy/_lib/_util.py:1181: RuntimeWarning: logm result may be inaccurate, approximate err = 7.153744263632689e-07
  return f(*arrays, *other_args, **kwargs)
/appdata/users/P101440/micromamba/envs/torch29/lib/python3.11/site-packages/scipy/_lib/_util.py:1181: RuntimeWarning: logm result may be inaccurate, approximate err = 9.221073469234398e-07
  return f(*arrays, *other_args, **kwargs)
/appdata/users/P101440/micromamba/envs/torch29/lib/python3.11/site-packages/scipy/_lib/_util.py:1181: RuntimeWarning: logm result may be inaccurate, approximate err = 6.815319579800416e-07
  return f(*arrays, *other_args, **kwargs)
/appdata/users/P101440/micromamba/envs/torch29/lib/python3.11/site-packages/scipy/_lib/_util.py:1181: RuntimeWarning: logm result may be inaccurate, approximate err = 5.945991006228724e-07
  return f(*arrays, *other_args, **kwargs)
/appdata/users/P101440/micromamba/envs/torch29/lib/python3.11/site-packages/scipy/_lib/_util.py:1181: RuntimeWarning: logm result may be inaccurate, approximate err = 9.651753316575196e-07
  return f(*arrays, *other_args, **kwargs)
/appdata/users/P101440/micromamba/envs/torch29/lib/python3.11/site-packages/scipy/_lib/_util.py:1181: RuntimeWarning: logm result may be inaccurate, approximate err = 9.18410592021246e-07
  return f(*arrays, *other_args, **kwargs)
/appdata/users/P101440/micromamba/envs/torch29/lib/python3.11/site-packages/scipy/_lib/_util.py:1181: RuntimeWarning: logm result may be inaccurate, approximate err = 9.270972896047169e-07
  return f(*arrays, *other_args, **kwargs)
/appdata/users/P101440/micromamba/envs/torch29/lib/python3.11/site-packages/scipy/_lib/_util.py:1181: RuntimeWarning: logm result may be inaccurate, approximate err = 8.378740403713891e-07
  return f(*arrays, *other_args, **kwargs)
/appdata/users/P101440/micromamba/envs/torch29/lib/python3.11/site-packages/scipy/_lib/_util.py:1181: RuntimeWarning: logm result may be inaccurate, approximate err = 1.0970719586111954e-06
  return f(*arrays, *other_args, **kwargs)
/appdata/users/P101440/micromamba/envs/torch29/lib/python3.11/site-packages/scipy/_lib/_util.py:1181: RuntimeWarning: logm result may be inaccurate, approximate err = 7.745084644739109e-07
  return f(*arrays, *other_args, **kwargs)
/appdata/users/P101440/micromamba/envs/torch29/lib/python3.11/site-packages/scipy/_lib/_util.py:1181: RuntimeWarning: logm result may be inaccurate, approximate err = 5.448786737360933e-07
  return f(*arrays, *other_args, **kwargs)
/appdata/users/P101440/micromamba/envs/torch29/lib/python3.11/site-packages/scipy/_lib/_util.py:1181: RuntimeWarning: logm result may be inaccurate, approximate err = 7.929812682050397e-07
  return f(*arrays, *other_args, **kwargs)
/appdata/users/P101440/micromamba/envs/torch29/lib/python3.11/site-packages/scipy/_lib/_util.py:1181: RuntimeWarning: logm result may be inaccurate, approximate err = 9.524007964500925e-07
  return f(*arrays, *other_args, **kwargs)
/appdata/users/P101440/micromamba/envs/torch29/lib/python3.11/site-packages/scipy/_lib/_util.py:1181: RuntimeWarning: logm result may be inaccurate, approximate err = 1.0420927765153465e-06
  return f(*arrays, *other_args, **kwargs)
/appdata/users/P101440/micromamba/envs/torch29/lib/python3.11/site-packages/scipy/_lib/_util.py:1181: RuntimeWarning: logm result may be inaccurate, approximate err = 7.027376227597415e-07
  return f(*arrays, *other_args, **kwargs)
/appdata/users/P101440/micromamba/envs/torch29/lib/python3.11/site-packages/scipy/_lib/_util.py:1181: RuntimeWarning: logm result may be inaccurate, approximate err = 1.1338955800965778e-06
  return f(*arrays, *other_args, **kwargs)
/appdata/users/P101440/micromamba/envs/torch29/lib/python3.11/site-packages/scipy/_lib/_util.py:1181: RuntimeWarning: logm result may be inaccurate, approximate err = 8.84570852122124e-07
  return f(*arrays, *other_args, **kwargs)
/appdata/users/P101440/micromamba/envs/torch29/lib/python3.11/site-packages/scipy/_lib/_util.py:1181: RuntimeWarning: logm result may be inaccurate, approximate err = 9.016441708808998e-07
  return f(*arrays, *other_args, **kwargs)
/appdata/users/P101440/micromamba/envs/torch29/lib/python3.11/site-packages/scipy/_lib/_util.py:1181: RuntimeWarning: logm result may be inaccurate, approximate err = 8.456236741949397e-07
  return f(*arrays, *other_args, **kwargs)
/appdata/users/P101440/micromamba/envs/torch29/lib/python3.11/site-packages/scipy/_lib/_util.py:1181: RuntimeWarning: logm result may be inaccurate, approximate err = 7.575862355224672e-07
  return f(*arrays, *other_args, **kwargs)
/appdata/users/P101440/micromamba/envs/torch29/lib/python3.11/site-packages/scipy/_lib/_util.py:1181: RuntimeWarning: logm result may be inaccurate, approximate err = 8.491796847920341e-07
  return f(*arrays, *other_args, **kwargs)
/appdata/users/P101440/micromamba/envs/torch29/lib/python3.11/site-packages/scipy/_lib/_util.py:1181: RuntimeWarning: logm result may be inaccurate, approximate err = 8.258961656792962e-07
  return f(*arrays, *other_args, **kwargs)
/appdata/users/P101440/micromamba/envs/torch29/lib/python3.11/site-packages/scipy/_lib/_util.py:1181: RuntimeWarning: logm result may be inaccurate, approximate err = 6.314199936241494e-07
  return f(*arrays, *other_args, **kwargs)
/appdata/users/P101440/micromamba/envs/torch29/lib/python3.11/site-packages/scipy/_lib/_util.py:1181: RuntimeWarning: logm result may be inaccurate, approximate err = 6.780337571399286e-07
  return f(*arrays, *other_args, **kwargs)
/appdata/users/P101440/micromamba/envs/torch29/lib/python3.11/site-packages/scipy/_lib/_util.py:1181: RuntimeWarning: logm result may be inaccurate, approximate err = 1.3605299500341062e-06
  return f(*arrays, *other_args, **kwargs)
/appdata/users/P101440/micromamba/envs/torch29/lib/python3.11/site-packages/scipy/_lib/_util.py:1181: RuntimeWarning: logm result may be inaccurate, approximate err = 9.236883897756343e-07
  return f(*arrays, *other_args, **kwargs)
/appdata/users/P101440/micromamba/envs/torch29/lib/python3.11/site-packages/scipy/_lib/_util.py:1181: RuntimeWarning: logm result may be inaccurate, approximate err = 5.959132636235154e-07
  return f(*arrays, *other_args, **kwargs)
/appdata/users/P101440/micromamba/envs/torch29/lib/python3.11/site-packages/scipy/_lib/_util.py:1181: RuntimeWarning: logm result may be inaccurate, approximate err = 9.049774121194787e-07
  return f(*arrays, *other_args, **kwargs)
/appdata/users/P101440/micromamba/envs/torch29/lib/python3.11/site-packages/scipy/_lib/_util.py:1181: RuntimeWarning: logm result may be inaccurate, approximate err = 8.090325422926981e-07
  return f(*arrays, *other_args, **kwargs)
/appdata/users/P101440/micromamba/envs/torch29/lib/python3.11/site-packages/scipy/_lib/_util.py:1181: RuntimeWarning: logm result may be inaccurate, approximate err = 1.034233264363138e-06
  return f(*arrays, *other_args, **kwargs)
/appdata/users/P101440/micromamba/envs/torch29/lib/python3.11/site-packages/scipy/_lib/_util.py:1181: RuntimeWarning: logm result may be inaccurate, approximate err = 7.951144880280481e-07
  return f(*arrays, *other_args, **kwargs)
/appdata/users/P101440/micromamba/envs/torch29/lib/python3.11/site-packages/scipy/_lib/_util.py:1181: RuntimeWarning: logm result may be inaccurate, approximate err = 6.599306630050705e-07
  return f(*arrays, *other_args, **kwargs)
/appdata/users/P101440/micromamba/envs/torch29/lib/python3.11/site-packages/scipy/_lib/_util.py:1181: RuntimeWarning: logm result may be inaccurate, approximate err = 6.888323014209163e-07
  return f(*arrays, *other_args, **kwargs)
/appdata/users/P101440/micromamba/envs/torch29/lib/python3.11/site-packages/scipy/_lib/_util.py:1181: RuntimeWarning: logm result may be inaccurate, approximate err = 9.032149250742805e-07
  return f(*arrays, *other_args, **kwargs)
/appdata/users/P101440/micromamba/envs/torch29/lib/python3.11/site-packages/scipy/_lib/_util.py:1181: RuntimeWarning: logm result may be inaccurate, approximate err = 9.022061249197577e-07
  return f(*arrays, *other_args, **kwargs)
/appdata/users/P101440/micromamba/envs/torch29/lib/python3.11/site-packages/scipy/_lib/_util.py:1181: RuntimeWarning: logm result may be inaccurate, approximate err = 7.80570815095416e-07
  return f(*arrays, *other_args, **kwargs)
/appdata/users/P101440/micromamba/envs/torch29/lib/python3.11/site-packages/scipy/_lib/_util.py:1181: RuntimeWarning: logm result may be inaccurate, approximate err = 7.811526643308753e-07
  return f(*arrays, *other_args, **kwargs)
/appdata/users/P101440/micromamba/envs/torch29/lib/python3.11/site-packages/scipy/_lib/_util.py:1181: RuntimeWarning: logm result may be inaccurate, approximate err = 7.749567316750472e-07
  return f(*arrays, *other_args, **kwargs)
/appdata/users/P101440/micromamba/envs/torch29/lib/python3.11/site-packages/scipy/_lib/_util.py:1181: RuntimeWarning: logm result may be inaccurate, approximate err = 1.1042808409911231e-06
  return f(*arrays, *other_args, **kwargs)
/appdata/users/P101440/micromamba/envs/torch29/lib/python3.11/site-packages/scipy/_lib/_util.py:1181: RuntimeWarning: logm result may be inaccurate, approximate err = 9.570954944138066e-07
  return f(*arrays, *other_args, **kwargs)
/appdata/users/P101440/micromamba/envs/torch29/lib/python3.11/site-packages/scipy/_lib/_util.py:1181: RuntimeWarning: logm result may be inaccurate, approximate err = 9.31348097310547e-07
  return f(*arrays, *other_args, **kwargs)
/appdata/users/P101440/micromamba/envs/torch29/lib/python3.11/site-packages/scipy/_lib/_util.py:1181: RuntimeWarning: logm result may be inaccurate, approximate err = 6.977367092986242e-07
  return f(*arrays, *other_args, **kwargs)
/appdata/users/P101440/micromamba/envs/torch29/lib/python3.11/site-packages/scipy/_lib/_util.py:1181: RuntimeWarning: logm result may be inaccurate, approximate err = 8.140466434269911e-07
  return f(*arrays, *other_args, **kwargs)
/appdata/users/P101440/micromamba/envs/torch29/lib/python3.11/site-packages/scipy/_lib/_util.py:1181: RuntimeWarning: logm result may be inaccurate, approximate err = 1.3250613619675278e-06
  return f(*arrays, *other_args, **kwargs)
/appdata/users/P101440/micromamba/envs/torch29/lib/python3.11/site-packages/scipy/_lib/_util.py:1181: RuntimeWarning: logm result may be inaccurate, approximate err = 8.667128668093937e-07
  return f(*arrays, *other_args, **kwargs)
/appdata/users/P101440/micromamba/envs/torch29/lib/python3.11/site-packages/scipy/_lib/_util.py:1181: RuntimeWarning: logm result may be inaccurate, approximate err = 6.78214519211906e-07
  return f(*arrays, *other_args, **kwargs)
/appdata/users/P101440/micromamba/envs/torch29/lib/python3.11/site-packages/scipy/_lib/_util.py:1181: RuntimeWarning: logm result may be inaccurate, approximate err = 8.878549238033884e-07
  return f(*arrays, *other_args, **kwargs)
/appdata/users/P101440/micromamba/envs/torch29/lib/python3.11/site-packages/scipy/_lib/_util.py:1181: RuntimeWarning: logm result may be inaccurate, approximate err = 9.69818415796908e-07
  return f(*arrays, *other_args, **kwargs)
/appdata/users/P101440/micromamba/envs/torch29/lib/python3.11/site-packages/scipy/_lib/_util.py:1181: RuntimeWarning: logm result may be inaccurate, approximate err = 8.863308949003113e-07
  return f(*arrays, *other_args, **kwargs)
/appdata/users/P101440/micromamba/envs/torch29/lib/python3.11/site-packages/scipy/_lib/_util.py:1181: RuntimeWarning: logm result may be inaccurate, approximate err = 6.192547061800724e-07
  return f(*arrays, *other_args, **kwargs)
/appdata/users/P101440/micromamba/envs/torch29/lib/python3.11/site-packages/scipy/_lib/_util.py:1181: RuntimeWarning: logm result may be inaccurate, approximate err = 1.2733798939734697e-06
  return f(*arrays, *other_args, **kwargs)
/appdata/users/P101440/micromamba/envs/torch29/lib/python3.11/site-packages/scipy/_lib/_util.py:1181: RuntimeWarning: logm result may be inaccurate, approximate err = 1.1649061661955784e-06
  return f(*arrays, *other_args, **kwargs)
/appdata/users/P101440/micromamba/envs/torch29/lib/python3.11/site-packages/scipy/_lib/_util.py:1181: RuntimeWarning: logm result may be inaccurate, approximate err = 8.605476864431694e-07
  return f(*arrays, *other_args, **kwargs)
/appdata/users/P101440/micromamba/envs/torch29/lib/python3.11/site-packages/scipy/_lib/_util.py:1181: RuntimeWarning: logm result may be inaccurate, approximate err = 7.506426413783629e-07
  return f(*arrays, *other_args, **kwargs)
/appdata/users/P101440/micromamba/envs/torch29/lib/python3.11/site-packages/scipy/_lib/_util.py:1181: RuntimeWarning: logm result may be inaccurate, approximate err = 5.937779405940091e-07
  return f(*arrays, *other_args, **kwargs)
/appdata/users/P101440/micromamba/envs/torch29/lib/python3.11/site-packages/scipy/_lib/_util.py:1181: RuntimeWarning: logm result may be inaccurate, approximate err = 8.364722248188627e-07
  return f(*arrays, *other_args, **kwargs)
/appdata/users/P101440/micromamba/envs/torch29/lib/python3.11/site-packages/scipy/_lib/_util.py:1181: RuntimeWarning: logm result may be inaccurate, approximate err = 7.797888770255668e-07
  return f(*arrays, *other_args, **kwargs)
/appdata/users/P101440/micromamba/envs/torch29/lib/python3.11/site-packages/scipy/_lib/_util.py:1181: RuntimeWarning: logm result may be inaccurate, approximate err = 7.204336043287185e-07
  return f(*arrays, *other_args, **kwargs)
/appdata/users/P101440/micromamba/envs/torch29/lib/python3.11/site-packages/scipy/_lib/_util.py:1181: RuntimeWarning: logm result may be inaccurate, approximate err = 9.530978672955825e-07
  return f(*arrays, *other_args, **kwargs)
/appdata/users/P101440/micromamba/envs/torch29/lib/python3.11/site-packages/scipy/_lib/_util.py:1181: RuntimeWarning: logm result may be inaccurate, approximate err = 1.169428742286982e-06
  return f(*arrays, *other_args, **kwargs)
/appdata/users/P101440/micromamba/envs/torch29/lib/python3.11/site-packages/scipy/_lib/_util.py:1181: RuntimeWarning: logm result may be inaccurate, approximate err = 6.839030106675636e-07
  return f(*arrays, *other_args, **kwargs)
/appdata/users/P101440/micromamba/envs/torch29/lib/python3.11/site-packages/scipy/_lib/_util.py:1181: RuntimeWarning: logm result may be inaccurate, approximate err = 9.964509217752493e-07
  return f(*arrays, *other_args, **kwargs)
/appdata/users/P101440/micromamba/envs/torch29/lib/python3.11/site-packages/scipy/_lib/_util.py:1181: RuntimeWarning: logm result may be inaccurate, approximate err = 9.012837267619034e-07
  return f(*arrays, *other_args, **kwargs)
/appdata/users/P101440/micromamba/envs/torch29/lib/python3.11/site-packages/scipy/_lib/_util.py:1181: RuntimeWarning: logm result may be inaccurate, approximate err = 1.1873424909936148e-06
  return f(*arrays, *other_args, **kwargs)
/appdata/users/P101440/micromamba/envs/torch29/lib/python3.11/site-packages/scipy/_lib/_util.py:1181: RuntimeWarning: logm result may be inaccurate, approximate err = 6.454592949012294e-07
  return f(*arrays, *other_args, **kwargs)
/appdata/users/P101440/micromamba/envs/torch29/lib/python3.11/site-packages/scipy/_lib/_util.py:1181: RuntimeWarning: logm result may be inaccurate, approximate err = 5.445332362796762e-07
  return f(*arrays, *other_args, **kwargs)
/appdata/users/P101440/micromamba/envs/torch29/lib/python3.11/site-packages/scipy/_lib/_util.py:1181: RuntimeWarning: logm result may be inaccurate, approximate err = 6.783524781894812e-07
  return f(*arrays, *other_args, **kwargs)
/appdata/users/P101440/micromamba/envs/torch29/lib/python3.11/site-packages/scipy/_lib/_util.py:1181: RuntimeWarning: logm result may be inaccurate, approximate err = 7.489811082450615e-07
  return f(*arrays, *other_args, **kwargs)
/appdata/users/P101440/micromamba/envs/torch29/lib/python3.11/site-packages/scipy/_lib/_util.py:1181: RuntimeWarning: logm result may be inaccurate, approximate err = 8.140716545312898e-07
  return f(*arrays, *other_args, **kwargs)
/appdata/users/P101440/micromamba/envs/torch29/lib/python3.11/site-packages/scipy/_lib/_util.py:1181: RuntimeWarning: logm result may be inaccurate, approximate err = 9.42273516102432e-07
  return f(*arrays, *other_args, **kwargs)
/appdata/users/P101440/micromamba/envs/torch29/lib/python3.11/site-packages/scipy/_lib/_util.py:1181: RuntimeWarning: logm result may be inaccurate, approximate err = 6.81885069298005e-07
  return f(*arrays, *other_args, **kwargs)
/appdata/users/P101440/micromamba/envs/torch29/lib/python3.11/site-packages/scipy/_lib/_util.py:1181: RuntimeWarning: logm result may be inaccurate, approximate err = 8.271845217677765e-07
  return f(*arrays, *other_args, **kwargs)
/appdata/users/P101440/micromamba/envs/torch29/lib/python3.11/site-packages/scipy/_lib/_util.py:1181: RuntimeWarning: logm result may be inaccurate, approximate err = 9.289419722335879e-07
  return f(*arrays, *other_args, **kwargs)
/appdata/users/P101440/micromamba/envs/torch29/lib/python3.11/site-packages/scipy/_lib/_util.py:1181: RuntimeWarning: logm result may be inaccurate, approximate err = 6.368155140989984e-07
  return f(*arrays, *other_args, **kwargs)
/appdata/users/P101440/micromamba/envs/torch29/lib/python3.11/site-packages/scipy/_lib/_util.py:1181: RuntimeWarning: logm result may be inaccurate, approximate err = 6.695238425891148e-07
  return f(*arrays, *other_args, **kwargs)
/appdata/users/P101440/micromamba/envs/torch29/lib/python3.11/site-packages/scipy/_lib/_util.py:1181: RuntimeWarning: logm result may be inaccurate, approximate err = 1.084616087609902e-06
  return f(*arrays, *other_args, **kwargs)
/appdata/users/P101440/micromamba/envs/torch29/lib/python3.11/site-packages/scipy/_lib/_util.py:1181: RuntimeWarning: logm result may be inaccurate, approximate err = 8.8694969235803e-07
  return f(*arrays, *other_args, **kwargs)
/appdata/users/P101440/micromamba/envs/torch29/lib/python3.11/site-packages/scipy/_lib/_util.py:1181: RuntimeWarning: logm result may be inaccurate, approximate err = 1.188992655443144e-06
  return f(*arrays, *other_args, **kwargs)
/appdata/users/P101440/micromamba/envs/torch29/lib/python3.11/site-packages/scipy/_lib/_util.py:1181: RuntimeWarning: logm result may be inaccurate, approximate err = 9.148339472631051e-07
  return f(*arrays, *other_args, **kwargs)
/appdata/users/P101440/micromamba/envs/torch29/lib/python3.11/site-packages/scipy/_lib/_util.py:1181: RuntimeWarning: logm result may be inaccurate, approximate err = 7.325908768507361e-07
  return f(*arrays, *other_args, **kwargs)
/appdata/users/P101440/micromamba/envs/torch29/lib/python3.11/site-packages/scipy/_lib/_util.py:1181: RuntimeWarning: logm result may be inaccurate, approximate err = 1.051420440489892e-06
  return f(*arrays, *other_args, **kwargs)
/appdata/users/P101440/micromamba/envs/torch29/lib/python3.11/site-packages/scipy/_lib/_util.py:1181: RuntimeWarning: logm result may be inaccurate, approximate err = 8.107745088636875e-07
  return f(*arrays, *other_args, **kwargs)
/appdata/users/P101440/micromamba/envs/torch29/lib/python3.11/site-packages/scipy/_lib/_util.py:1181: RuntimeWarning: logm result may be inaccurate, approximate err = 1.4452979257839615e-06
  return f(*arrays, *other_args, **kwargs)
/appdata/users/P101440/micromamba/envs/torch29/lib/python3.11/site-packages/scipy/_lib/_util.py:1181: RuntimeWarning: logm result may be inaccurate, approximate err = 7.81870710397925e-07
  return f(*arrays, *other_args, **kwargs)
/appdata/users/P101440/micromamba/envs/torch29/lib/python3.11/site-packages/scipy/_lib/_util.py:1181: RuntimeWarning: logm result may be inaccurate, approximate err = 7.777426844768343e-07
  return f(*arrays, *other_args, **kwargs)
/appdata/users/P101440/micromamba/envs/torch29/lib/python3.11/site-packages/scipy/_lib/_util.py:1181: RuntimeWarning: logm result may be inaccurate, approximate err = 7.173186986619839e-07
  return f(*arrays, *other_args, **kwargs)
/appdata/users/P101440/micromamba/envs/torch29/lib/python3.11/site-packages/scipy/_lib/_util.py:1181: RuntimeWarning: logm result may be inaccurate, approximate err = 6.048340424058551e-07
  return f(*arrays, *other_args, **kwargs)
/appdata/users/P101440/micromamba/envs/torch29/lib/python3.11/site-packages/scipy/_lib/_util.py:1181: RuntimeWarning: logm result may be inaccurate, approximate err = 8.426072781730909e-07
  return f(*arrays, *other_args, **kwargs)
/appdata/users/P101440/micromamba/envs/torch29/lib/python3.11/site-packages/scipy/_lib/_util.py:1181: RuntimeWarning: logm result may be inaccurate, approximate err = 1.1566734201551299e-06
  return f(*arrays, *other_args, **kwargs)
/appdata/users/P101440/micromamba/envs/torch29/lib/python3.11/site-packages/scipy/_lib/_util.py:1181: RuntimeWarning: logm result may be inaccurate, approximate err = 9.330015586783702e-07
  return f(*arrays, *other_args, **kwargs)
/appdata/users/P101440/micromamba/envs/torch29/lib/python3.11/site-packages/scipy/_lib/_util.py:1181: RuntimeWarning: logm result may be inaccurate, approximate err = 7.755408546472609e-07
  return f(*arrays, *other_args, **kwargs)
/appdata/users/P101440/micromamba/envs/torch29/lib/python3.11/site-packages/scipy/_lib/_util.py:1181: RuntimeWarning: logm result may be inaccurate, approximate err = 7.4102644020968e-07
  return f(*arrays, *other_args, **kwargs)
/appdata/users/P101440/micromamba/envs/torch29/lib/python3.11/site-packages/scipy/_lib/_util.py:1181: RuntimeWarning: logm result may be inaccurate, approximate err = 8.154806891980115e-07
  return f(*arrays, *other_args, **kwargs)
/appdata/users/P101440/micromamba/envs/torch29/lib/python3.11/site-packages/scipy/_lib/_util.py:1181: RuntimeWarning: logm result may be inaccurate, approximate err = 8.969738019004581e-07
  return f(*arrays, *other_args, **kwargs)
/appdata/users/P101440/micromamba/envs/torch29/lib/python3.11/site-packages/scipy/_lib/_util.py:1181: RuntimeWarning: logm result may be inaccurate, approximate err = 5.943463747826172e-07
  return f(*arrays, *other_args, **kwargs)
/appdata/users/P101440/micromamba/envs/torch29/lib/python3.11/site-packages/scipy/_lib/_util.py:1181: RuntimeWarning: logm result may be inaccurate, approximate err = 7.555495358246844e-07
  return f(*arrays, *other_args, **kwargs)
/appdata/users/P101440/micromamba/envs/torch29/lib/python3.11/site-packages/scipy/_lib/_util.py:1181: RuntimeWarning: logm result may be inaccurate, approximate err = 6.65876484617911e-07
  return f(*arrays, *other_args, **kwargs)
/appdata/users/P101440/micromamba/envs/torch29/lib/python3.11/site-packages/scipy/_lib/_util.py:1181: RuntimeWarning: logm result may be inaccurate, approximate err = 7.784999525028979e-07
  return f(*arrays, *other_args, **kwargs)
/appdata/users/P101440/micromamba/envs/torch29/lib/python3.11/site-packages/scipy/_lib/_util.py:1181: RuntimeWarning: logm result may be inaccurate, approximate err = 7.659769494239299e-07
  return f(*arrays, *other_args, **kwargs)
/appdata/users/P101440/micromamba/envs/torch29/lib/python3.11/site-packages/scipy/_lib/_util.py:1181: RuntimeWarning: logm result may be inaccurate, approximate err = 8.366648103219632e-07
  return f(*arrays, *other_args, **kwargs)
/appdata/users/P101440/micromamba/envs/torch29/lib/python3.11/site-packages/scipy/_lib/_util.py:1181: RuntimeWarning: logm result may be inaccurate, approximate err = 6.80202106195793e-07
  return f(*arrays, *other_args, **kwargs)
/appdata/users/P101440/micromamba/envs/torch29/lib/python3.11/site-packages/scipy/_lib/_util.py:1181: RuntimeWarning: logm result may be inaccurate, approximate err = 7.15762325853575e-07
  return f(*arrays, *other_args, **kwargs)
/appdata/users/P101440/micromamba/envs/torch29/lib/python3.11/site-packages/scipy/_lib/_util.py:1181: RuntimeWarning: logm result may be inaccurate, approximate err = 8.511331657246046e-07
  return f(*arrays, *other_args, **kwargs)
/appdata/users/P101440/micromamba/envs/torch29/lib/python3.11/site-packages/scipy/_lib/_util.py:1181: RuntimeWarning: logm result may be inaccurate, approximate err = 6.803117003073567e-07
  return f(*arrays, *other_args, **kwargs)
/appdata/users/P101440/micromamba/envs/torch29/lib/python3.11/site-packages/scipy/_lib/_util.py:1181: RuntimeWarning: logm result may be inaccurate, approximate err = 6.559505436598556e-07
  return f(*arrays, *other_args, **kwargs)
/appdata/users/P101440/micromamba/envs/torch29/lib/python3.11/site-packages/scipy/_lib/_util.py:1181: RuntimeWarning: logm result may be inaccurate, approximate err = 1.3436350627671345e-06
  return f(*arrays, *other_args, **kwargs)
/appdata/users/P101440/micromamba/envs/torch29/lib/python3.11/site-packages/scipy/_lib/_util.py:1181: RuntimeWarning: logm result may be inaccurate, approximate err = 1.0646614327924908e-06
  return f(*arrays, *other_args, **kwargs)
/appdata/users/P101440/micromamba/envs/torch29/lib/python3.11/site-packages/scipy/_lib/_util.py:1181: RuntimeWarning: logm result may be inaccurate, approximate err = 6.351997967612988e-07
  return f(*arrays, *other_args, **kwargs)
/appdata/users/P101440/micromamba/envs/torch29/lib/python3.11/site-packages/scipy/_lib/_util.py:1181: RuntimeWarning: logm result may be inaccurate, approximate err = 9.811001291382127e-07
  return f(*arrays, *other_args, **kwargs)
/appdata/users/P101440/micromamba/envs/torch29/lib/python3.11/site-packages/scipy/_lib/_util.py:1181: RuntimeWarning: logm result may be inaccurate, approximate err = 9.010217354443739e-07
  return f(*arrays, *other_args, **kwargs)
/appdata/users/P101440/micromamba/envs/torch29/lib/python3.11/site-packages/scipy/_lib/_util.py:1181: RuntimeWarning: logm result may be inaccurate, approximate err = 7.339025387409492e-07
  return f(*arrays, *other_args, **kwargs)
/appdata/users/P101440/micromamba/envs/torch29/lib/python3.11/site-packages/scipy/_lib/_util.py:1181: RuntimeWarning: logm result may be inaccurate, approximate err = 1.1008706906068255e-06
  return f(*arrays, *other_args, **kwargs)
/appdata/users/P101440/micromamba/envs/torch29/lib/python3.11/site-packages/scipy/_lib/_util.py:1181: RuntimeWarning: logm result may be inaccurate, approximate err = 9.245979413208261e-07
  return f(*arrays, *other_args, **kwargs)
/appdata/users/P101440/micromamba/envs/torch29/lib/python3.11/site-packages/scipy/_lib/_util.py:1181: RuntimeWarning: logm result may be inaccurate, approximate err = 9.59847852755047e-07
  return f(*arrays, *other_args, **kwargs)
/appdata/users/P101440/micromamba/envs/torch29/lib/python3.11/site-packages/scipy/_lib/_util.py:1181: RuntimeWarning: logm result may be inaccurate, approximate err = 1.1393899512768257e-06
  return f(*arrays, *other_args, **kwargs)
/appdata/users/P101440/micromamba/envs/torch29/lib/python3.11/site-packages/scipy/_lib/_util.py:1181: RuntimeWarning: logm result may be inaccurate, approximate err = 9.211004794451583e-07
  return f(*arrays, *other_args, **kwargs)
/appdata/users/P101440/micromamba/envs/torch29/lib/python3.11/site-packages/scipy/_lib/_util.py:1181: RuntimeWarning: logm result may be inaccurate, approximate err = 9.20858838071581e-07
  return f(*arrays, *other_args, **kwargs)
/appdata/users/P101440/micromamba/envs/torch29/lib/python3.11/site-packages/scipy/_lib/_util.py:1181: RuntimeWarning: logm result may be inaccurate, approximate err = 8.372659294764162e-07
  return f(*arrays, *other_args, **kwargs)
/appdata/users/P101440/micromamba/envs/torch29/lib/python3.11/site-packages/scipy/_lib/_util.py:1181: RuntimeWarning: logm result may be inaccurate, approximate err = 8.430656066593656e-07
  return f(*arrays, *other_args, **kwargs)
/appdata/users/P101440/micromamba/envs/torch29/lib/python3.11/site-packages/scipy/_lib/_util.py:1181: RuntimeWarning: logm result may be inaccurate, approximate err = 7.116325946299185e-07
  return f(*arrays, *other_args, **kwargs)
/appdata/users/P101440/micromamba/envs/torch29/lib/python3.11/site-packages/scipy/_lib/_util.py:1181: RuntimeWarning: logm result may be inaccurate, approximate err = 6.928340212652984e-07
  return f(*arrays, *other_args, **kwargs)
/appdata/users/P101440/micromamba/envs/torch29/lib/python3.11/site-packages/scipy/_lib/_util.py:1181: RuntimeWarning: logm result may be inaccurate, approximate err = 9.538314316159813e-07
  return f(*arrays, *other_args, **kwargs)
/appdata/users/P101440/micromamba/envs/torch29/lib/python3.11/site-packages/scipy/_lib/_util.py:1181: RuntimeWarning: logm result may be inaccurate, approximate err = 8.262611572718015e-07
  return f(*arrays, *other_args, **kwargs)
/appdata/users/P101440/micromamba/envs/torch29/lib/python3.11/site-packages/scipy/_lib/_util.py:1181: RuntimeWarning: logm result may be inaccurate, approximate err = 9.797532811717247e-07
  return f(*arrays, *other_args, **kwargs)
/appdata/users/P101440/micromamba/envs/torch29/lib/python3.11/site-packages/scipy/_lib/_util.py:1181: RuntimeWarning: logm result may be inaccurate, approximate err = 7.818594554009906e-07
  return f(*arrays, *other_args, **kwargs)
/appdata/users/P101440/micromamba/envs/torch29/lib/python3.11/site-packages/scipy/_lib/_util.py:1181: RuntimeWarning: logm result may be inaccurate, approximate err = 9.85422730082064e-07
  return f(*arrays, *other_args, **kwargs)
/appdata/users/P101440/micromamba/envs/torch29/lib/python3.11/site-packages/scipy/_lib/_util.py:1181: RuntimeWarning: logm result may be inaccurate, approximate err = 6.222460342542036e-07
  return f(*arrays, *other_args, **kwargs)
/appdata/users/P101440/micromamba/envs/torch29/lib/python3.11/site-packages/scipy/_lib/_util.py:1181: RuntimeWarning: logm result may be inaccurate, approximate err = 1.1072750112361973e-06
  return f(*arrays, *other_args, **kwargs)
/appdata/users/P101440/micromamba/envs/torch29/lib/python3.11/site-packages/scipy/_lib/_util.py:1181: RuntimeWarning: logm result may be inaccurate, approximate err = 6.63625485231023e-07
  return f(*arrays, *other_args, **kwargs)
/appdata/users/P101440/micromamba/envs/torch29/lib/python3.11/site-packages/scipy/_lib/_util.py:1181: RuntimeWarning: logm result may be inaccurate, approximate err = 6.472567974924459e-07
  return f(*arrays, *other_args, **kwargs)
/appdata/users/P101440/micromamba/envs/torch29/lib/python3.11/site-packages/scipy/_lib/_util.py:1181: RuntimeWarning: logm result may be inaccurate, approximate err = 1.0187148973272997e-06
  return f(*arrays, *other_args, **kwargs)
/appdata/users/P101440/micromamba/envs/torch29/lib/python3.11/site-packages/scipy/_lib/_util.py:1181: RuntimeWarning: logm result may be inaccurate, approximate err = 6.384184985108732e-07
  return f(*arrays, *other_args, **kwargs)
/appdata/users/P101440/micromamba/envs/torch29/lib/python3.11/site-packages/scipy/_lib/_util.py:1181: RuntimeWarning: logm result may be inaccurate, approximate err = 7.39415781936259e-07
  return f(*arrays, *other_args, **kwargs)
/appdata/users/P101440/micromamba/envs/torch29/lib/python3.11/site-packages/scipy/_lib/_util.py:1181: RuntimeWarning: logm result may be inaccurate, approximate err = 7.126819809855078e-07
  return f(*arrays, *other_args, **kwargs)
/appdata/users/P101440/micromamba/envs/torch29/lib/python3.11/site-packages/scipy/_lib/_util.py:1181: RuntimeWarning: logm result may be inaccurate, approximate err = 8.550867960366304e-07
  return f(*arrays, *other_args, **kwargs)
/appdata/users/P101440/micromamba/envs/torch29/lib/python3.11/site-packages/scipy/_lib/_util.py:1181: RuntimeWarning: logm result may be inaccurate, approximate err = 9.986737268263823e-07
  return f(*arrays, *other_args, **kwargs)
/appdata/users/P101440/micromamba/envs/torch29/lib/python3.11/site-packages/scipy/_lib/_util.py:1181: RuntimeWarning: logm result may be inaccurate, approximate err = 8.184075568351545e-07
  return f(*arrays, *other_args, **kwargs)
/appdata/users/P101440/micromamba/envs/torch29/lib/python3.11/site-packages/scipy/_lib/_util.py:1181: RuntimeWarning: logm result may be inaccurate, approximate err = 7.769066883156484e-07
  return f(*arrays, *other_args, **kwargs)
/appdata/users/P101440/micromamba/envs/torch29/lib/python3.11/site-packages/scipy/_lib/_util.py:1181: RuntimeWarning: logm result may be inaccurate, approximate err = 6.931822440492397e-07
  return f(*arrays, *other_args, **kwargs)
/appdata/users/P101440/micromamba/envs/torch29/lib/python3.11/site-packages/scipy/_lib/_util.py:1181: RuntimeWarning: logm result may be inaccurate, approximate err = 1.1629467735474464e-06
  return f(*arrays, *other_args, **kwargs)
/appdata/users/P101440/micromamba/envs/torch29/lib/python3.11/site-packages/scipy/_lib/_util.py:1181: RuntimeWarning: logm result may be inaccurate, approximate err = 8.696435429556004e-07
  return f(*arrays, *other_args, **kwargs)
/appdata/users/P101440/micromamba/envs/torch29/lib/python3.11/site-packages/scipy/_lib/_util.py:1181: RuntimeWarning: logm result may be inaccurate, approximate err = 7.738933049949992e-07
  return f(*arrays, *other_args, **kwargs)
/appdata/users/P101440/micromamba/envs/torch29/lib/python3.11/site-packages/scipy/_lib/_util.py:1181: RuntimeWarning: logm result may be inaccurate, approximate err = 9.514963039691793e-07
  return f(*arrays, *other_args, **kwargs)
/appdata/users/P101440/micromamba/envs/torch29/lib/python3.11/site-packages/scipy/_lib/_util.py:1181: RuntimeWarning: logm result may be inaccurate, approximate err = 1.0520623163756682e-06
  return f(*arrays, *other_args, **kwargs)
/appdata/users/P101440/micromamba/envs/torch29/lib/python3.11/site-packages/scipy/_lib/_util.py:1181: RuntimeWarning: logm result may be inaccurate, approximate err = 7.368801107077161e-07
  return f(*arrays, *other_args, **kwargs)
/appdata/users/P101440/micromamba/envs/torch29/lib/python3.11/site-packages/scipy/_lib/_util.py:1181: RuntimeWarning: logm result may be inaccurate, approximate err = 7.019678491815284e-07
  return f(*arrays, *other_args, **kwargs)
/appdata/users/P101440/micromamba/envs/torch29/lib/python3.11/site-packages/scipy/_lib/_util.py:1181: RuntimeWarning: logm result may be inaccurate, approximate err = 8.341925763488689e-07
  return f(*arrays, *other_args, **kwargs)
/appdata/users/P101440/micromamba/envs/torch29/lib/python3.11/site-packages/scipy/_lib/_util.py:1181: RuntimeWarning: logm result may be inaccurate, approximate err = 9.254417818738148e-07
  return f(*arrays, *other_args, **kwargs)
/appdata/users/P101440/micromamba/envs/torch29/lib/python3.11/site-packages/scipy/_lib/_util.py:1181: RuntimeWarning: logm result may be inaccurate, approximate err = 7.715009928688232e-07
  return f(*arrays, *other_args, **kwargs)
/appdata/users/P101440/micromamba/envs/torch29/lib/python3.11/site-packages/scipy/_lib/_util.py:1181: RuntimeWarning: logm result may be inaccurate, approximate err = 7.282218916770944e-07
  return f(*arrays, *other_args, **kwargs)
/appdata/users/P101440/micromamba/envs/torch29/lib/python3.11/site-packages/scipy/_lib/_util.py:1181: RuntimeWarning: logm result may be inaccurate, approximate err = 1.0210276286670705e-06
  return f(*arrays, *other_args, **kwargs)
/appdata/users/P101440/micromamba/envs/torch29/lib/python3.11/site-packages/scipy/_lib/_util.py:1181: RuntimeWarning: logm result may be inaccurate, approximate err = 7.45827378523245e-07
  return f(*arrays, *other_args, **kwargs)
/appdata/users/P101440/micromamba/envs/torch29/lib/python3.11/site-packages/scipy/_lib/_util.py:1181: RuntimeWarning: logm result may be inaccurate, approximate err = 9.156310056823713e-07
  return f(*arrays, *other_args, **kwargs)
/appdata/users/P101440/micromamba/envs/torch29/lib/python3.11/site-packages/scipy/_lib/_util.py:1181: RuntimeWarning: logm result may be inaccurate, approximate err = 9.221462846653594e-07
  return f(*arrays, *other_args, **kwargs)
/appdata/users/P101440/micromamba/envs/torch29/lib/python3.11/site-packages/scipy/_lib/_util.py:1181: RuntimeWarning: logm result may be inaccurate, approximate err = 8.688582511240384e-07
  return f(*arrays, *other_args, **kwargs)
/appdata/users/P101440/micromamba/envs/torch29/lib/python3.11/site-packages/scipy/_lib/_util.py:1181: RuntimeWarning: logm result may be inaccurate, approximate err = 8.829554190015187e-07
  return f(*arrays, *other_args, **kwargs)
/appdata/users/P101440/micromamba/envs/torch29/lib/python3.11/site-packages/scipy/_lib/_util.py:1181: RuntimeWarning: logm result may be inaccurate, approximate err = 1.022516357807035e-06
  return f(*arrays, *other_args, **kwargs)
/appdata/users/P101440/micromamba/envs/torch29/lib/python3.11/site-packages/scipy/_lib/_util.py:1181: RuntimeWarning: logm result may be inaccurate, approximate err = 9.043559998644923e-07
  return f(*arrays, *other_args, **kwargs)
/appdata/users/P101440/micromamba/envs/torch29/lib/python3.11/site-packages/scipy/_lib/_util.py:1181: RuntimeWarning: logm result may be inaccurate, approximate err = 8.866739449331362e-07
  return f(*arrays, *other_args, **kwargs)
/appdata/users/P101440/micromamba/envs/torch29/lib/python3.11/site-packages/scipy/_lib/_util.py:1181: RuntimeWarning: logm result may be inaccurate, approximate err = 7.503508641093504e-07
  return f(*arrays, *other_args, **kwargs)
/appdata/users/P101440/micromamba/envs/torch29/lib/python3.11/site-packages/scipy/_lib/_util.py:1181: RuntimeWarning: logm result may be inaccurate, approximate err = 1.0059745818580268e-06
  return f(*arrays, *other_args, **kwargs)
/appdata/users/P101440/micromamba/envs/torch29/lib/python3.11/site-packages/scipy/_lib/_util.py:1181: RuntimeWarning: logm result may be inaccurate, approximate err = 1.1355940614521387e-06
  return f(*arrays, *other_args, **kwargs)
/appdata/users/P101440/micromamba/envs/torch29/lib/python3.11/site-packages/scipy/_lib/_util.py:1181: RuntimeWarning: logm result may be inaccurate, approximate err = 8.55264204346895e-07
  return f(*arrays, *other_args, **kwargs)
/appdata/users/P101440/micromamba/envs/torch29/lib/python3.11/site-packages/scipy/_lib/_util.py:1181: RuntimeWarning: logm result may be inaccurate, approximate err = 6.871670166219701e-07
  return f(*arrays, *other_args, **kwargs)
/appdata/users/P101440/micromamba/envs/torch29/lib/python3.11/site-packages/scipy/_lib/_util.py:1181: RuntimeWarning: logm result may be inaccurate, approximate err = 6.127659162302734e-07
  return f(*arrays, *other_args, **kwargs)
/appdata/users/P101440/micromamba/envs/torch29/lib/python3.11/site-packages/scipy/_lib/_util.py:1181: RuntimeWarning: logm result may be inaccurate, approximate err = 9.511491043667775e-07
  return f(*arrays, *other_args, **kwargs)
/appdata/users/P101440/micromamba/envs/torch29/lib/python3.11/site-packages/scipy/_lib/_util.py:1181: RuntimeWarning: logm result may be inaccurate, approximate err = 1.219921045958472e-06
  return f(*arrays, *other_args, **kwargs)
/appdata/users/P101440/micromamba/envs/torch29/lib/python3.11/site-packages/scipy/_lib/_util.py:1181: RuntimeWarning: logm result may be inaccurate, approximate err = 8.344273965121829e-07
  return f(*arrays, *other_args, **kwargs)
/appdata/users/P101440/micromamba/envs/torch29/lib/python3.11/site-packages/scipy/_lib/_util.py:1181: RuntimeWarning: logm result may be inaccurate, approximate err = 1.4787938198423944e-06
  return f(*arrays, *other_args, **kwargs)
/appdata/users/P101440/micromamba/envs/torch29/lib/python3.11/site-packages/scipy/_lib/_util.py:1181: RuntimeWarning: logm result may be inaccurate, approximate err = 6.484298182840575e-07
  return f(*arrays, *other_args, **kwargs)
/appdata/users/P101440/micromamba/envs/torch29/lib/python3.11/site-packages/scipy/_lib/_util.py:1181: RuntimeWarning: logm result may be inaccurate, approximate err = 9.033940955305297e-07
  return f(*arrays, *other_args, **kwargs)
/appdata/users/P101440/micromamba/envs/torch29/lib/python3.11/site-packages/scipy/_lib/_util.py:1181: RuntimeWarning: logm result may be inaccurate, approximate err = 1.2239437410244136e-06
  return f(*arrays, *other_args, **kwargs)
/appdata/users/P101440/micromamba/envs/torch29/lib/python3.11/site-packages/scipy/_lib/_util.py:1181: RuntimeWarning: logm result may be inaccurate, approximate err = 8.384606644540327e-07
  return f(*arrays, *other_args, **kwargs)
/appdata/users/P101440/micromamba/envs/torch29/lib/python3.11/site-packages/scipy/_lib/_util.py:1181: RuntimeWarning: logm result may be inaccurate, approximate err = 5.908661364628642e-07
  return f(*arrays, *other_args, **kwargs)
/appdata/users/P101440/micromamba/envs/torch29/lib/python3.11/site-packages/scipy/_lib/_util.py:1181: RuntimeWarning: logm result may be inaccurate, approximate err = 5.99710119786323e-07
  return f(*arrays, *other_args, **kwargs)
/appdata/users/P101440/micromamba/envs/torch29/lib/python3.11/site-packages/scipy/_lib/_util.py:1181: RuntimeWarning: logm result may be inaccurate, approximate err = 6.756386028428096e-07
  return f(*arrays, *other_args, **kwargs)
/appdata/users/P101440/micromamba/envs/torch29/lib/python3.11/site-packages/scipy/_lib/_util.py:1181: RuntimeWarning: logm result may be inaccurate, approximate err = 9.177512652058795e-07
  return f(*arrays, *other_args, **kwargs)
/appdata/users/P101440/micromamba/envs/torch29/lib/python3.11/site-packages/scipy/_lib/_util.py:1181: RuntimeWarning: logm result may be inaccurate, approximate err = 7.833546078472864e-07
  return f(*arrays, *other_args, **kwargs)
/appdata/users/P101440/micromamba/envs/torch29/lib/python3.11/site-packages/scipy/_lib/_util.py:1181: RuntimeWarning: logm result may be inaccurate, approximate err = 7.161117991927313e-07
  return f(*arrays, *other_args, **kwargs)
/appdata/users/P101440/micromamba/envs/torch29/lib/python3.11/site-packages/scipy/_lib/_util.py:1181: RuntimeWarning: logm result may be inaccurate, approximate err = 1.3139211887391866e-06
  return f(*arrays, *other_args, **kwargs)
/appdata/users/P101440/micromamba/envs/torch29/lib/python3.11/site-packages/scipy/_lib/_util.py:1181: RuntimeWarning: logm result may be inaccurate, approximate err = 6.704093493681285e-07
  return f(*arrays, *other_args, **kwargs)
/appdata/users/P101440/micromamba/envs/torch29/lib/python3.11/site-packages/scipy/_lib/_util.py:1181: RuntimeWarning: logm result may be inaccurate, approximate err = 1.0648715260686004e-06
  return f(*arrays, *other_args, **kwargs)
/appdata/users/P101440/micromamba/envs/torch29/lib/python3.11/site-packages/scipy/_lib/_util.py:1181: RuntimeWarning: logm result may be inaccurate, approximate err = 1.7013985598168802e-06
  return f(*arrays, *other_args, **kwargs)
/appdata/users/P101440/micromamba/envs/torch29/lib/python3.11/site-packages/scipy/_lib/_util.py:1181: RuntimeWarning: logm result may be inaccurate, approximate err = 5.797746780444868e-07
  return f(*arrays, *other_args, **kwargs)
/appdata/users/P101440/micromamba/envs/torch29/lib/python3.11/site-packages/scipy/_lib/_util.py:1181: RuntimeWarning: logm result may be inaccurate, approximate err = 6.744413099113444e-07
  return f(*arrays, *other_args, **kwargs)
/appdata/users/P101440/micromamba/envs/torch29/lib/python3.11/site-packages/scipy/_lib/_util.py:1181: RuntimeWarning: logm result may be inaccurate, approximate err = 9.777407967703766e-07
  return f(*arrays, *other_args, **kwargs)
/appdata/users/P101440/micromamba/envs/torch29/lib/python3.11/site-packages/scipy/_lib/_util.py:1181: RuntimeWarning: logm result may be inaccurate, approximate err = 1.0854300853679888e-06
  return f(*arrays, *other_args, **kwargs)
/appdata/users/P101440/micromamba/envs/torch29/lib/python3.11/site-packages/scipy/_lib/_util.py:1181: RuntimeWarning: logm result may be inaccurate, approximate err = 8.359496632692753e-07
  return f(*arrays, *other_args, **kwargs)
/appdata/users/P101440/micromamba/envs/torch29/lib/python3.11/site-packages/scipy/_lib/_util.py:1181: RuntimeWarning: logm result may be inaccurate, approximate err = 5.749398610532808e-07
  return f(*arrays, *other_args, **kwargs)
/appdata/users/P101440/micromamba/envs/torch29/lib/python3.11/site-packages/scipy/_lib/_util.py:1181: RuntimeWarning: logm result may be inaccurate, approximate err = 1.0926053164439509e-06
  return f(*arrays, *other_args, **kwargs)
/appdata/users/P101440/micromamba/envs/torch29/lib/python3.11/site-packages/scipy/_lib/_util.py:1181: RuntimeWarning: logm result may be inaccurate, approximate err = 1.366719857287535e-06
  return f(*arrays, *other_args, **kwargs)
/appdata/users/P101440/micromamba/envs/torch29/lib/python3.11/site-packages/scipy/_lib/_util.py:1181: RuntimeWarning: logm result may be inaccurate, approximate err = 8.955525458986813e-07
  return f(*arrays, *other_args, **kwargs)
/appdata/users/P101440/micromamba/envs/torch29/lib/python3.11/site-packages/scipy/_lib/_util.py:1181: RuntimeWarning: logm result may be inaccurate, approximate err = 6.891378347972932e-07
  return f(*arrays, *other_args, **kwargs)
/appdata/users/P101440/micromamba/envs/torch29/lib/python3.11/site-packages/scipy/_lib/_util.py:1181: RuntimeWarning: logm result may be inaccurate, approximate err = 6.558308882631536e-07
  return f(*arrays, *other_args, **kwargs)
/appdata/users/P101440/micromamba/envs/torch29/lib/python3.11/site-packages/scipy/_lib/_util.py:1181: RuntimeWarning: logm result may be inaccurate, approximate err = 8.976368235380505e-07
  return f(*arrays, *other_args, **kwargs)
/appdata/users/P101440/micromamba/envs/torch29/lib/python3.11/site-packages/scipy/_lib/_util.py:1181: RuntimeWarning: logm result may be inaccurate, approximate err = 7.098783498804551e-07
  return f(*arrays, *other_args, **kwargs)
/appdata/users/P101440/micromamba/envs/torch29/lib/python3.11/site-packages/scipy/_lib/_util.py:1181: RuntimeWarning: logm result may be inaccurate, approximate err = 7.245847086778667e-07
  return f(*arrays, *other_args, **kwargs)
/appdata/users/P101440/micromamba/envs/torch29/lib/python3.11/site-packages/scipy/_lib/_util.py:1181: RuntimeWarning: logm result may be inaccurate, approximate err = 8.326388751811464e-07
  return f(*arrays, *other_args, **kwargs)
/appdata/users/P101440/micromamba/envs/torch29/lib/python3.11/site-packages/scipy/_lib/_util.py:1181: RuntimeWarning: logm result may be inaccurate, approximate err = 8.118677214952186e-07
  return f(*arrays, *other_args, **kwargs)
/appdata/users/P101440/micromamba/envs/torch29/lib/python3.11/site-packages/scipy/_lib/_util.py:1181: RuntimeWarning: logm result may be inaccurate, approximate err = 5.909735705245112e-07
  return f(*arrays, *other_args, **kwargs)
/appdata/users/P101440/micromamba/envs/torch29/lib/python3.11/site-packages/scipy/_lib/_util.py:1181: RuntimeWarning: logm result may be inaccurate, approximate err = 1.0066912636830239e-06
  return f(*arrays, *other_args, **kwargs)
/appdata/users/P101440/micromamba/envs/torch29/lib/python3.11/site-packages/scipy/_lib/_util.py:1181: RuntimeWarning: logm result may be inaccurate, approximate err = 9.683847110864008e-07
  return f(*arrays, *other_args, **kwargs)
/appdata/users/P101440/micromamba/envs/torch29/lib/python3.11/site-packages/scipy/_lib/_util.py:1181: RuntimeWarning: logm result may be inaccurate, approximate err = 7.102659651536669e-07
  return f(*arrays, *other_args, **kwargs)
/appdata/users/P101440/micromamba/envs/torch29/lib/python3.11/site-packages/scipy/_lib/_util.py:1181: RuntimeWarning: logm result may be inaccurate, approximate err = 8.837333211886289e-07
  return f(*arrays, *other_args, **kwargs)
/appdata/users/P101440/micromamba/envs/torch29/lib/python3.11/site-packages/scipy/_lib/_util.py:1181: RuntimeWarning: logm result may be inaccurate, approximate err = 6.838050126134476e-07
  return f(*arrays, *other_args, **kwargs)
/appdata/users/P101440/micromamba/envs/torch29/lib/python3.11/site-packages/scipy/_lib/_util.py:1181: RuntimeWarning: logm result may be inaccurate, approximate err = 8.186485729311244e-07
  return f(*arrays, *other_args, **kwargs)
/appdata/users/P101440/micromamba/envs/torch29/lib/python3.11/site-packages/scipy/_lib/_util.py:1181: RuntimeWarning: logm result may be inaccurate, approximate err = 6.967397894186433e-07
  return f(*arrays, *other_args, **kwargs)
/appdata/users/P101440/micromamba/envs/torch29/lib/python3.11/site-packages/scipy/_lib/_util.py:1181: RuntimeWarning: logm result may be inaccurate, approximate err = 7.196359206318448e-07
  return f(*arrays, *other_args, **kwargs)
/appdata/users/P101440/micromamba/envs/torch29/lib/python3.11/site-packages/scipy/_lib/_util.py:1181: RuntimeWarning: logm result may be inaccurate, approximate err = 7.79459639943525e-07
  return f(*arrays, *other_args, **kwargs)
/appdata/users/P101440/micromamba/envs/torch29/lib/python3.11/site-packages/scipy/_lib/_util.py:1181: RuntimeWarning: logm result may be inaccurate, approximate err = 6.850796125945635e-07
  return f(*arrays, *other_args, **kwargs)
/appdata/users/P101440/micromamba/envs/torch29/lib/python3.11/site-packages/scipy/_lib/_util.py:1181: RuntimeWarning: logm result may be inaccurate, approximate err = 8.579458494750725e-07
  return f(*arrays, *other_args, **kwargs)
/appdata/users/P101440/micromamba/envs/torch29/lib/python3.11/site-packages/scipy/_lib/_util.py:1181: RuntimeWarning: logm result may be inaccurate, approximate err = 7.624005320394645e-07
  return f(*arrays, *other_args, **kwargs)
/appdata/users/P101440/micromamba/envs/torch29/lib/python3.11/site-packages/scipy/_lib/_util.py:1181: RuntimeWarning: logm result may be inaccurate, approximate err = 9.121538369072368e-07
  return f(*arrays, *other_args, **kwargs)
/appdata/users/P101440/micromamba/envs/torch29/lib/python3.11/site-packages/scipy/_lib/_util.py:1181: RuntimeWarning: logm result may be inaccurate, approximate err = 9.100824058805301e-07
  return f(*arrays, *other_args, **kwargs)
/appdata/users/P101440/micromamba/envs/torch29/lib/python3.11/site-packages/scipy/_lib/_util.py:1181: RuntimeWarning: logm result may be inaccurate, approximate err = 9.593968570698053e-07
  return f(*arrays, *other_args, **kwargs)
/appdata/users/P101440/micromamba/envs/torch29/lib/python3.11/site-packages/scipy/_lib/_util.py:1181: RuntimeWarning: logm result may be inaccurate, approximate err = 9.871617976386915e-07
  return f(*arrays, *other_args, **kwargs)
/appdata/users/P101440/micromamba/envs/torch29/lib/python3.11/site-packages/scipy/_lib/_util.py:1181: RuntimeWarning: logm result may be inaccurate, approximate err = 1.2886662261735182e-06
  return f(*arrays, *other_args, **kwargs)
/appdata/users/P101440/micromamba/envs/torch29/lib/python3.11/site-packages/scipy/_lib/_util.py:1181: RuntimeWarning: logm result may be inaccurate, approximate err = 6.230819735719706e-07
  return f(*arrays, *other_args, **kwargs)
/appdata/users/P101440/micromamba/envs/torch29/lib/python3.11/site-packages/scipy/_lib/_util.py:1181: RuntimeWarning: logm result may be inaccurate, approximate err = 6.294911827353644e-07
  return f(*arrays, *other_args, **kwargs)
/appdata/users/P101440/micromamba/envs/torch29/lib/python3.11/site-packages/scipy/_lib/_util.py:1181: RuntimeWarning: logm result may be inaccurate, approximate err = 5.121736421642709e-07
  return f(*arrays, *other_args, **kwargs)
/appdata/users/P101440/micromamba/envs/torch29/lib/python3.11/site-packages/scipy/_lib/_util.py:1181: RuntimeWarning: logm result may be inaccurate, approximate err = 8.64430319325038e-07
  return f(*arrays, *other_args, **kwargs)
/appdata/users/P101440/micromamba/envs/torch29/lib/python3.11/site-packages/scipy/_lib/_util.py:1181: RuntimeWarning: logm result may be inaccurate, approximate err = 1.047099772222282e-06
  return f(*arrays, *other_args, **kwargs)
/appdata/users/P101440/micromamba/envs/torch29/lib/python3.11/site-packages/scipy/_lib/_util.py:1181: RuntimeWarning: logm result may be inaccurate, approximate err = 6.77985440233897e-07
  return f(*arrays, *other_args, **kwargs)
/appdata/users/P101440/micromamba/envs/torch29/lib/python3.11/site-packages/scipy/_lib/_util.py:1181: RuntimeWarning: logm result may be inaccurate, approximate err = 9.167555958811135e-07
  return f(*arrays, *other_args, **kwargs)
/appdata/users/P101440/micromamba/envs/torch29/lib/python3.11/site-packages/scipy/_lib/_util.py:1181: RuntimeWarning: logm result may be inaccurate, approximate err = 8.143522904902056e-07
  return f(*arrays, *other_args, **kwargs)
/appdata/users/P101440/micromamba/envs/torch29/lib/python3.11/site-packages/scipy/_lib/_util.py:1181: RuntimeWarning: logm result may be inaccurate, approximate err = 9.605778359400574e-07
  return f(*arrays, *other_args, **kwargs)
/appdata/users/P101440/micromamba/envs/torch29/lib/python3.11/site-packages/scipy/_lib/_util.py:1181: RuntimeWarning: logm result may be inaccurate, approximate err = 8.101385446934728e-07
  return f(*arrays, *other_args, **kwargs)
/appdata/users/P101440/micromamba/envs/torch29/lib/python3.11/site-packages/scipy/_lib/_util.py:1181: RuntimeWarning: logm result may be inaccurate, approximate err = 7.829950163795729e-07
  return f(*arrays, *other_args, **kwargs)
/appdata/users/P101440/micromamba/envs/torch29/lib/python3.11/site-packages/scipy/_lib/_util.py:1181: RuntimeWarning: logm result may be inaccurate, approximate err = 1.1225287153138197e-06
  return f(*arrays, *other_args, **kwargs)
/appdata/users/P101440/micromamba/envs/torch29/lib/python3.11/site-packages/scipy/_lib/_util.py:1181: RuntimeWarning: logm result may be inaccurate, approximate err = 7.107277042450733e-07
  return f(*arrays, *other_args, **kwargs)
/appdata/users/P101440/micromamba/envs/torch29/lib/python3.11/site-packages/scipy/_lib/_util.py:1181: RuntimeWarning: logm result may be inaccurate, approximate err = 5.036849302086921e-07
  return f(*arrays, *other_args, **kwargs)
/appdata/users/P101440/micromamba/envs/torch29/lib/python3.11/site-packages/scipy/_lib/_util.py:1181: RuntimeWarning: logm result may be inaccurate, approximate err = 1.3337695463633281e-06
  return f(*arrays, *other_args, **kwargs)
/appdata/users/P101440/micromamba/envs/torch29/lib/python3.11/site-packages/scipy/_lib/_util.py:1181: RuntimeWarning: logm result may be inaccurate, approximate err = 1.0084625046147266e-06
  return f(*arrays, *other_args, **kwargs)
/appdata/users/P101440/micromamba/envs/torch29/lib/python3.11/site-packages/scipy/_lib/_util.py:1181: RuntimeWarning: logm result may be inaccurate, approximate err = 6.920814143995813e-07
  return f(*arrays, *other_args, **kwargs)
/appdata/users/P101440/micromamba/envs/torch29/lib/python3.11/site-packages/scipy/_lib/_util.py:1181: RuntimeWarning: logm result may be inaccurate, approximate err = 6.298593575593259e-07
  return f(*arrays, *other_args, **kwargs)
/appdata/users/P101440/micromamba/envs/torch29/lib/python3.11/site-packages/scipy/_lib/_util.py:1181: RuntimeWarning: logm result may be inaccurate, approximate err = 1.2440516456990736e-06
  return f(*arrays, *other_args, **kwargs)
/appdata/users/P101440/micromamba/envs/torch29/lib/python3.11/site-packages/scipy/_lib/_util.py:1181: RuntimeWarning: logm result may be inaccurate, approximate err = 1.7777617813408142e-06
  return f(*arrays, *other_args, **kwargs)
/appdata/users/P101440/micromamba/envs/torch29/lib/python3.11/site-packages/scipy/_lib/_util.py:1181: RuntimeWarning: logm result may be inaccurate, approximate err = 1.150833895735559e-06
  return f(*arrays, *other_args, **kwargs)
/appdata/users/P101440/micromamba/envs/torch29/lib/python3.11/site-packages/scipy/_lib/_util.py:1181: RuntimeWarning: logm result may be inaccurate, approximate err = 9.820574859986664e-07
  return f(*arrays, *other_args, **kwargs)
/appdata/users/P101440/micromamba/envs/torch29/lib/python3.11/site-packages/scipy/_lib/_util.py:1181: RuntimeWarning: logm result may be inaccurate, approximate err = 5.669036795552529e-07
  return f(*arrays, *other_args, **kwargs)
/appdata/users/P101440/micromamba/envs/torch29/lib/python3.11/site-packages/scipy/_lib/_util.py:1181: RuntimeWarning: logm result may be inaccurate, approximate err = 8.06537343578384e-07
  return f(*arrays, *other_args, **kwargs)
/appdata/users/P101440/micromamba/envs/torch29/lib/python3.11/site-packages/scipy/_lib/_util.py:1181: RuntimeWarning: logm result may be inaccurate, approximate err = 9.559229283695458e-07
  return f(*arrays, *other_args, **kwargs)
/appdata/users/P101440/micromamba/envs/torch29/lib/python3.11/site-packages/scipy/_lib/_util.py:1181: RuntimeWarning: logm result may be inaccurate, approximate err = 8.101965249807108e-07
  return f(*arrays, *other_args, **kwargs)
/appdata/users/P101440/micromamba/envs/torch29/lib/python3.11/site-packages/scipy/_lib/_util.py:1181: RuntimeWarning: logm result may be inaccurate, approximate err = 8.001915716704389e-07
  return f(*arrays, *other_args, **kwargs)
/appdata/users/P101440/micromamba/envs/torch29/lib/python3.11/site-packages/scipy/_lib/_util.py:1181: RuntimeWarning: logm result may be inaccurate, approximate err = 7.189968300735927e-07
  return f(*arrays, *other_args, **kwargs)
/appdata/users/P101440/micromamba/envs/torch29/lib/python3.11/site-packages/scipy/_lib/_util.py:1181: RuntimeWarning: logm result may be inaccurate, approximate err = 6.679250077468168e-07
  return f(*arrays, *other_args, **kwargs)
/appdata/users/P101440/micromamba/envs/torch29/lib/python3.11/site-packages/scipy/_lib/_util.py:1181: RuntimeWarning: logm result may be inaccurate, approximate err = 7.469909064639069e-07
  return f(*arrays, *other_args, **kwargs)
/appdata/users/P101440/micromamba/envs/torch29/lib/python3.11/site-packages/scipy/_lib/_util.py:1181: RuntimeWarning: logm result may be inaccurate, approximate err = 1.1817064660135657e-06
  return f(*arrays, *other_args, **kwargs)
/appdata/users/P101440/micromamba/envs/torch29/lib/python3.11/site-packages/scipy/_lib/_util.py:1181: RuntimeWarning: logm result may be inaccurate, approximate err = 7.266286843332637e-07
  return f(*arrays, *other_args, **kwargs)
/appdata/users/P101440/micromamba/envs/torch29/lib/python3.11/site-packages/scipy/_lib/_util.py:1181: RuntimeWarning: logm result may be inaccurate, approximate err = 7.65769470945088e-07
  return f(*arrays, *other_args, **kwargs)
/appdata/users/P101440/micromamba/envs/torch29/lib/python3.11/site-packages/scipy/_lib/_util.py:1181: RuntimeWarning: logm result may be inaccurate, approximate err = 9.071904401025677e-07
  return f(*arrays, *other_args, **kwargs)
/appdata/users/P101440/micromamba/envs/torch29/lib/python3.11/site-packages/scipy/_lib/_util.py:1181: RuntimeWarning: logm result may be inaccurate, approximate err = 6.62021363950771e-07
  return f(*arrays, *other_args, **kwargs)
/appdata/users/P101440/micromamba/envs/torch29/lib/python3.11/site-packages/scipy/_lib/_util.py:1181: RuntimeWarning: logm result may be inaccurate, approximate err = 8.296534019791579e-07
  return f(*arrays, *other_args, **kwargs)
/appdata/users/P101440/micromamba/envs/torch29/lib/python3.11/site-packages/scipy/_lib/_util.py:1181: RuntimeWarning: logm result may be inaccurate, approximate err = 8.910027986530622e-07
  return f(*arrays, *other_args, **kwargs)
/appdata/users/P101440/micromamba/envs/torch29/lib/python3.11/site-packages/scipy/_lib/_util.py:1181: RuntimeWarning: logm result may be inaccurate, approximate err = 1.0277858564222697e-06
  return f(*arrays, *other_args, **kwargs)
/appdata/users/P101440/micromamba/envs/torch29/lib/python3.11/site-packages/scipy/_lib/_util.py:1181: RuntimeWarning: logm result may be inaccurate, approximate err = 9.834764114202699e-07
  return f(*arrays, *other_args, **kwargs)
/appdata/users/P101440/micromamba/envs/torch29/lib/python3.11/site-packages/scipy/_lib/_util.py:1181: RuntimeWarning: logm result may be inaccurate, approximate err = 6.193415629240917e-07
  return f(*arrays, *other_args, **kwargs)
/appdata/users/P101440/micromamba/envs/torch29/lib/python3.11/site-packages/scipy/_lib/_util.py:1181: RuntimeWarning: logm result may be inaccurate, approximate err = 8.216746323341795e-07
  return f(*arrays, *other_args, **kwargs)
/appdata/users/P101440/micromamba/envs/torch29/lib/python3.11/site-packages/scipy/_lib/_util.py:1181: RuntimeWarning: logm result may be inaccurate, approximate err = 6.309428499662317e-07
  return f(*arrays, *other_args, **kwargs)
/appdata/users/P101440/micromamba/envs/torch29/lib/python3.11/site-packages/scipy/_lib/_util.py:1181: RuntimeWarning: logm result may be inaccurate, approximate err = 6.725097705384542e-07
  return f(*arrays, *other_args, **kwargs)
/appdata/users/P101440/micromamba/envs/torch29/lib/python3.11/site-packages/scipy/_lib/_util.py:1181: RuntimeWarning: logm result may be inaccurate, approximate err = 8.79972105849447e-07
  return f(*arrays, *other_args, **kwargs)
/appdata/users/P101440/micromamba/envs/torch29/lib/python3.11/site-packages/scipy/_lib/_util.py:1181: RuntimeWarning: logm result may be inaccurate, approximate err = 8.193898679564882e-07
  return f(*arrays, *other_args, **kwargs)
/appdata/users/P101440/micromamba/envs/torch29/lib/python3.11/site-packages/scipy/_lib/_util.py:1181: RuntimeWarning: logm result may be inaccurate, approximate err = 8.919415108721296e-07
  return f(*arrays, *other_args, **kwargs)
/appdata/users/P101440/micromamba/envs/torch29/lib/python3.11/site-packages/scipy/_lib/_util.py:1181: RuntimeWarning: logm result may be inaccurate, approximate err = 8.94432048426097e-07
  return f(*arrays, *other_args, **kwargs)
/appdata/users/P101440/micromamba/envs/torch29/lib/python3.11/site-packages/scipy/_lib/_util.py:1181: RuntimeWarning: logm result may be inaccurate, approximate err = 6.774877192583517e-07
  return f(*arrays, *other_args, **kwargs)
/appdata/users/P101440/micromamba/envs/torch29/lib/python3.11/site-packages/scipy/_lib/_util.py:1181: RuntimeWarning: logm result may be inaccurate, approximate err = 6.478709906332369e-07
  return f(*arrays, *other_args, **kwargs)
/appdata/users/P101440/micromamba/envs/torch29/lib/python3.11/site-packages/scipy/_lib/_util.py:1181: RuntimeWarning: logm result may be inaccurate, approximate err = 6.803398946431116e-07
  return f(*arrays, *other_args, **kwargs)
/appdata/users/P101440/micromamba/envs/torch29/lib/python3.11/site-packages/scipy/_lib/_util.py:1181: RuntimeWarning: logm result may be inaccurate, approximate err = 6.031840484865825e-07
  return f(*arrays, *other_args, **kwargs)
/appdata/users/P101440/micromamba/envs/torch29/lib/python3.11/site-packages/scipy/_lib/_util.py:1181: RuntimeWarning: logm result may be inaccurate, approximate err = 8.017228765311302e-07
  return f(*arrays, *other_args, **kwargs)
/appdata/users/P101440/micromamba/envs/torch29/lib/python3.11/site-packages/scipy/_lib/_util.py:1181: RuntimeWarning: logm result may be inaccurate, approximate err = 1.0633119700287352e-06
  return f(*arrays, *other_args, **kwargs)
/appdata/users/P101440/micromamba/envs/torch29/lib/python3.11/site-packages/scipy/_lib/_util.py:1181: RuntimeWarning: logm result may be inaccurate, approximate err = 1.2479362112571835e-06
  return f(*arrays, *other_args, **kwargs)
/appdata/users/P101440/micromamba/envs/torch29/lib/python3.11/site-packages/scipy/_lib/_util.py:1181: RuntimeWarning: logm result may be inaccurate, approximate err = 1.1423727528381278e-06
  return f(*arrays, *other_args, **kwargs)
/appdata/users/P101440/micromamba/envs/torch29/lib/python3.11/site-packages/scipy/_lib/_util.py:1181: RuntimeWarning: logm result may be inaccurate, approximate err = 7.66468190249725e-07
  return f(*arrays, *other_args, **kwargs)
/appdata/users/P101440/micromamba/envs/torch29/lib/python3.11/site-packages/scipy/_lib/_util.py:1181: RuntimeWarning: logm result may be inaccurate, approximate err = 8.95256164312741e-07
  return f(*arrays, *other_args, **kwargs)
/appdata/users/P101440/micromamba/envs/torch29/lib/python3.11/site-packages/scipy/_lib/_util.py:1181: RuntimeWarning: logm result may be inaccurate, approximate err = 8.872123657965858e-07
  return f(*arrays, *other_args, **kwargs)
/appdata/users/P101440/micromamba/envs/torch29/lib/python3.11/site-packages/scipy/_lib/_util.py:1181: RuntimeWarning: logm result may be inaccurate, approximate err = 7.217760753519542e-07
  return f(*arrays, *other_args, **kwargs)
/appdata/users/P101440/micromamba/envs/torch29/lib/python3.11/site-packages/scipy/_lib/_util.py:1181: RuntimeWarning: logm result may be inaccurate, approximate err = 1.1835981013064156e-06
  return f(*arrays, *other_args, **kwargs)
/appdata/users/P101440/micromamba/envs/torch29/lib/python3.11/site-packages/scipy/_lib/_util.py:1181: RuntimeWarning: logm result may be inaccurate, approximate err = 8.728140983293997e-07
  return f(*arrays, *other_args, **kwargs)
/appdata/users/P101440/micromamba/envs/torch29/lib/python3.11/site-packages/scipy/_lib/_util.py:1181: RuntimeWarning: logm result may be inaccurate, approximate err = 9.473805562265625e-07
  return f(*arrays, *other_args, **kwargs)
/appdata/users/P101440/micromamba/envs/torch29/lib/python3.11/site-packages/scipy/_lib/_util.py:1181: RuntimeWarning: logm result may be inaccurate, approximate err = 8.707406777830329e-07
  return f(*arrays, *other_args, **kwargs)
/appdata/users/P101440/micromamba/envs/torch29/lib/python3.11/site-packages/scipy/_lib/_util.py:1181: RuntimeWarning: logm result may be inaccurate, approximate err = 9.443176054446667e-07
  return f(*arrays, *other_args, **kwargs)
/appdata/users/P101440/micromamba/envs/torch29/lib/python3.11/site-packages/scipy/_lib/_util.py:1181: RuntimeWarning: logm result may be inaccurate, approximate err = 9.696445886220317e-07
  return f(*arrays, *other_args, **kwargs)
/appdata/users/P101440/micromamba/envs/torch29/lib/python3.11/site-packages/scipy/_lib/_util.py:1181: RuntimeWarning: logm result may be inaccurate, approximate err = 7.038851776997035e-07
  return f(*arrays, *other_args, **kwargs)
/appdata/users/P101440/micromamba/envs/torch29/lib/python3.11/site-packages/scipy/_lib/_util.py:1181: RuntimeWarning: logm result may be inaccurate, approximate err = 8.018990342861798e-07
  return f(*arrays, *other_args, **kwargs)
/appdata/users/P101440/micromamba/envs/torch29/lib/python3.11/site-packages/scipy/_lib/_util.py:1181: RuntimeWarning: logm result may be inaccurate, approximate err = 9.677211210146197e-07
  return f(*arrays, *other_args, **kwargs)
/appdata/users/P101440/micromamba/envs/torch29/lib/python3.11/site-packages/scipy/_lib/_util.py:1181: RuntimeWarning: logm result may be inaccurate, approximate err = 6.591652095266909e-07
  return f(*arrays, *other_args, **kwargs)
/appdata/users/P101440/micromamba/envs/torch29/lib/python3.11/site-packages/scipy/_lib/_util.py:1181: RuntimeWarning: logm result may be inaccurate, approximate err = 8.195646046260663e-07
  return f(*arrays, *other_args, **kwargs)
/appdata/users/P101440/micromamba/envs/torch29/lib/python3.11/site-packages/scipy/_lib/_util.py:1181: RuntimeWarning: logm result may be inaccurate, approximate err = 7.6079453492639e-07
  return f(*arrays, *other_args, **kwargs)
/appdata/users/P101440/micromamba/envs/torch29/lib/python3.11/site-packages/scipy/_lib/_util.py:1181: RuntimeWarning: logm result may be inaccurate, approximate err = 1.0220329613730428e-06
  return f(*arrays, *other_args, **kwargs)
/appdata/users/P101440/micromamba/envs/torch29/lib/python3.11/site-packages/scipy/_lib/_util.py:1181: RuntimeWarning: logm result may be inaccurate, approximate err = 8.232821642195631e-07
  return f(*arrays, *other_args, **kwargs)
/appdata/users/P101440/micromamba/envs/torch29/lib/python3.11/site-packages/scipy/_lib/_util.py:1181: RuntimeWarning: logm result may be inaccurate, approximate err = 7.267401542776497e-07
  return f(*arrays, *other_args, **kwargs)
/appdata/users/P101440/micromamba/envs/torch29/lib/python3.11/site-packages/scipy/_lib/_util.py:1181: RuntimeWarning: logm result may be inaccurate, approximate err = 1.4630862779085874e-06
  return f(*arrays, *other_args, **kwargs)
/appdata/users/P101440/micromamba/envs/torch29/lib/python3.11/site-packages/scipy/_lib/_util.py:1181: RuntimeWarning: logm result may be inaccurate, approximate err = 8.093136898423836e-07
  return f(*arrays, *other_args, **kwargs)
/appdata/users/P101440/micromamba/envs/torch29/lib/python3.11/site-packages/scipy/_lib/_util.py:1181: RuntimeWarning: logm result may be inaccurate, approximate err = 1.0742012364062248e-06
  return f(*arrays, *other_args, **kwargs)
/appdata/users/P101440/micromamba/envs/torch29/lib/python3.11/site-packages/scipy/_lib/_util.py:1181: RuntimeWarning: logm result may be inaccurate, approximate err = 9.374155638397497e-07
  return f(*arrays, *other_args, **kwargs)
/appdata/users/P101440/micromamba/envs/torch29/lib/python3.11/site-packages/scipy/_lib/_util.py:1181: RuntimeWarning: logm result may be inaccurate, approximate err = 8.178217854037939e-07
  return f(*arrays, *other_args, **kwargs)
/appdata/users/P101440/micromamba/envs/torch29/lib/python3.11/site-packages/scipy/_lib/_util.py:1181: RuntimeWarning: logm result may be inaccurate, approximate err = 1.2525031252152985e-06
  return f(*arrays, *other_args, **kwargs)
/appdata/users/P101440/micromamba/envs/torch29/lib/python3.11/site-packages/scipy/_lib/_util.py:1181: RuntimeWarning: logm result may be inaccurate, approximate err = 1.2237799182912568e-06
  return f(*arrays, *other_args, **kwargs)
/appdata/users/P101440/micromamba/envs/torch29/lib/python3.11/site-packages/scipy/_lib/_util.py:1181: RuntimeWarning: logm result may be inaccurate, approximate err = 6.621113470828277e-07
  return f(*arrays, *other_args, **kwargs)
/appdata/users/P101440/micromamba/envs/torch29/lib/python3.11/site-packages/scipy/_lib/_util.py:1181: RuntimeWarning: logm result may be inaccurate, approximate err = 7.190062092377048e-07
  return f(*arrays, *other_args, **kwargs)
/appdata/users/P101440/micromamba/envs/torch29/lib/python3.11/site-packages/scipy/_lib/_util.py:1181: RuntimeWarning: logm result may be inaccurate, approximate err = 9.650109404901741e-07
  return f(*arrays, *other_args, **kwargs)
/appdata/users/P101440/micromamba/envs/torch29/lib/python3.11/site-packages/scipy/_lib/_util.py:1181: RuntimeWarning: logm result may be inaccurate, approximate err = 8.414375542997732e-07
  return f(*arrays, *other_args, **kwargs)
/appdata/users/P101440/micromamba/envs/torch29/lib/python3.11/site-packages/scipy/_lib/_util.py:1181: RuntimeWarning: logm result may be inaccurate, approximate err = 9.021707683132263e-07
  return f(*arrays, *other_args, **kwargs)
/appdata/users/P101440/micromamba/envs/torch29/lib/python3.11/site-packages/scipy/_lib/_util.py:1181: RuntimeWarning: logm result may be inaccurate, approximate err = 8.16879605736176e-07
  return f(*arrays, *other_args, **kwargs)
/appdata/users/P101440/micromamba/envs/torch29/lib/python3.11/site-packages/scipy/_lib/_util.py:1181: RuntimeWarning: logm result may be inaccurate, approximate err = 8.529157753400796e-07
  return f(*arrays, *other_args, **kwargs)
/appdata/users/P101440/micromamba/envs/torch29/lib/python3.11/site-packages/scipy/_lib/_util.py:1181: RuntimeWarning: logm result may be inaccurate, approximate err = 1.1022679018424242e-06
  return f(*arrays, *other_args, **kwargs)
/appdata/users/P101440/micromamba/envs/torch29/lib/python3.11/site-packages/scipy/_lib/_util.py:1181: RuntimeWarning: logm result may be inaccurate, approximate err = 7.274085191966151e-07
  return f(*arrays, *other_args, **kwargs)
/appdata/users/P101440/micromamba/envs/torch29/lib/python3.11/site-packages/scipy/_lib/_util.py:1181: RuntimeWarning: logm result may be inaccurate, approximate err = 5.921405090703047e-07
  return f(*arrays, *other_args, **kwargs)
/appdata/users/P101440/micromamba/envs/torch29/lib/python3.11/site-packages/scipy/_lib/_util.py:1181: RuntimeWarning: logm result may be inaccurate, approximate err = 8.500509238729137e-07
  return f(*arrays, *other_args, **kwargs)
/appdata/users/P101440/micromamba/envs/torch29/lib/python3.11/site-packages/scipy/_lib/_util.py:1181: RuntimeWarning: logm result may be inaccurate, approximate err = 6.162379690977104e-07
  return f(*arrays, *other_args, **kwargs)
/appdata/users/P101440/micromamba/envs/torch29/lib/python3.11/site-packages/scipy/_lib/_util.py:1181: RuntimeWarning: logm result may be inaccurate, approximate err = 8.800813589004974e-07
  return f(*arrays, *other_args, **kwargs)
/appdata/users/P101440/micromamba/envs/torch29/lib/python3.11/site-packages/scipy/_lib/_util.py:1181: RuntimeWarning: logm result may be inaccurate, approximate err = 6.096739753047586e-07
  return f(*arrays, *other_args, **kwargs)
/appdata/users/P101440/micromamba/envs/torch29/lib/python3.11/site-packages/scipy/_lib/_util.py:1181: RuntimeWarning: logm result may be inaccurate, approximate err = 8.161789537552977e-07
  return f(*arrays, *other_args, **kwargs)
/appdata/users/P101440/micromamba/envs/torch29/lib/python3.11/site-packages/scipy/_lib/_util.py:1181: RuntimeWarning: logm result may be inaccurate, approximate err = 9.985714086724329e-07
  return f(*arrays, *other_args, **kwargs)
/appdata/users/P101440/micromamba/envs/torch29/lib/python3.11/site-packages/scipy/_lib/_util.py:1181: RuntimeWarning: logm result may be inaccurate, approximate err = 1.021520347421756e-06
  return f(*arrays, *other_args, **kwargs)
/appdata/users/P101440/micromamba/envs/torch29/lib/python3.11/site-packages/scipy/_lib/_util.py:1181: RuntimeWarning: logm result may be inaccurate, approximate err = 5.65853270018124e-07
  return f(*arrays, *other_args, **kwargs)
/appdata/users/P101440/micromamba/envs/torch29/lib/python3.11/site-packages/scipy/_lib/_util.py:1181: RuntimeWarning: logm result may be inaccurate, approximate err = 7.302181188606482e-07
  return f(*arrays, *other_args, **kwargs)
/appdata/users/P101440/micromamba/envs/torch29/lib/python3.11/site-packages/scipy/_lib/_util.py:1181: RuntimeWarning: logm result may be inaccurate, approximate err = 1.4126505902822828e-06
  return f(*arrays, *other_args, **kwargs)
/appdata/users/P101440/micromamba/envs/torch29/lib/python3.11/site-packages/scipy/_lib/_util.py:1181: RuntimeWarning: logm result may be inaccurate, approximate err = 7.547093900939217e-07
  return f(*arrays, *other_args, **kwargs)
/appdata/users/P101440/micromamba/envs/torch29/lib/python3.11/site-packages/scipy/_lib/_util.py:1181: RuntimeWarning: logm result may be inaccurate, approximate err = 6.801384984100878e-07
  return f(*arrays, *other_args, **kwargs)
/appdata/users/P101440/micromamba/envs/torch29/lib/python3.11/site-packages/scipy/_lib/_util.py:1181: RuntimeWarning: logm result may be inaccurate, approximate err = 1.4256838767323643e-06
  return f(*arrays, *other_args, **kwargs)
/appdata/users/P101440/micromamba/envs/torch29/lib/python3.11/site-packages/scipy/_lib/_util.py:1181: RuntimeWarning: logm result may be inaccurate, approximate err = 6.623981789743993e-07
  return f(*arrays, *other_args, **kwargs)
/appdata/users/P101440/micromamba/envs/torch29/lib/python3.11/site-packages/scipy/_lib/_util.py:1181: RuntimeWarning: logm result may be inaccurate, approximate err = 7.983483101270394e-07
  return f(*arrays, *other_args, **kwargs)
/appdata/users/P101440/micromamba/envs/torch29/lib/python3.11/site-packages/scipy/_lib/_util.py:1181: RuntimeWarning: logm result may be inaccurate, approximate err = 7.335236205108231e-07
  return f(*arrays, *other_args, **kwargs)
/appdata/users/P101440/micromamba/envs/torch29/lib/python3.11/site-packages/scipy/_lib/_util.py:1181: RuntimeWarning: logm result may be inaccurate, approximate err = 7.550468694716983e-07
  return f(*arrays, *other_args, **kwargs)
/appdata/users/P101440/micromamba/envs/torch29/lib/python3.11/site-packages/scipy/_lib/_util.py:1181: RuntimeWarning: logm result may be inaccurate, approximate err = 6.289454859143007e-07
  return f(*arrays, *other_args, **kwargs)
/appdata/users/P101440/micromamba/envs/torch29/lib/python3.11/site-packages/scipy/_lib/_util.py:1181: RuntimeWarning: logm result may be inaccurate, approximate err = 6.652940669482632e-07
  return f(*arrays, *other_args, **kwargs)
/appdata/users/P101440/micromamba/envs/torch29/lib/python3.11/site-packages/scipy/_lib/_util.py:1181: RuntimeWarning: logm result may be inaccurate, approximate err = 6.056482106941985e-07
  return f(*arrays, *other_args, **kwargs)
/appdata/users/P101440/micromamba/envs/torch29/lib/python3.11/site-packages/scipy/_lib/_util.py:1181: RuntimeWarning: logm result may be inaccurate, approximate err = 8.123740826704307e-07
  return f(*arrays, *other_args, **kwargs)
/appdata/users/P101440/micromamba/envs/torch29/lib/python3.11/site-packages/scipy/_lib/_util.py:1181: RuntimeWarning: logm result may be inaccurate, approximate err = 6.123806315372349e-07
  return f(*arrays, *other_args, **kwargs)
/appdata/users/P101440/micromamba/envs/torch29/lib/python3.11/site-packages/scipy/_lib/_util.py:1181: RuntimeWarning: logm result may be inaccurate, approximate err = 9.537210416965536e-07
  return f(*arrays, *other_args, **kwargs)
/appdata/users/P101440/micromamba/envs/torch29/lib/python3.11/site-packages/scipy/_lib/_util.py:1181: RuntimeWarning: logm result may be inaccurate, approximate err = 6.863201633677818e-07
  return f(*arrays, *other_args, **kwargs)
/appdata/users/P101440/micromamba/envs/torch29/lib/python3.11/site-packages/scipy/_lib/_util.py:1181: RuntimeWarning: logm result may be inaccurate, approximate err = 9.596532208888675e-07
  return f(*arrays, *other_args, **kwargs)
/appdata/users/P101440/micromamba/envs/torch29/lib/python3.11/site-packages/scipy/_lib/_util.py:1181: RuntimeWarning: logm result may be inaccurate, approximate err = 7.130500989660504e-07
  return f(*arrays, *other_args, **kwargs)
/appdata/users/P101440/micromamba/envs/torch29/lib/python3.11/site-packages/scipy/_lib/_util.py:1181: RuntimeWarning: logm result may be inaccurate, approximate err = 8.840033274282177e-07
  return f(*arrays, *other_args, **kwargs)
/appdata/users/P101440/micromamba/envs/torch29/lib/python3.11/site-packages/scipy/_lib/_util.py:1181: RuntimeWarning: logm result may be inaccurate, approximate err = 8.943282523432572e-07
  return f(*arrays, *other_args, **kwargs)
/appdata/users/P101440/micromamba/envs/torch29/lib/python3.11/site-packages/scipy/_lib/_util.py:1181: RuntimeWarning: logm result may be inaccurate, approximate err = 8.436647931375774e-07
  return f(*arrays, *other_args, **kwargs)
/appdata/users/P101440/micromamba/envs/torch29/lib/python3.11/site-packages/scipy/_lib/_util.py:1181: RuntimeWarning: logm result may be inaccurate, approximate err = 7.491339033549593e-07
  return f(*arrays, *other_args, **kwargs)
/appdata/users/P101440/micromamba/envs/torch29/lib/python3.11/site-packages/scipy/_lib/_util.py:1181: RuntimeWarning: logm result may be inaccurate, approximate err = 1.1337591558913118e-06
  return f(*arrays, *other_args, **kwargs)
/appdata/users/P101440/micromamba/envs/torch29/lib/python3.11/site-packages/scipy/_lib/_util.py:1181: RuntimeWarning: logm result may be inaccurate, approximate err = 9.300724173044728e-07
  return f(*arrays, *other_args, **kwargs)
/appdata/users/P101440/micromamba/envs/torch29/lib/python3.11/site-packages/scipy/_lib/_util.py:1181: RuntimeWarning: logm result may be inaccurate, approximate err = 5.898143626836827e-07
  return f(*arrays, *other_args, **kwargs)
/appdata/users/P101440/micromamba/envs/torch29/lib/python3.11/site-packages/scipy/_lib/_util.py:1181: RuntimeWarning: logm result may be inaccurate, approximate err = 9.453347047383431e-07
  return f(*arrays, *other_args, **kwargs)
/appdata/users/P101440/micromamba/envs/torch29/lib/python3.11/site-packages/scipy/_lib/_util.py:1181: RuntimeWarning: logm result may be inaccurate, approximate err = 7.069070875331818e-07
  return f(*arrays, *other_args, **kwargs)
0   , obj: 0.000289, L-S: 0
1   , obj: 0.000274, L-S: 3
2   , obj: 0.000253, L-S: 3
3   , obj: 0.000234, L-S: 1
4   , obj: 0.000207, L-S: 1
5   , obj: 0.000191, L-S: 2
0   , obj: 0.000185, L-S: 2
1   , obj: 0.000179, L-S: 2
2   , obj: 0.000174, L-S: 2
3   , obj: 0.000173, L-S: 3
4   , obj: 0.000173, L-S: 2
5   , obj: 0.000170, L-S: 3
0   , obj: 0.000170, L-S: 2
1   , obj: 0.000170, L-S: 6
2   , obj: 0.000169, L-S: 2
3   , obj: 0.000167, L-S: 3
4   , obj: 0.000164, L-S: 1
5   , obj: 0.000163, L-S: 3
slice 24/30  cs (256, 256, 431)  (1905s)
done 1956s | saved 1 slice(s) [24] (no cs_recon for partial run) to results_ref_p14
PRECOMPUTE 24 exit 0
slice 24: sign -1 corr 0.9977 | arrival 48s pre 224 spokes -> /net/beegfs/users/P101440/DCE_NIK/results_nufft_p14_slice24
RULERS DONE
RULERS 24 exit 0
slice 24: model-free windows (304, 256, 256) (W=31 step=7)
signal rank (Gavish-Donoho) r_sig=107  |  raw spectrum r@90=105 r@99=250  (nwin=304)
K5 residual (denoised r=107): median 0.99  p85 1.00  p95 1.00  max 1.00
wrote 20260924_2307_step2_p14_slice24.png + step2_slice24.npz
STEP2 24 exit 0
===== AIF GATE slice 21 =====
aorta ROI 66 vox | TTP 65s onset 46s rise10-90 13s mono 1.00 baseNeg -0.05 recirc True(amp 0.23)
  [OK] sharp_first_pass_rise<40s
  [OK] physiological_TTP_45-110s
  [OK] monotonic_onset>0.8
  [OK] no_negative_baseline>-0.15
  [OK] recirculation_bump
VERDICT: PASS  (proceed to P3)
wrote 20260924_2307_aif_gate_p14_slice24.png
AIF 24 exit 0
